split,image,cell_id,bbox,frac_on_cell,label,path,best_slice,best_transform,align_score,nii_status,relabel,frac_recalc,inter_px
train,2022_03_21_11_02_58_05,1,"(6, 1043, 121, 1096)",0.0,0,C:\Users\sthem\OneDrive\Documentos\GitHub\master-2025\3-Datasets\img-lcm\img_dir_annotated\train\uninfected\2022_03_21_11_02_58_05_cell0001.png,0,transpose,2099,ok,0,0.0,0
train,2022_03_21_11_02_58_05,2,"(22, 4, 78, 56)",0.0,0,C:\Users\sthem\OneDrive\Documentos\GitHub\master-2025\3-Datasets\img-lcm\img_dir_annotated\train\uninfected\2022_03_21_11_02_58_05_cell0002.png,0,transpose,2099,ok,0,0.0,0
train,2022_03_21_11_02_58_05,3,"(108, 807, 169, 843)",0.0,0,C:\Users\sthem\OneDrive\Documentos\GitHub\master-2025\3-Datasets\img-lcm\img_dir_annotated\train\uninfected\2022_03_21_11_02_58_05_cell0003.png,0,transpose,2099,ok,0,0.0,0
train,2022_03_21_11_02_58_05,4,"(126, 1981, 200, 2044)",0.0,0,C:\Users\sthem\OneDrive\Documentos\GitHub\master-2025\3-Datasets\img-lcm\img_dir_annotated\train\uninfected\2022_03_21_11_02_58_05_cell0004.png,0,transpose,2099,ok,0,0.0,0
train,2022_03_21_11_02_58_05,5,"(185, 512, 287, 602)",0.0,0,C:\Users\sthem\OneDrive\Documentos\GitHub\master-2025\3-Datasets\img-lcm\img_dir_annotated\train\uninfected\2022_03_21_11_02_58_05_cell0005.png,0,transpose,2099,ok,0,0.0,0
train,2022_03_21_11_02_58_05,6,"(235, 1287, 301, 1355)",0.0,0,C:\Users\sthem\OneDrive\Documentos\GitHub\master-2025\3-Datasets\img-lcm\img_dir_annotated\train\uninfected\2022_03_21_11_02_58_05_cell0006.png,0,transpose,2099,ok,0,0.0,0
train,2022_03_21_11_02_58_05,7,"(390, 940, 459, 993)",0.0,0,C:\Users\sthem\OneDrive\Documentos\GitHub\master-2025\3-Datasets\img-lcm\img_dir_annotated\train\uninfected\2022_03_21_11_02_58_05_cell0007.png,0,transpose,2099,ok,0,0.0,0
train,2022_03_21_11_02_58_05,8,"(411, 322, 421, 333)",0.0,0,C:\Users\sthem\OneDrive\Documentos\GitHub\master-2025\3-Datasets\img-lcm\img_dir_annotated\train\uninfected\2022_03_21_11_02_58_05_cell0008.png,0,transpose,2099,ok,0,0.0,0
train,2022_03_21_11_02_58_05,9,"(415, 98, 425, 108)",0.0,0,C:\Users\sthem\OneDrive\Documentos\GitHub\master-2025\3-Datasets\img-lcm\img_dir_annotated\train\uninfected\2022_03_21_11_02_58_05_cell0009.png,0,transpose,2099,ok,0,0.0,0
train,2022_03_21_11_02_58_05,10,"(457, 62, 465, 70)",0.0,0,C:\Users\sthem\OneDrive\Documentos\GitHub\master-2025\3-Datasets\img-lcm\img_dir_annotated\train\uninfected\2022_03_21_11_02_58_05_cell0010.png,0,transpose,2099,ok,0,0.0,0
train,2022_03_21_11_02_58_05,11,"(517, 1398, 584, 1458)",0.0,0,C:\Users\sthem\OneDrive\Documentos\GitHub\master-2025\3-Datasets\img-lcm\img_dir_annotated\train\uninfected\2022_03_21_11_02_58_05_cell0011.png,0,transpose,2099,ok,0,0.0,0
train,2022_03_21_11_02_58_05,12,"(521, 680, 580, 732)",0.8775083612040134,1,C:\Users\sthem\OneDrive\Documentos\GitHub\master-2025\3-Datasets\img-lcm\img_dir_annotated\train\infected\2022_03_21_11_02_58_05_cell0012.png,0,transpose,2099,ok,1,0.8689700130378096,2666
train,2022_03_21_11_02_58_05,13,"(552, 1429, 616, 1489)",0.0,0,C:\Users\sthem\OneDrive\Documentos\GitHub\master-2025\3-Datasets\img-lcm\img_dir_annotated\train\uninfected\2022_03_21_11_02_58_05_cell0013.png,0,transpose,2099,ok,0,0.0,0
train,2022_03_21_11_02_58_05,14,"(618, 2011, 688, 2048)",0.0,0,C:\Users\sthem\OneDrive\Documentos\GitHub\master-2025\3-Datasets\img-lcm\img_dir_annotated\train\uninfected\2022_03_21_11_02_58_05_cell0014.png,0,transpose,2099,ok,0,0.0,0
train,2022_03_21_11_02_58_05,15,"(691, 1679, 765, 1752)",0.0,0,C:\Users\sthem\OneDrive\Documentos\GitHub\master-2025\3-Datasets\img-lcm\img_dir_annotated\train\uninfected\2022_03_21_11_02_58_05_cell0015.png,0,transpose,2099,ok,0,0.0,0
train,2022_03_21_11_02_58_05,16,"(781, 1053, 838, 1111)",0.0,0,C:\Users\sthem\OneDrive\Documentos\GitHub\master-2025\3-Datasets\img-lcm\img_dir_annotated\train\uninfected\2022_03_21_11_02_58_05_cell0016.png,0,transpose,2099,ok,0,0.0,0
train,2022_03_21_11_02_58_05,17,"(875, 41, 963, 157)",0.0,0,C:\Users\sthem\OneDrive\Documentos\GitHub\master-2025\3-Datasets\img-lcm\img_dir_annotated\train\uninfected\2022_03_21_11_02_58_05_cell0017.png,0,transpose,2099,ok,0,0.0,0
train,2022_03_21_11_02_58_05,18,"(909, 2023, 970, 2047)",0.0,0,C:\Users\sthem\OneDrive\Documentos\GitHub\master-2025\3-Datasets\img-lcm\img_dir_annotated\train\uninfected\2022_03_21_11_02_58_05_cell0018.png,0,transpose,2099,ok,0,0.0,0
train,2022_03_21_11_02_58_05,19,"(976, 1485, 1053, 1543)",0.0,0,C:\Users\sthem\OneDrive\Documentos\GitHub\master-2025\3-Datasets\img-lcm\img_dir_annotated\train\uninfected\2022_03_21_11_02_58_05_cell0019.png,0,transpose,2099,ok,0,0.0,0
train,2022_03_21_11_02_58_05,20,"(1011, 1114, 1081, 1186)",0.0,0,C:\Users\sthem\OneDrive\Documentos\GitHub\master-2025\3-Datasets\img-lcm\img_dir_annotated\train\uninfected\2022_03_21_11_02_58_05_cell0020.png,0,transpose,2099,ok,0,0.0,0
train,2022_03_21_11_02_58_14,1,"(0, 1503, 56, 1565)",0.0,0,C:\Users\sthem\OneDrive\Documentos\GitHub\master-2025\3-Datasets\img-lcm\img_dir_annotated\train\uninfected\2022_03_21_11_02_58_14_cell0001.png,0,transpose,1776,ok,0,0.0,0
train,2022_03_21_11_02_58_14,2,"(32, 1719, 95, 1784)",0.0,0,C:\Users\sthem\OneDrive\Documentos\GitHub\master-2025\3-Datasets\img-lcm\img_dir_annotated\train\uninfected\2022_03_21_11_02_58_14_cell0002.png,0,transpose,1776,ok,0,0.0,0
train,2022_03_21_11_02_58_14,3,"(55, 133, 113, 188)",0.0,0,C:\Users\sthem\OneDrive\Documentos\GitHub\master-2025\3-Datasets\img-lcm\img_dir_annotated\train\uninfected\2022_03_21_11_02_58_14_cell0003.png,0,transpose,1776,ok,0,0.0,0
train,2022_03_21_11_02_58_14,4,"(66, 376, 131, 438)",0.0,0,C:\Users\sthem\OneDrive\Documentos\GitHub\master-2025\3-Datasets\img-lcm\img_dir_annotated\train\uninfected\2022_03_21_11_02_58_14_cell0004.png,0,transpose,1776,ok,0,0.0,0
train,2022_03_21_11_02_58_14,5,"(69, 189, 144, 259)",0.0,0,C:\Users\sthem\OneDrive\Documentos\GitHub\master-2025\3-Datasets\img-lcm\img_dir_annotated\train\uninfected\2022_03_21_11_02_58_14_cell0005.png,0,transpose,1776,ok,0,0.0,0
train,2022_03_21_11_02_58_14,6,"(142, 1204, 204, 1247)",0.0,0,C:\Users\sthem\OneDrive\Documentos\GitHub\master-2025\3-Datasets\img-lcm\img_dir_annotated\train\uninfected\2022_03_21_11_02_58_14_cell0006.png,0,transpose,1776,ok,0,0.0,0
train,2022_03_21_11_02_58_14,7,"(194, 1817, 317, 1922)",0.0,0,C:\Users\sthem\OneDrive\Documentos\GitHub\master-2025\3-Datasets\img-lcm\img_dir_annotated\train\uninfected\2022_03_21_11_02_58_14_cell0007.png,0,transpose,1776,ok,0,0.0,0
train,2022_03_21_11_02_58_14,8,"(240, 329, 301, 378)",0.0,0,C:\Users\sthem\OneDrive\Documentos\GitHub\master-2025\3-Datasets\img-lcm\img_dir_annotated\train\uninfected\2022_03_21_11_02_58_14_cell0008.png,0,transpose,1776,ok,0,0.0,0
train,2022_03_21_11_02_58_14,9,"(260, 1263, 325, 1328)",0.0,0,C:\Users\sthem\OneDrive\Documentos\GitHub\master-2025\3-Datasets\img-lcm\img_dir_annotated\train\uninfected\2022_03_21_11_02_58_14_cell0009.png,0,transpose,1776,ok,0,0.0,0
train,2022_03_21_11_02_58_14,10,"(516, 712, 569, 769)",0.0,0,C:\Users\sthem\OneDrive\Documentos\GitHub\master-2025\3-Datasets\img-lcm\img_dir_annotated\train\uninfected\2022_03_21_11_02_58_14_cell0010.png,0,transpose,1776,ok,0,0.0,0
train,2022_03_21_11_02_58_14,11,"(587, 1499, 642, 1566)",0.0,0,C:\Users\sthem\OneDrive\Documentos\GitHub\master-2025\3-Datasets\img-lcm\img_dir_annotated\train\uninfected\2022_03_21_11_02_58_14_cell0011.png,0,transpose,1776,ok,0,0.0,0
train,2022_03_21_11_02_58_14,12,"(635, 379, 699, 444)",0.5484867201976529,1,C:\Users\sthem\OneDrive\Documentos\GitHub\master-2025\3-Datasets\img-lcm\img_dir_annotated\train\infected\2022_03_21_11_02_58_14_cell0012.png,0,transpose,1776,ok,1,0.5711538461538461,2376
train,2022_03_21_11_02_58_14,13,"(646, 869, 701, 921)",0.0,0,C:\Users\sthem\OneDrive\Documentos\GitHub\master-2025\3-Datasets\img-lcm\img_dir_annotated\train\uninfected\2022_03_21_11_02_58_14_cell0013.png,0,transpose,1776,ok,0,0.0,0
train,2022_03_21_11_02_58_14,14,"(660, 1879, 722, 1948)",0.0,0,C:\Users\sthem\OneDrive\Documentos\GitHub\master-2025\3-Datasets\img-lcm\img_dir_annotated\train\uninfected\2022_03_21_11_02_58_14_cell0014.png,0,transpose,1776,ok,0,0.0,0
train,2022_03_21_11_02_58_14,15,"(725, 1702, 806, 1800)",0.0,0,C:\Users\sthem\OneDrive\Documentos\GitHub\master-2025\3-Datasets\img-lcm\img_dir_annotated\train\uninfected\2022_03_21_11_02_58_14_cell0015.png,0,transpose,1776,ok,0,0.0,0
train,2022_03_21_11_02_58_14,16,"(814, 1130, 879, 1197)",0.0,0,C:\Users\sthem\OneDrive\Documentos\GitHub\master-2025\3-Datasets\img-lcm\img_dir_annotated\train\uninfected\2022_03_21_11_02_58_14_cell0016.png,0,transpose,1776,ok,0,0.0,0
train,2022_03_21_11_02_58_14,17,"(828, 559, 886, 606)",0.0,0,C:\Users\sthem\OneDrive\Documentos\GitHub\master-2025\3-Datasets\img-lcm\img_dir_annotated\train\uninfected\2022_03_21_11_02_58_14_cell0017.png,0,transpose,1776,ok,0,0.0,0
train,2022_03_21_11_02_58_14,18,"(839, 338, 907, 409)",0.0,0,C:\Users\sthem\OneDrive\Documentos\GitHub\master-2025\3-Datasets\img-lcm\img_dir_annotated\train\uninfected\2022_03_21_11_02_58_14_cell0018.png,0,transpose,1776,ok,0,0.0,0
train,2022_03_21_11_02_58_14,19,"(877, 1424, 944, 1484)",0.0,0,C:\Users\sthem\OneDrive\Documentos\GitHub\master-2025\3-Datasets\img-lcm\img_dir_annotated\train\uninfected\2022_03_21_11_02_58_14_cell0019.png,0,transpose,1776,ok,0,0.0,0
train,2022_03_21_11_02_58_14,20,"(1063, 1412, 1088, 1467)",0.0,0,C:\Users\sthem\OneDrive\Documentos\GitHub\master-2025\3-Datasets\img-lcm\img_dir_annotated\train\uninfected\2022_03_21_11_02_58_14_cell0020.png,0,transpose,1776,ok,0,0.0,0
train,2022_03_21_11_02_58_22,1,"(0, 1874, 43, 1949)",1.0,1,C:\Users\sthem\OneDrive\Documentos\GitHub\master-2025\3-Datasets\img-lcm\img_dir_annotated\train\infected\2022_03_21_11_02_58_22_cell0001.png,0,id,60730,ok,1,1.0,3225
train,2022_03_21_11_02_58_22,2,"(250, 492, 318, 542)",1.0,1,C:\Users\sthem\OneDrive\Documentos\GitHub\master-2025\3-Datasets\img-lcm\img_dir_annotated\train\infected\2022_03_21_11_02_58_22_cell0002.png,0,id,60730,ok,1,1.0,3400
train,2022_03_21_11_02_58_22,3,"(274, 1855, 354, 1919)",1.0,1,C:\Users\sthem\OneDrive\Documentos\GitHub\master-2025\3-Datasets\img-lcm\img_dir_annotated\train\infected\2022_03_21_11_02_58_22_cell0003.png,0,id,60730,ok,1,1.0,5120
train,2022_03_21_11_02_58_22,4,"(283, 526, 347, 586)",1.0,1,C:\Users\sthem\OneDrive\Documentos\GitHub\master-2025\3-Datasets\img-lcm\img_dir_annotated\train\infected\2022_03_21_11_02_58_22_cell0004.png,0,id,60730,ok,1,1.0,3840
train,2022_03_21_11_02_58_22,5,"(412, 324, 420, 332)",1.0,1,C:\Users\sthem\OneDrive\Documentos\GitHub\master-2025\3-Datasets\img-lcm\img_dir_annotated\train\infected\2022_03_21_11_02_58_22_cell0005.png,0,id,60730,ok,1,1.0,64
train,2022_03_21_11_02_58_22,6,"(524, 1592, 639, 1690)",1.0,1,C:\Users\sthem\OneDrive\Documentos\GitHub\master-2025\3-Datasets\img-lcm\img_dir_annotated\train\infected\2022_03_21_11_02_58_22_cell0006.png,0,id,60730,ok,1,1.0,11270
train,2022_03_21_11_02_58_22,7,"(569, 693, 676, 833)",1.0,1,C:\Users\sthem\OneDrive\Documentos\GitHub\master-2025\3-Datasets\img-lcm\img_dir_annotated\train\infected\2022_03_21_11_02_58_22_cell0007.png,0,id,60730,ok,1,1.0,14980
train,2022_03_21_11_02_58_22,8,"(584, 0, 659, 54)",1.0,1,C:\Users\sthem\OneDrive\Documentos\GitHub\master-2025\3-Datasets\img-lcm\img_dir_annotated\train\infected\2022_03_21_11_02_58_22_cell0008.png,0,id,60730,ok,1,1.0,4050
train,2022_03_21_11_02_58_22,9,"(714, 98, 779, 172)",1.0,1,C:\Users\sthem\OneDrive\Documentos\GitHub\master-2025\3-Datasets\img-lcm\img_dir_annotated\train\infected\2022_03_21_11_02_58_22_cell0009.png,0,id,60730,ok,1,1.0,4810
train,2022_03_21_11_02_58_22,10,"(790, 711, 857, 766)",1.0,1,C:\Users\sthem\OneDrive\Documentos\GitHub\master-2025\3-Datasets\img-lcm\img_dir_annotated\train\infected\2022_03_21_11_02_58_22_cell0010.png,0,id,60730,ok,1,1.0,3685
train,2022_03_21_11_02_58_22,11,"(795, 1673, 861, 1737)",1.0,1,C:\Users\sthem\OneDrive\Documentos\GitHub\master-2025\3-Datasets\img-lcm\img_dir_annotated\train\infected\2022_03_21_11_02_58_22_cell0011.png,0,id,60730,ok,1,1.0,4224
train,2022_03_21_11_02_58_22,12,"(812, 1266, 872, 1333)",1.0,1,C:\Users\sthem\OneDrive\Documentos\GitHub\master-2025\3-Datasets\img-lcm\img_dir_annotated\train\infected\2022_03_21_11_02_58_22_cell0012.png,0,id,60730,ok,1,1.0,4020
train,2022_03_21_11_02_58_22,13,"(818, 1928, 883, 1993)",1.0,1,C:\Users\sthem\OneDrive\Documentos\GitHub\master-2025\3-Datasets\img-lcm\img_dir_annotated\train\infected\2022_03_21_11_02_58_22_cell0013.png,0,id,60730,ok,1,1.0,4225
train,2022_03_21_11_02_58_22,14,"(867, 1810, 930, 1865)",1.0,1,C:\Users\sthem\OneDrive\Documentos\GitHub\master-2025\3-Datasets\img-lcm\img_dir_annotated\train\infected\2022_03_21_11_02_58_22_cell0014.png,0,id,60730,ok,1,1.0,3465
train,2022_03_21_11_02_58_22,15,"(906, 280, 975, 344)",1.0,1,C:\Users\sthem\OneDrive\Documentos\GitHub\master-2025\3-Datasets\img-lcm\img_dir_annotated\train\infected\2022_03_21_11_02_58_22_cell0015.png,0,id,60730,ok,1,1.0,4416
train,2022_03_21_11_02_58_22,16,"(1003, 459, 1067, 513)",1.0,1,C:\Users\sthem\OneDrive\Documentos\GitHub\master-2025\3-Datasets\img-lcm\img_dir_annotated\train\infected\2022_03_21_11_02_58_22_cell0016.png,0,id,60730,ok,1,1.0,3456
train,2022_03_21_11_02_58_31,1,"(114, 679, 190, 749)",1.0,1,C:\Users\sthem\OneDrive\Documentos\GitHub\master-2025\3-Datasets\img-lcm\img_dir_annotated\train\infected\2022_03_21_11_02_58_31_cell0001.png,0,id,46052,ok,1,1.0,5320
train,2022_03_21_11_02_58_31,2,"(184, 1102, 252, 1148)",1.0,1,C:\Users\sthem\OneDrive\Documentos\GitHub\master-2025\3-Datasets\img-lcm\img_dir_annotated\train\infected\2022_03_21_11_02_58_31_cell0002.png,0,id,46052,ok,1,1.0,3128
train,2022_03_21_11_02_58_31,3,"(257, 1905, 326, 1961)",1.0,1,C:\Users\sthem\OneDrive\Documentos\GitHub\master-2025\3-Datasets\img-lcm\img_dir_annotated\train\infected\2022_03_21_11_02_58_31_cell0003.png,0,id,46052,ok,1,1.0,3864
train,2022_03_21_11_02_58_31,4,"(270, 1876, 327, 1917)",1.0,1,C:\Users\sthem\OneDrive\Documentos\GitHub\master-2025\3-Datasets\img-lcm\img_dir_annotated\train\infected\2022_03_21_11_02_58_31_cell0004.png,0,id,46052,ok,1,1.0,2337
train,2022_03_21_11_02_58_31,5,"(350, 1226, 433, 1269)",1.0,1,C:\Users\sthem\OneDrive\Documentos\GitHub\master-2025\3-Datasets\img-lcm\img_dir_annotated\train\infected\2022_03_21_11_02_58_31_cell0005.png,0,id,46052,ok,1,1.0,3569
train,2022_03_21_11_02_58_31,6,"(468, 244, 535, 320)",1.0,1,C:\Users\sthem\OneDrive\Documentos\GitHub\master-2025\3-Datasets\img-lcm\img_dir_annotated\train\infected\2022_03_21_11_02_58_31_cell0006.png,0,id,46052,ok,1,1.0,5092
train,2022_03_21_11_02_58_31,7,"(619, 2011, 687, 2048)",1.0,1,C:\Users\sthem\OneDrive\Documentos\GitHub\master-2025\3-Datasets\img-lcm\img_dir_annotated\train\infected\2022_03_21_11_02_58_31_cell0007.png,0,id,46052,ok,1,1.0,2516
train,2022_03_21_11_02_58_31,8,"(758, 1152, 829, 1214)",1.0,1,C:\Users\sthem\OneDrive\Documentos\GitHub\master-2025\3-Datasets\img-lcm\img_dir_annotated\train\infected\2022_03_21_11_02_58_31_cell0008.png,0,id,46052,ok,1,1.0,4402
train,2022_03_21_11_02_58_31,9,"(816, 1051, 913, 1127)",1.0,1,C:\Users\sthem\OneDrive\Documentos\GitHub\master-2025\3-Datasets\img-lcm\img_dir_annotated\train\infected\2022_03_21_11_02_58_31_cell0009.png,0,id,46052,ok,1,1.0,7372
train,2022_03_21_11_02_58_31,10,"(832, 343, 879, 402)",1.0,1,C:\Users\sthem\OneDrive\Documentos\GitHub\master-2025\3-Datasets\img-lcm\img_dir_annotated\train\infected\2022_03_21_11_02_58_31_cell0010.png,0,id,46052,ok,1,1.0,2773
train,2022_03_21_11_02_58_31,11,"(851, 1440, 932, 1500)",1.0,1,C:\Users\sthem\OneDrive\Documentos\GitHub\master-2025\3-Datasets\img-lcm\img_dir_annotated\train\infected\2022_03_21_11_02_58_31_cell0011.png,0,id,46052,ok,1,1.0,4860
train,2022_03_21_11_02_58_31,12,"(945, 1179, 1021, 1239)",1.0,1,C:\Users\sthem\OneDrive\Documentos\GitHub\master-2025\3-Datasets\img-lcm\img_dir_annotated\train\infected\2022_03_21_11_02_58_31_cell0012.png,0,id,46052,ok,1,1.0,4560
train,2022_03_21_11_02_58_31,13,"(1013, 1026, 1088, 1074)",1.0,1,C:\Users\sthem\OneDrive\Documentos\GitHub\master-2025\3-Datasets\img-lcm\img_dir_annotated\train\infected\2022_03_21_11_02_58_31_cell0013.png,0,id,46052,ok,1,1.0,3600
train,2022_03_21_11_02_58_31,14,"(1031, 0, 1087, 75)",1.0,1,C:\Users\sthem\OneDrive\Documentos\GitHub\master-2025\3-Datasets\img-lcm\img_dir_annotated\train\infected\2022_03_21_11_02_58_31_cell0014.png,0,id,46052,ok,1,1.0,4200
train,2022_03_21_11_02_58_31,15,"(1038, 1799, 1087, 1861)",1.0,1,C:\Users\sthem\OneDrive\Documentos\GitHub\master-2025\3-Datasets\img-lcm\img_dir_annotated\train\infected\2022_03_21_11_02_58_31_cell0015.png,0,id,46052,ok,1,1.0,3038
train,2022_03_21_11_02_58_39,1,"(0, 366, 54, 434)",0.0,0,C:\Users\sthem\OneDrive\Documentos\GitHub\master-2025\3-Datasets\img-lcm\img_dir_annotated\train\uninfected\2022_03_21_11_02_58_39_cell0001.png,0,transpose,5175,ok,0,0.0,0
train,2022_03_21_11_02_58_39,2,"(1, 492, 64, 549)",0.0,0,C:\Users\sthem\OneDrive\Documentos\GitHub\master-2025\3-Datasets\img-lcm\img_dir_annotated\train\uninfected\2022_03_21_11_02_58_39_cell0002.png,0,transpose,5175,ok,0,0.0,0
train,2022_03_21_11_02_58_39,3,"(5, 1061, 63, 1113)",0.7051174496644296,1,C:\Users\sthem\OneDrive\Documentos\GitHub\master-2025\3-Datasets\img-lcm\img_dir_annotated\train\infected\2022_03_21_11_02_58_39_cell0003.png,0,transpose,5175,ok,1,0.7410477453580901,2235
train,2022_03_21_11_02_58_39,4,"(45, 125, 97, 176)",0.0,0,C:\Users\sthem\OneDrive\Documentos\GitHub\master-2025\3-Datasets\img-lcm\img_dir_annotated\train\uninfected\2022_03_21_11_02_58_39_cell0004.png,0,transpose,5175,ok,0,0.0,0
train,2022_03_21_11_02_58_39,5,"(158, 1826, 223, 1897)",0.0,0,C:\Users\sthem\OneDrive\Documentos\GitHub\master-2025\3-Datasets\img-lcm\img_dir_annotated\train\uninfected\2022_03_21_11_02_58_39_cell0005.png,0,transpose,5175,ok,0,0.0,0
train,2022_03_21_11_02_58_39,6,"(271, 1068, 360, 1150)",0.0,0,C:\Users\sthem\OneDrive\Documentos\GitHub\master-2025\3-Datasets\img-lcm\img_dir_annotated\train\uninfected\2022_03_21_11_02_58_39_cell0006.png,0,transpose,5175,ok,0,0.0,0
train,2022_03_21_11_02_58_39,7,"(368, 460, 476, 557)",0.0,0,C:\Users\sthem\OneDrive\Documentos\GitHub\master-2025\3-Datasets\img-lcm\img_dir_annotated\train\uninfected\2022_03_21_11_02_58_39_cell0007.png,0,transpose,5175,ok,0,0.0,0
train,2022_03_21_11_02_58_39,8,"(370, 127, 379, 136)",0.0,0,C:\Users\sthem\OneDrive\Documentos\GitHub\master-2025\3-Datasets\img-lcm\img_dir_annotated\train\uninfected\2022_03_21_11_02_58_39_cell0008.png,0,transpose,5175,ok,0,0.0,0
train,2022_03_21_11_02_58_39,9,"(415, 98, 425, 108)",0.0,0,C:\Users\sthem\OneDrive\Documentos\GitHub\master-2025\3-Datasets\img-lcm\img_dir_annotated\train\uninfected\2022_03_21_11_02_58_39_cell0009.png,0,transpose,5175,ok,0,0.0,0
train,2022_03_21_11_02_58_39,10,"(465, 832, 530, 887)",0.0,0,C:\Users\sthem\OneDrive\Documentos\GitHub\master-2025\3-Datasets\img-lcm\img_dir_annotated\train\uninfected\2022_03_21_11_02_58_39_cell0010.png,0,transpose,5175,ok,0,0.0,0
train,2022_03_21_11_02_58_39,11,"(586, 0, 645, 54)",0.0,0,C:\Users\sthem\OneDrive\Documentos\GitHub\master-2025\3-Datasets\img-lcm\img_dir_annotated\train\uninfected\2022_03_21_11_02_58_39_cell0011.png,0,transpose,5175,ok,0,0.0,0
train,2022_03_21_11_02_58_39,12,"(598, 73, 659, 132)",0.6170808540427022,1,C:\Users\sthem\OneDrive\Documentos\GitHub\master-2025\3-Datasets\img-lcm\img_dir_annotated\train\infected\2022_03_21_11_02_58_39_cell0012.png,0,transpose,5175,ok,1,0.6518477354820783,2346
train,2022_03_21_11_02_58_39,13,"(618, 500, 672, 566)",0.0,0,C:\Users\sthem\OneDrive\Documentos\GitHub\master-2025\3-Datasets\img-lcm\img_dir_annotated\train\uninfected\2022_03_21_11_02_58_39_cell0013.png,0,transpose,5175,ok,0,0.0,0
train,2022_03_21_11_02_58_39,14,"(619, 2011, 688, 2047)",0.0,0,C:\Users\sthem\OneDrive\Documentos\GitHub\master-2025\3-Datasets\img-lcm\img_dir_annotated\train\uninfected\2022_03_21_11_02_58_39_cell0014.png,0,transpose,5175,ok,0,0.0,0
train,2022_03_21_11_02_58_39,15,"(627, 1131, 635, 1140)",0.0,0,C:\Users\sthem\OneDrive\Documentos\GitHub\master-2025\3-Datasets\img-lcm\img_dir_annotated\train\uninfected\2022_03_21_11_02_58_39_cell0015.png,0,transpose,5175,ok,0,0.0,0
train,2022_03_21_11_02_58_39,16,"(662, 838, 727, 884)",0.7276166456494325,1,C:\Users\sthem\OneDrive\Documentos\GitHub\master-2025\3-Datasets\img-lcm\img_dir_annotated\train\infected\2022_03_21_11_02_58_39_cell0016.png,0,transpose,5175,ok,1,0.7357859531772575,2200
train,2022_03_21_11_02_58_39,17,"(762, 1391, 825, 1449)",0.0,0,C:\Users\sthem\OneDrive\Documentos\GitHub\master-2025\3-Datasets\img-lcm\img_dir_annotated\train\uninfected\2022_03_21_11_02_58_39_cell0017.png,0,transpose,5175,ok,0,0.0,0
train,2022_03_21_11_02_58_39,18,"(809, 1986, 863, 2044)",0.0,0,C:\Users\sthem\OneDrive\Documentos\GitHub\master-2025\3-Datasets\img-lcm\img_dir_annotated\train\uninfected\2022_03_21_11_02_58_39_cell0018.png,0,transpose,5175,ok,0,0.0,0
train,2022_03_21_11_02_58_39,19,"(823, 1763, 883, 1831)",0.0,0,C:\Users\sthem\OneDrive\Documentos\GitHub\master-2025\3-Datasets\img-lcm\img_dir_annotated\train\uninfected\2022_03_21_11_02_58_39_cell0019.png,0,transpose,5175,ok,0,0.0,0
train,2022_03_21_11_02_58_39,20,"(902, 403, 965, 471)",0.0,0,C:\Users\sthem\OneDrive\Documentos\GitHub\master-2025\3-Datasets\img-lcm\img_dir_annotated\train\uninfected\2022_03_21_11_02_58_39_cell0020.png,0,transpose,5175,ok,0,0.0,0
train,2022_03_21_11_02_58_39,21,"(1013, 1391, 1080, 1446)",0.0,0,C:\Users\sthem\OneDrive\Documentos\GitHub\master-2025\3-Datasets\img-lcm\img_dir_annotated\train\uninfected\2022_03_21_11_02_58_39_cell0021.png,0,transpose,5175,ok,0,0.0,0
train,2022_03_21_11_02_58_39,22,"(1039, 1, 1084, 40)",0.0,0,C:\Users\sthem\OneDrive\Documentos\GitHub\master-2025\3-Datasets\img-lcm\img_dir_annotated\train\uninfected\2022_03_21_11_02_58_39_cell0022.png,0,transpose,5175,ok,0,0.0,0
train,2022_03_21_11_02_58_39,23,"(1055, 790, 1080, 828)",0.0,0,C:\Users\sthem\OneDrive\Documentos\GitHub\master-2025\3-Datasets\img-lcm\img_dir_annotated\train\uninfected\2022_03_21_11_02_58_39_cell0023.png,0,transpose,5175,ok,0,0.0,0
train,2022_03_21_11_02_58_39,24,"(1057, 111, 1088, 173)",0.0,0,C:\Users\sthem\OneDrive\Documentos\GitHub\master-2025\3-Datasets\img-lcm\img_dir_annotated\train\uninfected\2022_03_21_11_02_58_39_cell0024.png,0,transpose,5175,ok,0,0.0,0
train,2022_03_21_11_02_58_47,1,"(99, 611, 180, 675)",1.0,1,C:\Users\sthem\OneDrive\Documentos\GitHub\master-2025\3-Datasets\img-lcm\img_dir_annotated\train\infected\2022_03_21_11_02_58_47_cell0001.png,0,id,54722,ok,1,1.0,5184
train,2022_03_21_11_02_58_47,2,"(103, 689, 187, 797)",1.0,1,C:\Users\sthem\OneDrive\Documentos\GitHub\master-2025\3-Datasets\img-lcm\img_dir_annotated\train\infected\2022_03_21_11_02_58_47_cell0002.png,0,id,54722,ok,1,1.0,9072
train,2022_03_21_11_02_58_47,3,"(149, 982, 205, 1038)",1.0,1,C:\Users\sthem\OneDrive\Documentos\GitHub\master-2025\3-Datasets\img-lcm\img_dir_annotated\train\infected\2022_03_21_11_02_58_47_cell0003.png,0,id,54722,ok,1,1.0,3136
train,2022_03_21_11_02_58_47,4,"(257, 525, 325, 586)",1.0,1,C:\Users\sthem\OneDrive\Documentos\GitHub\master-2025\3-Datasets\img-lcm\img_dir_annotated\train\infected\2022_03_21_11_02_58_47_cell0004.png,0,id,54722,ok,1,1.0,4148
train,2022_03_21_11_02_58_47,5,"(302, 1425, 381, 1477)",1.0,1,C:\Users\sthem\OneDrive\Documentos\GitHub\master-2025\3-Datasets\img-lcm\img_dir_annotated\train\infected\2022_03_21_11_02_58_47_cell0005.png,0,id,54722,ok,1,1.0,4108
train,2022_03_21_11_02_58_47,6,"(344, 836, 425, 906)",1.0,1,C:\Users\sthem\OneDrive\Documentos\GitHub\master-2025\3-Datasets\img-lcm\img_dir_annotated\train\infected\2022_03_21_11_02_58_47_cell0006.png,0,id,54722,ok,1,1.0,5670
train,2022_03_21_11_02_58_47,7,"(370, 127, 379, 137)",1.0,1,C:\Users\sthem\OneDrive\Documentos\GitHub\master-2025\3-Datasets\img-lcm\img_dir_annotated\train\infected\2022_03_21_11_02_58_47_cell0007.png,0,id,54722,ok,1,1.0,90
train,2022_03_21_11_02_58_47,8,"(411, 323, 420, 332)",1.0,1,C:\Users\sthem\OneDrive\Documentos\GitHub\master-2025\3-Datasets\img-lcm\img_dir_annotated\train\infected\2022_03_21_11_02_58_47_cell0008.png,0,id,54722,ok,1,1.0,81
train,2022_03_21_11_02_58_47,9,"(415, 99, 424, 108)",1.0,1,C:\Users\sthem\OneDrive\Documentos\GitHub\master-2025\3-Datasets\img-lcm\img_dir_annotated\train\infected\2022_03_21_11_02_58_47_cell0009.png,0,id,54722,ok,1,1.0,81
train,2022_03_21_11_02_58_47,10,"(483, 911, 574, 1004)",1.0,1,C:\Users\sthem\OneDrive\Documentos\GitHub\master-2025\3-Datasets\img-lcm\img_dir_annotated\train\infected\2022_03_21_11_02_58_47_cell0010.png,0,id,54722,ok,1,1.0,8463
train,2022_03_21_11_02_58_47,11,"(610, 1892, 662, 1958)",1.0,1,C:\Users\sthem\OneDrive\Documentos\GitHub\master-2025\3-Datasets\img-lcm\img_dir_annotated\train\infected\2022_03_21_11_02_58_47_cell0011.png,0,id,54722,ok,1,1.0,3432
train,2022_03_21_11_02_58_47,12,"(619, 1821, 684, 1876)",1.0,1,C:\Users\sthem\OneDrive\Documentos\GitHub\master-2025\3-Datasets\img-lcm\img_dir_annotated\train\infected\2022_03_21_11_02_58_47_cell0012.png,0,id,54722,ok,1,1.0,3575
train,2022_03_21_11_02_58_47,13,"(680, 1976, 742, 2047)",1.0,1,C:\Users\sthem\OneDrive\Documentos\GitHub\master-2025\3-Datasets\img-lcm\img_dir_annotated\train\infected\2022_03_21_11_02_58_47_cell0013.png,0,id,54722,ok,1,1.0,4402
train,2022_03_21_11_02_58_47,14,"(681, 2, 726, 37)",1.0,1,C:\Users\sthem\OneDrive\Documentos\GitHub\master-2025\3-Datasets\img-lcm\img_dir_annotated\train\infected\2022_03_21_11_02_58_47_cell0014.png,0,id,54722,ok,1,1.0,1575
train,2022_03_21_11_02_58_47,15,"(730, 57, 784, 115)",1.0,1,C:\Users\sthem\OneDrive\Documentos\GitHub\master-2025\3-Datasets\img-lcm\img_dir_annotated\train\infected\2022_03_21_11_02_58_47_cell0015.png,0,id,54722,ok,1,1.0,3132
train,2022_03_21_11_02_58_47,16,"(741, 1, 787, 33)",1.0,1,C:\Users\sthem\OneDrive\Documentos\GitHub\master-2025\3-Datasets\img-lcm\img_dir_annotated\train\infected\2022_03_21_11_02_58_47_cell0016.png,0,id,54722,ok,1,1.0,1472
train,2022_03_21_11_02_58_47,17,"(823, 1929, 878, 1992)",1.0,1,C:\Users\sthem\OneDrive\Documentos\GitHub\master-2025\3-Datasets\img-lcm\img_dir_annotated\train\infected\2022_03_21_11_02_58_47_cell0017.png,0,id,54722,ok,1,1.0,3465
train,2022_03_21_11_02_58_47,18,"(870, 505, 935, 573)",1.0,1,C:\Users\sthem\OneDrive\Documentos\GitHub\master-2025\3-Datasets\img-lcm\img_dir_annotated\train\infected\2022_03_21_11_02_58_47_cell0018.png,0,id,54722,ok,1,1.0,4420
train,2022_03_21_11_02_58_47,19,"(878, 1636, 929, 1690)",1.0,1,C:\Users\sthem\OneDrive\Documentos\GitHub\master-2025\3-Datasets\img-lcm\img_dir_annotated\train\infected\2022_03_21_11_02_58_47_cell0019.png,0,id,54722,ok,1,1.0,2754
train,2022_03_21_11_02_58_47,20,"(899, 1423, 966, 1460)",1.0,1,C:\Users\sthem\OneDrive\Documentos\GitHub\master-2025\3-Datasets\img-lcm\img_dir_annotated\train\infected\2022_03_21_11_02_58_47_cell0020.png,0,id,54722,ok,1,1.0,2479
train,2022_03_21_11_02_58_56,1,"(385, 340, 450, 405)",0.534680337756333,1,C:\Users\sthem\OneDrive\Documentos\GitHub\master-2025\3-Datasets\img-lcm\img_dir_annotated\train\infected\2022_03_21_11_02_58_56_cell0001.png,0,transpose,4304,ok,1,0.5616568047337278,2373
train,2022_03_21_11_02_58_56,2,"(409, 720, 461, 787)",0.0,0,C:\Users\sthem\OneDrive\Documentos\GitHub\master-2025\3-Datasets\img-lcm\img_dir_annotated\train\uninfected\2022_03_21_11_02_58_56_cell0002.png,0,transpose,4304,ok,0,0.0,0
train,2022_03_21_11_02_58_56,3,"(415, 98, 424, 108)",0.0,0,C:\Users\sthem\OneDrive\Documentos\GitHub\master-2025\3-Datasets\img-lcm\img_dir_annotated\train\uninfected\2022_03_21_11_02_58_56_cell0003.png,0,transpose,4304,ok,0,0.0,0
train,2022_03_21_11_02_58_56,4,"(484, 666, 542, 733)",0.0,0,C:\Users\sthem\OneDrive\Documentos\GitHub\master-2025\3-Datasets\img-lcm\img_dir_annotated\train\uninfected\2022_03_21_11_02_58_56_cell0004.png,0,transpose,4304,ok,0,0.0,0
train,2022_03_21_11_02_58_56,5,"(517, 633, 605, 696)",0.0,0,C:\Users\sthem\OneDrive\Documentos\GitHub\master-2025\3-Datasets\img-lcm\img_dir_annotated\train\uninfected\2022_03_21_11_02_58_56_cell0005.png,0,transpose,4304,ok,0,0.0,0
train,2022_03_21_11_02_58_56,6,"(594, 1463, 679, 1549)",0.0,0,C:\Users\sthem\OneDrive\Documentos\GitHub\master-2025\3-Datasets\img-lcm\img_dir_annotated\train\uninfected\2022_03_21_11_02_58_56_cell0006.png,0,transpose,4304,ok,0,0.0,0
train,2022_03_21_11_02_58_56,7,"(678, 848, 743, 911)",0.0,0,C:\Users\sthem\OneDrive\Documentos\GitHub\master-2025\3-Datasets\img-lcm\img_dir_annotated\train\uninfected\2022_03_21_11_02_58_56_cell0007.png,0,transpose,4304,ok,0,0.0,0
train,2022_03_21_11_02_58_56,8,"(707, 1732, 769, 1803)",0.731925968768074,1,C:\Users\sthem\OneDrive\Documentos\GitHub\master-2025\3-Datasets\img-lcm\img_dir_annotated\train\infected\2022_03_21_11_02_58_56_cell0008.png,0,transpose,4304,ok,1,0.7192185370286234,3166
train,2022_03_21_11_02_58_56,9,"(747, 1500, 818, 1576)",0.0,0,C:\Users\sthem\OneDrive\Documentos\GitHub\master-2025\3-Datasets\img-lcm\img_dir_annotated\train\uninfected\2022_03_21_11_02_58_56_cell0009.png,0,transpose,4304,ok,0,0.0,0
train,2022_03_21_11_02_58_56,10,"(747, 1575, 821, 1638)",0.0,0,C:\Users\sthem\OneDrive\Documentos\GitHub\master-2025\3-Datasets\img-lcm\img_dir_annotated\train\uninfected\2022_03_21_11_02_58_56_cell0010.png,0,transpose,4304,ok,0,0.0,0
train,2022_03_21_11_02_58_56,11,"(774, 833, 845, 916)",0.0,0,C:\Users\sthem\OneDrive\Documentos\GitHub\master-2025\3-Datasets\img-lcm\img_dir_annotated\train\uninfected\2022_03_21_11_02_58_56_cell0011.png,0,transpose,4304,ok,0,0.0,0
train,2022_03_21_11_02_58_56,12,"(835, 1325, 894, 1405)",0.0,0,C:\Users\sthem\OneDrive\Documentos\GitHub\master-2025\3-Datasets\img-lcm\img_dir_annotated\train\uninfected\2022_03_21_11_02_58_56_cell0012.png,0,transpose,4304,ok,0,0.0,0
train,2022_03_21_11_02_58_56,13,"(862, 632, 921, 687)",0.0,0,C:\Users\sthem\OneDrive\Documentos\GitHub\master-2025\3-Datasets\img-lcm\img_dir_annotated\train\uninfected\2022_03_21_11_02_58_56_cell0013.png,0,transpose,4304,ok,0,0.0,0
train,2022_03_21_11_02_58_56,14,"(882, 1304, 959, 1363)",0.0,0,C:\Users\sthem\OneDrive\Documentos\GitHub\master-2025\3-Datasets\img-lcm\img_dir_annotated\train\uninfected\2022_03_21_11_02_58_56_cell0014.png,0,transpose,4304,ok,0,0.0,0
train,2022_03_21_11_02_58_56,15,"(1031, 1046, 1088, 1089)",0.0,0,C:\Users\sthem\OneDrive\Documentos\GitHub\master-2025\3-Datasets\img-lcm\img_dir_annotated\train\uninfected\2022_03_21_11_02_58_56_cell0015.png,0,transpose,4304,ok,0,0.0,0
train,2022_03_21_11_02_58_56,16,"(1052, 1331, 1088, 1399)",0.0,0,C:\Users\sthem\OneDrive\Documentos\GitHub\master-2025\3-Datasets\img-lcm\img_dir_annotated\train\uninfected\2022_03_21_11_02_58_56_cell0016.png,0,transpose,4304,ok,0,0.0,0
train,2022_03_21_11_02_58_56,17,"(1052, 1944, 1087, 1994)",0.0,0,C:\Users\sthem\OneDrive\Documentos\GitHub\master-2025\3-Datasets\img-lcm\img_dir_annotated\train\uninfected\2022_03_21_11_02_58_56_cell0017.png,0,transpose,4304,ok,0,0.0,0
train,2022_03_21_11_02_58_64,1,"(32, 0, 96, 60)",0.0,0,C:\Users\sthem\OneDrive\Documentos\GitHub\master-2025\3-Datasets\img-lcm\img_dir_annotated\train\uninfected\2022_03_21_11_02_58_64_cell0001.png,0,transpose,1772,ok,0,0.0,0
train,2022_03_21_11_02_58_64,2,"(191, 671, 244, 729)",0.0,0,C:\Users\sthem\OneDrive\Documentos\GitHub\master-2025\3-Datasets\img-lcm\img_dir_annotated\train\uninfected\2022_03_21_11_02_58_64_cell0002.png,0,transpose,1772,ok,0,0.0,0
train,2022_03_21_11_02_58_64,3,"(258, 644, 317, 727)",0.0,0,C:\Users\sthem\OneDrive\Documentos\GitHub\master-2025\3-Datasets\img-lcm\img_dir_annotated\train\uninfected\2022_03_21_11_02_58_64_cell0003.png,0,transpose,1772,ok,0,0.0,0
train,2022_03_21_11_02_58_64,4,"(308, 905, 360, 986)",0.0,0,C:\Users\sthem\OneDrive\Documentos\GitHub\master-2025\3-Datasets\img-lcm\img_dir_annotated\train\uninfected\2022_03_21_11_02_58_64_cell0004.png,0,transpose,1772,ok,0,0.0,0
train,2022_03_21_11_02_58_64,5,"(337, 1455, 394, 1535)",0.0,0,C:\Users\sthem\OneDrive\Documentos\GitHub\master-2025\3-Datasets\img-lcm\img_dir_annotated\train\uninfected\2022_03_21_11_02_58_64_cell0005.png,0,transpose,1772,ok,0,0.0,0
train,2022_03_21_11_02_58_64,6,"(360, 1158, 417, 1232)",0.0,0,C:\Users\sthem\OneDrive\Documentos\GitHub\master-2025\3-Datasets\img-lcm\img_dir_annotated\train\uninfected\2022_03_21_11_02_58_64_cell0006.png,0,transpose,1772,ok,0,0.0,0
train,2022_03_21_11_02_58_64,7,"(404, 668, 459, 738)",0.0,0,C:\Users\sthem\OneDrive\Documentos\GitHub\master-2025\3-Datasets\img-lcm\img_dir_annotated\train\uninfected\2022_03_21_11_02_58_64_cell0007.png,0,transpose,1772,ok,0,0.0,0
train,2022_03_21_11_02_58_64,8,"(405, 392, 507, 488)",0.0,0,C:\Users\sthem\OneDrive\Documentos\GitHub\master-2025\3-Datasets\img-lcm\img_dir_annotated\train\uninfected\2022_03_21_11_02_58_64_cell0008.png,0,transpose,1772,ok,0,0.0,0
train,2022_03_21_11_02_58_64,9,"(410, 44, 476, 105)",0.5639719923615532,1,C:\Users\sthem\OneDrive\Documentos\GitHub\master-2025\3-Datasets\img-lcm\img_dir_annotated\train\infected\2022_03_21_11_02_58_64_cell0009.png,0,transpose,1772,ok,1,0.589170392449081,2372
train,2022_03_21_11_02_58_64,10,"(512, 730, 578, 807)",0.0,0,C:\Users\sthem\OneDrive\Documentos\GitHub\master-2025\3-Datasets\img-lcm\img_dir_annotated\train\uninfected\2022_03_21_11_02_58_64_cell0010.png,0,transpose,1772,ok,0,0.0,0
train,2022_03_21_11_02_58_64,11,"(550, 357, 652, 464)",0.0,0,C:\Users\sthem\OneDrive\Documentos\GitHub\master-2025\3-Datasets\img-lcm\img_dir_annotated\train\uninfected\2022_03_21_11_02_58_64_cell0011.png,0,transpose,1772,ok,0,0.0,0
train,2022_03_21_11_02_58_64,12,"(620, 2011, 686, 2047)",0.0,0,C:\Users\sthem\OneDrive\Documentos\GitHub\master-2025\3-Datasets\img-lcm\img_dir_annotated\train\uninfected\2022_03_21_11_02_58_64_cell0012.png,0,transpose,1772,ok,0,0.0,0
train,2022_03_21_11_02_58_64,13,"(694, 112, 762, 181)",0.0,0,C:\Users\sthem\OneDrive\Documentos\GitHub\master-2025\3-Datasets\img-lcm\img_dir_annotated\train\uninfected\2022_03_21_11_02_58_64_cell0013.png,0,transpose,1772,ok,0,0.0,0
train,2022_03_21_11_02_58_64,14,"(705, 398, 789, 460)",0.0,0,C:\Users\sthem\OneDrive\Documentos\GitHub\master-2025\3-Datasets\img-lcm\img_dir_annotated\train\uninfected\2022_03_21_11_02_58_64_cell0014.png,0,transpose,1772,ok,0,0.0,0
train,2022_03_21_11_02_58_64,15,"(709, 1741, 779, 1805)",0.0,0,C:\Users\sthem\OneDrive\Documentos\GitHub\master-2025\3-Datasets\img-lcm\img_dir_annotated\train\uninfected\2022_03_21_11_02_58_64_cell0015.png,0,transpose,1772,ok,0,0.0,0
train,2022_03_21_11_02_58_64,16,"(754, 1344, 804, 1410)",0.0,0,C:\Users\sthem\OneDrive\Documentos\GitHub\master-2025\3-Datasets\img-lcm\img_dir_annotated\train\uninfected\2022_03_21_11_02_58_64_cell0016.png,0,transpose,1772,ok,0,0.0,0
train,2022_03_21_11_02_58_64,17,"(773, 80, 859, 149)",0.0,0,C:\Users\sthem\OneDrive\Documentos\GitHub\master-2025\3-Datasets\img-lcm\img_dir_annotated\train\uninfected\2022_03_21_11_02_58_64_cell0017.png,0,transpose,1772,ok,0,0.0,0
train,2022_03_21_11_02_58_64,18,"(938, 1646, 1005, 1717)",0.0,0,C:\Users\sthem\OneDrive\Documentos\GitHub\master-2025\3-Datasets\img-lcm\img_dir_annotated\train\uninfected\2022_03_21_11_02_58_64_cell0018.png,0,transpose,1772,ok,0,0.0,0
train,2022_03_21_11_02_58_64,19,"(954, 1849, 1023, 1915)",0.0,0,C:\Users\sthem\OneDrive\Documentos\GitHub\master-2025\3-Datasets\img-lcm\img_dir_annotated\train\uninfected\2022_03_21_11_02_58_64_cell0019.png,0,transpose,1772,ok,0,0.0,0
train,2022_03_21_11_02_58_72,1,"(0, 1118, 86, 1212)",0.0,0,C:\Users\sthem\OneDrive\Documentos\GitHub\master-2025\3-Datasets\img-lcm\img_dir_annotated\train\uninfected\2022_03_21_11_02_58_72_cell0001.png,0,transpose,3108,ok,0,0.0,0
train,2022_03_21_11_02_58_72,2,"(14, 752, 117, 855)",0.0,0,C:\Users\sthem\OneDrive\Documentos\GitHub\master-2025\3-Datasets\img-lcm\img_dir_annotated\train\uninfected\2022_03_21_11_02_58_72_cell0002.png,0,transpose,3108,ok,0,0.0,0
train,2022_03_21_11_02_58_72,3,"(15, 116, 124, 217)",0.0,0,C:\Users\sthem\OneDrive\Documentos\GitHub\master-2025\3-Datasets\img-lcm\img_dir_annotated\train\uninfected\2022_03_21_11_02_58_72_cell0003.png,0,transpose,3108,ok,0,0.0,0
train,2022_03_21_11_02_58_72,4,"(88, 42, 164, 128)",0.0,0,C:\Users\sthem\OneDrive\Documentos\GitHub\master-2025\3-Datasets\img-lcm\img_dir_annotated\train\uninfected\2022_03_21_11_02_58_72_cell0004.png,0,transpose,3108,ok,0,0.0,0
train,2022_03_21_11_02_58_72,5,"(115, 447, 164, 514)",0.0,0,C:\Users\sthem\OneDrive\Documentos\GitHub\master-2025\3-Datasets\img-lcm\img_dir_annotated\train\uninfected\2022_03_21_11_02_58_72_cell0005.png,0,transpose,3108,ok,0,0.0,0
train,2022_03_21_11_02_58_72,6,"(127, 0, 206, 65)",0.0,0,C:\Users\sthem\OneDrive\Documentos\GitHub\master-2025\3-Datasets\img-lcm\img_dir_annotated\train\uninfected\2022_03_21_11_02_58_72_cell0006.png,0,transpose,3108,ok,0,0.0,0
train,2022_03_21_11_02_58_72,7,"(286, 655, 321, 712)",0.0,0,C:\Users\sthem\OneDrive\Documentos\GitHub\master-2025\3-Datasets\img-lcm\img_dir_annotated\train\uninfected\2022_03_21_11_02_58_72_cell0007.png,0,transpose,3108,ok,0,0.0,0
train,2022_03_21_11_02_58_72,8,"(354, 1810, 422, 1862)",0.0,0,C:\Users\sthem\OneDrive\Documentos\GitHub\master-2025\3-Datasets\img-lcm\img_dir_annotated\train\uninfected\2022_03_21_11_02_58_72_cell0008.png,0,transpose,3108,ok,0,0.0,0
train,2022_03_21_11_02_58_72,9,"(443, 671, 523, 739)",0.0,0,C:\Users\sthem\OneDrive\Documentos\GitHub\master-2025\3-Datasets\img-lcm\img_dir_annotated\train\uninfected\2022_03_21_11_02_58_72_cell0009.png,0,transpose,3108,ok,0,0.0,0
train,2022_03_21_11_02_58_72,10,"(483, 1443, 542, 1502)",0.2654198169518503,1,C:\Users\sthem\OneDrive\Documentos\GitHub\master-2025\3-Datasets\img-lcm\img_dir_annotated\train\infected\2022_03_21_11_02_58_72_cell0010.png,0,transpose,3108,ok,1,0.301924734271761,1051
train,2022_03_21_11_02_58_72,11,"(502, 1769, 564, 1826)",0.0,0,C:\Users\sthem\OneDrive\Documentos\GitHub\master-2025\3-Datasets\img-lcm\img_dir_annotated\train\uninfected\2022_03_21_11_02_58_72_cell0011.png,0,transpose,3108,ok,0,0.0,0
train,2022_03_21_11_02_58_72,12,"(556, 624, 642, 726)",0.0,0,C:\Users\sthem\OneDrive\Documentos\GitHub\master-2025\3-Datasets\img-lcm\img_dir_annotated\train\uninfected\2022_03_21_11_02_58_72_cell0012.png,0,transpose,3108,ok,0,0.0,0
train,2022_03_21_11_02_58_72,13,"(620, 2011, 689, 2048)",0.0,0,C:\Users\sthem\OneDrive\Documentos\GitHub\master-2025\3-Datasets\img-lcm\img_dir_annotated\train\uninfected\2022_03_21_11_02_58_72_cell0013.png,0,transpose,3108,ok,0,0.0,0
train,2022_03_21_11_02_58_72,14,"(627, 1131, 636, 1140)",0.0,0,C:\Users\sthem\OneDrive\Documentos\GitHub\master-2025\3-Datasets\img-lcm\img_dir_annotated\train\uninfected\2022_03_21_11_02_58_72_cell0014.png,0,transpose,3108,ok,0,0.0,0
train,2022_03_21_11_02_58_72,15,"(628, 780, 701, 873)",0.0,0,C:\Users\sthem\OneDrive\Documentos\GitHub\master-2025\3-Datasets\img-lcm\img_dir_annotated\train\uninfected\2022_03_21_11_02_58_72_cell0015.png,0,transpose,3108,ok,0,0.0,0
train,2022_03_21_11_02_58_72,16,"(814, 1253, 889, 1340)",0.0,0,C:\Users\sthem\OneDrive\Documentos\GitHub\master-2025\3-Datasets\img-lcm\img_dir_annotated\train\uninfected\2022_03_21_11_02_58_72_cell0016.png,0,transpose,3108,ok,0,0.0,0
train,2022_03_21_11_02_58_72,17,"(950, 1052, 1015, 1112)",0.78843669250646,1,C:\Users\sthem\OneDrive\Documentos\GitHub\master-2025\3-Datasets\img-lcm\img_dir_annotated\train\infected\2022_03_21_11_02_58_72_cell0017.png,0,transpose,3108,ok,1,0.7830769230769231,3054
train,2022_03_21_11_02_58_72,18,"(958, 553, 1049, 658)",0.0,0,C:\Users\sthem\OneDrive\Documentos\GitHub\master-2025\3-Datasets\img-lcm\img_dir_annotated\train\uninfected\2022_03_21_11_02_58_72_cell0018.png,0,transpose,3108,ok,0,0.0,0
train,2022_03_21_11_02_58_72,19,"(968, 38, 1010, 112)",0.0,0,C:\Users\sthem\OneDrive\Documentos\GitHub\master-2025\3-Datasets\img-lcm\img_dir_annotated\train\uninfected\2022_03_21_11_02_58_72_cell0019.png,0,transpose,3108,ok,0,0.0,0
train,2022_03_21_11_02_58_72,20,"(1022, 730, 1079, 804)",0.0,0,C:\Users\sthem\OneDrive\Documentos\GitHub\master-2025\3-Datasets\img-lcm\img_dir_annotated\train\uninfected\2022_03_21_11_02_58_72_cell0020.png,0,transpose,3108,ok,0,0.0,0
train,2022_03_21_11_02_58_89,1,"(1, 1664, 63, 1734)",1.0,1,C:\Users\sthem\OneDrive\Documentos\GitHub\master-2025\3-Datasets\img-lcm\img_dir_annotated\train\infected\2022_03_21_11_02_58_89_cell0001.png,0,id,69806,ok,1,1.0,4340
train,2022_03_21_11_02_58_89,2,"(21, 1069, 84, 1126)",1.0,1,C:\Users\sthem\OneDrive\Documentos\GitHub\master-2025\3-Datasets\img-lcm\img_dir_annotated\train\infected\2022_03_21_11_02_58_89_cell0002.png,0,id,69806,ok,1,1.0,3591
train,2022_03_21_11_02_58_89,3,"(29, 1136, 81, 1189)",1.0,1,C:\Users\sthem\OneDrive\Documentos\GitHub\master-2025\3-Datasets\img-lcm\img_dir_annotated\train\infected\2022_03_21_11_02_58_89_cell0003.png,0,id,69806,ok,1,1.0,2756
train,2022_03_21_11_02_58_89,4,"(69, 588, 146, 665)",1.0,1,C:\Users\sthem\OneDrive\Documentos\GitHub\master-2025\3-Datasets\img-lcm\img_dir_annotated\train\infected\2022_03_21_11_02_58_89_cell0004.png,0,id,69806,ok,1,1.0,5929
train,2022_03_21_11_02_58_89,5,"(167, 1218, 220, 1271)",1.0,1,C:\Users\sthem\OneDrive\Documentos\GitHub\master-2025\3-Datasets\img-lcm\img_dir_annotated\train\infected\2022_03_21_11_02_58_89_cell0005.png,0,id,69806,ok,1,1.0,2809
train,2022_03_21_11_02_58_89,6,"(183, 294, 222, 332)",1.0,1,C:\Users\sthem\OneDrive\Documentos\GitHub\master-2025\3-Datasets\img-lcm\img_dir_annotated\train\infected\2022_03_21_11_02_58_89_cell0006.png,0,id,69806,ok,1,1.0,1482
train,2022_03_21_11_02_58_89,7,"(217, 1109, 273, 1170)",1.0,1,C:\Users\sthem\OneDrive\Documentos\GitHub\master-2025\3-Datasets\img-lcm\img_dir_annotated\train\infected\2022_03_21_11_02_58_89_cell0007.png,0,id,69806,ok,1,1.0,3416
train,2022_03_21_11_02_58_89,8,"(259, 1935, 358, 2028)",1.0,1,C:\Users\sthem\OneDrive\Documentos\GitHub\master-2025\3-Datasets\img-lcm\img_dir_annotated\train\infected\2022_03_21_11_02_58_89_cell0008.png,0,id,69806,ok,1,1.0,9207
train,2022_03_21_11_02_58_89,9,"(475, 255, 536, 319)",1.0,1,C:\Users\sthem\OneDrive\Documentos\GitHub\master-2025\3-Datasets\img-lcm\img_dir_annotated\train\infected\2022_03_21_11_02_58_89_cell0009.png,0,id,69806,ok,1,1.0,3904
train,2022_03_21_11_02_58_89,10,"(502, 1182, 573, 1244)",1.0,1,C:\Users\sthem\OneDrive\Documentos\GitHub\master-2025\3-Datasets\img-lcm\img_dir_annotated\train\infected\2022_03_21_11_02_58_89_cell0010.png,0,id,69806,ok,1,1.0,4402
train,2022_03_21_11_02_58_89,11,"(531, 963, 621, 1091)",1.0,1,C:\Users\sthem\OneDrive\Documentos\GitHub\master-2025\3-Datasets\img-lcm\img_dir_annotated\train\infected\2022_03_21_11_02_58_89_cell0011.png,0,id,69806,ok,1,1.0,11520
train,2022_03_21_11_02_58_89,12,"(591, 1514, 660, 1574)",1.0,1,C:\Users\sthem\OneDrive\Documentos\GitHub\master-2025\3-Datasets\img-lcm\img_dir_annotated\train\infected\2022_03_21_11_02_58_89_cell0012.png,0,id,69806,ok,1,1.0,4140
train,2022_03_21_11_02_58_89,13,"(622, 2012, 687, 2047)",1.0,1,C:\Users\sthem\OneDrive\Documentos\GitHub\master-2025\3-Datasets\img-lcm\img_dir_annotated\train\infected\2022_03_21_11_02_58_89_cell0013.png,0,id,69806,ok,1,1.0,2275
train,2022_03_21_11_02_58_89,14,"(680, 381, 742, 444)",1.0,1,C:\Users\sthem\OneDrive\Documentos\GitHub\master-2025\3-Datasets\img-lcm\img_dir_annotated\train\infected\2022_03_21_11_02_58_89_cell0014.png,0,id,69806,ok,1,1.0,3906
train,2022_03_21_11_02_58_89,15,"(790, 1696, 862, 1776)",1.0,1,C:\Users\sthem\OneDrive\Documentos\GitHub\master-2025\3-Datasets\img-lcm\img_dir_annotated\train\infected\2022_03_21_11_02_58_89_cell0015.png,0,id,69806,ok,1,1.0,5760
train,2022_03_21_11_02_58_89,16,"(810, 133, 907, 223)",1.0,1,C:\Users\sthem\OneDrive\Documentos\GitHub\master-2025\3-Datasets\img-lcm\img_dir_annotated\train\infected\2022_03_21_11_02_58_89_cell0016.png,0,id,69806,ok,1,1.0,8730
train,2022_03_21_11_02_58_89,17,"(871, 1451, 940, 1513)",1.0,1,C:\Users\sthem\OneDrive\Documentos\GitHub\master-2025\3-Datasets\img-lcm\img_dir_annotated\train\infected\2022_03_21_11_02_58_89_cell0017.png,0,id,69806,ok,1,1.0,4278
train,2022_03_21_11_02_58_89,18,"(912, 317, 999, 385)",1.0,1,C:\Users\sthem\OneDrive\Documentos\GitHub\master-2025\3-Datasets\img-lcm\img_dir_annotated\train\infected\2022_03_21_11_02_58_89_cell0018.png,0,id,69806,ok,1,1.0,5916
train,2022_03_21_11_02_58_89,19,"(947, 45, 998, 125)",1.0,1,C:\Users\sthem\OneDrive\Documentos\GitHub\master-2025\3-Datasets\img-lcm\img_dir_annotated\train\infected\2022_03_21_11_02_58_89_cell0019.png,0,id,69806,ok,1,1.0,4080
train,2022_03_21_11_02_58_89,20,"(970, 1250, 1033, 1304)",1.0,1,C:\Users\sthem\OneDrive\Documentos\GitHub\master-2025\3-Datasets\img-lcm\img_dir_annotated\train\infected\2022_03_21_11_02_58_89_cell0020.png,0,id,69806,ok,1,1.0,3402
train,2022_03_21_11_02_58_98,1,"(108, 1074, 168, 1124)",0.0,0,C:\Users\sthem\OneDrive\Documentos\GitHub\master-2025\3-Datasets\img-lcm\img_dir_annotated\train\uninfected\2022_03_21_11_02_58_98_cell0001.png,0,transpose,5347,ok,0,0.0,0
train,2022_03_21_11_02_58_98,2,"(250, 1331, 328, 1403)",0.4148837209302325,1,C:\Users\sthem\OneDrive\Documentos\GitHub\master-2025\3-Datasets\img-lcm\img_dir_annotated\train\infected\2022_03_21_11_02_58_98_cell0002.png,0,transpose,5347,ok,1,0.4255698005698006,2390
train,2022_03_21_11_02_58_98,3,"(411, 323, 420, 332)",0.0,0,C:\Users\sthem\OneDrive\Documentos\GitHub\master-2025\3-Datasets\img-lcm\img_dir_annotated\train\uninfected\2022_03_21_11_02_58_98_cell0003.png,0,transpose,5347,ok,0,0.0,0
train,2022_03_21_11_02_58_98,4,"(500, 1588, 557, 1650)",0.6410810810810811,1,C:\Users\sthem\OneDrive\Documentos\GitHub\master-2025\3-Datasets\img-lcm\img_dir_annotated\train\infected\2022_03_21_11_02_58_98_cell0004.png,0,transpose,5347,ok,1,0.6731748726655348,2379
train,2022_03_21_11_02_58_98,5,"(577, 838, 682, 921)",0.0,0,C:\Users\sthem\OneDrive\Documentos\GitHub\master-2025\3-Datasets\img-lcm\img_dir_annotated\train\uninfected\2022_03_21_11_02_58_98_cell0005.png,0,transpose,5347,ok,0,0.0,0
train,2022_03_21_11_02_58_98,6,"(704, 1532, 770, 1591)",0.0,0,C:\Users\sthem\OneDrive\Documentos\GitHub\master-2025\3-Datasets\img-lcm\img_dir_annotated\train\uninfected\2022_03_21_11_02_58_98_cell0006.png,0,transpose,5347,ok,0,0.0,0
train,2022_03_21_11_02_58_98,7,"(734, 682, 798, 741)",0.6323998582063098,1,C:\Users\sthem\OneDrive\Documentos\GitHub\master-2025\3-Datasets\img-lcm\img_dir_annotated\train\infected\2022_03_21_11_02_58_98_cell0007.png,0,transpose,5347,ok,1,0.6313559322033898,2384
train,2022_03_21_11_02_58_98,8,"(790, 1128, 842, 1188)",0.0,0,C:\Users\sthem\OneDrive\Documentos\GitHub\master-2025\3-Datasets\img-lcm\img_dir_annotated\train\uninfected\2022_03_21_11_02_58_98_cell0008.png,0,transpose,5347,ok,0,0.0,0
train,2022_03_21_11_02_58_98,9,"(928, 1751, 1035, 1817)",0.0,0,C:\Users\sthem\OneDrive\Documentos\GitHub\master-2025\3-Datasets\img-lcm\img_dir_annotated\train\uninfected\2022_03_21_11_02_58_98_cell0009.png,0,transpose,5347,ok,0,0.0,0
train,2022_03_21_11_02_58_98,10,"(979, 247, 1046, 320)",0.0,0,C:\Users\sthem\OneDrive\Documentos\GitHub\master-2025\3-Datasets\img-lcm\img_dir_annotated\train\uninfected\2022_03_21_11_02_58_98_cell0010.png,0,transpose,5347,ok,0,0.0,0
train,2022_03_21_11_02_59_14,1,"(0, 87, 40, 145)",0.0,0,C:\Users\sthem\OneDrive\Documentos\GitHub\master-2025\3-Datasets\img-lcm\img_dir_annotated\train\uninfected\2022_03_21_11_02_59_14_cell0001.png,0,transpose,1716,ok,0,0.0,0
train,2022_03_21_11_02_59_14,2,"(116, 1172, 175, 1231)",0.0,0,C:\Users\sthem\OneDrive\Documentos\GitHub\master-2025\3-Datasets\img-lcm\img_dir_annotated\train\uninfected\2022_03_21_11_02_59_14_cell0002.png,0,transpose,1716,ok,0,0.0,0
train,2022_03_21_11_02_59_14,3,"(139, 425, 213, 498)",0.0,0,C:\Users\sthem\OneDrive\Documentos\GitHub\master-2025\3-Datasets\img-lcm\img_dir_annotated\train\uninfected\2022_03_21_11_02_59_14_cell0003.png,0,transpose,1716,ok,0,0.0,0
train,2022_03_21_11_02_59_14,4,"(139, 567, 217, 623)",0.0,0,C:\Users\sthem\OneDrive\Documentos\GitHub\master-2025\3-Datasets\img-lcm\img_dir_annotated\train\uninfected\2022_03_21_11_02_59_14_cell0004.png,0,transpose,1716,ok,0,0.0,0
train,2022_03_21_11_02_59_14,5,"(143, 872, 192, 943)",0.0,0,C:\Users\sthem\OneDrive\Documentos\GitHub\master-2025\3-Datasets\img-lcm\img_dir_annotated\train\uninfected\2022_03_21_11_02_59_14_cell0005.png,0,transpose,1716,ok,0,0.0,0
train,2022_03_21_11_02_59_14,6,"(172, 1934, 247, 1982)",0.0,0,C:\Users\sthem\OneDrive\Documentos\GitHub\master-2025\3-Datasets\img-lcm\img_dir_annotated\train\uninfected\2022_03_21_11_02_59_14_cell0006.png,0,transpose,1716,ok,0,0.0,0
train,2022_03_21_11_02_59_14,7,"(248, 818, 318, 891)",0.0,0,C:\Users\sthem\OneDrive\Documentos\GitHub\master-2025\3-Datasets\img-lcm\img_dir_annotated\train\uninfected\2022_03_21_11_02_59_14_cell0007.png,0,transpose,1716,ok,0,0.0,0
train,2022_03_21_11_02_59_14,8,"(258, 690, 336, 762)",0.0,0,C:\Users\sthem\OneDrive\Documentos\GitHub\master-2025\3-Datasets\img-lcm\img_dir_annotated\train\uninfected\2022_03_21_11_02_59_14_cell0008.png,0,transpose,1716,ok,0,0.0,0
train,2022_03_21_11_02_59_14,9,"(300, 463, 380, 533)",0.0,0,C:\Users\sthem\OneDrive\Documentos\GitHub\master-2025\3-Datasets\img-lcm\img_dir_annotated\train\uninfected\2022_03_21_11_02_59_14_cell0009.png,0,transpose,1716,ok,0,0.0,0
train,2022_03_21_11_02_59_14,10,"(370, 127, 379, 137)",0.0,0,C:\Users\sthem\OneDrive\Documentos\GitHub\master-2025\3-Datasets\img-lcm\img_dir_annotated\train\uninfected\2022_03_21_11_02_59_14_cell0010.png,0,transpose,1716,ok,0,0.0,0
train,2022_03_21_11_02_59_14,11,"(405, 1715, 482, 1791)",0.0,0,C:\Users\sthem\OneDrive\Documentos\GitHub\master-2025\3-Datasets\img-lcm\img_dir_annotated\train\uninfected\2022_03_21_11_02_59_14_cell0011.png,0,transpose,1716,ok,0,0.0,0
train,2022_03_21_11_02_59_14,12,"(415, 99, 424, 108)",0.0,0,C:\Users\sthem\OneDrive\Documentos\GitHub\master-2025\3-Datasets\img-lcm\img_dir_annotated\train\uninfected\2022_03_21_11_02_59_14_cell0012.png,0,transpose,1716,ok,0,0.0,0
train,2022_03_21_11_02_59_14,13,"(462, 1496, 523, 1576)",0.0,0,C:\Users\sthem\OneDrive\Documentos\GitHub\master-2025\3-Datasets\img-lcm\img_dir_annotated\train\uninfected\2022_03_21_11_02_59_14_cell0013.png,0,transpose,1716,ok,0,0.0,0
train,2022_03_21_11_02_59_14,14,"(624, 1281, 633, 1290)",0.0,0,C:\Users\sthem\OneDrive\Documentos\GitHub\master-2025\3-Datasets\img-lcm\img_dir_annotated\train\uninfected\2022_03_21_11_02_59_14_cell0014.png,0,transpose,1716,ok,0,0.0,0
train,2022_03_21_11_02_59_14,15,"(729, 1784, 777, 1846)",0.0,0,C:\Users\sthem\OneDrive\Documentos\GitHub\master-2025\3-Datasets\img-lcm\img_dir_annotated\train\uninfected\2022_03_21_11_02_59_14_cell0015.png,0,transpose,1716,ok,0,0.0,0
train,2022_03_21_11_02_59_14,16,"(829, 73, 869, 143)",0.0,0,C:\Users\sthem\OneDrive\Documentos\GitHub\master-2025\3-Datasets\img-lcm\img_dir_annotated\train\uninfected\2022_03_21_11_02_59_14_cell0016.png,0,transpose,1716,ok,0,0.0,0
train,2022_03_21_11_02_59_14,17,"(843, 429, 916, 477)",0.0,0,C:\Users\sthem\OneDrive\Documentos\GitHub\master-2025\3-Datasets\img-lcm\img_dir_annotated\train\uninfected\2022_03_21_11_02_59_14_cell0017.png,0,transpose,1716,ok,0,0.0,0
train,2022_03_21_11_02_59_14,18,"(871, 1751, 932, 1821)",0.0,0,C:\Users\sthem\OneDrive\Documentos\GitHub\master-2025\3-Datasets\img-lcm\img_dir_annotated\train\uninfected\2022_03_21_11_02_59_14_cell0018.png,0,transpose,1716,ok,0,0.0,0
train,2022_03_21_11_02_59_14,19,"(953, 1099, 1073, 1194)",0.0,0,C:\Users\sthem\OneDrive\Documentos\GitHub\master-2025\3-Datasets\img-lcm\img_dir_annotated\train\uninfected\2022_03_21_11_02_59_14_cell0019.png,0,transpose,1716,ok,0,0.0,0
train,2022_03_21_11_02_59_14,20,"(998, 1337, 1059, 1391)",0.6844834463502194,1,C:\Users\sthem\OneDrive\Documentos\GitHub\master-2025\3-Datasets\img-lcm\img_dir_annotated\train\infected\2022_03_21_11_02_59_14_cell0020.png,0,transpose,1716,ok,1,0.6927747419550698,2282
train,2022_03_21_11_02_59_23,1,"(4, 341, 106, 423)",0.0,0,C:\Users\sthem\OneDrive\Documentos\GitHub\master-2025\3-Datasets\img-lcm\img_dir_annotated\train\uninfected\2022_03_21_11_02_59_23_cell0001.png,0,transpose,14319,ok,0,0.0,0
train,2022_03_21_11_02_59_23,2,"(15, 1106, 78, 1155)",0.0,0,C:\Users\sthem\OneDrive\Documentos\GitHub\master-2025\3-Datasets\img-lcm\img_dir_annotated\train\uninfected\2022_03_21_11_02_59_23_cell0002.png,0,transpose,14319,ok,0,0.0,0
train,2022_03_21_11_02_59_23,3,"(58, 503, 119, 570)",0.5327399872854418,1,C:\Users\sthem\OneDrive\Documentos\GitHub\master-2025\3-Datasets\img-lcm\img_dir_annotated\train\infected\2022_03_21_11_02_59_23_cell0003.png,0,transpose,14319,ok,1,0.5370687545877172,2195
train,2022_03_21_11_02_59_23,4,"(59, 19, 174, 140)",0.0,0,C:\Users\sthem\OneDrive\Documentos\GitHub\master-2025\3-Datasets\img-lcm\img_dir_annotated\train\uninfected\2022_03_21_11_02_59_23_cell0004.png,0,transpose,14319,ok,0,0.0,0
train,2022_03_21_11_02_59_23,5,"(383, 1822, 516, 1938)",0.9078947368421052,1,C:\Users\sthem\OneDrive\Documentos\GitHub\master-2025\3-Datasets\img-lcm\img_dir_annotated\train\infected\2022_03_21_11_02_59_23_cell0005.png,0,transpose,14319,ok,1,0.8477443609022557,13079
train,2022_03_21_11_02_59_23,6,"(416, 99, 424, 107)",0.0,0,C:\Users\sthem\OneDrive\Documentos\GitHub\master-2025\3-Datasets\img-lcm\img_dir_annotated\train\uninfected\2022_03_21_11_02_59_23_cell0006.png,0,transpose,14319,ok,0,0.0,0
train,2022_03_21_11_02_59_23,7,"(572, 1439, 633, 1496)",0.0,0,C:\Users\sthem\OneDrive\Documentos\GitHub\master-2025\3-Datasets\img-lcm\img_dir_annotated\train\uninfected\2022_03_21_11_02_59_23_cell0007.png,0,transpose,14319,ok,0,0.0,0
train,2022_03_21_11_02_59_23,8,"(630, 256, 672, 312)",0.0,0,C:\Users\sthem\OneDrive\Documentos\GitHub\master-2025\3-Datasets\img-lcm\img_dir_annotated\train\uninfected\2022_03_21_11_02_59_23_cell0008.png,0,transpose,14319,ok,0,0.0,0
train,2022_03_21_11_02_59_23,9,"(677, 1391, 726, 1455)",0.2448809026326786,1,C:\Users\sthem\OneDrive\Documentos\GitHub\master-2025\3-Datasets\img-lcm\img_dir_annotated\train\infected\2022_03_21_11_02_59_23_cell0009.png,0,transpose,14319,ok,1,0.2997448979591837,940
train,2022_03_21_11_02_59_23,10,"(717, 1157, 782, 1220)",0.0,0,C:\Users\sthem\OneDrive\Documentos\GitHub\master-2025\3-Datasets\img-lcm\img_dir_annotated\train\uninfected\2022_03_21_11_02_59_23_cell0010.png,0,transpose,14319,ok,0,0.0,0
train,2022_03_21_11_02_59_23,11,"(884, 860, 942, 929)",0.3003802281368821,1,C:\Users\sthem\OneDrive\Documentos\GitHub\master-2025\3-Datasets\img-lcm\img_dir_annotated\train\infected\2022_03_21_11_02_59_23_cell0011.png,0,transpose,14319,ok,1,0.3493253373313343,1398
train,2022_03_21_11_02_59_23,12,"(1029, 208, 1067, 273)",0.0,0,C:\Users\sthem\OneDrive\Documentos\GitHub\master-2025\3-Datasets\img-lcm\img_dir_annotated\train\uninfected\2022_03_21_11_02_59_23_cell0012.png,0,transpose,14319,ok,0,0.0,0
train,2022_03_21_11_02_59_23,13,"(1068, 1610, 1087, 1660)",0.0,0,C:\Users\sthem\OneDrive\Documentos\GitHub\master-2025\3-Datasets\img-lcm\img_dir_annotated\train\uninfected\2022_03_21_11_02_59_23_cell0013.png,0,transpose,14319,ok,0,0.0,0
train,2022_03_21_11_02_59_32,1,"(225, 1174, 293, 1238)",0.0,0,C:\Users\sthem\OneDrive\Documentos\GitHub\master-2025\3-Datasets\img-lcm\img_dir_annotated\train\uninfected\2022_03_21_11_02_59_32_cell0001.png,0,transpose,2943,ok,0,0.0,0
train,2022_03_21_11_02_59_32,2,"(257, 1583, 338, 1679)",0.0,0,C:\Users\sthem\OneDrive\Documentos\GitHub\master-2025\3-Datasets\img-lcm\img_dir_annotated\train\uninfected\2022_03_21_11_02_59_32_cell0002.png,0,transpose,2943,ok,0,0.0,0
train,2022_03_21_11_02_59_32,3,"(348, 1643, 404, 1697)",0.0,0,C:\Users\sthem\OneDrive\Documentos\GitHub\master-2025\3-Datasets\img-lcm\img_dir_annotated\train\uninfected\2022_03_21_11_02_59_32_cell0003.png,0,transpose,2943,ok,0,0.0,0
train,2022_03_21_11_02_59_32,4,"(363, 504, 412, 552)",0.5187465025181869,1,C:\Users\sthem\OneDrive\Documentos\GitHub\master-2025\3-Datasets\img-lcm\img_dir_annotated\train\infected\2022_03_21_11_02_59_32_cell0004.png,0,transpose,2943,ok,1,0.5829081632653061,1371
train,2022_03_21_11_02_59_32,5,"(415, 99, 424, 107)",0.0,0,C:\Users\sthem\OneDrive\Documentos\GitHub\master-2025\3-Datasets\img-lcm\img_dir_annotated\train\uninfected\2022_03_21_11_02_59_32_cell0005.png,0,transpose,2943,ok,0,0.0,0
train,2022_03_21_11_02_59_32,6,"(489, 1104, 556, 1163)",0.0,0,C:\Users\sthem\OneDrive\Documentos\GitHub\master-2025\3-Datasets\img-lcm\img_dir_annotated\train\uninfected\2022_03_21_11_02_59_32_cell0006.png,0,transpose,2943,ok,0,0.0,0
train,2022_03_21_11_02_59_32,7,"(518, 1760, 585, 1835)",0.0,0,C:\Users\sthem\OneDrive\Documentos\GitHub\master-2025\3-Datasets\img-lcm\img_dir_annotated\train\uninfected\2022_03_21_11_02_59_32_cell0007.png,0,transpose,2943,ok,0,0.0,0
train,2022_03_21_11_02_59_32,8,"(528, 323, 611, 409)",0.0,0,C:\Users\sthem\OneDrive\Documentos\GitHub\master-2025\3-Datasets\img-lcm\img_dir_annotated\train\uninfected\2022_03_21_11_02_59_32_cell0008.png,0,transpose,2943,ok,0,0.0,0
train,2022_03_21_11_02_59_32,9,"(551, 469, 616, 526)",0.3233344959888385,1,C:\Users\sthem\OneDrive\Documentos\GitHub\master-2025\3-Datasets\img-lcm\img_dir_annotated\train\infected\2022_03_21_11_02_59_32_cell0009.png,0,transpose,2943,ok,1,0.37327935222672065,1383
train,2022_03_21_11_02_59_32,10,"(552, 1515, 614, 1573)",0.0,0,C:\Users\sthem\OneDrive\Documentos\GitHub\master-2025\3-Datasets\img-lcm\img_dir_annotated\train\uninfected\2022_03_21_11_02_59_32_cell0010.png,0,transpose,2943,ok,0,0.0,0
train,2022_03_21_11_02_59_32,11,"(570, 1435, 630, 1496)",0.0,0,C:\Users\sthem\OneDrive\Documentos\GitHub\master-2025\3-Datasets\img-lcm\img_dir_annotated\train\uninfected\2022_03_21_11_02_59_32_cell0011.png,0,transpose,2943,ok,0,0.0,0
train,2022_03_21_11_02_59_32,12,"(620, 2011, 686, 2047)",0.0,0,C:\Users\sthem\OneDrive\Documentos\GitHub\master-2025\3-Datasets\img-lcm\img_dir_annotated\train\uninfected\2022_03_21_11_02_59_32_cell0012.png,0,transpose,2943,ok,0,0.0,0
train,2022_03_21_11_02_59_32,13,"(630, 1232, 689, 1292)",0.0,0,C:\Users\sthem\OneDrive\Documentos\GitHub\master-2025\3-Datasets\img-lcm\img_dir_annotated\train\uninfected\2022_03_21_11_02_59_32_cell0013.png,0,transpose,2943,ok,0,0.0,0
train,2022_03_21_11_02_59_32,14,"(664, 828, 725, 899)",0.0,0,C:\Users\sthem\OneDrive\Documentos\GitHub\master-2025\3-Datasets\img-lcm\img_dir_annotated\train\uninfected\2022_03_21_11_02_59_32_cell0014.png,0,transpose,2943,ok,0,0.0,0
train,2022_03_21_11_02_59_32,15,"(669, 1211, 732, 1283)",0.0,0,C:\Users\sthem\OneDrive\Documentos\GitHub\master-2025\3-Datasets\img-lcm\img_dir_annotated\train\uninfected\2022_03_21_11_02_59_32_cell0015.png,0,transpose,2943,ok,0,0.0,0
train,2022_03_21_11_02_59_32,16,"(700, 103, 759, 168)",0.0,0,C:\Users\sthem\OneDrive\Documentos\GitHub\master-2025\3-Datasets\img-lcm\img_dir_annotated\train\uninfected\2022_03_21_11_02_59_32_cell0016.png,0,transpose,2943,ok,0,0.0,0
train,2022_03_21_11_02_59_32,17,"(713, 1311, 821, 1422)",0.0,0,C:\Users\sthem\OneDrive\Documentos\GitHub\master-2025\3-Datasets\img-lcm\img_dir_annotated\train\uninfected\2022_03_21_11_02_59_32_cell0017.png,0,transpose,2943,ok,0,0.0,0
train,2022_03_21_11_02_59_32,18,"(757, 703, 820, 759)",0.0,0,C:\Users\sthem\OneDrive\Documentos\GitHub\master-2025\3-Datasets\img-lcm\img_dir_annotated\train\uninfected\2022_03_21_11_02_59_32_cell0018.png,0,transpose,2943,ok,0,0.0,0
train,2022_03_21_11_02_59_32,19,"(771, 323, 836, 385)",0.0,0,C:\Users\sthem\OneDrive\Documentos\GitHub\master-2025\3-Datasets\img-lcm\img_dir_annotated\train\uninfected\2022_03_21_11_02_59_32_cell0019.png,0,transpose,2943,ok,0,0.0,0
train,2022_03_21_11_02_59_32,20,"(787, 1107, 847, 1164)",0.0,0,C:\Users\sthem\OneDrive\Documentos\GitHub\master-2025\3-Datasets\img-lcm\img_dir_annotated\train\uninfected\2022_03_21_11_02_59_32_cell0020.png,0,transpose,2943,ok,0,0.0,0
train,2022_03_21_11_02_59_32,21,"(866, 697, 924, 766)",0.0,0,C:\Users\sthem\OneDrive\Documentos\GitHub\master-2025\3-Datasets\img-lcm\img_dir_annotated\train\uninfected\2022_03_21_11_02_59_32_cell0021.png,0,transpose,2943,ok,0,0.0,0
train,2022_03_21_11_02_59_32,22,"(905, 1960, 969, 2027)",0.0,0,C:\Users\sthem\OneDrive\Documentos\GitHub\master-2025\3-Datasets\img-lcm\img_dir_annotated\train\uninfected\2022_03_21_11_02_59_32_cell0022.png,0,transpose,2943,ok,0,0.0,0
train,2022_03_21_11_02_59_32,23,"(952, 908, 1003, 955)",0.0,0,C:\Users\sthem\OneDrive\Documentos\GitHub\master-2025\3-Datasets\img-lcm\img_dir_annotated\train\uninfected\2022_03_21_11_02_59_32_cell0023.png,0,transpose,2943,ok,0,0.0,0
train,2022_03_21_11_02_59_32,24,"(979, 1061, 1051, 1127)",0.0,0,C:\Users\sthem\OneDrive\Documentos\GitHub\master-2025\3-Datasets\img-lcm\img_dir_annotated\train\uninfected\2022_03_21_11_02_59_32_cell0024.png,0,transpose,2943,ok,0,0.0,0
train,2022_03_21_11_02_59_32,25,"(1020, 1680, 1082, 1743)",0.363,1,C:\Users\sthem\OneDrive\Documentos\GitHub\master-2025\3-Datasets\img-lcm\img_dir_annotated\train\infected\2022_03_21_11_02_59_32_cell0025.png,0,transpose,2943,ok,1,0.40168970814132104,1569
train,2022_03_21_11_02_59_40,1,"(1, 1019, 46, 1152)",0.0,0,C:\Users\sthem\OneDrive\Documentos\GitHub\master-2025\3-Datasets\img-lcm\img_dir_annotated\train\uninfected\2022_03_21_11_02_59_40_cell0001.png,0,transpose,4506,ok,0,0.0,0
train,2022_03_21_11_02_59_40,2,"(60, 0, 139, 62)",0.0,0,C:\Users\sthem\OneDrive\Documentos\GitHub\master-2025\3-Datasets\img-lcm\img_dir_annotated\train\uninfected\2022_03_21_11_02_59_40_cell0002.png,0,transpose,4506,ok,0,0.0,0
train,2022_03_21_11_02_59_40,3,"(89, 1089, 190, 1202)",0.0,0,C:\Users\sthem\OneDrive\Documentos\GitHub\master-2025\3-Datasets\img-lcm\img_dir_annotated\train\uninfected\2022_03_21_11_02_59_40_cell0003.png,0,transpose,4506,ok,0,0.0,0
train,2022_03_21_11_02_59_40,4,"(146, 496, 210, 554)",0.0,0,C:\Users\sthem\OneDrive\Documentos\GitHub\master-2025\3-Datasets\img-lcm\img_dir_annotated\train\uninfected\2022_03_21_11_02_59_40_cell0004.png,0,transpose,4506,ok,0,0.0,0
train,2022_03_21_11_02_59_40,5,"(203, 532, 259, 595)",0.0,0,C:\Users\sthem\OneDrive\Documentos\GitHub\master-2025\3-Datasets\img-lcm\img_dir_annotated\train\uninfected\2022_03_21_11_02_59_40_cell0005.png,0,transpose,4506,ok,0,0.0,0
train,2022_03_21_11_02_59_40,6,"(230, 1311, 288, 1380)",0.0,0,C:\Users\sthem\OneDrive\Documentos\GitHub\master-2025\3-Datasets\img-lcm\img_dir_annotated\train\uninfected\2022_03_21_11_02_59_40_cell0006.png,0,transpose,4506,ok,0,0.0,0
train,2022_03_21_11_02_59_40,7,"(370, 127, 379, 136)",0.0,0,C:\Users\sthem\OneDrive\Documentos\GitHub\master-2025\3-Datasets\img-lcm\img_dir_annotated\train\uninfected\2022_03_21_11_02_59_40_cell0007.png,0,transpose,4506,ok,0,0.0,0
train,2022_03_21_11_02_59_40,8,"(411, 323, 421, 332)",0.0,0,C:\Users\sthem\OneDrive\Documentos\GitHub\master-2025\3-Datasets\img-lcm\img_dir_annotated\train\uninfected\2022_03_21_11_02_59_40_cell0008.png,0,transpose,4506,ok,0,0.0,0
train,2022_03_21_11_02_59_40,9,"(415, 99, 424, 107)",0.0,0,C:\Users\sthem\OneDrive\Documentos\GitHub\master-2025\3-Datasets\img-lcm\img_dir_annotated\train\uninfected\2022_03_21_11_02_59_40_cell0009.png,0,transpose,4506,ok,0,0.0,0
train,2022_03_21_11_02_59_40,10,"(418, 1472, 457, 1514)",0.6031483015741508,1,C:\Users\sthem\OneDrive\Documentos\GitHub\master-2025\3-Datasets\img-lcm\img_dir_annotated\train\infected\2022_03_21_11_02_59_40_cell0010.png,0,transpose,4506,ok,1,0.6788766788766789,1112
train,2022_03_21_11_02_59_40,11,"(542, 2001, 595, 2048)",0.0,0,C:\Users\sthem\OneDrive\Documentos\GitHub\master-2025\3-Datasets\img-lcm\img_dir_annotated\train\uninfected\2022_03_21_11_02_59_40_cell0011.png,0,transpose,4506,ok,0,0.0,0
train,2022_03_21_11_02_59_40,12,"(563, 1024, 628, 1087)",0.0,0,C:\Users\sthem\OneDrive\Documentos\GitHub\master-2025\3-Datasets\img-lcm\img_dir_annotated\train\uninfected\2022_03_21_11_02_59_40_cell0012.png,0,transpose,4506,ok,0,0.0,0
train,2022_03_21_11_02_59_40,13,"(648, 637, 711, 702)",0.6319597357659641,1,C:\Users\sthem\OneDrive\Documentos\GitHub\master-2025\3-Datasets\img-lcm\img_dir_annotated\train\infected\2022_03_21_11_02_59_40_cell0013.png,0,transpose,4506,ok,1,0.6488400488400489,2657
train,2022_03_21_11_02_59_40,14,"(787, 1140, 847, 1193)",0.7124446234393879,1,C:\Users\sthem\OneDrive\Documentos\GitHub\master-2025\3-Datasets\img-lcm\img_dir_annotated\train\infected\2022_03_21_11_02_59_40_cell0014.png,0,transpose,4506,ok,1,0.7311320754716981,2325
train,2022_03_21_11_02_59_40,15,"(947, 965, 1010, 1005)",0.0,0,C:\Users\sthem\OneDrive\Documentos\GitHub\master-2025\3-Datasets\img-lcm\img_dir_annotated\train\uninfected\2022_03_21_11_02_59_40_cell0015.png,0,transpose,4506,ok,0,0.0,0
train,2022_03_21_11_02_59_40,16,"(956, 1464, 1031, 1526)",0.0,0,C:\Users\sthem\OneDrive\Documentos\GitHub\master-2025\3-Datasets\img-lcm\img_dir_annotated\train\uninfected\2022_03_21_11_02_59_40_cell0016.png,0,transpose,4506,ok,0,0.0,0
train,2022_03_21_11_02_59_40,17,"(998, 857, 1069, 931)",0.0,0,C:\Users\sthem\OneDrive\Documentos\GitHub\master-2025\3-Datasets\img-lcm\img_dir_annotated\train\uninfected\2022_03_21_11_02_59_40_cell0017.png,0,transpose,4506,ok,0,0.0,0
train,2022_03_21_11_02_59_40,18,"(1015, 1810, 1075, 1874)",0.0,0,C:\Users\sthem\OneDrive\Documentos\GitHub\master-2025\3-Datasets\img-lcm\img_dir_annotated\train\uninfected\2022_03_21_11_02_59_40_cell0018.png,0,transpose,4506,ok,0,0.0,0
train,2022_03_21_11_02_59_48,1,"(90, 1541, 175, 1594)",0.0,0,C:\Users\sthem\OneDrive\Documentos\GitHub\master-2025\3-Datasets\img-lcm\img_dir_annotated\train\uninfected\2022_03_21_11_02_59_48_cell0001.png,0,transpose,4324,ok,0,0.0,0
train,2022_03_21_11_02_59_48,2,"(293, 1107, 360, 1150)",0.0,0,C:\Users\sthem\OneDrive\Documentos\GitHub\master-2025\3-Datasets\img-lcm\img_dir_annotated\train\uninfected\2022_03_21_11_02_59_48_cell0002.png,0,transpose,4324,ok,0,0.0,0
train,2022_03_21_11_02_59_48,3,"(343, 1274, 413, 1341)",0.0,0,C:\Users\sthem\OneDrive\Documentos\GitHub\master-2025\3-Datasets\img-lcm\img_dir_annotated\train\uninfected\2022_03_21_11_02_59_48_cell0003.png,0,transpose,4324,ok,0,0.0,0
train,2022_03_21_11_02_59_48,4,"(415, 208, 467, 255)",0.0,0,C:\Users\sthem\OneDrive\Documentos\GitHub\master-2025\3-Datasets\img-lcm\img_dir_annotated\train\uninfected\2022_03_21_11_02_59_48_cell0004.png,0,transpose,4324,ok,0,0.0,0
train,2022_03_21_11_02_59_48,5,"(497, 562, 585, 618)",0.0,0,C:\Users\sthem\OneDrive\Documentos\GitHub\master-2025\3-Datasets\img-lcm\img_dir_annotated\train\uninfected\2022_03_21_11_02_59_48_cell0005.png,0,transpose,4324,ok,0,0.0,0
train,2022_03_21_11_02_59_48,6,"(571, 778, 635, 840)",0.0,0,C:\Users\sthem\OneDrive\Documentos\GitHub\master-2025\3-Datasets\img-lcm\img_dir_annotated\train\uninfected\2022_03_21_11_02_59_48_cell0006.png,0,transpose,4324,ok,0,0.0,0
train,2022_03_21_11_02_59_48,7,"(591, 233, 646, 286)",0.3817371937639198,1,C:\Users\sthem\OneDrive\Documentos\GitHub\master-2025\3-Datasets\img-lcm\img_dir_annotated\train\infected\2022_03_21_11_02_59_48_cell0007.png,0,transpose,4324,ok,1,0.444253859348199,1295
train,2022_03_21_11_02_59_48,8,"(695, 684, 766, 724)",0.0,0,C:\Users\sthem\OneDrive\Documentos\GitHub\master-2025\3-Datasets\img-lcm\img_dir_annotated\train\uninfected\2022_03_21_11_02_59_48_cell0008.png,0,transpose,4324,ok,0,0.0,0
train,2022_03_21_11_02_59_48,9,"(814, 1381, 919, 1448)",0.0,0,C:\Users\sthem\OneDrive\Documentos\GitHub\master-2025\3-Datasets\img-lcm\img_dir_annotated\train\uninfected\2022_03_21_11_02_59_48_cell0009.png,0,transpose,4324,ok,0,0.0,0
train,2022_03_21_11_02_59_48,10,"(815, 1501, 925, 1581)",0.3679099225897255,1,C:\Users\sthem\OneDrive\Documentos\GitHub\master-2025\3-Datasets\img-lcm\img_dir_annotated\train\infected\2022_03_21_11_02_59_48_cell0010.png,0,transpose,4324,ok,1,0.3809090909090909,3352
train,2022_03_21_11_02_59_48,11,"(822, 458, 882, 508)",0.368148467846353,1,C:\Users\sthem\OneDrive\Documentos\GitHub\master-2025\3-Datasets\img-lcm\img_dir_annotated\train\infected\2022_03_21_11_02_59_48_cell0011.png,0,transpose,4324,ok,1,0.42633333333333334,1279
train,2022_03_21_11_02_59_48,12,"(868, 524, 937, 578)",0.0,0,C:\Users\sthem\OneDrive\Documentos\GitHub\master-2025\3-Datasets\img-lcm\img_dir_annotated\train\uninfected\2022_03_21_11_02_59_48_cell0012.png,0,transpose,4324,ok,0,0.0,0
train,2022_03_21_11_02_59_48,13,"(899, 1579, 993, 1640)",0.0,0,C:\Users\sthem\OneDrive\Documentos\GitHub\master-2025\3-Datasets\img-lcm\img_dir_annotated\train\uninfected\2022_03_21_11_02_59_48_cell0013.png,0,transpose,4324,ok,0,0.0,0
train,2022_03_21_11_02_59_48,14,"(916, 512, 978, 559)",0.0,0,C:\Users\sthem\OneDrive\Documentos\GitHub\master-2025\3-Datasets\img-lcm\img_dir_annotated\train\uninfected\2022_03_21_11_02_59_48_cell0014.png,0,transpose,4324,ok,0,0.0,0
train,2022_03_21_11_02_59_48,15,"(983, 577, 1036, 636)",0.0,0,C:\Users\sthem\OneDrive\Documentos\GitHub\master-2025\3-Datasets\img-lcm\img_dir_annotated\train\uninfected\2022_03_21_11_02_59_48_cell0015.png,0,transpose,4324,ok,0,0.0,0
train,2022_03_21_11_02_59_57,1,"(0, 787, 33, 847)",0.0,0,C:\Users\sthem\OneDrive\Documentos\GitHub\master-2025\3-Datasets\img-lcm\img_dir_annotated\train\uninfected\2022_03_21_11_02_59_57_cell0001.png,0,transpose,6635,ok,0,0.0,0
train,2022_03_21_11_02_59_57,2,"(29, 15, 100, 82)",0.0,0,C:\Users\sthem\OneDrive\Documentos\GitHub\master-2025\3-Datasets\img-lcm\img_dir_annotated\train\uninfected\2022_03_21_11_02_59_57_cell0002.png,0,transpose,6635,ok,0,0.0,0
train,2022_03_21_11_02_59_57,3,"(54, 1212, 118, 1272)",0.0,0,C:\Users\sthem\OneDrive\Documentos\GitHub\master-2025\3-Datasets\img-lcm\img_dir_annotated\train\uninfected\2022_03_21_11_02_59_57_cell0003.png,0,transpose,6635,ok,0,0.0,0
train,2022_03_21_11_02_59_57,4,"(189, 1210, 235, 1269)",0.5863377609108159,1,C:\Users\sthem\OneDrive\Documentos\GitHub\master-2025\3-Datasets\img-lcm\img_dir_annotated\train\infected\2022_03_21_11_02_59_57_cell0004.png,0,transpose,6635,ok,1,0.6507000736919676,1766
train,2022_03_21_11_02_59_57,5,"(255, 1696, 331, 1759)",0.0,0,C:\Users\sthem\OneDrive\Documentos\GitHub\master-2025\3-Datasets\img-lcm\img_dir_annotated\train\uninfected\2022_03_21_11_02_59_57_cell0005.png,0,transpose,6635,ok,0,0.0,0
train,2022_03_21_11_02_59_57,6,"(452, 306, 521, 378)",0.0,0,C:\Users\sthem\OneDrive\Documentos\GitHub\master-2025\3-Datasets\img-lcm\img_dir_annotated\train\uninfected\2022_03_21_11_02_59_57_cell0006.png,0,transpose,6635,ok,0,0.0,0
train,2022_03_21_11_02_59_57,7,"(506, 1642, 599, 1734)",0.0,0,C:\Users\sthem\OneDrive\Documentos\GitHub\master-2025\3-Datasets\img-lcm\img_dir_annotated\train\uninfected\2022_03_21_11_02_59_57_cell0007.png,0,transpose,6635,ok,0,0.0,0
train,2022_03_21_11_02_59_57,8,"(608, 600, 670, 653)",0.7713509316770186,1,C:\Users\sthem\OneDrive\Documentos\GitHub\master-2025\3-Datasets\img-lcm\img_dir_annotated\train\infected\2022_03_21_11_02_59_57_cell0008.png,0,transpose,6635,ok,1,0.7674984783931832,2522
train,2022_03_21_11_02_59_57,9,"(613, 1504, 682, 1567)",0.4633834346018548,1,C:\Users\sthem\OneDrive\Documentos\GitHub\master-2025\3-Datasets\img-lcm\img_dir_annotated\train\infected\2022_03_21_11_02_59_57_cell0009.png,0,transpose,6635,ok,1,0.4603174603174603,2001
train,2022_03_21_11_02_59_57,10,"(622, 2016, 677, 2047)",0.0,0,C:\Users\sthem\OneDrive\Documentos\GitHub\master-2025\3-Datasets\img-lcm\img_dir_annotated\train\uninfected\2022_03_21_11_02_59_57_cell0010.png,0,transpose,6635,ok,0,0.0,0
train,2022_03_21_11_02_59_57,11,"(640, 860, 722, 939)",0.0,0,C:\Users\sthem\OneDrive\Documentos\GitHub\master-2025\3-Datasets\img-lcm\img_dir_annotated\train\uninfected\2022_03_21_11_02_59_57_cell0011.png,0,transpose,6635,ok,0,0.0,0
train,2022_03_21_11_02_59_57,12,"(805, 1752, 862, 1824)",0.0,0,C:\Users\sthem\OneDrive\Documentos\GitHub\master-2025\3-Datasets\img-lcm\img_dir_annotated\train\uninfected\2022_03_21_11_02_59_57_cell0012.png,0,transpose,6635,ok,0,0.0,0
train,2022_03_21_11_02_59_57,13,"(888, 1329, 950, 1390)",0.6827826086956522,1,C:\Users\sthem\OneDrive\Documentos\GitHub\master-2025\3-Datasets\img-lcm\img_dir_annotated\train\infected\2022_03_21_11_02_59_57_cell0013.png,0,transpose,6635,ok,1,0.6980433632998414,2640
train,2022_03_21_11_02_59_57,14,"(931, 687, 961, 752)",0.0,0,C:\Users\sthem\OneDrive\Documentos\GitHub\master-2025\3-Datasets\img-lcm\img_dir_annotated\train\uninfected\2022_03_21_11_02_59_57_cell0014.png,0,transpose,6635,ok,0,0.0,0
train,2022_03_21_11_02_59_57,15,"(974, 1918, 1006, 1988)",0.0,0,C:\Users\sthem\OneDrive\Documentos\GitHub\master-2025\3-Datasets\img-lcm\img_dir_annotated\train\uninfected\2022_03_21_11_02_59_57_cell0015.png,0,transpose,6635,ok,0,0.0,0
train,2022_03_21_11_02_59_57,16,"(990, 498, 1046, 551)",0.0,0,C:\Users\sthem\OneDrive\Documentos\GitHub\master-2025\3-Datasets\img-lcm\img_dir_annotated\train\uninfected\2022_03_21_11_02_59_57_cell0016.png,0,transpose,6635,ok,0,0.0,0
train,2022_03_21_11_02_59_65,1,"(42, 237, 94, 296)",0.0,0,C:\Users\sthem\OneDrive\Documentos\GitHub\master-2025\3-Datasets\img-lcm\img_dir_annotated\train\uninfected\2022_03_21_11_02_59_65_cell0001.png,0,fliplr,202,ok,0,0.0,0
train,2022_03_21_11_02_59_65,2,"(55, 262, 105, 327)",0.0,0,C:\Users\sthem\OneDrive\Documentos\GitHub\master-2025\3-Datasets\img-lcm\img_dir_annotated\train\uninfected\2022_03_21_11_02_59_65_cell0002.png,0,fliplr,202,ok,0,0.0,0
train,2022_03_21_11_02_59_65,3,"(97, 923, 157, 968)",0.1032192130812468,1,C:\Users\sthem\OneDrive\Documentos\GitHub\master-2025\3-Datasets\img-lcm\img_dir_annotated\train\uninfected\2022_03_21_11_02_59_65_cell0003.png,0,fliplr,202,ok,0,0.0,0
train,2022_03_21_11_02_59_65,4,"(149, 1210, 210, 1264)",0.0,0,C:\Users\sthem\OneDrive\Documentos\GitHub\master-2025\3-Datasets\img-lcm\img_dir_annotated\train\uninfected\2022_03_21_11_02_59_65_cell0004.png,0,fliplr,202,ok,0,0.0,0
train,2022_03_21_11_02_59_65,5,"(154, 1879, 193, 1953)",0.0,0,C:\Users\sthem\OneDrive\Documentos\GitHub\master-2025\3-Datasets\img-lcm\img_dir_annotated\train\uninfected\2022_03_21_11_02_59_65_cell0005.png,0,fliplr,202,ok,0,0.0,0
train,2022_03_21_11_02_59_65,6,"(296, 1053, 344, 1112)",0.0,0,C:\Users\sthem\OneDrive\Documentos\GitHub\master-2025\3-Datasets\img-lcm\img_dir_annotated\train\uninfected\2022_03_21_11_02_59_65_cell0006.png,0,fliplr,202,ok,0,0.0,0
train,2022_03_21_11_02_59_65,7,"(359, 1571, 418, 1638)",0.0,0,C:\Users\sthem\OneDrive\Documentos\GitHub\master-2025\3-Datasets\img-lcm\img_dir_annotated\train\uninfected\2022_03_21_11_02_59_65_cell0007.png,0,fliplr,202,ok,0,0.0,0
train,2022_03_21_11_02_59_65,8,"(415, 99, 424, 108)",0.0,0,C:\Users\sthem\OneDrive\Documentos\GitHub\master-2025\3-Datasets\img-lcm\img_dir_annotated\train\uninfected\2022_03_21_11_02_59_65_cell0008.png,0,fliplr,202,ok,0,0.0,0
train,2022_03_21_11_02_59_65,9,"(534, 1621, 601, 1709)",0.0,0,C:\Users\sthem\OneDrive\Documentos\GitHub\master-2025\3-Datasets\img-lcm\img_dir_annotated\train\uninfected\2022_03_21_11_02_59_65_cell0009.png,0,fliplr,202,ok,0,0.0,0
train,2022_03_21_11_02_59_65,10,"(751, 936, 800, 1012)",0.0,0,C:\Users\sthem\OneDrive\Documentos\GitHub\master-2025\3-Datasets\img-lcm\img_dir_annotated\train\uninfected\2022_03_21_11_02_59_65_cell0010.png,0,fliplr,202,ok,0,0.0,0
train,2022_03_21_11_02_59_65,11,"(870, 303, 882, 319)",0.0,0,C:\Users\sthem\OneDrive\Documentos\GitHub\master-2025\3-Datasets\img-lcm\img_dir_annotated\train\uninfected\2022_03_21_11_02_59_65_cell0011.png,0,fliplr,202,ok,0,0.0,0
train,2022_03_21_11_02_59_65,12,"(1048, 1938, 1088, 1998)",0.0,0,C:\Users\sthem\OneDrive\Documentos\GitHub\master-2025\3-Datasets\img-lcm\img_dir_annotated\train\uninfected\2022_03_21_11_02_59_65_cell0012.png,0,fliplr,202,ok,0,0.0,0
train,2022_03_21_11_02_59_73,1,"(0, 1546, 59, 1605)",0.0,0,C:\Users\sthem\OneDrive\Documentos\GitHub\master-2025\3-Datasets\img-lcm\img_dir_annotated\train\uninfected\2022_03_21_11_02_59_73_cell0001.png,0,transpose,3782,ok,0,0.0,0
train,2022_03_21_11_02_59_73,2,"(93, 1635, 150, 1691)",0.0,0,C:\Users\sthem\OneDrive\Documentos\GitHub\master-2025\3-Datasets\img-lcm\img_dir_annotated\train\uninfected\2022_03_21_11_02_59_73_cell0002.png,0,transpose,3782,ok,0,0.0,0
train,2022_03_21_11_02_59_73,3,"(293, 1022, 341, 1103)",0.0,0,C:\Users\sthem\OneDrive\Documentos\GitHub\master-2025\3-Datasets\img-lcm\img_dir_annotated\train\uninfected\2022_03_21_11_02_59_73_cell0003.png,0,transpose,3782,ok,0,0.0,0
train,2022_03_21_11_02_59_73,4,"(370, 127, 379, 136)",0.0,0,C:\Users\sthem\OneDrive\Documentos\GitHub\master-2025\3-Datasets\img-lcm\img_dir_annotated\train\uninfected\2022_03_21_11_02_59_73_cell0004.png,0,transpose,3782,ok,0,0.0,0
train,2022_03_21_11_02_59_73,5,"(415, 99, 424, 108)",0.0,0,C:\Users\sthem\OneDrive\Documentos\GitHub\master-2025\3-Datasets\img-lcm\img_dir_annotated\train\uninfected\2022_03_21_11_02_59_73_cell0005.png,0,transpose,3782,ok,0,0.0,0
train,2022_03_21_11_02_59_73,6,"(521, 903, 576, 959)",0.0,0,C:\Users\sthem\OneDrive\Documentos\GitHub\master-2025\3-Datasets\img-lcm\img_dir_annotated\train\uninfected\2022_03_21_11_02_59_73_cell0006.png,0,transpose,3782,ok,0,0.0,0
train,2022_03_21_11_02_59_73,7,"(567, 511, 633, 573)",0.5852677189724543,1,C:\Users\sthem\OneDrive\Documentos\GitHub\master-2025\3-Datasets\img-lcm\img_dir_annotated\train\infected\2022_03_21_11_02_59_73_cell0007.png,0,transpose,3782,ok,1,0.614613880742913,2515
train,2022_03_21_11_02_59_73,8,"(595, 1467, 648, 1542)",0.0,0,C:\Users\sthem\OneDrive\Documentos\GitHub\master-2025\3-Datasets\img-lcm\img_dir_annotated\train\uninfected\2022_03_21_11_02_59_73_cell0008.png,0,transpose,3782,ok,0,0.0,0
train,2022_03_21_11_02_59_73,9,"(643, 619, 700, 672)",0.7992392223161454,1,C:\Users\sthem\OneDrive\Documentos\GitHub\master-2025\3-Datasets\img-lcm\img_dir_annotated\train\infected\2022_03_21_11_02_59_73_cell0009.png,0,transpose,3782,ok,1,0.8060244952002649,2435
train,2022_03_21_11_02_59_73,10,"(662, 1751, 746, 1823)",0.0,0,C:\Users\sthem\OneDrive\Documentos\GitHub\master-2025\3-Datasets\img-lcm\img_dir_annotated\train\uninfected\2022_03_21_11_02_59_73_cell0010.png,0,transpose,3782,ok,0,0.0,0
train,2022_03_21_11_02_59_73,11,"(689, 867, 719, 932)",0.0,0,C:\Users\sthem\OneDrive\Documentos\GitHub\master-2025\3-Datasets\img-lcm\img_dir_annotated\train\uninfected\2022_03_21_11_02_59_73_cell0011.png,0,transpose,3782,ok,0,0.0,0
train,2022_03_21_11_02_59_73,12,"(736, 1145, 820, 1223)",0.0,0,C:\Users\sthem\OneDrive\Documentos\GitHub\master-2025\3-Datasets\img-lcm\img_dir_annotated\train\uninfected\2022_03_21_11_02_59_73_cell0012.png,0,transpose,3782,ok,0,0.0,0
train,2022_03_21_11_02_59_73,13,"(753, 825, 811, 894)",0.0,0,C:\Users\sthem\OneDrive\Documentos\GitHub\master-2025\3-Datasets\img-lcm\img_dir_annotated\train\uninfected\2022_03_21_11_02_59_73_cell0013.png,0,transpose,3782,ok,0,0.0,0
train,2022_03_21_11_02_59_73,14,"(816, 416, 880, 499)",0.0,0,C:\Users\sthem\OneDrive\Documentos\GitHub\master-2025\3-Datasets\img-lcm\img_dir_annotated\train\uninfected\2022_03_21_11_02_59_73_cell0014.png,0,transpose,3782,ok,0,0.0,0
train,2022_03_21_11_02_59_73,15,"(834, 996, 914, 1083)",0.0,0,C:\Users\sthem\OneDrive\Documentos\GitHub\master-2025\3-Datasets\img-lcm\img_dir_annotated\train\uninfected\2022_03_21_11_02_59_73_cell0015.png,0,transpose,3782,ok,0,0.0,0
train,2022_03_21_11_02_59_73,16,"(846, 170, 910, 214)",0.0,0,C:\Users\sthem\OneDrive\Documentos\GitHub\master-2025\3-Datasets\img-lcm\img_dir_annotated\train\uninfected\2022_03_21_11_02_59_73_cell0016.png,0,transpose,3782,ok,0,0.0,0
train,2022_03_21_11_02_59_82,1,"(16, 1075, 112, 1169)",0.0,0,C:\Users\sthem\OneDrive\Documentos\GitHub\master-2025\3-Datasets\img-lcm\img_dir_annotated\train\uninfected\2022_03_21_11_02_59_82_cell0001.png,0,transpose,11700,ok,0,0.0,0
train,2022_03_21_11_02_59_82,2,"(33, 866, 97, 926)",0.0,0,C:\Users\sthem\OneDrive\Documentos\GitHub\master-2025\3-Datasets\img-lcm\img_dir_annotated\train\uninfected\2022_03_21_11_02_59_82_cell0002.png,0,transpose,11700,ok,0,0.0,0
train,2022_03_21_11_02_59_82,3,"(54, 693, 126, 769)",0.0,0,C:\Users\sthem\OneDrive\Documentos\GitHub\master-2025\3-Datasets\img-lcm\img_dir_annotated\train\uninfected\2022_03_21_11_02_59_82_cell0003.png,0,transpose,11700,ok,0,0.0,0
train,2022_03_21_11_02_59_82,4,"(75, 1369, 136, 1433)",0.3793219201074186,1,C:\Users\sthem\OneDrive\Documentos\GitHub\master-2025\3-Datasets\img-lcm\img_dir_annotated\train\infected\2022_03_21_11_02_59_82_cell0004.png,0,transpose,11700,ok,1,0.4139344262295082,1616
train,2022_03_21_11_02_59_82,5,"(163, 1996, 202, 2047)",0.0,0,C:\Users\sthem\OneDrive\Documentos\GitHub\master-2025\3-Datasets\img-lcm\img_dir_annotated\train\uninfected\2022_03_21_11_02_59_82_cell0005.png,0,transpose,11700,ok,0,0.0,0
train,2022_03_21_11_02_59_82,6,"(229, 961, 279, 1024)",0.0,0,C:\Users\sthem\OneDrive\Documentos\GitHub\master-2025\3-Datasets\img-lcm\img_dir_annotated\train\uninfected\2022_03_21_11_02_59_82_cell0006.png,0,transpose,11700,ok,0,0.0,0
train,2022_03_21_11_02_59_82,7,"(288, 1456, 340, 1517)",0.7082164328657314,1,C:\Users\sthem\OneDrive\Documentos\GitHub\master-2025\3-Datasets\img-lcm\img_dir_annotated\train\infected\2022_03_21_11_02_59_82_cell0007.png,0,transpose,11700,ok,1,0.7348675914249685,2331
train,2022_03_21_11_02_59_82,8,"(401, 1425, 458, 1476)",0.0,0,C:\Users\sthem\OneDrive\Documentos\GitHub\master-2025\3-Datasets\img-lcm\img_dir_annotated\train\uninfected\2022_03_21_11_02_59_82_cell0008.png,0,transpose,11700,ok,0,0.0,0
train,2022_03_21_11_02_59_82,9,"(548, 379, 617, 431)",0.64385524901469,1,C:\Users\sthem\OneDrive\Documentos\GitHub\master-2025\3-Datasets\img-lcm\img_dir_annotated\train\infected\2022_03_21_11_02_59_82_cell0009.png,0,transpose,11700,ok,1,0.6557971014492754,2353
train,2022_03_21_11_02_59_82,10,"(635, 821, 681, 884)",0.0,0,C:\Users\sthem\OneDrive\Documentos\GitHub\master-2025\3-Datasets\img-lcm\img_dir_annotated\train\uninfected\2022_03_21_11_02_59_82_cell0010.png,0,transpose,11700,ok,0,0.0,0
train,2022_03_21_11_02_59_82,11,"(642, 1710, 697, 1780)",0.5853333333333334,1,C:\Users\sthem\OneDrive\Documentos\GitHub\master-2025\3-Datasets\img-lcm\img_dir_annotated\train\infected\2022_03_21_11_02_59_82_cell0011.png,0,transpose,11700,ok,1,0.6111688311688311,2353
train,2022_03_21_11_02_59_82,12,"(713, 1076, 768, 1165)",0.5804715530497181,1,C:\Users\sthem\OneDrive\Documentos\GitHub\master-2025\3-Datasets\img-lcm\img_dir_annotated\train\infected\2022_03_21_11_02_59_82_cell0012.png,0,transpose,11700,ok,1,0.5777323799795709,2828
train,2022_03_21_11_02_59_82,13,"(718, 1198, 766, 1271)",0.0,0,C:\Users\sthem\OneDrive\Documentos\GitHub\master-2025\3-Datasets\img-lcm\img_dir_annotated\train\uninfected\2022_03_21_11_02_59_82_cell0013.png,0,transpose,11700,ok,0,0.0,0
train,2022_03_21_11_02_59_82,14,"(734, 264, 810, 306)",0.0,0,C:\Users\sthem\OneDrive\Documentos\GitHub\master-2025\3-Datasets\img-lcm\img_dir_annotated\train\uninfected\2022_03_21_11_02_59_82_cell0014.png,0,transpose,11700,ok,0,0.0,0
train,2022_03_21_11_02_59_82,15,"(776, 519, 840, 585)",0.5,1,C:\Users\sthem\OneDrive\Documentos\GitHub\master-2025\3-Datasets\img-lcm\img_dir_annotated\train\infected\2022_03_21_11_02_59_82_cell0015.png,0,transpose,11700,ok,1,0.49976325757575757,2111
train,2022_03_21_11_02_59_82,16,"(891, 0, 956, 35)",0.0,0,C:\Users\sthem\OneDrive\Documentos\GitHub\master-2025\3-Datasets\img-lcm\img_dir_annotated\train\uninfected\2022_03_21_11_02_59_82_cell0016.png,0,transpose,11700,ok,0,0.0,0
train,2022_03_21_11_02_59_82,17,"(959, 1628, 1020, 1694)",0.0,0,C:\Users\sthem\OneDrive\Documentos\GitHub\master-2025\3-Datasets\img-lcm\img_dir_annotated\train\uninfected\2022_03_21_11_02_59_82_cell0017.png,0,transpose,11700,ok,0,0.0,0
train,2022_03_21_11_02_59_82,18,"(974, 5, 1050, 88)",0.0,0,C:\Users\sthem\OneDrive\Documentos\GitHub\master-2025\3-Datasets\img-lcm\img_dir_annotated\train\uninfected\2022_03_21_11_02_59_82_cell0018.png,0,transpose,11700,ok,0,0.0,0
train,2022_03_21_11_02_59_82,19,"(1000, 607, 1070, 673)",0.0,0,C:\Users\sthem\OneDrive\Documentos\GitHub\master-2025\3-Datasets\img-lcm\img_dir_annotated\train\uninfected\2022_03_21_11_02_59_82_cell0019.png,0,transpose,11700,ok,0,0.0,0
train,2022_03_21_11_02_59_82,20,"(1006, 1784, 1058, 1856)",0.4934797529169526,1,C:\Users\sthem\OneDrive\Documentos\GitHub\master-2025\3-Datasets\img-lcm\img_dir_annotated\train\infected\2022_03_21_11_02_59_82_cell0020.png,0,transpose,11700,ok,1,0.5299145299145299,1984
train,2022_03_21_11_02_59_90,1,"(63, 1795, 121, 1863)",0.3782051282051282,1,C:\Users\sthem\OneDrive\Documentos\GitHub\master-2025\3-Datasets\img-lcm\img_dir_annotated\train\infected\2022_03_21_11_02_59_90_cell0001.png,0,transpose,9134,ok,1,0.42849898580121704,1690
train,2022_03_21_11_02_59_90,2,"(202, 278, 268, 351)",0.4051455301455301,1,C:\Users\sthem\OneDrive\Documentos\GitHub\master-2025\3-Datasets\img-lcm\img_dir_annotated\train\infected\2022_03_21_11_02_59_90_cell0002.png,0,transpose,9134,ok,1,0.4431299294312993,2135
train,2022_03_21_11_02_59_90,3,"(298, 1261, 359, 1320)",0.0,0,C:\Users\sthem\OneDrive\Documentos\GitHub\master-2025\3-Datasets\img-lcm\img_dir_annotated\train\uninfected\2022_03_21_11_02_59_90_cell0003.png,0,transpose,9134,ok,0,0.0,0
train,2022_03_21_11_02_59_90,4,"(308, 1854, 384, 1913)",0.0,0,C:\Users\sthem\OneDrive\Documentos\GitHub\master-2025\3-Datasets\img-lcm\img_dir_annotated\train\uninfected\2022_03_21_11_02_59_90_cell0004.png,0,transpose,9134,ok,0,0.0,0
train,2022_03_21_11_02_59_90,5,"(358, 1667, 414, 1717)",0.0,0,C:\Users\sthem\OneDrive\Documentos\GitHub\master-2025\3-Datasets\img-lcm\img_dir_annotated\train\uninfected\2022_03_21_11_02_59_90_cell0005.png,0,transpose,9134,ok,0,0.0,0
train,2022_03_21_11_02_59_90,6,"(365, 248, 427, 330)",0.0,0,C:\Users\sthem\OneDrive\Documentos\GitHub\master-2025\3-Datasets\img-lcm\img_dir_annotated\train\uninfected\2022_03_21_11_02_59_90_cell0006.png,0,transpose,9134,ok,0,0.0,0
train,2022_03_21_11_02_59_90,7,"(441, 647, 491, 704)",0.7337723424270931,1,C:\Users\sthem\OneDrive\Documentos\GitHub\master-2025\3-Datasets\img-lcm\img_dir_annotated\train\infected\2022_03_21_11_02_59_90_cell0007.png,0,transpose,9134,ok,1,0.7403508771929824,2110
train,2022_03_21_11_02_59_90,8,"(531, 939, 636, 1018)",0.0,0,C:\Users\sthem\OneDrive\Documentos\GitHub\master-2025\3-Datasets\img-lcm\img_dir_annotated\train\uninfected\2022_03_21_11_02_59_90_cell0008.png,0,transpose,9134,ok,0,0.0,0
train,2022_03_21_11_02_59_90,9,"(629, 1812, 694, 1882)",0.3039764359351988,1,C:\Users\sthem\OneDrive\Documentos\GitHub\master-2025\3-Datasets\img-lcm\img_dir_annotated\train\infected\2022_03_21_11_02_59_90_cell0009.png,0,transpose,9134,ok,1,0.33494505494505494,1524
train,2022_03_21_11_02_59_90,10,"(728, 461, 799, 527)",0.0,0,C:\Users\sthem\OneDrive\Documentos\GitHub\master-2025\3-Datasets\img-lcm\img_dir_annotated\train\uninfected\2022_03_21_11_02_59_90_cell0010.png,0,transpose,9134,ok,0,0.0,0
train,2022_03_21_11_02_59_90,11,"(780, 0, 850, 59)",0.5018691588785047,1,C:\Users\sthem\OneDrive\Documentos\GitHub\master-2025\3-Datasets\img-lcm\img_dir_annotated\train\infected\2022_03_21_11_02_59_90_cell0011.png,0,transpose,9134,ok,1,0.5295399515738499,2187
train,2022_03_21_11_02_59_90,12,"(789, 767, 856, 817)",0.0,0,C:\Users\sthem\OneDrive\Documentos\GitHub\master-2025\3-Datasets\img-lcm\img_dir_annotated\train\uninfected\2022_03_21_11_02_59_90_cell0012.png,0,transpose,9134,ok,0,0.0,0
train,2022_03_21_11_02_59_90,13,"(888, 664, 943, 735)",0.7222405271828666,1,C:\Users\sthem\OneDrive\Documentos\GitHub\master-2025\3-Datasets\img-lcm\img_dir_annotated\train\infected\2022_03_21_11_02_59_90_cell0013.png,0,transpose,9134,ok,1,0.7303457106274007,2852
train,2022_03_21_11_02_59_98,1,"(0, 400, 61, 448)",0.0,0,C:\Users\sthem\OneDrive\Documentos\GitHub\master-2025\3-Datasets\img-lcm\img_dir_annotated\train\uninfected\2022_03_21_11_02_59_98_cell0001.png,0,transpose,1757,ok,0,0.0,0
train,2022_03_21_11_02_59_98,2,"(115, 1999, 173, 2047)",0.0,0,C:\Users\sthem\OneDrive\Documentos\GitHub\master-2025\3-Datasets\img-lcm\img_dir_annotated\train\uninfected\2022_03_21_11_02_59_98_cell0002.png,0,transpose,1757,ok,0,0.0,0
train,2022_03_21_11_02_59_98,3,"(174, 1322, 223, 1393)",0.0,0,C:\Users\sthem\OneDrive\Documentos\GitHub\master-2025\3-Datasets\img-lcm\img_dir_annotated\train\uninfected\2022_03_21_11_02_59_98_cell0003.png,0,transpose,1757,ok,0,0.0,0
train,2022_03_21_11_02_59_98,4,"(205, 1984, 258, 2035)",0.0,0,C:\Users\sthem\OneDrive\Documentos\GitHub\master-2025\3-Datasets\img-lcm\img_dir_annotated\train\uninfected\2022_03_21_11_02_59_98_cell0004.png,0,transpose,1757,ok,0,0.0,0
train,2022_03_21_11_02_59_98,5,"(256, 725, 314, 777)",0.7473415567843471,1,C:\Users\sthem\OneDrive\Documentos\GitHub\master-2025\3-Datasets\img-lcm\img_dir_annotated\train\infected\2022_03_21_11_02_59_98_cell0005.png,0,transpose,1757,ok,1,0.763262599469496,2302
train,2022_03_21_11_02_59_98,6,"(349, 544, 470, 631)",0.0,0,C:\Users\sthem\OneDrive\Documentos\GitHub\master-2025\3-Datasets\img-lcm\img_dir_annotated\train\uninfected\2022_03_21_11_02_59_98_cell0006.png,0,transpose,1757,ok,0,0.0,0
train,2022_03_21_11_02_59_98,7,"(415, 98, 425, 108)",0.0,0,C:\Users\sthem\OneDrive\Documentos\GitHub\master-2025\3-Datasets\img-lcm\img_dir_annotated\train\uninfected\2022_03_21_11_02_59_98_cell0007.png,0,transpose,1757,ok,0,0.0,0
train,2022_03_21_11_02_59_98,8,"(421, 1615, 493, 1703)",0.0,0,C:\Users\sthem\OneDrive\Documentos\GitHub\master-2025\3-Datasets\img-lcm\img_dir_annotated\train\uninfected\2022_03_21_11_02_59_98_cell0008.png,0,transpose,1757,ok,0,0.0,0
train,2022_03_21_11_02_59_98,9,"(442, 619, 539, 696)",0.0,0,C:\Users\sthem\OneDrive\Documentos\GitHub\master-2025\3-Datasets\img-lcm\img_dir_annotated\train\uninfected\2022_03_21_11_02_59_98_cell0009.png,0,transpose,1757,ok,0,0.0,0
train,2022_03_21_11_02_59_98,10,"(505, 770, 586, 850)",0.0,0,C:\Users\sthem\OneDrive\Documentos\GitHub\master-2025\3-Datasets\img-lcm\img_dir_annotated\train\uninfected\2022_03_21_11_02_59_98_cell0010.png,0,transpose,1757,ok,0,0.0,0
train,2022_03_21_11_02_59_98,11,"(677, 1606, 740, 1679)",0.0,0,C:\Users\sthem\OneDrive\Documentos\GitHub\master-2025\3-Datasets\img-lcm\img_dir_annotated\train\uninfected\2022_03_21_11_02_59_98_cell0011.png,0,transpose,1757,ok,0,0.0,0
train,2022_03_21_11_02_59_98,12,"(687, 1093, 793, 1181)",0.0,0,C:\Users\sthem\OneDrive\Documentos\GitHub\master-2025\3-Datasets\img-lcm\img_dir_annotated\train\uninfected\2022_03_21_11_02_59_98_cell0012.png,0,transpose,1757,ok,0,0.0,0
train,2022_03_21_11_02_59_98,13,"(765, 99, 835, 152)",0.0,0,C:\Users\sthem\OneDrive\Documentos\GitHub\master-2025\3-Datasets\img-lcm\img_dir_annotated\train\uninfected\2022_03_21_11_02_59_98_cell0013.png,0,transpose,1757,ok,0,0.0,0
train,2022_03_21_11_02_59_98,14,"(869, 302, 883, 320)",0.0,0,C:\Users\sthem\OneDrive\Documentos\GitHub\master-2025\3-Datasets\img-lcm\img_dir_annotated\train\uninfected\2022_03_21_11_02_59_98_cell0014.png,0,transpose,1757,ok,0,0.0,0
train,2022_03_21_11_02_59_98,15,"(869, 486, 928, 542)",0.0,0,C:\Users\sthem\OneDrive\Documentos\GitHub\master-2025\3-Datasets\img-lcm\img_dir_annotated\train\uninfected\2022_03_21_11_02_59_98_cell0015.png,0,transpose,1757,ok,0,0.0,0
train,2022_03_21_11_02_59_98,16,"(953, 682, 1028, 717)",0.0,0,C:\Users\sthem\OneDrive\Documentos\GitHub\master-2025\3-Datasets\img-lcm\img_dir_annotated\train\uninfected\2022_03_21_11_02_59_98_cell0016.png,0,transpose,1757,ok,0,0.0,0
train,2022_03_21_11_02_59_98,17,"(979, 1179, 1043, 1232)",0.0,0,C:\Users\sthem\OneDrive\Documentos\GitHub\master-2025\3-Datasets\img-lcm\img_dir_annotated\train\uninfected\2022_03_21_11_02_59_98_cell0017.png,0,transpose,1757,ok,0,0.0,0
train,2022_03_21_11_02_59_98,18,"(1010, 452, 1068, 499)",0.0,0,C:\Users\sthem\OneDrive\Documentos\GitHub\master-2025\3-Datasets\img-lcm\img_dir_annotated\train\uninfected\2022_03_21_11_02_59_98_cell0018.png,0,transpose,1757,ok,0,0.0,0
train,2022_03_21_11_02_59_98,19,"(1025, 689, 1088, 757)",0.0,0,C:\Users\sthem\OneDrive\Documentos\GitHub\master-2025\3-Datasets\img-lcm\img_dir_annotated\train\uninfected\2022_03_21_11_02_59_98_cell0019.png,0,transpose,1757,ok,0,0.0,0
train,2022_03_21_11_03_00_36,1,"(1, 971, 43, 1021)",0.0,0,C:\Users\sthem\OneDrive\Documentos\GitHub\master-2025\3-Datasets\img-lcm\img_dir_annotated\train\uninfected\2022_03_21_11_03_00_36_cell0001.png,0,transpose,4990,ok,0,0.0,0
train,2022_03_21_11_03_00_36,2,"(14, 735, 74, 782)",0.0,0,C:\Users\sthem\OneDrive\Documentos\GitHub\master-2025\3-Datasets\img-lcm\img_dir_annotated\train\uninfected\2022_03_21_11_03_00_36_cell0002.png,0,transpose,4990,ok,0,0.0,0
train,2022_03_21_11_03_00_36,3,"(44, 1467, 110, 1519)",0.0,0,C:\Users\sthem\OneDrive\Documentos\GitHub\master-2025\3-Datasets\img-lcm\img_dir_annotated\train\uninfected\2022_03_21_11_03_00_36_cell0003.png,0,transpose,4990,ok,0,0.0,0
train,2022_03_21_11_03_00_36,4,"(150, 876, 199, 951)",0.0,0,C:\Users\sthem\OneDrive\Documentos\GitHub\master-2025\3-Datasets\img-lcm\img_dir_annotated\train\uninfected\2022_03_21_11_03_00_36_cell0004.png,0,transpose,4990,ok,0,0.0,0
train,2022_03_21_11_03_00_36,5,"(351, 1774, 396, 1838)",0.0,0,C:\Users\sthem\OneDrive\Documentos\GitHub\master-2025\3-Datasets\img-lcm\img_dir_annotated\train\uninfected\2022_03_21_11_03_00_36_cell0005.png,0,transpose,4990,ok,0,0.0,0
train,2022_03_21_11_03_00_36,6,"(368, 610, 430, 656)",0.0,0,C:\Users\sthem\OneDrive\Documentos\GitHub\master-2025\3-Datasets\img-lcm\img_dir_annotated\train\uninfected\2022_03_21_11_03_00_36_cell0006.png,0,transpose,4990,ok,0,0.0,0
train,2022_03_21_11_03_00_36,7,"(370, 127, 379, 136)",0.0,0,C:\Users\sthem\OneDrive\Documentos\GitHub\master-2025\3-Datasets\img-lcm\img_dir_annotated\train\uninfected\2022_03_21_11_03_00_36_cell0007.png,0,transpose,4990,ok,0,0.0,0
train,2022_03_21_11_03_00_36,8,"(384, 654, 443, 711)",0.0,0,C:\Users\sthem\OneDrive\Documentos\GitHub\master-2025\3-Datasets\img-lcm\img_dir_annotated\train\uninfected\2022_03_21_11_03_00_36_cell0008.png,0,transpose,4990,ok,0,0.0,0
train,2022_03_21_11_03_00_36,9,"(390, 1287, 457, 1367)",0.0,0,C:\Users\sthem\OneDrive\Documentos\GitHub\master-2025\3-Datasets\img-lcm\img_dir_annotated\train\uninfected\2022_03_21_11_03_00_36_cell0009.png,0,transpose,4990,ok,0,0.0,0
train,2022_03_21_11_03_00_36,10,"(415, 98, 424, 108)",0.0,0,C:\Users\sthem\OneDrive\Documentos\GitHub\master-2025\3-Datasets\img-lcm\img_dir_annotated\train\uninfected\2022_03_21_11_03_00_36_cell0010.png,0,transpose,4990,ok,0,0.0,0
train,2022_03_21_11_03_00_36,11,"(435, 1605, 513, 1640)",0.0,0,C:\Users\sthem\OneDrive\Documentos\GitHub\master-2025\3-Datasets\img-lcm\img_dir_annotated\train\uninfected\2022_03_21_11_03_00_36_cell0011.png,0,transpose,4990,ok,0,0.0062271062271062275,17
train,2022_03_21_11_03_00_36,12,"(455, 1089, 517, 1147)",0.6222768798313423,1,C:\Users\sthem\OneDrive\Documentos\GitHub\master-2025\3-Datasets\img-lcm\img_dir_annotated\train\infected\2022_03_21_11_03_00_36_cell0012.png,0,transpose,4990,ok,1,0.6546162402669633,2354
train,2022_03_21_11_03_00_36,13,"(456, 62, 465, 70)",0.0,0,C:\Users\sthem\OneDrive\Documentos\GitHub\master-2025\3-Datasets\img-lcm\img_dir_annotated\train\uninfected\2022_03_21_11_03_00_36_cell0013.png,0,transpose,4990,ok,0,0.0,0
train,2022_03_21_11_03_00_36,14,"(485, 1526, 557, 1575)",0.0,0,C:\Users\sthem\OneDrive\Documentos\GitHub\master-2025\3-Datasets\img-lcm\img_dir_annotated\train\uninfected\2022_03_21_11_03_00_36_cell0014.png,0,transpose,4990,ok,0,0.0,0
train,2022_03_21_11_03_00_36,15,"(516, 1587, 567, 1639)",0.8095744680851064,1,C:\Users\sthem\OneDrive\Documentos\GitHub\master-2025\3-Datasets\img-lcm\img_dir_annotated\train\infected\2022_03_21_11_03_00_36_cell0015.png,0,transpose,4990,ok,1,0.834841628959276,2214
train,2022_03_21_11_03_00_36,16,"(611, 453, 700, 541)",0.0,0,C:\Users\sthem\OneDrive\Documentos\GitHub\master-2025\3-Datasets\img-lcm\img_dir_annotated\train\uninfected\2022_03_21_11_03_00_36_cell0016.png,0,transpose,4990,ok,0,0.0,0
train,2022_03_21_11_03_00_36,17,"(720, 420, 805, 500)",0.0,0,C:\Users\sthem\OneDrive\Documentos\GitHub\master-2025\3-Datasets\img-lcm\img_dir_annotated\train\uninfected\2022_03_21_11_03_00_36_cell0017.png,0,transpose,4990,ok,0,0.0,0
train,2022_03_21_11_03_00_36,18,"(749, 1572, 809, 1619)",0.7462620932277925,1,C:\Users\sthem\OneDrive\Documentos\GitHub\master-2025\3-Datasets\img-lcm\img_dir_annotated\train\infected\2022_03_21_11_03_00_36_cell0018.png,0,transpose,4990,ok,1,0.776595744680851,2190
train,2022_03_21_11_03_00_36,19,"(891, 1670, 948, 1722)",0.0,0,C:\Users\sthem\OneDrive\Documentos\GitHub\master-2025\3-Datasets\img-lcm\img_dir_annotated\train\uninfected\2022_03_21_11_03_00_36_cell0019.png,0,transpose,4990,ok,0,0.0,0
train,2022_03_21_11_03_00_36,20,"(1043, 1937, 1082, 2001)",0.0,0,C:\Users\sthem\OneDrive\Documentos\GitHub\master-2025\3-Datasets\img-lcm\img_dir_annotated\train\uninfected\2022_03_21_11_03_00_36_cell0020.png,0,transpose,4990,ok,0,0.0,0
train,2022_03_21_11_03_00_42,1,"(106, 1044, 159, 1101)",0.0,0,C:\Users\sthem\OneDrive\Documentos\GitHub\master-2025\3-Datasets\img-lcm\img_dir_annotated\train\uninfected\2022_03_21_11_03_00_42_cell0001.png,0,transpose,10493,ok,0,0.0,0
train,2022_03_21_11_03_00_42,2,"(151, 433, 213, 495)",0.8534341110745974,1,C:\Users\sthem\OneDrive\Documentos\GitHub\master-2025\3-Datasets\img-lcm\img_dir_annotated\train\infected\2022_03_21_11_03_00_42_cell0002.png,0,transpose,10493,ok,1,0.8514568158168574,3273
train,2022_03_21_11_03_00_42,3,"(194, 1476, 256, 1528)",0.0,0,C:\Users\sthem\OneDrive\Documentos\GitHub\master-2025\3-Datasets\img-lcm\img_dir_annotated\train\uninfected\2022_03_21_11_03_00_42_cell0003.png,0,transpose,10493,ok,0,0.0,0
train,2022_03_21_11_03_00_42,4,"(215, 1674, 324, 1770)",0.0,0,C:\Users\sthem\OneDrive\Documentos\GitHub\master-2025\3-Datasets\img-lcm\img_dir_annotated\train\uninfected\2022_03_21_11_03_00_42_cell0004.png,0,transpose,10493,ok,0,0.0,0
train,2022_03_21_11_03_00_42,5,"(423, 206, 477, 270)",0.0,0,C:\Users\sthem\OneDrive\Documentos\GitHub\master-2025\3-Datasets\img-lcm\img_dir_annotated\train\uninfected\2022_03_21_11_03_00_42_cell0005.png,0,transpose,10493,ok,0,0.0,0
train,2022_03_21_11_03_00_42,6,"(427, 1077, 499, 1146)",0.0,0,C:\Users\sthem\OneDrive\Documentos\GitHub\master-2025\3-Datasets\img-lcm\img_dir_annotated\train\uninfected\2022_03_21_11_03_00_42_cell0006.png,0,transpose,10493,ok,0,0.0,0
train,2022_03_21_11_03_00_42,7,"(471, 165, 514, 219)",0.0,0,C:\Users\sthem\OneDrive\Documentos\GitHub\master-2025\3-Datasets\img-lcm\img_dir_annotated\train\uninfected\2022_03_21_11_03_00_42_cell0007.png,0,transpose,10493,ok,0,0.0,0
train,2022_03_21_11_03_00_42,8,"(483, 539, 556, 606)",0.0,0,C:\Users\sthem\OneDrive\Documentos\GitHub\master-2025\3-Datasets\img-lcm\img_dir_annotated\train\uninfected\2022_03_21_11_03_00_42_cell0008.png,0,transpose,10493,ok,0,0.0,0
train,2022_03_21_11_03_00_42,9,"(518, 776, 580, 834)",0.565984474241355,1,C:\Users\sthem\OneDrive\Documentos\GitHub\master-2025\3-Datasets\img-lcm\img_dir_annotated\train\infected\2022_03_21_11_03_00_42_cell0009.png,0,transpose,10493,ok,1,0.6062291434927698,2180
train,2022_03_21_11_03_00_42,10,"(556, 1964, 622, 2032)",0.8898128898128899,1,C:\Users\sthem\OneDrive\Documentos\GitHub\master-2025\3-Datasets\img-lcm\img_dir_annotated\train\infected\2022_03_21_11_03_00_42_cell0010.png,0,transpose,10493,ok,1,0.8899286987522281,3994
train,2022_03_21_11_03_00_42,11,"(567, 735, 636, 799)",0.0,0,C:\Users\sthem\OneDrive\Documentos\GitHub\master-2025\3-Datasets\img-lcm\img_dir_annotated\train\uninfected\2022_03_21_11_03_00_42_cell0011.png,0,transpose,10493,ok,0,0.012001811594202898,53
train,2022_03_21_11_03_00_42,12,"(616, 822, 683, 875)",0.8924469195962409,1,C:\Users\sthem\OneDrive\Documentos\GitHub\master-2025\3-Datasets\img-lcm\img_dir_annotated\train\infected\2022_03_21_11_03_00_42_cell0012.png,0,transpose,10493,ok,1,0.8901717825964517,3161
train,2022_03_21_11_03_00_42,13,"(658, 1457, 689, 1488)",0.997275204359673,1,C:\Users\sthem\OneDrive\Documentos\GitHub\master-2025\3-Datasets\img-lcm\img_dir_annotated\train\infected\2022_03_21_11_03_00_42_cell0013.png,0,transpose,10493,ok,1,0.9958376690946931,957
train,2022_03_21_11_03_00_42,14,"(690, 1583, 752, 1658)",0.0,0,C:\Users\sthem\OneDrive\Documentos\GitHub\master-2025\3-Datasets\img-lcm\img_dir_annotated\train\uninfected\2022_03_21_11_03_00_42_cell0014.png,0,transpose,10493,ok,0,0.0,0
train,2022_03_21_11_03_00_42,15,"(709, 1784, 771, 1857)",0.0,0,C:\Users\sthem\OneDrive\Documentos\GitHub\master-2025\3-Datasets\img-lcm\img_dir_annotated\train\uninfected\2022_03_21_11_03_00_42_cell0015.png,0,transpose,10493,ok,0,0.0,0
train,2022_03_21_11_03_00_42,16,"(731, 505, 808, 572)",0.0,0,C:\Users\sthem\OneDrive\Documentos\GitHub\master-2025\3-Datasets\img-lcm\img_dir_annotated\train\uninfected\2022_03_21_11_03_00_42_cell0016.png,0,transpose,10493,ok,0,0.0,0
train,2022_03_21_11_03_00_42,17,"(907, 1719, 1001, 1811)",0.0,0,C:\Users\sthem\OneDrive\Documentos\GitHub\master-2025\3-Datasets\img-lcm\img_dir_annotated\train\uninfected\2022_03_21_11_03_00_42_cell0017.png,0,transpose,10493,ok,0,0.0,0
train,2022_03_21_11_03_00_42,18,"(919, 1997, 983, 2047)",0.0,0,C:\Users\sthem\OneDrive\Documentos\GitHub\master-2025\3-Datasets\img-lcm\img_dir_annotated\train\uninfected\2022_03_21_11_03_00_42_cell0018.png,0,transpose,10493,ok,0,0.0,0
train,2022_03_21_11_03_00_42,19,"(935, 1037, 1011, 1117)",0.0,0,C:\Users\sthem\OneDrive\Documentos\GitHub\master-2025\3-Datasets\img-lcm\img_dir_annotated\train\uninfected\2022_03_21_11_03_00_42_cell0019.png,0,transpose,10493,ok,0,0.0,0
train,2022_03_21_11_03_00_42,20,"(975, 1763, 1071, 1840)",0.0,0,C:\Users\sthem\OneDrive\Documentos\GitHub\master-2025\3-Datasets\img-lcm\img_dir_annotated\train\uninfected\2022_03_21_11_03_00_42_cell0020.png,0,transpose,10493,ok,0,0.0,0
train,2022_03_21_11_03_00_42,21,"(1039, 1477, 1088, 1529)",0.0,0,C:\Users\sthem\OneDrive\Documentos\GitHub\master-2025\3-Datasets\img-lcm\img_dir_annotated\train\uninfected\2022_03_21_11_03_00_42_cell0021.png,0,transpose,10493,ok,0,0.0,0
train,2022_03_21_11_03_00_42,22,"(1062, 1131, 1087, 1185)",0.0,0,C:\Users\sthem\OneDrive\Documentos\GitHub\master-2025\3-Datasets\img-lcm\img_dir_annotated\train\uninfected\2022_03_21_11_03_00_42_cell0022.png,0,transpose,10493,ok,0,0.0,0
train,2022_03_21_11_03_00_49,1,"(33, 966, 84, 1032)",0.0,0,C:\Users\sthem\OneDrive\Documentos\GitHub\master-2025\3-Datasets\img-lcm\img_dir_annotated\train\uninfected\2022_03_21_11_03_00_49_cell0001.png,0,transpose,8654,ok,0,0.0,0
train,2022_03_21_11_03_00_49,2,"(71, 1776, 140, 1840)",0.0,0,C:\Users\sthem\OneDrive\Documentos\GitHub\master-2025\3-Datasets\img-lcm\img_dir_annotated\train\uninfected\2022_03_21_11_03_00_49_cell0002.png,0,transpose,8654,ok,0,0.0,0
train,2022_03_21_11_03_00_49,3,"(129, 238, 181, 293)",0.7101780009128252,1,C:\Users\sthem\OneDrive\Documentos\GitHub\master-2025\3-Datasets\img-lcm\img_dir_annotated\train\infected\2022_03_21_11_03_00_49_cell0003.png,0,transpose,8654,ok,1,0.7066433566433566,2021
train,2022_03_21_11_03_00_49,4,"(145, 1348, 200, 1426)",0.0,0,C:\Users\sthem\OneDrive\Documentos\GitHub\master-2025\3-Datasets\img-lcm\img_dir_annotated\train\uninfected\2022_03_21_11_03_00_49_cell0004.png,0,transpose,8654,ok,0,0.0,0
train,2022_03_21_11_03_00_49,5,"(197, 671, 258, 728)",0.6538179148311307,1,C:\Users\sthem\OneDrive\Documentos\GitHub\master-2025\3-Datasets\img-lcm\img_dir_annotated\train\infected\2022_03_21_11_03_00_49_cell0005.png,0,transpose,8654,ok,1,0.6744319815933276,2345
train,2022_03_21_11_03_00_49,6,"(204, 1052, 264, 1110)",0.6617977528089888,1,C:\Users\sthem\OneDrive\Documentos\GitHub\master-2025\3-Datasets\img-lcm\img_dir_annotated\train\infected\2022_03_21_11_03_00_49_cell0006.png,0,transpose,8654,ok,1,0.6698275862068965,2331
train,2022_03_21_11_03_00_49,7,"(415, 99, 424, 107)",0.0,0,C:\Users\sthem\OneDrive\Documentos\GitHub\master-2025\3-Datasets\img-lcm\img_dir_annotated\train\uninfected\2022_03_21_11_03_00_49_cell0007.png,0,transpose,8654,ok,0,0.0,0
train,2022_03_21_11_03_00_49,8,"(453, 819, 511, 887)",0.5833058396568789,1,C:\Users\sthem\OneDrive\Documentos\GitHub\master-2025\3-Datasets\img-lcm\img_dir_annotated\train\infected\2022_03_21_11_03_00_49_cell0008.png,0,transpose,8654,ok,1,0.5981237322515213,2359
train,2022_03_21_11_03_00_49,9,"(488, 1198, 535, 1244)",0.0,0,C:\Users\sthem\OneDrive\Documentos\GitHub\master-2025\3-Datasets\img-lcm\img_dir_annotated\train\uninfected\2022_03_21_11_03_00_49_cell0009.png,0,transpose,8654,ok,0,0.0,0
train,2022_03_21_11_03_00_49,10,"(558, 370, 622, 429)",0.5991930060524546,1,C:\Users\sthem\OneDrive\Documentos\GitHub\master-2025\3-Datasets\img-lcm\img_dir_annotated\train\infected\2022_03_21_11_03_00_49_cell0010.png,0,transpose,8654,ok,1,0.6324152542372882,2388
train,2022_03_21_11_03_00_49,11,"(575, 1845, 644, 1900)",0.0,0,C:\Users\sthem\OneDrive\Documentos\GitHub\master-2025\3-Datasets\img-lcm\img_dir_annotated\train\uninfected\2022_03_21_11_03_00_49_cell0011.png,0,transpose,8654,ok,0,0.0,0
train,2022_03_21_11_03_00_49,12,"(701, 1783, 758, 1834)",0.0,0,C:\Users\sthem\OneDrive\Documentos\GitHub\master-2025\3-Datasets\img-lcm\img_dir_annotated\train\uninfected\2022_03_21_11_03_00_49_cell0012.png,0,transpose,8654,ok,0,0.0,0
train,2022_03_21_11_03_00_49,13,"(849, 39, 907, 93)",0.0,0,C:\Users\sthem\OneDrive\Documentos\GitHub\master-2025\3-Datasets\img-lcm\img_dir_annotated\train\uninfected\2022_03_21_11_03_00_49_cell0013.png,0,transpose,8654,ok,0,0.0,0
train,2022_03_21_11_03_00_49,14,"(868, 1314, 924, 1372)",0.0,0,C:\Users\sthem\OneDrive\Documentos\GitHub\master-2025\3-Datasets\img-lcm\img_dir_annotated\train\uninfected\2022_03_21_11_03_00_49_cell0014.png,0,transpose,8654,ok,0,0.0,0
train,2022_03_21_11_03_00_49,15,"(869, 302, 883, 319)",0.0,0,C:\Users\sthem\OneDrive\Documentos\GitHub\master-2025\3-Datasets\img-lcm\img_dir_annotated\train\uninfected\2022_03_21_11_03_00_49_cell0015.png,0,transpose,8654,ok,0,0.0,0
train,2022_03_21_11_03_00_49,16,"(894, 1726, 958, 1785)",0.0,0,C:\Users\sthem\OneDrive\Documentos\GitHub\master-2025\3-Datasets\img-lcm\img_dir_annotated\train\uninfected\2022_03_21_11_03_00_49_cell0016.png,0,transpose,8654,ok,0,0.0,0
train,2022_03_21_11_03_00_49,17,"(1040, 598, 1087, 648)",0.0,0,C:\Users\sthem\OneDrive\Documentos\GitHub\master-2025\3-Datasets\img-lcm\img_dir_annotated\train\uninfected\2022_03_21_11_03_00_49_cell0017.png,0,transpose,8654,ok,0,0.0,0
train,2022_03_21_11_03_00_57,1,"(0, 871, 53, 915)",0.0,0,C:\Users\sthem\OneDrive\Documentos\GitHub\master-2025\3-Datasets\img-lcm\img_dir_annotated\train\uninfected\2022_03_21_11_03_00_57_cell0001.png,0,transpose,4348,ok,0,0.0,0
train,2022_03_21_11_03_00_57,2,"(123, 380, 180, 440)",0.0,0,C:\Users\sthem\OneDrive\Documentos\GitHub\master-2025\3-Datasets\img-lcm\img_dir_annotated\train\uninfected\2022_03_21_11_03_00_57_cell0002.png,0,transpose,4348,ok,0,0.0,0
train,2022_03_21_11_03_00_57,3,"(297, 1629, 355, 1673)",0.0,0,C:\Users\sthem\OneDrive\Documentos\GitHub\master-2025\3-Datasets\img-lcm\img_dir_annotated\train\uninfected\2022_03_21_11_03_00_57_cell0003.png,0,transpose,4348,ok,0,0.0,0
train,2022_03_21_11_03_00_57,4,"(329, 1757, 384, 1821)",0.0,0,C:\Users\sthem\OneDrive\Documentos\GitHub\master-2025\3-Datasets\img-lcm\img_dir_annotated\train\uninfected\2022_03_21_11_03_00_57_cell0004.png,0,transpose,4348,ok,0,0.0,0
train,2022_03_21_11_03_00_57,5,"(345, 1207, 416, 1261)",0.0,0,C:\Users\sthem\OneDrive\Documentos\GitHub\master-2025\3-Datasets\img-lcm\img_dir_annotated\train\uninfected\2022_03_21_11_03_00_57_cell0005.png,0,transpose,4348,ok,0,0.0,0
train,2022_03_21_11_03_00_57,6,"(415, 98, 424, 107)",0.0,0,C:\Users\sthem\OneDrive\Documentos\GitHub\master-2025\3-Datasets\img-lcm\img_dir_annotated\train\uninfected\2022_03_21_11_03_00_57_cell0006.png,0,transpose,4348,ok,0,0.0,0
train,2022_03_21_11_03_00_57,7,"(447, 1180, 518, 1251)",0.0,0,C:\Users\sthem\OneDrive\Documentos\GitHub\master-2025\3-Datasets\img-lcm\img_dir_annotated\train\uninfected\2022_03_21_11_03_00_57_cell0007.png,0,transpose,4348,ok,0,0.0,0
train,2022_03_21_11_03_00_57,8,"(456, 62, 465, 71)",0.0,0,C:\Users\sthem\OneDrive\Documentos\GitHub\master-2025\3-Datasets\img-lcm\img_dir_annotated\train\uninfected\2022_03_21_11_03_00_57_cell0008.png,0,transpose,4348,ok,0,0.0,0
train,2022_03_21_11_03_00_57,9,"(500, 566, 572, 628)",0.0,0,C:\Users\sthem\OneDrive\Documentos\GitHub\master-2025\3-Datasets\img-lcm\img_dir_annotated\train\uninfected\2022_03_21_11_03_00_57_cell0009.png,0,transpose,4348,ok,0,0.0,0
train,2022_03_21_11_03_00_57,10,"(502, 837, 582, 889)",0.0,0,C:\Users\sthem\OneDrive\Documentos\GitHub\master-2025\3-Datasets\img-lcm\img_dir_annotated\train\uninfected\2022_03_21_11_03_00_57_cell0010.png,0,transpose,4348,ok,0,0.0,0
train,2022_03_21_11_03_00_57,11,"(673, 1956, 727, 2022)",0.0,0,C:\Users\sthem\OneDrive\Documentos\GitHub\master-2025\3-Datasets\img-lcm\img_dir_annotated\train\uninfected\2022_03_21_11_03_00_57_cell0011.png,0,transpose,4348,ok,0,0.0,0
train,2022_03_21_11_03_00_57,12,"(718, 1601, 788, 1648)",0.0,0,C:\Users\sthem\OneDrive\Documentos\GitHub\master-2025\3-Datasets\img-lcm\img_dir_annotated\train\uninfected\2022_03_21_11_03_00_57_cell0012.png,0,transpose,4348,ok,0,0.0,0
train,2022_03_21_11_03_00_57,13,"(731, 1141, 793, 1202)",0.0,0,C:\Users\sthem\OneDrive\Documentos\GitHub\master-2025\3-Datasets\img-lcm\img_dir_annotated\train\uninfected\2022_03_21_11_03_00_57_cell0013.png,0,transpose,4348,ok,0,0.0,0
train,2022_03_21_11_03_00_57,14,"(816, 1916, 887, 1969)",0.0,0,C:\Users\sthem\OneDrive\Documentos\GitHub\master-2025\3-Datasets\img-lcm\img_dir_annotated\train\uninfected\2022_03_21_11_03_00_57_cell0014.png,0,transpose,4348,ok,0,0.0,0
train,2022_03_21_11_03_00_57,15,"(850, 1420, 906, 1482)",0.0,0,C:\Users\sthem\OneDrive\Documentos\GitHub\master-2025\3-Datasets\img-lcm\img_dir_annotated\train\uninfected\2022_03_21_11_03_00_57_cell0015.png,0,transpose,4348,ok,0,0.0,0
train,2022_03_21_11_03_00_57,16,"(871, 304, 881, 318)",0.0,0,C:\Users\sthem\OneDrive\Documentos\GitHub\master-2025\3-Datasets\img-lcm\img_dir_annotated\train\uninfected\2022_03_21_11_03_00_57_cell0016.png,0,transpose,4348,ok,0,0.0,0
train,2022_03_21_11_03_00_57,17,"(885, 1151, 954, 1214)",0.6889994148624927,1,C:\Users\sthem\OneDrive\Documentos\GitHub\master-2025\3-Datasets\img-lcm\img_dir_annotated\train\infected\2022_03_21_11_03_00_57_cell0017.png,0,transpose,4348,ok,1,0.7018633540372671,3051
train,2022_03_21_11_03_00_57,18,"(899, 1501, 969, 1557)",0.0,0,C:\Users\sthem\OneDrive\Documentos\GitHub\master-2025\3-Datasets\img-lcm\img_dir_annotated\train\uninfected\2022_03_21_11_03_00_57_cell0018.png,0,transpose,4348,ok,0,0.0,0
train,2022_03_21_11_03_00_57,19,"(989, 115, 1048, 184)",0.0,0,C:\Users\sthem\OneDrive\Documentos\GitHub\master-2025\3-Datasets\img-lcm\img_dir_annotated\train\uninfected\2022_03_21_11_03_00_57_cell0019.png,0,transpose,4348,ok,0,0.0,0
train,2022_03_21_11_03_00_57,20,"(1012, 1067, 1072, 1121)",0.7921303656597775,1,C:\Users\sthem\OneDrive\Documentos\GitHub\master-2025\3-Datasets\img-lcm\img_dir_annotated\train\infected\2022_03_21_11_03_00_57_cell0020.png,0,transpose,4348,ok,1,0.7774691358024691,2519
train,2022_03_21_11_03_00_57,21,"(1047, 378, 1088, 444)",0.0,0,C:\Users\sthem\OneDrive\Documentos\GitHub\master-2025\3-Datasets\img-lcm\img_dir_annotated\train\uninfected\2022_03_21_11_03_00_57_cell0021.png,0,transpose,4348,ok,0,0.0,0
train,2022_03_21_11_03_00_65,1,"(19, 883, 81, 940)",0.0,0,C:\Users\sthem\OneDrive\Documentos\GitHub\master-2025\3-Datasets\img-lcm\img_dir_annotated\train\uninfected\2022_03_21_11_03_00_65_cell0001.png,0,id,0,ok,0,0.0,0
train,2022_03_21_11_03_00_65,2,"(25, 2023, 80, 2047)",0.0,0,C:\Users\sthem\OneDrive\Documentos\GitHub\master-2025\3-Datasets\img-lcm\img_dir_annotated\train\uninfected\2022_03_21_11_03_00_65_cell0002.png,0,id,0,ok,0,0.0,0
train,2022_03_21_11_03_00_65,3,"(248, 1433, 306, 1488)",0.0,0,C:\Users\sthem\OneDrive\Documentos\GitHub\master-2025\3-Datasets\img-lcm\img_dir_annotated\train\uninfected\2022_03_21_11_03_00_65_cell0003.png,0,id,0,ok,0,0.0,0
train,2022_03_21_11_03_00_65,4,"(420, 1184, 483, 1223)",0.0,0,C:\Users\sthem\OneDrive\Documentos\GitHub\master-2025\3-Datasets\img-lcm\img_dir_annotated\train\uninfected\2022_03_21_11_03_00_65_cell0004.png,0,id,0,ok,0,0.0,0
train,2022_03_21_11_03_00_65,5,"(485, 1583, 584, 1677)",0.0,0,C:\Users\sthem\OneDrive\Documentos\GitHub\master-2025\3-Datasets\img-lcm\img_dir_annotated\train\uninfected\2022_03_21_11_03_00_65_cell0005.png,0,id,0,ok,0,0.0,0
train,2022_03_21_11_03_00_65,6,"(549, 1427, 644, 1497)",0.0,0,C:\Users\sthem\OneDrive\Documentos\GitHub\master-2025\3-Datasets\img-lcm\img_dir_annotated\train\uninfected\2022_03_21_11_03_00_65_cell0006.png,0,id,0,ok,0,0.0,0
train,2022_03_21_11_03_00_65,7,"(596, 636, 656, 710)",0.0,0,C:\Users\sthem\OneDrive\Documentos\GitHub\master-2025\3-Datasets\img-lcm\img_dir_annotated\train\uninfected\2022_03_21_11_03_00_65_cell0007.png,0,id,0,ok,0,0.0,0
train,2022_03_21_11_03_00_65,8,"(714, 1551, 787, 1625)",0.0,0,C:\Users\sthem\OneDrive\Documentos\GitHub\master-2025\3-Datasets\img-lcm\img_dir_annotated\train\uninfected\2022_03_21_11_03_00_65_cell0008.png,0,id,0,ok,0,0.0,0
train,2022_03_21_11_03_00_65,9,"(715, 527, 811, 608)",0.0,0,C:\Users\sthem\OneDrive\Documentos\GitHub\master-2025\3-Datasets\img-lcm\img_dir_annotated\train\uninfected\2022_03_21_11_03_00_65_cell0009.png,0,id,0,ok,0,0.0,0
train,2022_03_21_11_03_00_65,10,"(718, 1438, 805, 1529)",0.0,0,C:\Users\sthem\OneDrive\Documentos\GitHub\master-2025\3-Datasets\img-lcm\img_dir_annotated\train\uninfected\2022_03_21_11_03_00_65_cell0010.png,0,id,0,ok,0,0.0,0
train,2022_03_21_11_03_00_65,11,"(732, 132, 789, 179)",0.0,0,C:\Users\sthem\OneDrive\Documentos\GitHub\master-2025\3-Datasets\img-lcm\img_dir_annotated\train\uninfected\2022_03_21_11_03_00_65_cell0011.png,0,id,0,ok,0,0.0,0
train,2022_03_21_11_03_00_65,12,"(822, 1093, 912, 1168)",0.0,0,C:\Users\sthem\OneDrive\Documentos\GitHub\master-2025\3-Datasets\img-lcm\img_dir_annotated\train\uninfected\2022_03_21_11_03_00_65_cell0012.png,0,id,0,ok,0,0.0,0
train,2022_03_21_11_03_00_65,13,"(869, 303, 883, 319)",0.0,0,C:\Users\sthem\OneDrive\Documentos\GitHub\master-2025\3-Datasets\img-lcm\img_dir_annotated\train\uninfected\2022_03_21_11_03_00_65_cell0013.png,0,id,0,ok,0,0.0,0
train,2022_03_21_11_03_00_65,14,"(876, 522, 945, 595)",0.0,0,C:\Users\sthem\OneDrive\Documentos\GitHub\master-2025\3-Datasets\img-lcm\img_dir_annotated\train\uninfected\2022_03_21_11_03_00_65_cell0014.png,0,id,0,ok,0,0.0,0
train,2022_03_21_11_03_00_65,15,"(1042, 78, 1088, 131)",0.0,0,C:\Users\sthem\OneDrive\Documentos\GitHub\master-2025\3-Datasets\img-lcm\img_dir_annotated\train\uninfected\2022_03_21_11_03_00_65_cell0015.png,0,id,0,ok,0,0.0,0
train,2022_03_21_11_03_00_73,1,"(0, 1288, 72, 1398)",0.0,0,C:\Users\sthem\OneDrive\Documentos\GitHub\master-2025\3-Datasets\img-lcm\img_dir_annotated\train\uninfected\2022_03_21_11_03_00_73_cell0001.png,0,transpose,5587,ok,0,0.0,0
train,2022_03_21_11_03_00_73,2,"(16, 625, 93, 693)",0.4898225469728601,1,C:\Users\sthem\OneDrive\Documentos\GitHub\master-2025\3-Datasets\img-lcm\img_dir_annotated\train\infected\2022_03_21_11_03_00_73_cell0002.png,0,transpose,5587,ok,1,0.47765469824293355,2501
train,2022_03_21_11_03_00_73,3,"(38, 964, 135, 1031)",0.0,0,C:\Users\sthem\OneDrive\Documentos\GitHub\master-2025\3-Datasets\img-lcm\img_dir_annotated\train\uninfected\2022_03_21_11_03_00_73_cell0003.png,0,transpose,5587,ok,0,0.0,0
train,2022_03_21_11_03_00_73,4,"(129, 1919, 175, 1954)",0.0,0,C:\Users\sthem\OneDrive\Documentos\GitHub\master-2025\3-Datasets\img-lcm\img_dir_annotated\train\uninfected\2022_03_21_11_03_00_73_cell0004.png,0,transpose,5587,ok,0,0.0,0
train,2022_03_21_11_03_00_73,5,"(148, 1620, 213, 1676)",0.0,0,C:\Users\sthem\OneDrive\Documentos\GitHub\master-2025\3-Datasets\img-lcm\img_dir_annotated\train\uninfected\2022_03_21_11_03_00_73_cell0005.png,0,transpose,5587,ok,0,0.0,0
train,2022_03_21_11_03_00_73,6,"(252, 1404, 309, 1459)",0.7786163522012579,1,C:\Users\sthem\OneDrive\Documentos\GitHub\master-2025\3-Datasets\img-lcm\img_dir_annotated\train\infected\2022_03_21_11_03_00_73_cell0006.png,0,transpose,5587,ok,1,0.7968102073365231,2498
train,2022_03_21_11_03_00_73,7,"(274, 1630, 335, 1687)",0.0,0,C:\Users\sthem\OneDrive\Documentos\GitHub\master-2025\3-Datasets\img-lcm\img_dir_annotated\train\uninfected\2022_03_21_11_03_00_73_cell0007.png,0,transpose,5587,ok,0,0.0,0
train,2022_03_21_11_03_00_73,8,"(275, 183, 329, 231)",0.0,0,C:\Users\sthem\OneDrive\Documentos\GitHub\master-2025\3-Datasets\img-lcm\img_dir_annotated\train\uninfected\2022_03_21_11_03_00_73_cell0008.png,0,transpose,5587,ok,0,0.0,0
train,2022_03_21_11_03_00_73,9,"(279, 819, 342, 875)",0.6984545797210705,1,C:\Users\sthem\OneDrive\Documentos\GitHub\master-2025\3-Datasets\img-lcm\img_dir_annotated\train\infected\2022_03_21_11_03_00_73_cell0009.png,0,transpose,5587,ok,1,0.7020975056689343,2477
train,2022_03_21_11_03_00_73,10,"(304, 1613, 372, 1666)",0.0,0,C:\Users\sthem\OneDrive\Documentos\GitHub\master-2025\3-Datasets\img-lcm\img_dir_annotated\train\uninfected\2022_03_21_11_03_00_73_cell0010.png,0,transpose,5587,ok,0,0.0,0
train,2022_03_21_11_03_00_73,11,"(323, 1830, 408, 1912)",0.0,0,C:\Users\sthem\OneDrive\Documentos\GitHub\master-2025\3-Datasets\img-lcm\img_dir_annotated\train\uninfected\2022_03_21_11_03_00_73_cell0011.png,0,transpose,5587,ok,0,0.0,0
train,2022_03_21_11_03_00_73,12,"(361, 66, 415, 117)",0.0,0,C:\Users\sthem\OneDrive\Documentos\GitHub\master-2025\3-Datasets\img-lcm\img_dir_annotated\train\uninfected\2022_03_21_11_03_00_73_cell0012.png,0,transpose,5587,ok,0,0.0,0
train,2022_03_21_11_03_00_73,13,"(367, 499, 411, 555)",0.0,0,C:\Users\sthem\OneDrive\Documentos\GitHub\master-2025\3-Datasets\img-lcm\img_dir_annotated\train\uninfected\2022_03_21_11_03_00_73_cell0013.png,0,transpose,5587,ok,0,0.0,0
train,2022_03_21_11_03_00_73,14,"(536, 1182, 602, 1243)",0.0,0,C:\Users\sthem\OneDrive\Documentos\GitHub\master-2025\3-Datasets\img-lcm\img_dir_annotated\train\uninfected\2022_03_21_11_03_00_73_cell0014.png,0,transpose,5587,ok,0,0.0,0
train,2022_03_21_11_03_00_73,15,"(553, 680, 648, 776)",0.0,0,C:\Users\sthem\OneDrive\Documentos\GitHub\master-2025\3-Datasets\img-lcm\img_dir_annotated\train\uninfected\2022_03_21_11_03_00_73_cell0015.png,0,transpose,5587,ok,0,0.0,0
train,2022_03_21_11_03_00_73,16,"(621, 2012, 688, 2047)",0.0,0,C:\Users\sthem\OneDrive\Documentos\GitHub\master-2025\3-Datasets\img-lcm\img_dir_annotated\train\uninfected\2022_03_21_11_03_00_73_cell0016.png,0,transpose,5587,ok,0,0.0,0
train,2022_03_21_11_03_00_73,17,"(663, 263, 719, 313)",0.0,0,C:\Users\sthem\OneDrive\Documentos\GitHub\master-2025\3-Datasets\img-lcm\img_dir_annotated\train\uninfected\2022_03_21_11_03_00_73_cell0017.png,0,transpose,5587,ok,0,0.0,0
train,2022_03_21_11_03_00_73,18,"(742, 97, 800, 161)",0.0,0,C:\Users\sthem\OneDrive\Documentos\GitHub\master-2025\3-Datasets\img-lcm\img_dir_annotated\train\uninfected\2022_03_21_11_03_00_73_cell0018.png,0,transpose,5587,ok,0,0.0,0
train,2022_03_21_11_03_00_73,19,"(752, 1612, 810, 1678)",0.0,0,C:\Users\sthem\OneDrive\Documentos\GitHub\master-2025\3-Datasets\img-lcm\img_dir_annotated\train\uninfected\2022_03_21_11_03_00_73_cell0019.png,0,transpose,5587,ok,0,0.0,0
train,2022_03_21_11_03_00_73,20,"(778, 442, 868, 555)",0.0,0,C:\Users\sthem\OneDrive\Documentos\GitHub\master-2025\3-Datasets\img-lcm\img_dir_annotated\train\uninfected\2022_03_21_11_03_00_73_cell0020.png,0,transpose,5587,ok,0,0.0,0
train,2022_03_21_11_03_00_73,21,"(849, 1012, 949, 1110)",0.0,0,C:\Users\sthem\OneDrive\Documentos\GitHub\master-2025\3-Datasets\img-lcm\img_dir_annotated\train\uninfected\2022_03_21_11_03_00_73_cell0021.png,0,transpose,5587,ok,0,0.0,0
train,2022_03_21_11_03_00_82,1,"(0, 1958, 65, 2040)",0.0,0,C:\Users\sthem\OneDrive\Documentos\GitHub\master-2025\3-Datasets\img-lcm\img_dir_annotated\train\uninfected\2022_03_21_11_03_00_82_cell0001.png,0,transpose,12381,ok,0,0.0,0
train,2022_03_21_11_03_00_82,2,"(53, 1362, 116, 1413)",0.8698003327787022,1,C:\Users\sthem\OneDrive\Documentos\GitHub\master-2025\3-Datasets\img-lcm\img_dir_annotated\train\infected\2022_03_21_11_03_00_82_cell0002.png,0,transpose,12381,ok,1,0.8275754746342981,2659
train,2022_03_21_11_03_00_82,3,"(62, 1131, 116, 1190)",0.0,0,C:\Users\sthem\OneDrive\Documentos\GitHub\master-2025\3-Datasets\img-lcm\img_dir_annotated\train\uninfected\2022_03_21_11_03_00_82_cell0003.png,0,transpose,12381,ok,0,0.0,0
train,2022_03_21_11_03_00_82,4,"(162, 1868, 261, 1965)",0.0,0,C:\Users\sthem\OneDrive\Documentos\GitHub\master-2025\3-Datasets\img-lcm\img_dir_annotated\train\uninfected\2022_03_21_11_03_00_82_cell0004.png,0,transpose,12381,ok,0,0.0,0
train,2022_03_21_11_03_00_82,5,"(175, 86, 226, 160)",0.0,0,C:\Users\sthem\OneDrive\Documentos\GitHub\master-2025\3-Datasets\img-lcm\img_dir_annotated\train\uninfected\2022_03_21_11_03_00_82_cell0005.png,0,transpose,12381,ok,0,0.0,0
train,2022_03_21_11_03_00_82,6,"(210, 1335, 261, 1386)",0.0,0,C:\Users\sthem\OneDrive\Documentos\GitHub\master-2025\3-Datasets\img-lcm\img_dir_annotated\train\uninfected\2022_03_21_11_03_00_82_cell0006.png,0,transpose,12381,ok,0,0.0,0
train,2022_03_21_11_03_00_82,7,"(262, 1957, 361, 2048)",0.0,0,C:\Users\sthem\OneDrive\Documentos\GitHub\master-2025\3-Datasets\img-lcm\img_dir_annotated\train\uninfected\2022_03_21_11_03_00_82_cell0007.png,0,transpose,12381,ok,0,0.0,0
train,2022_03_21_11_03_00_82,8,"(286, 782, 354, 836)",0.0,0,C:\Users\sthem\OneDrive\Documentos\GitHub\master-2025\3-Datasets\img-lcm\img_dir_annotated\train\uninfected\2022_03_21_11_03_00_82_cell0008.png,0,transpose,12381,ok,0,0.0,0
train,2022_03_21_11_03_00_82,9,"(360, 640, 419, 689)",0.0,0,C:\Users\sthem\OneDrive\Documentos\GitHub\master-2025\3-Datasets\img-lcm\img_dir_annotated\train\uninfected\2022_03_21_11_03_00_82_cell0009.png,0,transpose,12381,ok,0,0.0,0
train,2022_03_21_11_03_00_82,10,"(427, 1586, 513, 1638)",0.0,0,C:\Users\sthem\OneDrive\Documentos\GitHub\master-2025\3-Datasets\img-lcm\img_dir_annotated\train\uninfected\2022_03_21_11_03_00_82_cell0010.png,0,transpose,12381,ok,0,0.0,0
train,2022_03_21_11_03_00_82,11,"(432, 779, 495, 840)",0.7422680412371134,1,C:\Users\sthem\OneDrive\Documentos\GitHub\master-2025\3-Datasets\img-lcm\img_dir_annotated\train\infected\2022_03_21_11_03_00_82_cell0011.png,0,transpose,12381,ok,1,0.712464220660942,2738
train,2022_03_21_11_03_00_82,12,"(643, 1475, 703, 1530)",0.7798566878980892,1,C:\Users\sthem\OneDrive\Documentos\GitHub\master-2025\3-Datasets\img-lcm\img_dir_annotated\train\infected\2022_03_21_11_03_00_82_cell0012.png,0,transpose,12381,ok,1,0.7906060606060606,2609
train,2022_03_21_11_03_00_82,13,"(647, 255, 703, 321)",0.7339548225170311,1,C:\Users\sthem\OneDrive\Documentos\GitHub\master-2025\3-Datasets\img-lcm\img_dir_annotated\train\infected\2022_03_21_11_03_00_82_cell0013.png,0,transpose,12381,ok,1,0.7145562770562771,2641
train,2022_03_21_11_03_00_82,14,"(680, 1862, 744, 1905)",0.0,0,C:\Users\sthem\OneDrive\Documentos\GitHub\master-2025\3-Datasets\img-lcm\img_dir_annotated\train\uninfected\2022_03_21_11_03_00_82_cell0014.png,0,transpose,12381,ok,0,0.0,0
train,2022_03_21_11_03_00_82,15,"(697, 344, 762, 407)",0.6898954703832753,1,C:\Users\sthem\OneDrive\Documentos\GitHub\master-2025\3-Datasets\img-lcm\img_dir_annotated\train\infected\2022_03_21_11_03_00_82_cell0015.png,0,transpose,12381,ok,1,0.6945054945054945,2844
train,2022_03_21_11_03_00_82,16,"(704, 964, 756, 1031)",0.7615094339622641,1,C:\Users\sthem\OneDrive\Documentos\GitHub\master-2025\3-Datasets\img-lcm\img_dir_annotated\train\infected\2022_03_21_11_03_00_82_cell0016.png,0,transpose,12381,ok,1,0.7557405281285878,2633
train,2022_03_21_11_03_00_82,17,"(728, 1775, 780, 1829)",0.0,0,C:\Users\sthem\OneDrive\Documentos\GitHub\master-2025\3-Datasets\img-lcm\img_dir_annotated\train\uninfected\2022_03_21_11_03_00_82_cell0017.png,0,transpose,12381,ok,0,0.0,0
train,2022_03_21_11_03_00_82,18,"(779, 16, 843, 81)",0.0,0,C:\Users\sthem\OneDrive\Documentos\GitHub\master-2025\3-Datasets\img-lcm\img_dir_annotated\train\uninfected\2022_03_21_11_03_00_82_cell0018.png,0,transpose,12381,ok,0,0.0,0
train,2022_03_21_11_03_00_82,19,"(916, 432, 1000, 480)",0.0,0,C:\Users\sthem\OneDrive\Documentos\GitHub\master-2025\3-Datasets\img-lcm\img_dir_annotated\train\uninfected\2022_03_21_11_03_00_82_cell0019.png,0,transpose,12381,ok,0,0.0,0
train,2022_03_21_11_03_00_82,20,"(919, 1388, 995, 1430)",0.0,0,C:\Users\sthem\OneDrive\Documentos\GitHub\master-2025\3-Datasets\img-lcm\img_dir_annotated\train\uninfected\2022_03_21_11_03_00_82_cell0020.png,0,transpose,12381,ok,0,0.0,0
train,2022_03_21_11_03_00_82,21,"(946, 266, 994, 320)",0.0,0,C:\Users\sthem\OneDrive\Documentos\GitHub\master-2025\3-Datasets\img-lcm\img_dir_annotated\train\uninfected\2022_03_21_11_03_00_82_cell0021.png,0,transpose,12381,ok,0,0.0,0
train,2022_03_21_11_03_00_82,22,"(976, 318, 1037, 394)",0.0,0,C:\Users\sthem\OneDrive\Documentos\GitHub\master-2025\3-Datasets\img-lcm\img_dir_annotated\train\uninfected\2022_03_21_11_03_00_82_cell0022.png,0,transpose,12381,ok,0,0.0,0
train,2022_03_21_11_03_00_90,1,"(0, 1899, 70, 1962)",0.0,0,C:\Users\sthem\OneDrive\Documentos\GitHub\master-2025\3-Datasets\img-lcm\img_dir_annotated\train\uninfected\2022_03_21_11_03_00_90_cell0001.png,0,transpose,9024,ok,0,0.0,0
train,2022_03_21_11_03_00_90,2,"(2, 178, 69, 243)",0.0,0,C:\Users\sthem\OneDrive\Documentos\GitHub\master-2025\3-Datasets\img-lcm\img_dir_annotated\train\uninfected\2022_03_21_11_03_00_90_cell0002.png,0,transpose,9024,ok,0,0.0,0
train,2022_03_21_11_03_00_90,3,"(25, 1621, 84, 1675)",0.0,0,C:\Users\sthem\OneDrive\Documentos\GitHub\master-2025\3-Datasets\img-lcm\img_dir_annotated\train\uninfected\2022_03_21_11_03_00_90_cell0003.png,0,transpose,9024,ok,0,0.0,0
train,2022_03_21_11_03_00_90,4,"(80, 576, 152, 647)",0.0,0,C:\Users\sthem\OneDrive\Documentos\GitHub\master-2025\3-Datasets\img-lcm\img_dir_annotated\train\uninfected\2022_03_21_11_03_00_90_cell0004.png,0,transpose,9024,ok,0,0.0,0
train,2022_03_21_11_03_00_90,5,"(108, 1438, 220, 1541)",0.0,0,C:\Users\sthem\OneDrive\Documentos\GitHub\master-2025\3-Datasets\img-lcm\img_dir_annotated\train\uninfected\2022_03_21_11_03_00_90_cell0005.png,0,transpose,9024,ok,0,0.0,0
train,2022_03_21_11_03_00_90,6,"(148, 1038, 214, 1100)",0.7534766118836915,1,C:\Users\sthem\OneDrive\Documentos\GitHub\master-2025\3-Datasets\img-lcm\img_dir_annotated\train\infected\2022_03_21_11_03_00_90_cell0006.png,0,transpose,9024,ok,1,0.7218963831867058,2954
train,2022_03_21_11_03_00_90,7,"(174, 1234, 246, 1294)",0.0,0,C:\Users\sthem\OneDrive\Documentos\GitHub\master-2025\3-Datasets\img-lcm\img_dir_annotated\train\uninfected\2022_03_21_11_03_00_90_cell0007.png,0,transpose,9024,ok,0,0.0,0
train,2022_03_21_11_03_00_90,8,"(272, 557, 329, 615)",0.8522072936660269,1,C:\Users\sthem\OneDrive\Documentos\GitHub\master-2025\3-Datasets\img-lcm\img_dir_annotated\train\infected\2022_03_21_11_03_00_90_cell0008.png,0,transpose,9024,ok,1,0.8545069570477919,2825
train,2022_03_21_11_03_00_90,9,"(290, 1657, 364, 1723)",0.0,0,C:\Users\sthem\OneDrive\Documentos\GitHub\master-2025\3-Datasets\img-lcm\img_dir_annotated\train\uninfected\2022_03_21_11_03_00_90_cell0009.png,0,transpose,9024,ok,0,0.0,0
train,2022_03_21_11_03_00_90,10,"(336, 1564, 433, 1644)",0.0,0,C:\Users\sthem\OneDrive\Documentos\GitHub\master-2025\3-Datasets\img-lcm\img_dir_annotated\train\uninfected\2022_03_21_11_03_00_90_cell0010.png,0,transpose,9024,ok,0,0.0,0
train,2022_03_21_11_03_00_90,11,"(412, 1215, 476, 1277)",0.0,0,C:\Users\sthem\OneDrive\Documentos\GitHub\master-2025\3-Datasets\img-lcm\img_dir_annotated\train\uninfected\2022_03_21_11_03_00_90_cell0011.png,0,transpose,9024,ok,0,0.0,0
train,2022_03_21_11_03_00_90,12,"(439, 1446, 506, 1514)",0.0,0,C:\Users\sthem\OneDrive\Documentos\GitHub\master-2025\3-Datasets\img-lcm\img_dir_annotated\train\uninfected\2022_03_21_11_03_00_90_cell0012.png,0,transpose,9024,ok,0,0.0,0
train,2022_03_21_11_03_00_90,13,"(556, 1632, 662, 1709)",0.0,0,C:\Users\sthem\OneDrive\Documentos\GitHub\master-2025\3-Datasets\img-lcm\img_dir_annotated\train\uninfected\2022_03_21_11_03_00_90_cell0013.png,0,transpose,9024,ok,0,0.0,0
train,2022_03_21_11_03_00_90,14,"(623, 994, 680, 1053)",0.0,0,C:\Users\sthem\OneDrive\Documentos\GitHub\master-2025\3-Datasets\img-lcm\img_dir_annotated\train\uninfected\2022_03_21_11_03_00_90_cell0014.png,0,transpose,9024,ok,0,0.0,0
train,2022_03_21_11_03_00_90,15,"(667, 584, 727, 633)",0.0,0,C:\Users\sthem\OneDrive\Documentos\GitHub\master-2025\3-Datasets\img-lcm\img_dir_annotated\train\uninfected\2022_03_21_11_03_00_90_cell0015.png,0,transpose,9024,ok,0,0.0,0
train,2022_03_21_11_03_00_90,16,"(669, 1100, 736, 1161)",0.0,0,C:\Users\sthem\OneDrive\Documentos\GitHub\master-2025\3-Datasets\img-lcm\img_dir_annotated\train\uninfected\2022_03_21_11_03_00_90_cell0016.png,0,transpose,9024,ok,0,0.0,0
train,2022_03_21_11_03_00_90,17,"(717, 725, 789, 789)",0.6759977827050998,1,C:\Users\sthem\OneDrive\Documentos\GitHub\master-2025\3-Datasets\img-lcm\img_dir_annotated\train\infected\2022_03_21_11_03_00_90_cell0017.png,0,transpose,9024,ok,1,0.6809895833333334,3138
train,2022_03_21_11_03_00_90,18,"(749, 1376, 796, 1427)",0.0,0,C:\Users\sthem\OneDrive\Documentos\GitHub\master-2025\3-Datasets\img-lcm\img_dir_annotated\train\uninfected\2022_03_21_11_03_00_90_cell0018.png,0,transpose,9024,ok,0,0.0,0
train,2022_03_21_11_03_00_90,19,"(804, 1476, 864, 1531)",0.0,0,C:\Users\sthem\OneDrive\Documentos\GitHub\master-2025\3-Datasets\img-lcm\img_dir_annotated\train\uninfected\2022_03_21_11_03_00_90_cell0019.png,0,transpose,9024,ok,0,0.0,0
train,2022_03_21_11_03_00_90,20,"(826, 1653, 889, 1724)",0.0,0,C:\Users\sthem\OneDrive\Documentos\GitHub\master-2025\3-Datasets\img-lcm\img_dir_annotated\train\uninfected\2022_03_21_11_03_00_90_cell0020.png,0,transpose,9024,ok,0,0.0,0
train,2022_03_21_11_03_00_90,21,"(830, 1058, 885, 1107)",0.0,0,C:\Users\sthem\OneDrive\Documentos\GitHub\master-2025\3-Datasets\img-lcm\img_dir_annotated\train\uninfected\2022_03_21_11_03_00_90_cell0021.png,0,transpose,9024,ok,0,0.0,0
train,2022_03_21_11_03_00_90,22,"(851, 844, 915, 904)",0.0,0,C:\Users\sthem\OneDrive\Documentos\GitHub\master-2025\3-Datasets\img-lcm\img_dir_annotated\train\uninfected\2022_03_21_11_03_00_90_cell0022.png,0,transpose,9024,ok,0,0.0,0
train,2022_03_21_11_03_00_90,23,"(1010, 163, 1069, 223)",0.7167149059334298,1,C:\Users\sthem\OneDrive\Documentos\GitHub\master-2025\3-Datasets\img-lcm\img_dir_annotated\train\infected\2022_03_21_11_03_00_90_cell0023.png,0,transpose,9024,ok,1,0.7559322033898305,2676
train,2022_03_21_11_03_00_90,24,"(1045, 1548, 1087, 1608)",0.0,0,C:\Users\sthem\OneDrive\Documentos\GitHub\master-2025\3-Datasets\img-lcm\img_dir_annotated\train\uninfected\2022_03_21_11_03_00_90_cell0024.png,0,transpose,9024,ok,0,0.0,0
train,2022_03_21_11_03_00_90,25,"(1049, 845, 1088, 922)",0.0,0,C:\Users\sthem\OneDrive\Documentos\GitHub\master-2025\3-Datasets\img-lcm\img_dir_annotated\train\uninfected\2022_03_21_11_03_00_90_cell0025.png,0,transpose,9024,ok,0,0.0,0
train,2022_03_21_11_03_00_98,1,"(0, 217, 31, 278)",0.0,0,C:\Users\sthem\OneDrive\Documentos\GitHub\master-2025\3-Datasets\img-lcm\img_dir_annotated\train\uninfected\2022_03_21_11_03_00_98_cell0001.png,0,transpose,11268,ok,0,0.0,0
train,2022_03_21_11_03_00_98,2,"(0, 557, 34, 618)",0.0,0,C:\Users\sthem\OneDrive\Documentos\GitHub\master-2025\3-Datasets\img-lcm\img_dir_annotated\train\uninfected\2022_03_21_11_03_00_98_cell0002.png,0,transpose,11268,ok,0,0.0,0
train,2022_03_21_11_03_00_98,3,"(238, 1792, 318, 1895)",0.0,0,C:\Users\sthem\OneDrive\Documentos\GitHub\master-2025\3-Datasets\img-lcm\img_dir_annotated\train\uninfected\2022_03_21_11_03_00_98_cell0003.png,0,transpose,11268,ok,0,0.0,0
train,2022_03_21_11_03_00_98,4,"(263, 1322, 352, 1406)",0.0,0,C:\Users\sthem\OneDrive\Documentos\GitHub\master-2025\3-Datasets\img-lcm\img_dir_annotated\train\uninfected\2022_03_21_11_03_00_98_cell0004.png,0,transpose,11268,ok,0,0.0,0
train,2022_03_21_11_03_00_98,5,"(285, 1570, 350, 1634)",0.9135349831958448,1,C:\Users\sthem\OneDrive\Documentos\GitHub\master-2025\3-Datasets\img-lcm\img_dir_annotated\train\infected\2022_03_21_11_03_00_98_cell0005.png,0,transpose,11268,ok,1,0.8894230769230769,3700
train,2022_03_21_11_03_00_98,6,"(318, 973, 389, 1035)",0.9251445086705202,1,C:\Users\sthem\OneDrive\Documentos\GitHub\master-2025\3-Datasets\img-lcm\img_dir_annotated\train\infected\2022_03_21_11_03_00_98_cell0006.png,0,transpose,11268,ok,1,0.8773284870513403,3862
train,2022_03_21_11_03_00_98,7,"(549, 487, 614, 553)",0.0,0,C:\Users\sthem\OneDrive\Documentos\GitHub\master-2025\3-Datasets\img-lcm\img_dir_annotated\train\uninfected\2022_03_21_11_03_00_98_cell0007.png,0,transpose,11268,ok,0,0.0,0
train,2022_03_21_11_03_00_98,8,"(557, 1574, 612, 1637)",0.0,0,C:\Users\sthem\OneDrive\Documentos\GitHub\master-2025\3-Datasets\img-lcm\img_dir_annotated\train\uninfected\2022_03_21_11_03_00_98_cell0008.png,0,transpose,11268,ok,0,0.0,0
train,2022_03_21_11_03_00_98,9,"(591, 887, 677, 978)",0.0,0,C:\Users\sthem\OneDrive\Documentos\GitHub\master-2025\3-Datasets\img-lcm\img_dir_annotated\train\uninfected\2022_03_21_11_03_00_98_cell0009.png,0,transpose,11268,ok,0,0.0,0
train,2022_03_21_11_03_00_98,10,"(620, 2012, 684, 2047)",0.0,0,C:\Users\sthem\OneDrive\Documentos\GitHub\master-2025\3-Datasets\img-lcm\img_dir_annotated\train\uninfected\2022_03_21_11_03_00_98_cell0010.png,0,transpose,11268,ok,0,0.0,0
train,2022_03_21_11_03_00_98,11,"(627, 1131, 635, 1140)",0.0,0,C:\Users\sthem\OneDrive\Documentos\GitHub\master-2025\3-Datasets\img-lcm\img_dir_annotated\train\uninfected\2022_03_21_11_03_00_98_cell0011.png,0,transpose,11268,ok,0,0.0,0
train,2022_03_21_11_03_00_98,12,"(687, 1667, 742, 1718)",1.0,1,C:\Users\sthem\OneDrive\Documentos\GitHub\master-2025\3-Datasets\img-lcm\img_dir_annotated\train\infected\2022_03_21_11_03_00_98_cell0012.png,0,transpose,11268,ok,1,0.9971479500891266,2797
train,2022_03_21_11_03_00_98,13,"(695, 1708, 755, 1764)",0.1385615603413246,1,C:\Users\sthem\OneDrive\Documentos\GitHub\master-2025\3-Datasets\img-lcm\img_dir_annotated\train\infected\2022_03_21_11_03_00_98_cell0013.png,0,transpose,11268,ok,1,0.29523809523809524,992
train,2022_03_21_11_03_00_98,14,"(777, 1180, 859, 1249)",0.0,0,C:\Users\sthem\OneDrive\Documentos\GitHub\master-2025\3-Datasets\img-lcm\img_dir_annotated\train\uninfected\2022_03_21_11_03_00_98_cell0014.png,0,transpose,11268,ok,0,0.0,0
train,2022_03_21_11_03_00_98,15,"(781, 1827, 834, 1889)",0.960137983901878,1,C:\Users\sthem\OneDrive\Documentos\GitHub\master-2025\3-Datasets\img-lcm\img_dir_annotated\train\infected\2022_03_21_11_03_00_98_cell0015.png,0,transpose,11268,ok,1,0.9580036518563603,3148
train,2022_03_21_11_03_00_98,16,"(854, 553, 918, 623)",0.0,0,C:\Users\sthem\OneDrive\Documentos\GitHub\master-2025\3-Datasets\img-lcm\img_dir_annotated\train\uninfected\2022_03_21_11_03_00_98_cell0016.png,0,transpose,11268,ok,0,0.0,0
train,2022_03_21_11_03_00_98,17,"(884, 1902, 958, 1964)",0.0,0,C:\Users\sthem\OneDrive\Documentos\GitHub\master-2025\3-Datasets\img-lcm\img_dir_annotated\train\uninfected\2022_03_21_11_03_00_98_cell0017.png,0,transpose,11268,ok,0,0.0,0
train,2022_03_21_11_03_00_98,18,"(982, 839, 1042, 908)",0.0,0,C:\Users\sthem\OneDrive\Documentos\GitHub\master-2025\3-Datasets\img-lcm\img_dir_annotated\train\uninfected\2022_03_21_11_03_00_98_cell0018.png,0,transpose,11268,ok,0,0.0,0
train,2022_03_21_11_03_01_07,1,"(1, 1673, 36, 1732)",0.0,0,C:\Users\sthem\OneDrive\Documentos\GitHub\master-2025\3-Datasets\img-lcm\img_dir_annotated\train\uninfected\2022_03_21_11_03_01_07_cell0001.png,0,transpose,770,ok,0,0.0,0
train,2022_03_21_11_03_01_07,2,"(19, 200, 87, 267)",0.0,0,C:\Users\sthem\OneDrive\Documentos\GitHub\master-2025\3-Datasets\img-lcm\img_dir_annotated\train\uninfected\2022_03_21_11_03_01_07_cell0002.png,0,transpose,770,ok,0,0.0,0
train,2022_03_21_11_03_01_07,3,"(95, 360, 161, 411)",0.0,0,C:\Users\sthem\OneDrive\Documentos\GitHub\master-2025\3-Datasets\img-lcm\img_dir_annotated\train\uninfected\2022_03_21_11_03_01_07_cell0003.png,0,transpose,770,ok,0,0.0,0
train,2022_03_21_11_03_01_07,4,"(318, 9, 358, 61)",0.0,0,C:\Users\sthem\OneDrive\Documentos\GitHub\master-2025\3-Datasets\img-lcm\img_dir_annotated\train\uninfected\2022_03_21_11_03_01_07_cell0004.png,0,transpose,770,ok,0,0.0,0
train,2022_03_21_11_03_01_07,5,"(442, 963, 451, 971)",0.0,0,C:\Users\sthem\OneDrive\Documentos\GitHub\master-2025\3-Datasets\img-lcm\img_dir_annotated\train\uninfected\2022_03_21_11_03_01_07_cell0005.png,0,transpose,770,ok,0,0.0,0
train,2022_03_21_11_03_01_07,6,"(442, 1653, 576, 1800)",0.0,0,C:\Users\sthem\OneDrive\Documentos\GitHub\master-2025\3-Datasets\img-lcm\img_dir_annotated\train\uninfected\2022_03_21_11_03_01_07_cell0006.png,0,transpose,770,ok,0,0.0,0
train,2022_03_21_11_03_01_07,7,"(450, 1280, 509, 1340)",0.0,0,C:\Users\sthem\OneDrive\Documentos\GitHub\master-2025\3-Datasets\img-lcm\img_dir_annotated\train\uninfected\2022_03_21_11_03_01_07_cell0007.png,0,transpose,770,ok,0,0.0,0
train,2022_03_21_11_03_01_07,8,"(466, 1156, 524, 1214)",0.0,0,C:\Users\sthem\OneDrive\Documentos\GitHub\master-2025\3-Datasets\img-lcm\img_dir_annotated\train\uninfected\2022_03_21_11_03_01_07_cell0008.png,0,transpose,770,ok,0,0.0,0
train,2022_03_21_11_03_01_07,9,"(740, 1902, 776, 1965)",0.0,0,C:\Users\sthem\OneDrive\Documentos\GitHub\master-2025\3-Datasets\img-lcm\img_dir_annotated\train\uninfected\2022_03_21_11_03_01_07_cell0009.png,0,transpose,770,ok,0,0.0,0
train,2022_03_21_11_03_01_07,10,"(754, 1972, 823, 2028)",0.0,0,C:\Users\sthem\OneDrive\Documentos\GitHub\master-2025\3-Datasets\img-lcm\img_dir_annotated\train\uninfected\2022_03_21_11_03_01_07_cell0010.png,0,transpose,770,ok,0,0.0,0
train,2022_03_21_11_03_01_07,11,"(834, 252, 893, 314)",0.0,0,C:\Users\sthem\OneDrive\Documentos\GitHub\master-2025\3-Datasets\img-lcm\img_dir_annotated\train\uninfected\2022_03_21_11_03_01_07_cell0011.png,0,transpose,770,ok,0,0.0,0
train,2022_03_21_11_03_01_07,12,"(974, 895, 1018, 958)",0.3836571998006975,1,C:\Users\sthem\OneDrive\Documentos\GitHub\master-2025\3-Datasets\img-lcm\img_dir_annotated\train\infected\2022_03_21_11_03_01_07_cell0012.png,0,transpose,770,ok,1,0.4310966810966811,1195
train,2022_03_21_11_03_01_15,1,"(2, 1209, 51, 1284)",0.6326171187037689,1,C:\Users\sthem\OneDrive\Documentos\GitHub\master-2025\3-Datasets\img-lcm\img_dir_annotated\train\infected\2022_03_21_11_03_01_15_cell0001.png,0,transpose,7089,ok,1,0.6419047619047619,2359
train,2022_03_21_11_03_01_15,2,"(139, 762, 176, 839)",0.0,0,C:\Users\sthem\OneDrive\Documentos\GitHub\master-2025\3-Datasets\img-lcm\img_dir_annotated\train\uninfected\2022_03_21_11_03_01_15_cell0002.png,0,transpose,7089,ok,0,0.0,0
train,2022_03_21_11_03_01_15,3,"(166, 394, 197, 466)",0.0,0,C:\Users\sthem\OneDrive\Documentos\GitHub\master-2025\3-Datasets\img-lcm\img_dir_annotated\train\uninfected\2022_03_21_11_03_01_15_cell0003.png,0,transpose,7089,ok,0,0.0,0
train,2022_03_21_11_03_01_15,4,"(233, 1998, 305, 2047)",0.0,0,C:\Users\sthem\OneDrive\Documentos\GitHub\master-2025\3-Datasets\img-lcm\img_dir_annotated\train\uninfected\2022_03_21_11_03_01_15_cell0004.png,0,transpose,7089,ok,0,0.0,0
train,2022_03_21_11_03_01_15,5,"(378, 1087, 436, 1149)",0.0,0,C:\Users\sthem\OneDrive\Documentos\GitHub\master-2025\3-Datasets\img-lcm\img_dir_annotated\train\uninfected\2022_03_21_11_03_01_15_cell0005.png,0,transpose,7089,ok,0,0.0,0
train,2022_03_21_11_03_01_15,6,"(412, 323, 421, 332)",0.0,0,C:\Users\sthem\OneDrive\Documentos\GitHub\master-2025\3-Datasets\img-lcm\img_dir_annotated\train\uninfected\2022_03_21_11_03_01_15_cell0006.png,0,transpose,7089,ok,0,0.0,0
train,2022_03_21_11_03_01_15,7,"(415, 98, 425, 108)",0.0,0,C:\Users\sthem\OneDrive\Documentos\GitHub\master-2025\3-Datasets\img-lcm\img_dir_annotated\train\uninfected\2022_03_21_11_03_01_15_cell0007.png,0,transpose,7089,ok,0,0.0,0
train,2022_03_21_11_03_01_15,8,"(446, 1439, 523, 1551)",0.0,0,C:\Users\sthem\OneDrive\Documentos\GitHub\master-2025\3-Datasets\img-lcm\img_dir_annotated\train\uninfected\2022_03_21_11_03_01_15_cell0008.png,0,transpose,7089,ok,0,0.0,0
train,2022_03_21_11_03_01_15,9,"(456, 62, 465, 70)",0.0,0,C:\Users\sthem\OneDrive\Documentos\GitHub\master-2025\3-Datasets\img-lcm\img_dir_annotated\train\uninfected\2022_03_21_11_03_01_15_cell0009.png,0,transpose,7089,ok,0,0.0,0
train,2022_03_21_11_03_01_15,10,"(540, 596, 593, 650)",0.7441253263707572,1,C:\Users\sthem\OneDrive\Documentos\GitHub\master-2025\3-Datasets\img-lcm\img_dir_annotated\train\infected\2022_03_21_11_03_01_15_cell0010.png,0,transpose,7089,ok,1,0.7788259958071279,2229
train,2022_03_21_11_03_01_15,11,"(586, 324, 678, 404)",0.0,0,C:\Users\sthem\OneDrive\Documentos\GitHub\master-2025\3-Datasets\img-lcm\img_dir_annotated\train\uninfected\2022_03_21_11_03_01_15_cell0011.png,0,transpose,7089,ok,0,0.0,0
train,2022_03_21_11_03_01_15,12,"(601, 740, 643, 807)",0.7552910052910053,1,C:\Users\sthem\OneDrive\Documentos\GitHub\master-2025\3-Datasets\img-lcm\img_dir_annotated\train\infected\2022_03_21_11_03_01_15_cell0012.png,0,transpose,7089,ok,1,0.7569296375266524,2130
train,2022_03_21_11_03_01_15,13,"(717, 1510, 803, 1589)",0.0,0,C:\Users\sthem\OneDrive\Documentos\GitHub\master-2025\3-Datasets\img-lcm\img_dir_annotated\train\uninfected\2022_03_21_11_03_01_15_cell0013.png,0,transpose,7089,ok,0,0.0,0
train,2022_03_21_11_03_01_15,14,"(740, 1, 791, 38)",0.0,0,C:\Users\sthem\OneDrive\Documentos\GitHub\master-2025\3-Datasets\img-lcm\img_dir_annotated\train\uninfected\2022_03_21_11_03_01_15_cell0014.png,0,transpose,7089,ok,0,0.0,0
train,2022_03_21_11_03_01_15,15,"(765, 1587, 846, 1663)",0.0,0,C:\Users\sthem\OneDrive\Documentos\GitHub\master-2025\3-Datasets\img-lcm\img_dir_annotated\train\uninfected\2022_03_21_11_03_01_15_cell0015.png,0,transpose,7089,ok,0,0.0,0
train,2022_03_21_11_03_01_15,16,"(839, 1261, 899, 1357)",0.0,0,C:\Users\sthem\OneDrive\Documentos\GitHub\master-2025\3-Datasets\img-lcm\img_dir_annotated\train\uninfected\2022_03_21_11_03_01_15_cell0016.png,0,transpose,7089,ok,0,0.0,0
train,2022_03_21_11_03_01_15,17,"(870, 303, 882, 318)",0.0,0,C:\Users\sthem\OneDrive\Documentos\GitHub\master-2025\3-Datasets\img-lcm\img_dir_annotated\train\uninfected\2022_03_21_11_03_01_15_cell0017.png,0,transpose,7089,ok,0,0.0,0
train,2022_03_21_11_03_01_15,18,"(944, 918, 1005, 983)",0.6529329608938548,1,C:\Users\sthem\OneDrive\Documentos\GitHub\master-2025\3-Datasets\img-lcm\img_dir_annotated\train\infected\2022_03_21_11_03_01_15_cell0018.png,0,transpose,7089,ok,1,0.6348045397225726,2517
train,2022_03_21_11_03_01_15,19,"(1040, 1379, 1088, 1449)",0.0,0,C:\Users\sthem\OneDrive\Documentos\GitHub\master-2025\3-Datasets\img-lcm\img_dir_annotated\train\uninfected\2022_03_21_11_03_01_15_cell0019.png,0,transpose,7089,ok,0,0.0,0
train,2022_03_21_11_03_01_15,20,"(1044, 485, 1087, 546)",0.0,0,C:\Users\sthem\OneDrive\Documentos\GitHub\master-2025\3-Datasets\img-lcm\img_dir_annotated\train\uninfected\2022_03_21_11_03_01_15_cell0020.png,0,transpose,7089,ok,0,0.0,0
train,2022_03_21_11_03_01_23,1,"(1, 1215, 49, 1271)",0.0,0,C:\Users\sthem\OneDrive\Documentos\GitHub\master-2025\3-Datasets\img-lcm\img_dir_annotated\train\uninfected\2022_03_21_11_03_01_23_cell0001.png,0,transpose,3267,ok,0,0.0,0
train,2022_03_21_11_03_01_23,2,"(46, 1187, 101, 1253)",0.0,0,C:\Users\sthem\OneDrive\Documentos\GitHub\master-2025\3-Datasets\img-lcm\img_dir_annotated\train\uninfected\2022_03_21_11_03_01_23_cell0002.png,0,transpose,3267,ok,0,0.0,0
train,2022_03_21_11_03_01_23,3,"(54, 1326, 110, 1394)",0.0,0,C:\Users\sthem\OneDrive\Documentos\GitHub\master-2025\3-Datasets\img-lcm\img_dir_annotated\train\uninfected\2022_03_21_11_03_01_23_cell0003.png,0,transpose,3267,ok,0,0.0,0
train,2022_03_21_11_03_01_23,4,"(69, 650, 146, 717)",0.0,0,C:\Users\sthem\OneDrive\Documentos\GitHub\master-2025\3-Datasets\img-lcm\img_dir_annotated\train\uninfected\2022_03_21_11_03_01_23_cell0004.png,0,transpose,3267,ok,0,0.0,0
train,2022_03_21_11_03_01_23,5,"(162, 2005, 237, 2047)",0.0,0,C:\Users\sthem\OneDrive\Documentos\GitHub\master-2025\3-Datasets\img-lcm\img_dir_annotated\train\uninfected\2022_03_21_11_03_01_23_cell0005.png,0,transpose,3267,ok,0,0.0,0
train,2022_03_21_11_03_01_23,6,"(212, 1847, 323, 1953)",0.0,0,C:\Users\sthem\OneDrive\Documentos\GitHub\master-2025\3-Datasets\img-lcm\img_dir_annotated\train\uninfected\2022_03_21_11_03_01_23_cell0006.png,0,transpose,3267,ok,0,0.0,0
train,2022_03_21_11_03_01_23,7,"(245, 1378, 317, 1437)",0.0,0,C:\Users\sthem\OneDrive\Documentos\GitHub\master-2025\3-Datasets\img-lcm\img_dir_annotated\train\uninfected\2022_03_21_11_03_01_23_cell0007.png,0,transpose,3267,ok,0,0.0,0
train,2022_03_21_11_03_01_23,8,"(247, 498, 304, 556)",0.0,0,C:\Users\sthem\OneDrive\Documentos\GitHub\master-2025\3-Datasets\img-lcm\img_dir_annotated\train\uninfected\2022_03_21_11_03_01_23_cell0008.png,0,transpose,3267,ok,0,0.0,0
train,2022_03_21_11_03_01_23,9,"(344, 722, 403, 776)",0.0,0,C:\Users\sthem\OneDrive\Documentos\GitHub\master-2025\3-Datasets\img-lcm\img_dir_annotated\train\uninfected\2022_03_21_11_03_01_23_cell0009.png,0,transpose,3267,ok,0,0.0,0
train,2022_03_21_11_03_01_23,10,"(551, 1538, 624, 1576)",0.0,0,C:\Users\sthem\OneDrive\Documentos\GitHub\master-2025\3-Datasets\img-lcm\img_dir_annotated\train\uninfected\2022_03_21_11_03_01_23_cell0010.png,0,transpose,3267,ok,0,0.0,0
train,2022_03_21_11_03_01_23,11,"(620, 2011, 687, 2047)",0.0,0,C:\Users\sthem\OneDrive\Documentos\GitHub\master-2025\3-Datasets\img-lcm\img_dir_annotated\train\uninfected\2022_03_21_11_03_01_23_cell0011.png,0,transpose,3267,ok,0,0.0,0
train,2022_03_21_11_03_01_23,12,"(663, 833, 727, 898)",1.0,1,C:\Users\sthem\OneDrive\Documentos\GitHub\master-2025\3-Datasets\img-lcm\img_dir_annotated\train\infected\2022_03_21_11_03_01_23_cell0012.png,0,transpose,3267,ok,1,0.9634615384615385,4008
train,2022_03_21_11_03_01_23,13,"(738, 1051, 793, 1121)",0.0,0,C:\Users\sthem\OneDrive\Documentos\GitHub\master-2025\3-Datasets\img-lcm\img_dir_annotated\train\uninfected\2022_03_21_11_03_01_23_cell0013.png,0,transpose,3267,ok,0,0.0,0
train,2022_03_21_11_03_01_23,14,"(820, 796, 862, 866)",0.0,0,C:\Users\sthem\OneDrive\Documentos\GitHub\master-2025\3-Datasets\img-lcm\img_dir_annotated\train\uninfected\2022_03_21_11_03_01_23_cell0014.png,0,transpose,3267,ok,0,0.0,0
train,2022_03_21_11_03_01_23,15,"(869, 303, 883, 319)",0.0,0,C:\Users\sthem\OneDrive\Documentos\GitHub\master-2025\3-Datasets\img-lcm\img_dir_annotated\train\uninfected\2022_03_21_11_03_01_23_cell0015.png,0,transpose,3267,ok,0,0.0,0
train,2022_03_21_11_03_01_32,1,"(0, 602, 65, 664)",0.5991119568664763,1,C:\Users\sthem\OneDrive\Documentos\GitHub\master-2025\3-Datasets\img-lcm\img_dir_annotated\train\infected\2022_03_21_11_03_01_32_cell0001.png,0,transpose,3745,ok,1,0.6235732009925559,2513
train,2022_03_21_11_03_01_32,2,"(87, 73, 170, 162)",0.0,0,C:\Users\sthem\OneDrive\Documentos\GitHub\master-2025\3-Datasets\img-lcm\img_dir_annotated\train\uninfected\2022_03_21_11_03_01_32_cell0002.png,0,transpose,3745,ok,0,0.0,0
train,2022_03_21_11_03_01_32,3,"(184, 1660, 249, 1716)",0.0,0,C:\Users\sthem\OneDrive\Documentos\GitHub\master-2025\3-Datasets\img-lcm\img_dir_annotated\train\uninfected\2022_03_21_11_03_01_32_cell0003.png,0,transpose,3745,ok,0,0.0,0
train,2022_03_21_11_03_01_32,4,"(227, 955, 314, 1022)",0.0,0,C:\Users\sthem\OneDrive\Documentos\GitHub\master-2025\3-Datasets\img-lcm\img_dir_annotated\train\uninfected\2022_03_21_11_03_01_32_cell0004.png,0,transpose,3745,ok,0,0.0,0
train,2022_03_21_11_03_01_32,5,"(313, 510, 357, 574)",0.0,0,C:\Users\sthem\OneDrive\Documentos\GitHub\master-2025\3-Datasets\img-lcm\img_dir_annotated\train\uninfected\2022_03_21_11_03_01_32_cell0005.png,0,transpose,3745,ok,0,0.0,0
train,2022_03_21_11_03_01_32,6,"(355, 880, 416, 943)",0.0,0,C:\Users\sthem\OneDrive\Documentos\GitHub\master-2025\3-Datasets\img-lcm\img_dir_annotated\train\uninfected\2022_03_21_11_03_01_32_cell0006.png,0,transpose,3745,ok,0,0.0,0
train,2022_03_21_11_03_01_32,7,"(386, 238, 456, 296)",0.0,0,C:\Users\sthem\OneDrive\Documentos\GitHub\master-2025\3-Datasets\img-lcm\img_dir_annotated\train\uninfected\2022_03_21_11_03_01_32_cell0007.png,0,transpose,3745,ok,0,0.0,0
train,2022_03_21_11_03_01_32,8,"(542, 923, 672, 991)",0.0,0,C:\Users\sthem\OneDrive\Documentos\GitHub\master-2025\3-Datasets\img-lcm\img_dir_annotated\train\uninfected\2022_03_21_11_03_01_32_cell0008.png,0,transpose,3745,ok,0,0.0,0
train,2022_03_21_11_03_01_32,9,"(611, 442, 689, 518)",0.0,0,C:\Users\sthem\OneDrive\Documentos\GitHub\master-2025\3-Datasets\img-lcm\img_dir_annotated\train\uninfected\2022_03_21_11_03_01_32_cell0009.png,0,transpose,3745,ok,0,0.0,0
train,2022_03_21_11_03_01_32,10,"(627, 1131, 636, 1140)",0.0,0,C:\Users\sthem\OneDrive\Documentos\GitHub\master-2025\3-Datasets\img-lcm\img_dir_annotated\train\uninfected\2022_03_21_11_03_01_32_cell0010.png,0,transpose,3745,ok,0,0.0,0
train,2022_03_21_11_03_01_32,11,"(760, 235, 814, 301)",0.6729514140681654,1,C:\Users\sthem\OneDrive\Documentos\GitHub\master-2025\3-Datasets\img-lcm\img_dir_annotated\train\infected\2022_03_21_11_03_01_32_cell0011.png,0,transpose,3745,ok,1,0.6843434343434344,2439
train,2022_03_21_11_03_01_32,12,"(825, 1325, 896, 1391)",0.0,0,C:\Users\sthem\OneDrive\Documentos\GitHub\master-2025\3-Datasets\img-lcm\img_dir_annotated\train\uninfected\2022_03_21_11_03_01_32_cell0012.png,0,transpose,3745,ok,0,0.0,0
train,2022_03_21_11_03_01_32,13,"(834, 810, 875, 863)",0.0,0,C:\Users\sthem\OneDrive\Documentos\GitHub\master-2025\3-Datasets\img-lcm\img_dir_annotated\train\uninfected\2022_03_21_11_03_01_32_cell0013.png,0,transpose,3745,ok,0,0.0,0
train,2022_03_21_11_03_01_32,14,"(906, 357, 1010, 469)",0.0,0,C:\Users\sthem\OneDrive\Documentos\GitHub\master-2025\3-Datasets\img-lcm\img_dir_annotated\train\uninfected\2022_03_21_11_03_01_32_cell0014.png,0,transpose,3745,ok,0,0.0,0
train,2022_03_21_11_03_01_32,15,"(940, 476, 1030, 563)",0.0,0,C:\Users\sthem\OneDrive\Documentos\GitHub\master-2025\3-Datasets\img-lcm\img_dir_annotated\train\uninfected\2022_03_21_11_03_01_32_cell0015.png,0,transpose,3745,ok,0,0.0,0
train,2022_03_21_11_03_01_32,16,"(962, 187, 1038, 248)",0.0,0,C:\Users\sthem\OneDrive\Documentos\GitHub\master-2025\3-Datasets\img-lcm\img_dir_annotated\train\uninfected\2022_03_21_11_03_01_32_cell0016.png,0,transpose,3745,ok,0,0.0,0
train,2022_03_21_11_03_01_32,17,"(978, 1791, 1043, 1848)",0.0,0,C:\Users\sthem\OneDrive\Documentos\GitHub\master-2025\3-Datasets\img-lcm\img_dir_annotated\train\uninfected\2022_03_21_11_03_01_32_cell0017.png,0,transpose,3745,ok,0,0.0,0
train,2022_03_21_11_03_01_32,18,"(985, 258, 1056, 305)",0.0,0,C:\Users\sthem\OneDrive\Documentos\GitHub\master-2025\3-Datasets\img-lcm\img_dir_annotated\train\uninfected\2022_03_21_11_03_01_32_cell0018.png,0,transpose,3745,ok,0,0.0,0
train,2022_03_21_11_03_01_32,19,"(1036, 584, 1088, 648)",0.0,0,C:\Users\sthem\OneDrive\Documentos\GitHub\master-2025\3-Datasets\img-lcm\img_dir_annotated\train\uninfected\2022_03_21_11_03_01_32_cell0019.png,0,transpose,3745,ok,0,0.0,0
train,2022_03_21_11_03_01_40,1,"(1, 219, 44, 274)",0.0,0,C:\Users\sthem\OneDrive\Documentos\GitHub\master-2025\3-Datasets\img-lcm\img_dir_annotated\train\uninfected\2022_03_21_11_03_01_40_cell0001.png,0,transpose,3024,ok,0,0.0,0
train,2022_03_21_11_03_01_40,2,"(164, 781, 221, 828)",0.0,0,C:\Users\sthem\OneDrive\Documentos\GitHub\master-2025\3-Datasets\img-lcm\img_dir_annotated\train\uninfected\2022_03_21_11_03_01_40_cell0002.png,0,transpose,3024,ok,0,0.0,0
train,2022_03_21_11_03_01_40,3,"(167, 616, 224, 683)",0.0,0,C:\Users\sthem\OneDrive\Documentos\GitHub\master-2025\3-Datasets\img-lcm\img_dir_annotated\train\uninfected\2022_03_21_11_03_01_40_cell0003.png,0,transpose,3024,ok,0,0.0,0
train,2022_03_21_11_03_01_40,4,"(201, 1823, 253, 1881)",0.0,0,C:\Users\sthem\OneDrive\Documentos\GitHub\master-2025\3-Datasets\img-lcm\img_dir_annotated\train\uninfected\2022_03_21_11_03_01_40_cell0004.png,0,transpose,3024,ok,0,0.0,0
train,2022_03_21_11_03_01_40,5,"(320, 1079, 375, 1136)",0.0,0,C:\Users\sthem\OneDrive\Documentos\GitHub\master-2025\3-Datasets\img-lcm\img_dir_annotated\train\uninfected\2022_03_21_11_03_01_40_cell0005.png,0,transpose,3024,ok,0,0.0,0
train,2022_03_21_11_03_01_40,6,"(390, 552, 452, 617)",0.0,0,C:\Users\sthem\OneDrive\Documentos\GitHub\master-2025\3-Datasets\img-lcm\img_dir_annotated\train\uninfected\2022_03_21_11_03_01_40_cell0006.png,0,transpose,3024,ok,0,0.0,0
train,2022_03_21_11_03_01_40,7,"(416, 99, 424, 107)",0.0,0,C:\Users\sthem\OneDrive\Documentos\GitHub\master-2025\3-Datasets\img-lcm\img_dir_annotated\train\uninfected\2022_03_21_11_03_01_40_cell0007.png,0,transpose,3024,ok,0,0.0,0
train,2022_03_21_11_03_01_40,8,"(442, 963, 451, 971)",0.0,0,C:\Users\sthem\OneDrive\Documentos\GitHub\master-2025\3-Datasets\img-lcm\img_dir_annotated\train\uninfected\2022_03_21_11_03_01_40_cell0008.png,0,transpose,3024,ok,0,0.0,0
train,2022_03_21_11_03_01_40,9,"(522, 1971, 573, 2013)",0.0,0,C:\Users\sthem\OneDrive\Documentos\GitHub\master-2025\3-Datasets\img-lcm\img_dir_annotated\train\uninfected\2022_03_21_11_03_01_40_cell0009.png,0,transpose,3024,ok,0,0.0,0
train,2022_03_21_11_03_01_40,10,"(555, 643, 603, 708)",0.4230445752733389,1,C:\Users\sthem\OneDrive\Documentos\GitHub\master-2025\3-Datasets\img-lcm\img_dir_annotated\train\infected\2022_03_21_11_03_01_40_cell0010.png,0,transpose,3024,ok,1,0.4705128205128205,1468
train,2022_03_21_11_03_01_40,11,"(598, 1266, 645, 1324)",0.4672549930329772,1,C:\Users\sthem\OneDrive\Documentos\GitHub\master-2025\3-Datasets\img-lcm\img_dir_annotated\train\infected\2022_03_21_11_03_01_40_cell0011.png,0,transpose,3024,ok,1,0.5176082171680118,1411
train,2022_03_21_11_03_01_40,12,"(600, 831, 655, 887)",0.4334047109207709,1,C:\Users\sthem\OneDrive\Documentos\GitHub\master-2025\3-Datasets\img-lcm\img_dir_annotated\train\infected\2022_03_21_11_03_01_40_cell0012.png,0,transpose,3024,ok,1,0.4785714285714286,1474
train,2022_03_21_11_03_01_40,13,"(614, 450, 675, 524)",0.0,0,C:\Users\sthem\OneDrive\Documentos\GitHub\master-2025\3-Datasets\img-lcm\img_dir_annotated\train\uninfected\2022_03_21_11_03_01_40_cell0013.png,0,transpose,3024,ok,0,0.0,0
train,2022_03_21_11_03_01_40,14,"(623, 1640, 716, 1762)",0.0,0,C:\Users\sthem\OneDrive\Documentos\GitHub\master-2025\3-Datasets\img-lcm\img_dir_annotated\train\uninfected\2022_03_21_11_03_01_40_cell0014.png,0,transpose,3024,ok,0,0.0,0
train,2022_03_21_11_03_01_40,15,"(719, 906, 783, 967)",0.0,0,C:\Users\sthem\OneDrive\Documentos\GitHub\master-2025\3-Datasets\img-lcm\img_dir_annotated\train\uninfected\2022_03_21_11_03_01_40_cell0015.png,0,transpose,3024,ok,0,0.0,0
train,2022_03_21_11_03_01_40,16,"(755, 711, 815, 769)",0.0,0,C:\Users\sthem\OneDrive\Documentos\GitHub\master-2025\3-Datasets\img-lcm\img_dir_annotated\train\uninfected\2022_03_21_11_03_01_40_cell0016.png,0,transpose,3024,ok,0,0.0,0
train,2022_03_21_11_03_01_40,17,"(781, 485, 848, 551)",0.0,0,C:\Users\sthem\OneDrive\Documentos\GitHub\master-2025\3-Datasets\img-lcm\img_dir_annotated\train\uninfected\2022_03_21_11_03_01_40_cell0017.png,0,transpose,3024,ok,0,0.0,0
train,2022_03_21_11_03_01_40,18,"(862, 555, 935, 606)",0.0,0,C:\Users\sthem\OneDrive\Documentos\GitHub\master-2025\3-Datasets\img-lcm\img_dir_annotated\train\uninfected\2022_03_21_11_03_01_40_cell0018.png,0,transpose,3024,ok,0,0.0,0
train,2022_03_21_11_03_01_40,19,"(869, 303, 883, 319)",0.0,0,C:\Users\sthem\OneDrive\Documentos\GitHub\master-2025\3-Datasets\img-lcm\img_dir_annotated\train\uninfected\2022_03_21_11_03_01_40_cell0019.png,0,transpose,3024,ok,0,0.0,0
train,2022_03_21_11_03_01_40,20,"(884, 1458, 948, 1520)",0.0,0,C:\Users\sthem\OneDrive\Documentos\GitHub\master-2025\3-Datasets\img-lcm\img_dir_annotated\train\uninfected\2022_03_21_11_03_01_40_cell0020.png,0,transpose,3024,ok,0,0.0,0
train,2022_03_21_11_03_01_40,21,"(951, 913, 993, 971)",0.0,0,C:\Users\sthem\OneDrive\Documentos\GitHub\master-2025\3-Datasets\img-lcm\img_dir_annotated\train\uninfected\2022_03_21_11_03_01_40_cell0021.png,0,transpose,3024,ok,0,0.0,0
train,2022_03_21_11_03_01_57,1,"(0, 1160, 51, 1220)",0.5901313171508158,1,C:\Users\sthem\OneDrive\Documentos\GitHub\master-2025\3-Datasets\img-lcm\img_dir_annotated\train\infected\2022_03_21_11_03_01_57_cell0001.png,0,transpose,9829,ok,1,0.6640522875816993,2032
train,2022_03_21_11_03_01_57,2,"(38, 718, 89, 785)",0.0,0,C:\Users\sthem\OneDrive\Documentos\GitHub\master-2025\3-Datasets\img-lcm\img_dir_annotated\train\uninfected\2022_03_21_11_03_01_57_cell0002.png,0,transpose,9829,ok,0,0.0,0
train,2022_03_21_11_03_01_57,3,"(179, 56, 243, 121)",0.0,0,C:\Users\sthem\OneDrive\Documentos\GitHub\master-2025\3-Datasets\img-lcm\img_dir_annotated\train\uninfected\2022_03_21_11_03_01_57_cell0003.png,0,transpose,9829,ok,0,0.0,0
train,2022_03_21_11_03_01_57,4,"(282, 566, 358, 649)",0.0,0,C:\Users\sthem\OneDrive\Documentos\GitHub\master-2025\3-Datasets\img-lcm\img_dir_annotated\train\uninfected\2022_03_21_11_03_01_57_cell0004.png,0,transpose,9829,ok,0,0.0,0
train,2022_03_21_11_03_01_57,5,"(321, 262, 379, 321)",0.9158016147635524,1,C:\Users\sthem\OneDrive\Documentos\GitHub\master-2025\3-Datasets\img-lcm\img_dir_annotated\train\infected\2022_03_21_11_03_01_57_cell0005.png,0,transpose,9829,ok,1,0.9050263004091175,3097
train,2022_03_21_11_03_01_57,6,"(587, 83, 661, 159)",0.0,0,C:\Users\sthem\OneDrive\Documentos\GitHub\master-2025\3-Datasets\img-lcm\img_dir_annotated\train\uninfected\2022_03_21_11_03_01_57_cell0006.png,0,transpose,9829,ok,0,0.0,0
train,2022_03_21_11_03_01_57,7,"(660, 714, 729, 780)",0.0,0,C:\Users\sthem\OneDrive\Documentos\GitHub\master-2025\3-Datasets\img-lcm\img_dir_annotated\train\uninfected\2022_03_21_11_03_01_57_cell0007.png,0,transpose,9829,ok,0,0.0,0
train,2022_03_21_11_03_01_57,8,"(673, 125, 754, 182)",0.0,0,C:\Users\sthem\OneDrive\Documentos\GitHub\master-2025\3-Datasets\img-lcm\img_dir_annotated\train\uninfected\2022_03_21_11_03_01_57_cell0008.png,0,transpose,9829,ok,0,0.0,0
train,2022_03_21_11_03_01_57,9,"(698, 403, 765, 450)",0.7190605239385727,1,C:\Users\sthem\OneDrive\Documentos\GitHub\master-2025\3-Datasets\img-lcm\img_dir_annotated\train\infected\2022_03_21_11_03_01_57_cell0009.png,0,transpose,9829,ok,1,0.7310257224515719,2302
train,2022_03_21_11_03_01_57,10,"(698, 1946, 708, 1956)",0.0,0,C:\Users\sthem\OneDrive\Documentos\GitHub\master-2025\3-Datasets\img-lcm\img_dir_annotated\train\uninfected\2022_03_21_11_03_01_57_cell0010.png,0,transpose,9829,ok,0,0.0,0
train,2022_03_21_11_03_01_57,11,"(738, 1123, 784, 1187)",0.9066834804539724,1,C:\Users\sthem\OneDrive\Documentos\GitHub\master-2025\3-Datasets\img-lcm\img_dir_annotated\train\infected\2022_03_21_11_03_01_57_cell0011.png,0,transpose,9829,ok,1,0.9018342391304348,2655
train,2022_03_21_11_03_01_57,12,"(756, 1341, 856, 1440)",0.0,0,C:\Users\sthem\OneDrive\Documentos\GitHub\master-2025\3-Datasets\img-lcm\img_dir_annotated\train\uninfected\2022_03_21_11_03_01_57_cell0012.png,0,transpose,9829,ok,0,0.0,0
train,2022_03_21_11_03_01_57,13,"(817, 1144, 873, 1200)",0.8899156287665729,1,C:\Users\sthem\OneDrive\Documentos\GitHub\master-2025\3-Datasets\img-lcm\img_dir_annotated\train\infected\2022_03_21_11_03_01_57_cell0013.png,0,transpose,9829,ok,1,0.8919005102040817,2797
train,2022_03_21_11_03_01_57,14,"(986, 953, 1067, 1037)",0.0,0,C:\Users\sthem\OneDrive\Documentos\GitHub\master-2025\3-Datasets\img-lcm\img_dir_annotated\train\uninfected\2022_03_21_11_03_01_57_cell0014.png,0,transpose,9829,ok,0,0.0,0
train,2022_03_21_11_03_01_70,1,"(11, 1785, 45, 1841)",0.0,0,C:\Users\sthem\OneDrive\Documentos\GitHub\master-2025\3-Datasets\img-lcm\img_dir_annotated\train\uninfected\2022_03_21_11_03_01_70_cell0001.png,0,transpose,4504,ok,0,0.0,0
train,2022_03_21_11_03_01_70,2,"(35, 71, 92, 135)",0.5806079261254329,1,C:\Users\sthem\OneDrive\Documentos\GitHub\master-2025\3-Datasets\img-lcm\img_dir_annotated\train\infected\2022_03_21_11_03_01_70_cell0002.png,0,transpose,4504,ok,1,0.5800438596491229,2116
train,2022_03_21_11_03_01_70,3,"(114, 1891, 171, 1955)",0.0,0,C:\Users\sthem\OneDrive\Documentos\GitHub\master-2025\3-Datasets\img-lcm\img_dir_annotated\train\uninfected\2022_03_21_11_03_01_70_cell0003.png,0,transpose,4504,ok,0,0.0,0
train,2022_03_21_11_03_01_70,4,"(115, 1510, 160, 1578)",0.0,0,C:\Users\sthem\OneDrive\Documentos\GitHub\master-2025\3-Datasets\img-lcm\img_dir_annotated\train\uninfected\2022_03_21_11_03_01_70_cell0004.png,0,transpose,4504,ok,0,0.0,0
train,2022_03_21_11_03_01_70,5,"(276, 1714, 334, 1793)",0.0,0,C:\Users\sthem\OneDrive\Documentos\GitHub\master-2025\3-Datasets\img-lcm\img_dir_annotated\train\uninfected\2022_03_21_11_03_01_70_cell0005.png,0,transpose,4504,ok,0,0.0,0
train,2022_03_21_11_03_01_70,6,"(402, 1998, 442, 2046)",0.0,0,C:\Users\sthem\OneDrive\Documentos\GitHub\master-2025\3-Datasets\img-lcm\img_dir_annotated\train\uninfected\2022_03_21_11_03_01_70_cell0006.png,0,transpose,4504,ok,0,0.0,0
train,2022_03_21_11_03_01_70,7,"(411, 323, 420, 332)",0.0,0,C:\Users\sthem\OneDrive\Documentos\GitHub\master-2025\3-Datasets\img-lcm\img_dir_annotated\train\uninfected\2022_03_21_11_03_01_70_cell0007.png,0,transpose,4504,ok,0,0.0,0
train,2022_03_21_11_03_01_70,8,"(465, 1679, 529, 1756)",0.0,0,C:\Users\sthem\OneDrive\Documentos\GitHub\master-2025\3-Datasets\img-lcm\img_dir_annotated\train\uninfected\2022_03_21_11_03_01_70_cell0008.png,0,transpose,4504,ok,0,0.0,0
train,2022_03_21_11_03_01_70,9,"(474, 969, 516, 1041)",0.0,0,C:\Users\sthem\OneDrive\Documentos\GitHub\master-2025\3-Datasets\img-lcm\img_dir_annotated\train\uninfected\2022_03_21_11_03_01_70_cell0009.png,0,transpose,4504,ok,0,0.0,0
train,2022_03_21_11_03_01_70,10,"(508, 1297, 542, 1354)",0.0,0,C:\Users\sthem\OneDrive\Documentos\GitHub\master-2025\3-Datasets\img-lcm\img_dir_annotated\train\uninfected\2022_03_21_11_03_01_70_cell0010.png,0,transpose,4504,ok,0,0.0,0
train,2022_03_21_11_03_01_70,11,"(574, 722, 627, 789)",0.0,0,C:\Users\sthem\OneDrive\Documentos\GitHub\master-2025\3-Datasets\img-lcm\img_dir_annotated\train\uninfected\2022_03_21_11_03_01_70_cell0011.png,0,transpose,4504,ok,0,0.0,0
train,2022_03_21_11_03_01_70,12,"(621, 2011, 688, 2047)",0.0,0,C:\Users\sthem\OneDrive\Documentos\GitHub\master-2025\3-Datasets\img-lcm\img_dir_annotated\train\uninfected\2022_03_21_11_03_01_70_cell0012.png,0,transpose,4504,ok,0,0.0,0
train,2022_03_21_11_03_01_70,13,"(760, 1146, 827, 1219)",0.0,0,C:\Users\sthem\OneDrive\Documentos\GitHub\master-2025\3-Datasets\img-lcm\img_dir_annotated\train\uninfected\2022_03_21_11_03_01_70_cell0013.png,0,transpose,4504,ok,0,0.0,0
train,2022_03_21_11_03_01_70,14,"(889, 465, 951, 541)",0.0,0,C:\Users\sthem\OneDrive\Documentos\GitHub\master-2025\3-Datasets\img-lcm\img_dir_annotated\train\uninfected\2022_03_21_11_03_01_70_cell0014.png,0,transpose,4504,ok,0,0.0,0
train,2022_03_21_11_03_01_70,15,"(916, 398, 956, 463)",0.0,0,C:\Users\sthem\OneDrive\Documentos\GitHub\master-2025\3-Datasets\img-lcm\img_dir_annotated\train\uninfected\2022_03_21_11_03_01_70_cell0015.png,0,transpose,4504,ok,0,0.0,0
train,2022_03_21_11_03_01_70,16,"(928, 1430, 971, 1501)",0.0,0,C:\Users\sthem\OneDrive\Documentos\GitHub\master-2025\3-Datasets\img-lcm\img_dir_annotated\train\uninfected\2022_03_21_11_03_01_70_cell0016.png,0,transpose,4504,ok,0,0.0,0
train,2022_03_21_11_03_01_70,17,"(943, 1090, 1028, 1147)",0.0,0,C:\Users\sthem\OneDrive\Documentos\GitHub\master-2025\3-Datasets\img-lcm\img_dir_annotated\train\uninfected\2022_03_21_11_03_01_70_cell0017.png,0,transpose,4504,ok,0,0.0,0
train,2022_03_21_11_03_01_70,18,"(959, 901, 1035, 985)",0.6134780827529701,1,C:\Users\sthem\OneDrive\Documentos\GitHub\master-2025\3-Datasets\img-lcm\img_dir_annotated\train\infected\2022_03_21_11_03_01_70_cell0018.png,0,transpose,4504,ok,1,0.5946115288220551,3796
train,2022_03_21_11_03_01_70,19,"(965, 1668, 1055, 1745)",0.0,0,C:\Users\sthem\OneDrive\Documentos\GitHub\master-2025\3-Datasets\img-lcm\img_dir_annotated\train\uninfected\2022_03_21_11_03_01_70_cell0019.png,0,transpose,4504,ok,0,0.0,0
train,2022_03_21_11_03_01_77,1,"(2, 321, 55, 384)",0.0,0,C:\Users\sthem\OneDrive\Documentos\GitHub\master-2025\3-Datasets\img-lcm\img_dir_annotated\train\uninfected\2022_03_21_11_03_01_77_cell0001.png,0,transpose,2552,ok,0,0.0,0
train,2022_03_21_11_03_01_77,2,"(215, 1111, 285, 1165)",0.0,0,C:\Users\sthem\OneDrive\Documentos\GitHub\master-2025\3-Datasets\img-lcm\img_dir_annotated\train\uninfected\2022_03_21_11_03_01_77_cell0002.png,0,transpose,2552,ok,0,0.0,0
train,2022_03_21_11_03_01_77,3,"(250, 38, 306, 97)",0.0,0,C:\Users\sthem\OneDrive\Documentos\GitHub\master-2025\3-Datasets\img-lcm\img_dir_annotated\train\uninfected\2022_03_21_11_03_01_77_cell0003.png,0,transpose,2552,ok,0,0.0,0
train,2022_03_21_11_03_01_77,4,"(300, 925, 355, 973)",0.0,0,C:\Users\sthem\OneDrive\Documentos\GitHub\master-2025\3-Datasets\img-lcm\img_dir_annotated\train\uninfected\2022_03_21_11_03_01_77_cell0004.png,0,transpose,2552,ok,0,0.0,0
train,2022_03_21_11_03_01_77,5,"(452, 1458, 525, 1522)",0.0,0,C:\Users\sthem\OneDrive\Documentos\GitHub\master-2025\3-Datasets\img-lcm\img_dir_annotated\train\uninfected\2022_03_21_11_03_01_77_cell0005.png,0,transpose,2552,ok,0,0.0,0
train,2022_03_21_11_03_01_77,6,"(461, 1227, 512, 1285)",0.0,0,C:\Users\sthem\OneDrive\Documentos\GitHub\master-2025\3-Datasets\img-lcm\img_dir_annotated\train\uninfected\2022_03_21_11_03_01_77_cell0006.png,0,transpose,2552,ok,0,0.0,0
train,2022_03_21_11_03_01_77,7,"(467, 380, 537, 453)",0.0,0,C:\Users\sthem\OneDrive\Documentos\GitHub\master-2025\3-Datasets\img-lcm\img_dir_annotated\train\uninfected\2022_03_21_11_03_01_77_cell0007.png,0,transpose,2552,ok,0,0.0,0
train,2022_03_21_11_03_01_77,8,"(475, 303, 545, 359)",0.0,0,C:\Users\sthem\OneDrive\Documentos\GitHub\master-2025\3-Datasets\img-lcm\img_dir_annotated\train\uninfected\2022_03_21_11_03_01_77_cell0008.png,0,transpose,2552,ok,0,0.0,0
train,2022_03_21_11_03_01_77,9,"(551, 91, 632, 135)",0.0,0,C:\Users\sthem\OneDrive\Documentos\GitHub\master-2025\3-Datasets\img-lcm\img_dir_annotated\train\uninfected\2022_03_21_11_03_01_77_cell0009.png,0,transpose,2552,ok,0,0.0,0
train,2022_03_21_11_03_01_77,10,"(621, 2013, 686, 2047)",0.0,0,C:\Users\sthem\OneDrive\Documentos\GitHub\master-2025\3-Datasets\img-lcm\img_dir_annotated\train\uninfected\2022_03_21_11_03_01_77_cell0010.png,0,transpose,2552,ok,0,0.0,0
train,2022_03_21_11_03_01_77,11,"(636, 332, 715, 410)",0.0,0,C:\Users\sthem\OneDrive\Documentos\GitHub\master-2025\3-Datasets\img-lcm\img_dir_annotated\train\uninfected\2022_03_21_11_03_01_77_cell0011.png,0,transpose,2552,ok,0,0.0,0
train,2022_03_21_11_03_01_77,12,"(741, 1114, 798, 1167)",0.0,0,C:\Users\sthem\OneDrive\Documentos\GitHub\master-2025\3-Datasets\img-lcm\img_dir_annotated\train\uninfected\2022_03_21_11_03_01_77_cell0012.png,0,transpose,2552,ok,0,0.0,0
train,2022_03_21_11_03_01_77,13,"(777, 709, 839, 779)",0.0,0,C:\Users\sthem\OneDrive\Documentos\GitHub\master-2025\3-Datasets\img-lcm\img_dir_annotated\train\uninfected\2022_03_21_11_03_01_77_cell0013.png,0,transpose,2552,ok,0,0.0,0
train,2022_03_21_11_03_01_77,14,"(1019, 1233, 1079, 1300)",0.8339869281045752,1,C:\Users\sthem\OneDrive\Documentos\GitHub\master-2025\3-Datasets\img-lcm\img_dir_annotated\train\infected\2022_03_21_11_03_01_77_cell0014.png,0,transpose,2552,ok,1,0.8029850746268656,3228
train,2022_03_21_11_03_01_84,1,"(112, 1313, 173, 1386)",0.0,0,C:\Users\sthem\OneDrive\Documentos\GitHub\master-2025\3-Datasets\img-lcm\img_dir_annotated\train\uninfected\2022_03_21_11_03_01_84_cell0001.png,0,rot270,2798,ok,0,0.0,0
train,2022_03_21_11_03_01_84,2,"(292, 529, 369, 610)",0.0,0,C:\Users\sthem\OneDrive\Documentos\GitHub\master-2025\3-Datasets\img-lcm\img_dir_annotated\train\uninfected\2022_03_21_11_03_01_84_cell0002.png,0,rot270,2798,ok,0,0.0,0
train,2022_03_21_11_03_01_84,3,"(295, 1948, 363, 2015)",0.0,0,C:\Users\sthem\OneDrive\Documentos\GitHub\master-2025\3-Datasets\img-lcm\img_dir_annotated\train\uninfected\2022_03_21_11_03_01_84_cell0003.png,0,rot270,2798,ok,0,0.0,0
train,2022_03_21_11_03_01_84,4,"(311, 17, 344, 81)",0.0,0,C:\Users\sthem\OneDrive\Documentos\GitHub\master-2025\3-Datasets\img-lcm\img_dir_annotated\train\uninfected\2022_03_21_11_03_01_84_cell0004.png,0,rot270,2798,ok,0,0.0,0
train,2022_03_21_11_03_01_84,5,"(336, 1329, 400, 1380)",0.0,0,C:\Users\sthem\OneDrive\Documentos\GitHub\master-2025\3-Datasets\img-lcm\img_dir_annotated\train\uninfected\2022_03_21_11_03_01_84_cell0005.png,0,rot270,2798,ok,0,0.0,0
train,2022_03_21_11_03_01_84,6,"(417, 643, 511, 717)",0.0,0,C:\Users\sthem\OneDrive\Documentos\GitHub\master-2025\3-Datasets\img-lcm\img_dir_annotated\train\uninfected\2022_03_21_11_03_01_84_cell0006.png,0,rot270,2798,ok,0,0.0,0
train,2022_03_21_11_03_01_84,7,"(428, 1675, 466, 1715)",0.0,0,C:\Users\sthem\OneDrive\Documentos\GitHub\master-2025\3-Datasets\img-lcm\img_dir_annotated\train\uninfected\2022_03_21_11_03_01_84_cell0007.png,0,rot270,2798,ok,0,0.0,0
train,2022_03_21_11_03_01_84,8,"(569, 649, 653, 741)",0.0,0,C:\Users\sthem\OneDrive\Documentos\GitHub\master-2025\3-Datasets\img-lcm\img_dir_annotated\train\uninfected\2022_03_21_11_03_01_84_cell0008.png,0,rot270,2798,ok,0,0.0,0
train,2022_03_21_11_03_01_84,9,"(578, 278, 627, 321)",0.0,0,C:\Users\sthem\OneDrive\Documentos\GitHub\master-2025\3-Datasets\img-lcm\img_dir_annotated\train\uninfected\2022_03_21_11_03_01_84_cell0009.png,0,rot270,2798,ok,0,0.0,0
train,2022_03_21_11_03_01_84,10,"(583, 452, 658, 523)",0.0923450789793438,0,C:\Users\sthem\OneDrive\Documentos\GitHub\master-2025\3-Datasets\img-lcm\img_dir_annotated\train\uninfected\2022_03_21_11_03_01_84_cell0010.png,0,rot270,2798,ok,0,0.0,0
train,2022_03_21_11_03_01_84,11,"(610, 372, 660, 425)",0.0711154408183146,0,C:\Users\sthem\OneDrive\Documentos\GitHub\master-2025\3-Datasets\img-lcm\img_dir_annotated\train\uninfected\2022_03_21_11_03_01_84_cell0011.png,0,rot270,2798,ok,0,0.0,0
train,2022_03_21_11_03_01_84,12,"(617, 867, 753, 961)",0.2079655543595263,1,C:\Users\sthem\OneDrive\Documentos\GitHub\master-2025\3-Datasets\img-lcm\img_dir_annotated\train\uninfected\2022_03_21_11_03_01_84_cell0012.png,0,rot270,2798,ok,0,0.0,0
train,2022_03_21_11_03_01_84,13,"(658, 782, 720, 845)",0.0,0,C:\Users\sthem\OneDrive\Documentos\GitHub\master-2025\3-Datasets\img-lcm\img_dir_annotated\train\uninfected\2022_03_21_11_03_01_84_cell0013.png,0,rot270,2798,ok,0,0.0,0
train,2022_03_21_11_03_01_84,14,"(690, 476, 758, 529)",0.0,0,C:\Users\sthem\OneDrive\Documentos\GitHub\master-2025\3-Datasets\img-lcm\img_dir_annotated\train\uninfected\2022_03_21_11_03_01_84_cell0014.png,0,rot270,2798,ok,0,0.0,0
train,2022_03_21_11_03_01_84,15,"(702, 1073, 761, 1122)",0.0,0,C:\Users\sthem\OneDrive\Documentos\GitHub\master-2025\3-Datasets\img-lcm\img_dir_annotated\train\infected\2022_03_21_11_03_01_84_cell0015.png,0,rot270,2798,ok,1,1.0,2891
train,2022_03_21_11_03_01_84,16,"(721, 48, 789, 108)",0.0,0,C:\Users\sthem\OneDrive\Documentos\GitHub\master-2025\3-Datasets\img-lcm\img_dir_annotated\train\uninfected\2022_03_21_11_03_01_84_cell0016.png,0,rot270,2798,ok,0,0.0,0
train,2022_03_21_11_03_01_84,17,"(775, 1928, 843, 1991)",0.0,0,C:\Users\sthem\OneDrive\Documentos\GitHub\master-2025\3-Datasets\img-lcm\img_dir_annotated\train\uninfected\2022_03_21_11_03_01_84_cell0017.png,0,rot270,2798,ok,0,0.0,0
train,2022_03_21_11_03_01_84,18,"(813, 936, 883, 1009)",0.0,0,C:\Users\sthem\OneDrive\Documentos\GitHub\master-2025\3-Datasets\img-lcm\img_dir_annotated\train\uninfected\2022_03_21_11_03_01_84_cell0018.png,0,rot270,2798,ok,0,0.0,0
train,2022_03_21_11_03_01_84,19,"(814, 1191, 867, 1227)",0.2303523035230352,1,C:\Users\sthem\OneDrive\Documentos\GitHub\master-2025\3-Datasets\img-lcm\img_dir_annotated\train\uninfected\2022_03_21_11_03_01_84_cell0019.png,0,rot270,2798,ok,0,0.0,0
train,2022_03_21_11_03_01_90,1,"(62, 559, 130, 601)",0.0,0,C:\Users\sthem\OneDrive\Documentos\GitHub\master-2025\3-Datasets\img-lcm\img_dir_annotated\train\uninfected\2022_03_21_11_03_01_90_cell0001.png,0,transpose,2504,ok,0,0.0,0
train,2022_03_21_11_03_01_90,2,"(68, 1152, 130, 1217)",0.6361058601134215,1,C:\Users\sthem\OneDrive\Documentos\GitHub\master-2025\3-Datasets\img-lcm\img_dir_annotated\train\infected\2022_03_21_11_03_01_90_cell0002.png,0,transpose,2504,ok,1,0.6617866004962779,2667
train,2022_03_21_11_03_01_90,3,"(152, 1250, 192, 1316)",0.0,0,C:\Users\sthem\OneDrive\Documentos\GitHub\master-2025\3-Datasets\img-lcm\img_dir_annotated\train\uninfected\2022_03_21_11_03_01_90_cell0003.png,0,transpose,2504,ok,0,0.0,0
train,2022_03_21_11_03_01_90,4,"(382, 1262, 435, 1310)",0.3172007848266841,1,C:\Users\sthem\OneDrive\Documentos\GitHub\master-2025\3-Datasets\img-lcm\img_dir_annotated\train\infected\2022_03_21_11_03_01_90_cell0004.png,0,transpose,2504,ok,1,0.32154088050314467,818
train,2022_03_21_11_03_01_90,5,"(383, 1427, 464, 1469)",0.0,0,C:\Users\sthem\OneDrive\Documentos\GitHub\master-2025\3-Datasets\img-lcm\img_dir_annotated\train\uninfected\2022_03_21_11_03_01_90_cell0005.png,0,transpose,2504,ok,0,0.0,0
train,2022_03_21_11_03_01_90,6,"(411, 322, 421, 333)",0.0,0,C:\Users\sthem\OneDrive\Documentos\GitHub\master-2025\3-Datasets\img-lcm\img_dir_annotated\train\uninfected\2022_03_21_11_03_01_90_cell0006.png,0,transpose,2504,ok,0,0.0,0
train,2022_03_21_11_03_01_90,7,"(416, 99, 424, 107)",0.0,0,C:\Users\sthem\OneDrive\Documentos\GitHub\master-2025\3-Datasets\img-lcm\img_dir_annotated\train\uninfected\2022_03_21_11_03_01_90_cell0007.png,0,transpose,2504,ok,0,0.0,0
train,2022_03_21_11_03_01_90,8,"(429, 1584, 513, 1624)",0.0,0,C:\Users\sthem\OneDrive\Documentos\GitHub\master-2025\3-Datasets\img-lcm\img_dir_annotated\train\uninfected\2022_03_21_11_03_01_90_cell0008.png,0,transpose,2504,ok,0,0.0,0
train,2022_03_21_11_03_01_90,9,"(474, 503, 540, 551)",0.0,0,C:\Users\sthem\OneDrive\Documentos\GitHub\master-2025\3-Datasets\img-lcm\img_dir_annotated\train\uninfected\2022_03_21_11_03_01_90_cell0009.png,0,transpose,2504,ok,0,0.0,0
train,2022_03_21_11_03_01_90,10,"(595, 779, 709, 858)",0.0,0,C:\Users\sthem\OneDrive\Documentos\GitHub\master-2025\3-Datasets\img-lcm\img_dir_annotated\train\uninfected\2022_03_21_11_03_01_90_cell0010.png,0,transpose,2504,ok,0,0.0,0
train,2022_03_21_11_03_01_90,11,"(614, 903, 695, 999)",0.0,0,C:\Users\sthem\OneDrive\Documentos\GitHub\master-2025\3-Datasets\img-lcm\img_dir_annotated\train\uninfected\2022_03_21_11_03_01_90_cell0011.png,0,transpose,2504,ok,0,0.0,0
train,2022_03_21_11_03_01_90,12,"(621, 2013, 686, 2047)",0.0,0,C:\Users\sthem\OneDrive\Documentos\GitHub\master-2025\3-Datasets\img-lcm\img_dir_annotated\train\uninfected\2022_03_21_11_03_01_90_cell0012.png,0,transpose,2504,ok,0,0.0,0
train,2022_03_21_11_03_01_90,13,"(626, 1131, 636, 1141)",0.0,0,C:\Users\sthem\OneDrive\Documentos\GitHub\master-2025\3-Datasets\img-lcm\img_dir_annotated\train\uninfected\2022_03_21_11_03_01_90_cell0013.png,0,transpose,2504,ok,0,0.0,0
train,2022_03_21_11_03_01_90,14,"(743, 0, 815, 55)",0.0,0,C:\Users\sthem\OneDrive\Documentos\GitHub\master-2025\3-Datasets\img-lcm\img_dir_annotated\train\uninfected\2022_03_21_11_03_01_90_cell0014.png,0,transpose,2504,ok,0,0.0,0
train,2022_03_21_11_03_01_90,15,"(766, 325, 867, 410)",0.0,0,C:\Users\sthem\OneDrive\Documentos\GitHub\master-2025\3-Datasets\img-lcm\img_dir_annotated\train\uninfected\2022_03_21_11_03_01_90_cell0015.png,0,transpose,2504,ok,0,0.0,0
train,2022_03_21_11_03_02_11,1,"(16, 1128, 56, 1192)",0.0,0,C:\Users\sthem\OneDrive\Documentos\GitHub\master-2025\3-Datasets\img-lcm\img_dir_annotated\train\uninfected\2022_03_21_11_03_02_11_cell0001.png,0,transpose,9388,ok,0,0.0,0
train,2022_03_21_11_03_02_11,2,"(28, 356, 72, 433)",0.0,0,C:\Users\sthem\OneDrive\Documentos\GitHub\master-2025\3-Datasets\img-lcm\img_dir_annotated\train\uninfected\2022_03_21_11_03_02_11_cell0002.png,0,transpose,9388,ok,0,0.0,0
train,2022_03_21_11_03_02_11,3,"(76, 1927, 140, 1986)",0.0,0,C:\Users\sthem\OneDrive\Documentos\GitHub\master-2025\3-Datasets\img-lcm\img_dir_annotated\train\uninfected\2022_03_21_11_03_02_11_cell0003.png,0,transpose,9388,ok,0,0.07865466101694915,297
train,2022_03_21_11_03_02_11,4,"(92, 0, 160, 60)",0.0,0,C:\Users\sthem\OneDrive\Documentos\GitHub\master-2025\3-Datasets\img-lcm\img_dir_annotated\train\uninfected\2022_03_21_11_03_02_11_cell0004.png,0,transpose,9388,ok,0,0.0,0
train,2022_03_21_11_03_02_11,5,"(92, 644, 113, 708)",0.0,0,C:\Users\sthem\OneDrive\Documentos\GitHub\master-2025\3-Datasets\img-lcm\img_dir_annotated\train\uninfected\2022_03_21_11_03_02_11_cell0005.png,0,transpose,9388,ok,0,0.0,0
train,2022_03_21_11_03_02_11,6,"(122, 1885, 183, 1948)",1.0,1,C:\Users\sthem\OneDrive\Documentos\GitHub\master-2025\3-Datasets\img-lcm\img_dir_annotated\train\infected\2022_03_21_11_03_02_11_cell0006.png,0,transpose,9388,ok,1,0.9705958886286755,3730
train,2022_03_21_11_03_02_11,7,"(137, 1517, 199, 1578)",0.9806493932436864,1,C:\Users\sthem\OneDrive\Documentos\GitHub\master-2025\3-Datasets\img-lcm\img_dir_annotated\train\infected\2022_03_21_11_03_02_11_cell0007.png,0,transpose,9388,ok,1,0.9719725013220518,3676
train,2022_03_21_11_03_02_11,8,"(227, 1095, 275, 1175)",0.0,0,C:\Users\sthem\OneDrive\Documentos\GitHub\master-2025\3-Datasets\img-lcm\img_dir_annotated\train\uninfected\2022_03_21_11_03_02_11_cell0008.png,0,transpose,9388,ok,0,0.0,0
train,2022_03_21_11_03_02_11,9,"(244, 1265, 317, 1338)",0.0,0,C:\Users\sthem\OneDrive\Documentos\GitHub\master-2025\3-Datasets\img-lcm\img_dir_annotated\train\uninfected\2022_03_21_11_03_02_11_cell0009.png,0,transpose,9388,ok,0,0.0,0
train,2022_03_21_11_03_02_11,10,"(447, 107, 499, 163)",0.0,0,C:\Users\sthem\OneDrive\Documentos\GitHub\master-2025\3-Datasets\img-lcm\img_dir_annotated\train\uninfected\2022_03_21_11_03_02_11_cell0010.png,0,transpose,9388,ok,0,0.0,0
train,2022_03_21_11_03_02_11,11,"(486, 991, 510, 1056)",0.0,0,C:\Users\sthem\OneDrive\Documentos\GitHub\master-2025\3-Datasets\img-lcm\img_dir_annotated\train\uninfected\2022_03_21_11_03_02_11_cell0011.png,0,transpose,9388,ok,0,0.0,0
train,2022_03_21_11_03_02_11,12,"(519, 1613, 607, 1678)",0.0,0,C:\Users\sthem\OneDrive\Documentos\GitHub\master-2025\3-Datasets\img-lcm\img_dir_annotated\train\uninfected\2022_03_21_11_03_02_11_cell0012.png,0,transpose,9388,ok,0,0.0,0
train,2022_03_21_11_03_02_11,13,"(542, 1761, 619, 1829)",0.0,0,C:\Users\sthem\OneDrive\Documentos\GitHub\master-2025\3-Datasets\img-lcm\img_dir_annotated\train\uninfected\2022_03_21_11_03_02_11_cell0013.png,0,transpose,9388,ok,0,0.0,0
train,2022_03_21_11_03_02_11,14,"(618, 2012, 687, 2048)",0.0,0,C:\Users\sthem\OneDrive\Documentos\GitHub\master-2025\3-Datasets\img-lcm\img_dir_annotated\train\uninfected\2022_03_21_11_03_02_11_cell0014.png,0,transpose,9388,ok,0,0.0,0
train,2022_03_21_11_03_02_11,15,"(650, 1744, 736, 1816)",0.0,0,C:\Users\sthem\OneDrive\Documentos\GitHub\master-2025\3-Datasets\img-lcm\img_dir_annotated\train\uninfected\2022_03_21_11_03_02_11_cell0015.png,0,transpose,9388,ok,0,0.0,0
train,2022_03_21_11_03_02_11,16,"(709, 779, 746, 848)",0.0,0,C:\Users\sthem\OneDrive\Documentos\GitHub\master-2025\3-Datasets\img-lcm\img_dir_annotated\train\uninfected\2022_03_21_11_03_02_11_cell0016.png,0,transpose,9388,ok,0,0.0,0
train,2022_03_21_11_03_02_11,17,"(728, 4, 805, 81)",0.0,0,C:\Users\sthem\OneDrive\Documentos\GitHub\master-2025\3-Datasets\img-lcm\img_dir_annotated\train\uninfected\2022_03_21_11_03_02_11_cell0017.png,0,transpose,9388,ok,0,0.0,0
train,2022_03_21_11_03_02_11,18,"(748, 1225, 843, 1324)",0.0,0,C:\Users\sthem\OneDrive\Documentos\GitHub\master-2025\3-Datasets\img-lcm\img_dir_annotated\train\uninfected\2022_03_21_11_03_02_11_cell0018.png,0,transpose,9388,ok,0,0.0,0
train,2022_03_21_11_03_02_11,19,"(1030, 1193, 1088, 1265)",0.9967561191388972,1,C:\Users\sthem\OneDrive\Documentos\GitHub\master-2025\3-Datasets\img-lcm\img_dir_annotated\train\infected\2022_03_21_11_03_02_11_cell0019.png,0,transpose,9388,ok,1,0.9691091954022989,4047
train,2022_03_21_11_03_02_11,20,"(1050, 1688, 1087, 1763)",0.0,0,C:\Users\sthem\OneDrive\Documentos\GitHub\master-2025\3-Datasets\img-lcm\img_dir_annotated\train\uninfected\2022_03_21_11_03_02_11_cell0020.png,0,transpose,9388,ok,0,0.0,0
train,2022_03_21_11_03_02_17,1,"(0, 813, 74, 853)",0.0,0,C:\Users\sthem\OneDrive\Documentos\GitHub\master-2025\3-Datasets\img-lcm\img_dir_annotated\train\uninfected\2022_03_21_11_03_02_17_cell0001.png,0,transpose,9980,ok,0,0.0,0
train,2022_03_21_11_03_02_17,2,"(9, 2, 105, 94)",0.0,0,C:\Users\sthem\OneDrive\Documentos\GitHub\master-2025\3-Datasets\img-lcm\img_dir_annotated\train\uninfected\2022_03_21_11_03_02_17_cell0002.png,0,transpose,9980,ok,0,0.0,0
train,2022_03_21_11_03_02_17,3,"(89, 47, 177, 160)",0.0,0,C:\Users\sthem\OneDrive\Documentos\GitHub\master-2025\3-Datasets\img-lcm\img_dir_annotated\train\uninfected\2022_03_21_11_03_02_17_cell0003.png,0,transpose,9980,ok,0,0.0,0
train,2022_03_21_11_03_02_17,4,"(225, 1304, 296, 1340)",0.0,0,C:\Users\sthem\OneDrive\Documentos\GitHub\master-2025\3-Datasets\img-lcm\img_dir_annotated\train\uninfected\2022_03_21_11_03_02_17_cell0004.png,0,transpose,9980,ok,0,0.0,0
train,2022_03_21_11_03_02_17,5,"(271, 1448, 333, 1519)",0.0,0,C:\Users\sthem\OneDrive\Documentos\GitHub\master-2025\3-Datasets\img-lcm\img_dir_annotated\train\uninfected\2022_03_21_11_03_02_17_cell0005.png,0,transpose,9980,ok,0,0.0,0
train,2022_03_21_11_03_02_17,6,"(371, 128, 379, 136)",0.0,0,C:\Users\sthem\OneDrive\Documentos\GitHub\master-2025\3-Datasets\img-lcm\img_dir_annotated\train\uninfected\2022_03_21_11_03_02_17_cell0006.png,0,transpose,9980,ok,0,0.0,0
train,2022_03_21_11_03_02_17,7,"(411, 322, 421, 333)",0.0,0,C:\Users\sthem\OneDrive\Documentos\GitHub\master-2025\3-Datasets\img-lcm\img_dir_annotated\train\uninfected\2022_03_21_11_03_02_17_cell0007.png,0,transpose,9980,ok,0,0.0,0
train,2022_03_21_11_03_02_17,8,"(415, 99, 425, 108)",0.0,0,C:\Users\sthem\OneDrive\Documentos\GitHub\master-2025\3-Datasets\img-lcm\img_dir_annotated\train\uninfected\2022_03_21_11_03_02_17_cell0008.png,0,transpose,9980,ok,0,0.0,0
train,2022_03_21_11_03_02_17,9,"(622, 1568, 668, 1618)",0.0,0,C:\Users\sthem\OneDrive\Documentos\GitHub\master-2025\3-Datasets\img-lcm\img_dir_annotated\train\uninfected\2022_03_21_11_03_02_17_cell0009.png,0,transpose,9980,ok,0,0.0,0
train,2022_03_21_11_03_02_17,10,"(650, 323, 698, 380)",0.0,0,C:\Users\sthem\OneDrive\Documentos\GitHub\master-2025\3-Datasets\img-lcm\img_dir_annotated\train\uninfected\2022_03_21_11_03_02_17_cell0010.png,0,transpose,9980,ok,0,0.0,0
train,2022_03_21_11_03_02_17,11,"(653, 1912, 714, 1975)",0.7759580740255486,1,C:\Users\sthem\OneDrive\Documentos\GitHub\master-2025\3-Datasets\img-lcm\img_dir_annotated\train\infected\2022_03_21_11_03_02_17_cell0011.png,0,transpose,9980,ok,1,0.7723132969034608,2968
train,2022_03_21_11_03_02_17,12,"(738, 1879, 800, 1940)",0.8054128126070572,1,C:\Users\sthem\OneDrive\Documentos\GitHub\master-2025\3-Datasets\img-lcm\img_dir_annotated\train\infected\2022_03_21_11_03_02_17_cell0012.png,0,transpose,9980,ok,1,0.7927022739291381,2998
train,2022_03_21_11_03_02_17,13,"(752, 604, 817, 670)",0.8552748885586924,1,C:\Users\sthem\OneDrive\Documentos\GitHub\master-2025\3-Datasets\img-lcm\img_dir_annotated\train\infected\2022_03_21_11_03_02_17_cell0013.png,0,transpose,9980,ok,1,0.8438228438228438,3620
train,2022_03_21_11_03_02_17,14,"(756, 272, 792, 332)",0.0,0,C:\Users\sthem\OneDrive\Documentos\GitHub\master-2025\3-Datasets\img-lcm\img_dir_annotated\train\uninfected\2022_03_21_11_03_02_17_cell0014.png,0,transpose,9980,ok,0,0.0,0
train,2022_03_21_11_03_02_17,15,"(758, 1036, 824, 1082)",0.0,0,C:\Users\sthem\OneDrive\Documentos\GitHub\master-2025\3-Datasets\img-lcm\img_dir_annotated\train\uninfected\2022_03_21_11_03_02_17_cell0015.png,0,transpose,9980,ok,0,0.0,0
train,2022_03_21_11_03_02_17,16,"(777, 1, 845, 52)",0.0,0,C:\Users\sthem\OneDrive\Documentos\GitHub\master-2025\3-Datasets\img-lcm\img_dir_annotated\train\uninfected\2022_03_21_11_03_02_17_cell0016.png,0,transpose,9980,ok,0,0.0,0
train,2022_03_21_11_03_02_17,17,"(802, 1491, 855, 1555)",0.0,0,C:\Users\sthem\OneDrive\Documentos\GitHub\master-2025\3-Datasets\img-lcm\img_dir_annotated\train\uninfected\2022_03_21_11_03_02_17_cell0017.png,0,transpose,9980,ok,0,0.0,0
train,2022_03_21_11_03_02_17,18,"(845, 1789, 906, 1854)",0.7703751617076326,1,C:\Users\sthem\OneDrive\Documentos\GitHub\master-2025\3-Datasets\img-lcm\img_dir_annotated\train\infected\2022_03_21_11_03_02_17_cell0018.png,0,transpose,9980,ok,1,0.760655737704918,3016
train,2022_03_21_11_03_02_17,19,"(876, 427, 918, 497)",0.0,0,C:\Users\sthem\OneDrive\Documentos\GitHub\master-2025\3-Datasets\img-lcm\img_dir_annotated\train\uninfected\2022_03_21_11_03_02_17_cell0019.png,0,transpose,9980,ok,0,0.0,0
train,2022_03_21_11_03_02_17,20,"(911, 694, 968, 773)",0.0,0,C:\Users\sthem\OneDrive\Documentos\GitHub\master-2025\3-Datasets\img-lcm\img_dir_annotated\train\uninfected\2022_03_21_11_03_02_17_cell0020.png,0,transpose,9980,ok,0,0.0,0
train,2022_03_21_11_03_02_17,21,"(930, 1611, 998, 1648)",0.0,0,C:\Users\sthem\OneDrive\Documentos\GitHub\master-2025\3-Datasets\img-lcm\img_dir_annotated\train\uninfected\2022_03_21_11_03_02_17_cell0021.png,0,transpose,9980,ok,0,0.0,0
train,2022_03_21_11_03_02_17,22,"(1020, 1013, 1086, 1048)",0.0,0,C:\Users\sthem\OneDrive\Documentos\GitHub\master-2025\3-Datasets\img-lcm\img_dir_annotated\train\uninfected\2022_03_21_11_03_02_17_cell0022.png,0,transpose,9980,ok,0,0.0,0
train,2022_03_21_11_03_02_31,1,"(0, 1253, 64, 1359)",0.0,0,C:\Users\sthem\OneDrive\Documentos\GitHub\master-2025\3-Datasets\img-lcm\img_dir_annotated\train\uninfected\2022_03_21_11_03_02_31_cell0001.png,0,transpose,7008,ok,0,0.0,0
train,2022_03_21_11_03_02_31,2,"(140, 110, 204, 167)",0.0,0,C:\Users\sthem\OneDrive\Documentos\GitHub\master-2025\3-Datasets\img-lcm\img_dir_annotated\train\uninfected\2022_03_21_11_03_02_31_cell0002.png,0,transpose,7008,ok,0,0.0,0
train,2022_03_21_11_03_02_31,3,"(191, 948, 221, 1013)",0.0,0,C:\Users\sthem\OneDrive\Documentos\GitHub\master-2025\3-Datasets\img-lcm\img_dir_annotated\train\uninfected\2022_03_21_11_03_02_31_cell0003.png,0,transpose,7008,ok,0,0.0,0
train,2022_03_21_11_03_02_31,4,"(206, 146, 285, 232)",0.0,0,C:\Users\sthem\OneDrive\Documentos\GitHub\master-2025\3-Datasets\img-lcm\img_dir_annotated\train\uninfected\2022_03_21_11_03_02_31_cell0004.png,0,transpose,7008,ok,0,0.0,0
train,2022_03_21_11_03_02_31,5,"(246, 1079, 311, 1177)",0.0,0,C:\Users\sthem\OneDrive\Documentos\GitHub\master-2025\3-Datasets\img-lcm\img_dir_annotated\train\uninfected\2022_03_21_11_03_02_31_cell0005.png,0,transpose,7008,ok,0,0.0,0
train,2022_03_21_11_03_02_31,6,"(304, 802, 359, 874)",0.7290748898678414,1,C:\Users\sthem\OneDrive\Documentos\GitHub\master-2025\3-Datasets\img-lcm\img_dir_annotated\train\infected\2022_03_21_11_03_02_31_cell0006.png,0,transpose,7008,ok,1,0.7353535353535353,2912
train,2022_03_21_11_03_02_31,7,"(306, 1259, 372, 1329)",0.6803325688073395,1,C:\Users\sthem\OneDrive\Documentos\GitHub\master-2025\3-Datasets\img-lcm\img_dir_annotated\train\infected\2022_03_21_11_03_02_31_cell0007.png,0,transpose,7008,ok,1,0.6642857142857143,3069
train,2022_03_21_11_03_02_31,8,"(393, 434, 448, 516)",0.0,0,C:\Users\sthem\OneDrive\Documentos\GitHub\master-2025\3-Datasets\img-lcm\img_dir_annotated\train\uninfected\2022_03_21_11_03_02_31_cell0008.png,0,transpose,7008,ok,0,0.0,0
train,2022_03_21_11_03_02_31,9,"(416, 99, 424, 107)",0.0,0,C:\Users\sthem\OneDrive\Documentos\GitHub\master-2025\3-Datasets\img-lcm\img_dir_annotated\train\uninfected\2022_03_21_11_03_02_31_cell0009.png,0,transpose,7008,ok,0,0.0,0
train,2022_03_21_11_03_02_31,10,"(552, 1584, 614, 1640)",0.0,0,C:\Users\sthem\OneDrive\Documentos\GitHub\master-2025\3-Datasets\img-lcm\img_dir_annotated\train\uninfected\2022_03_21_11_03_02_31_cell0010.png,0,transpose,7008,ok,0,0.0,0
train,2022_03_21_11_03_02_31,11,"(571, 1111, 643, 1160)",0.0,0,C:\Users\sthem\OneDrive\Documentos\GitHub\master-2025\3-Datasets\img-lcm\img_dir_annotated\train\uninfected\2022_03_21_11_03_02_31_cell0011.png,0,transpose,7008,ok,0,0.0,0
train,2022_03_21_11_03_02_31,12,"(620, 2011, 687, 2047)",0.0,0,C:\Users\sthem\OneDrive\Documentos\GitHub\master-2025\3-Datasets\img-lcm\img_dir_annotated\train\uninfected\2022_03_21_11_03_02_31_cell0012.png,0,transpose,7008,ok,0,0.0,0
train,2022_03_21_11_03_02_31,13,"(717, 124, 796, 180)",0.0,0,C:\Users\sthem\OneDrive\Documentos\GitHub\master-2025\3-Datasets\img-lcm\img_dir_annotated\train\uninfected\2022_03_21_11_03_02_31_cell0013.png,0,transpose,7008,ok,0,0.0,0
train,2022_03_21_11_03_02_31,14,"(864, 550, 933, 610)",0.0,0,C:\Users\sthem\OneDrive\Documentos\GitHub\master-2025\3-Datasets\img-lcm\img_dir_annotated\train\uninfected\2022_03_21_11_03_02_31_cell0014.png,0,transpose,7008,ok,0,0.0,0
train,2022_03_21_11_03_02_31,15,"(891, 1357, 951, 1415)",0.8733986435568952,1,C:\Users\sthem\OneDrive\Documentos\GitHub\master-2025\3-Datasets\img-lcm\img_dir_annotated\train\infected\2022_03_21_11_03_02_31_cell0015.png,0,transpose,7008,ok,1,0.839367816091954,2921
train,2022_03_21_11_03_02_31,16,"(989, 1623, 1056, 1683)",0.0,0,C:\Users\sthem\OneDrive\Documentos\GitHub\master-2025\3-Datasets\img-lcm\img_dir_annotated\train\uninfected\2022_03_21_11_03_02_31_cell0016.png,0,transpose,7008,ok,0,0.0,0
train,2022_03_21_11_03_02_31,17,"(1051, 465, 1086, 543)",0.0,0,C:\Users\sthem\OneDrive\Documentos\GitHub\master-2025\3-Datasets\img-lcm\img_dir_annotated\train\uninfected\2022_03_21_11_03_02_31_cell0017.png,0,transpose,7008,ok,0,0.0,0
train,2022_03_21_11_03_02_39,1,"(2, 1195, 54, 1241)",0.0,0,C:\Users\sthem\OneDrive\Documentos\GitHub\master-2025\3-Datasets\img-lcm\img_dir_annotated\train\uninfected\2022_03_21_11_03_02_39_cell0001.png,0,transpose,7873,ok,0,0.0,0
train,2022_03_21_11_03_02_39,2,"(85, 1849, 133, 1898)",0.0,0,C:\Users\sthem\OneDrive\Documentos\GitHub\master-2025\3-Datasets\img-lcm\img_dir_annotated\train\uninfected\2022_03_21_11_03_02_39_cell0002.png,0,transpose,7873,ok,0,0.0,0
train,2022_03_21_11_03_02_39,3,"(211, 1869, 278, 1904)",0.0,0,C:\Users\sthem\OneDrive\Documentos\GitHub\master-2025\3-Datasets\img-lcm\img_dir_annotated\train\uninfected\2022_03_21_11_03_02_39_cell0003.png,0,transpose,7873,ok,0,0.0,0
train,2022_03_21_11_03_02_39,4,"(286, 222, 363, 246)",0.0,0,C:\Users\sthem\OneDrive\Documentos\GitHub\master-2025\3-Datasets\img-lcm\img_dir_annotated\train\uninfected\2022_03_21_11_03_02_39_cell0004.png,0,transpose,7873,ok,0,0.0,0
train,2022_03_21_11_03_02_39,5,"(430, 1286, 495, 1350)",0.0,0,C:\Users\sthem\OneDrive\Documentos\GitHub\master-2025\3-Datasets\img-lcm\img_dir_annotated\train\uninfected\2022_03_21_11_03_02_39_cell0005.png,0,transpose,7873,ok,0,0.0,0
train,2022_03_21_11_03_02_39,6,"(446, 1963, 499, 2011)",0.8018818609513853,1,C:\Users\sthem\OneDrive\Documentos\GitHub\master-2025\3-Datasets\img-lcm\img_dir_annotated\train\infected\2022_03_21_11_03_02_39_cell0006.png,0,transpose,7873,ok,1,0.8168238993710691,2078
train,2022_03_21_11_03_02_39,7,"(528, 1452, 596, 1491)",0.0,0,C:\Users\sthem\OneDrive\Documentos\GitHub\master-2025\3-Datasets\img-lcm\img_dir_annotated\train\uninfected\2022_03_21_11_03_02_39_cell0007.png,0,transpose,7873,ok,0,0.0,0
train,2022_03_21_11_03_02_39,8,"(571, 834, 643, 884)",0.6349487088786699,1,C:\Users\sthem\OneDrive\Documentos\GitHub\master-2025\3-Datasets\img-lcm\img_dir_annotated\train\infected\2022_03_21_11_03_02_39_cell0008.png,0,transpose,7873,ok,1,0.6525,2349
train,2022_03_21_11_03_02_39,9,"(747, 419, 808, 479)",0.6475862068965518,1,C:\Users\sthem\OneDrive\Documentos\GitHub\master-2025\3-Datasets\img-lcm\img_dir_annotated\train\infected\2022_03_21_11_03_02_39_cell0009.png,0,transpose,7873,ok,1,0.6669398907103825,2441
train,2022_03_21_11_03_02_39,10,"(833, 932, 897, 988)",0.0,0,C:\Users\sthem\OneDrive\Documentos\GitHub\master-2025\3-Datasets\img-lcm\img_dir_annotated\train\uninfected\2022_03_21_11_03_02_39_cell0010.png,0,transpose,7873,ok,0,0.0,0
train,2022_03_21_11_03_02_39,11,"(848, 1758, 916, 1816)",0.0,0,C:\Users\sthem\OneDrive\Documentos\GitHub\master-2025\3-Datasets\img-lcm\img_dir_annotated\train\uninfected\2022_03_21_11_03_02_39_cell0011.png,0,transpose,7873,ok,0,0.0,0
train,2022_03_21_11_03_02_39,12,"(916, 1167, 990, 1226)",0.8586151368760064,1,C:\Users\sthem\OneDrive\Documentos\GitHub\master-2025\3-Datasets\img-lcm\img_dir_annotated\train\infected\2022_03_21_11_03_02_39_cell0012.png,0,transpose,7873,ok,1,0.8273018781493358,3612
train,2022_03_21_11_03_02_39,13,"(1032, 18, 1088, 104)",0.0,0,C:\Users\sthem\OneDrive\Documentos\GitHub\master-2025\3-Datasets\img-lcm\img_dir_annotated\train\uninfected\2022_03_21_11_03_02_39_cell0013.png,0,transpose,7873,ok,0,0.0,0
train,2022_03_21_11_03_02_39,14,"(1039, 411, 1088, 473)",0.0,0,C:\Users\sthem\OneDrive\Documentos\GitHub\master-2025\3-Datasets\img-lcm\img_dir_annotated\train\uninfected\2022_03_21_11_03_02_39_cell0014.png,0,transpose,7873,ok,0,0.0,0
train,2022_03_21_11_03_02_39,15,"(1052, 1647, 1087, 1706)",0.0,0,C:\Users\sthem\OneDrive\Documentos\GitHub\master-2025\3-Datasets\img-lcm\img_dir_annotated\train\uninfected\2022_03_21_11_03_02_39_cell0015.png,0,transpose,7873,ok,0,0.0,0
train,2022_03_21_11_03_02_47,1,"(66, 1049, 125, 1131)",0.0,0,C:\Users\sthem\OneDrive\Documentos\GitHub\master-2025\3-Datasets\img-lcm\img_dir_annotated\train\uninfected\2022_03_21_11_03_02_47_cell0001.png,0,transpose,12391,ok,0,0.0,0
train,2022_03_21_11_03_02_47,2,"(129, 944, 176, 1023)",0.0,0,C:\Users\sthem\OneDrive\Documentos\GitHub\master-2025\3-Datasets\img-lcm\img_dir_annotated\train\uninfected\2022_03_21_11_03_02_47_cell0002.png,0,transpose,12391,ok,0,0.0,0
train,2022_03_21_11_03_02_47,3,"(321, 1354, 386, 1425)",0.8118672665916761,1,C:\Users\sthem\OneDrive\Documentos\GitHub\master-2025\3-Datasets\img-lcm\img_dir_annotated\train\infected\2022_03_21_11_03_02_47_cell0003.png,0,transpose,12391,ok,1,0.7932827735644638,3661
train,2022_03_21_11_03_02_47,4,"(326, 463, 399, 545)",0.0,0,C:\Users\sthem\OneDrive\Documentos\GitHub\master-2025\3-Datasets\img-lcm\img_dir_annotated\train\uninfected\2022_03_21_11_03_02_47_cell0004.png,0,transpose,12391,ok,0,0.0,0
train,2022_03_21_11_03_02_47,5,"(372, 130, 379, 136)",0.0,0,C:\Users\sthem\OneDrive\Documentos\GitHub\master-2025\3-Datasets\img-lcm\img_dir_annotated\train\uninfected\2022_03_21_11_03_02_47_cell0005.png,0,transpose,12391,ok,0,0.0,0
train,2022_03_21_11_03_02_47,6,"(411, 322, 421, 333)",0.0,0,C:\Users\sthem\OneDrive\Documentos\GitHub\master-2025\3-Datasets\img-lcm\img_dir_annotated\train\uninfected\2022_03_21_11_03_02_47_cell0006.png,0,transpose,12391,ok,0,0.0,0
train,2022_03_21_11_03_02_47,7,"(415, 98, 425, 108)",0.0,0,C:\Users\sthem\OneDrive\Documentos\GitHub\master-2025\3-Datasets\img-lcm\img_dir_annotated\train\uninfected\2022_03_21_11_03_02_47_cell0007.png,0,transpose,12391,ok,0,0.0,0
train,2022_03_21_11_03_02_47,8,"(453, 487, 551, 602)",0.3797337617626807,1,C:\Users\sthem\OneDrive\Documentos\GitHub\master-2025\3-Datasets\img-lcm\img_dir_annotated\train\infected\2022_03_21_11_03_02_47_cell0008.png,0,transpose,12391,ok,1,0.36654835847382433,4131
train,2022_03_21_11_03_02_47,9,"(453, 978, 509, 1064)",0.0,0,C:\Users\sthem\OneDrive\Documentos\GitHub\master-2025\3-Datasets\img-lcm\img_dir_annotated\train\uninfected\2022_03_21_11_03_02_47_cell0009.png,0,transpose,12391,ok,0,0.0,0
train,2022_03_21_11_03_02_47,10,"(456, 62, 465, 71)",0.0,0,C:\Users\sthem\OneDrive\Documentos\GitHub\master-2025\3-Datasets\img-lcm\img_dir_annotated\train\uninfected\2022_03_21_11_03_02_47_cell0010.png,0,transpose,12391,ok,0,0.0,0
train,2022_03_21_11_03_02_47,11,"(553, 864, 597, 918)",0.0,0,C:\Users\sthem\OneDrive\Documentos\GitHub\master-2025\3-Datasets\img-lcm\img_dir_annotated\train\uninfected\2022_03_21_11_03_02_47_cell0011.png,0,transpose,12391,ok,0,0.0,0
train,2022_03_21_11_03_02_47,12,"(690, 725, 731, 774)",0.0,0,C:\Users\sthem\OneDrive\Documentos\GitHub\master-2025\3-Datasets\img-lcm\img_dir_annotated\train\uninfected\2022_03_21_11_03_02_47_cell0012.png,0,transpose,12391,ok,0,0.0,0
train,2022_03_21_11_03_02_47,13,"(717, 1534, 785, 1593)",0.9637122671804752,1,C:\Users\sthem\OneDrive\Documentos\GitHub\master-2025\3-Datasets\img-lcm\img_dir_annotated\train\infected\2022_03_21_11_03_02_47_cell0013.png,0,transpose,12391,ok,1,0.9147557328015952,3670
train,2022_03_21_11_03_02_47,14,"(725, 1323, 800, 1394)",0.0,0,C:\Users\sthem\OneDrive\Documentos\GitHub\master-2025\3-Datasets\img-lcm\img_dir_annotated\train\uninfected\2022_03_21_11_03_02_47_cell0014.png,0,transpose,12391,ok,0,0.0,0
train,2022_03_21_11_03_02_47,15,"(728, 176, 788, 246)",0.0,0,C:\Users\sthem\OneDrive\Documentos\GitHub\master-2025\3-Datasets\img-lcm\img_dir_annotated\train\uninfected\2022_03_21_11_03_02_47_cell0015.png,0,transpose,12391,ok,0,0.0,0
train,2022_03_21_11_03_02_47,16,"(739, 1638, 805, 1692)",0.0,0,C:\Users\sthem\OneDrive\Documentos\GitHub\master-2025\3-Datasets\img-lcm\img_dir_annotated\train\uninfected\2022_03_21_11_03_02_47_cell0016.png,0,transpose,12391,ok,0,0.0,0
train,2022_03_21_11_03_02_47,17,"(808, 196, 863, 261)",0.0,0,C:\Users\sthem\OneDrive\Documentos\GitHub\master-2025\3-Datasets\img-lcm\img_dir_annotated\train\uninfected\2022_03_21_11_03_02_47_cell0017.png,0,transpose,12391,ok,0,0.0,0
train,2022_03_21_11_03_02_47,18,"(924, 822, 1004, 885)",0.824896694214876,1,C:\Users\sthem\OneDrive\Documentos\GitHub\master-2025\3-Datasets\img-lcm\img_dir_annotated\train\infected\2022_03_21_11_03_02_47_cell0018.png,0,transpose,12391,ok,1,0.7761904761904762,3912
train,2022_03_21_11_03_02_47,19,"(1014, 566, 1085, 634)",0.0,0,C:\Users\sthem\OneDrive\Documentos\GitHub\master-2025\3-Datasets\img-lcm\img_dir_annotated\train\uninfected\2022_03_21_11_03_02_47_cell0019.png,0,transpose,12391,ok,0,0.0,0
train,2022_03_21_11_03_02_56,1,"(38, 1901, 124, 2002)",0.0,0,C:\Users\sthem\OneDrive\Documentos\GitHub\master-2025\3-Datasets\img-lcm\img_dir_annotated\train\uninfected\2022_03_21_11_03_02_56_cell0001.png,0,transpose,1359,ok,0,0.0,0
train,2022_03_21_11_03_02_56,2,"(139, 114, 187, 162)",0.7566815144766147,1,C:\Users\sthem\OneDrive\Documentos\GitHub\master-2025\3-Datasets\img-lcm\img_dir_annotated\train\infected\2022_03_21_11_03_02_56_cell0002.png,0,transpose,1359,ok,1,0.8042534722222222,1853
train,2022_03_21_11_03_02_56,3,"(183, 1130, 248, 1182)",0.0,0,C:\Users\sthem\OneDrive\Documentos\GitHub\master-2025\3-Datasets\img-lcm\img_dir_annotated\train\uninfected\2022_03_21_11_03_02_56_cell0003.png,0,transpose,1359,ok,0,0.0,0
train,2022_03_21_11_03_02_56,4,"(223, 513, 275, 601)",0.0,0,C:\Users\sthem\OneDrive\Documentos\GitHub\master-2025\3-Datasets\img-lcm\img_dir_annotated\train\uninfected\2022_03_21_11_03_02_56_cell0004.png,0,transpose,1359,ok,0,0.0,0
train,2022_03_21_11_03_02_56,5,"(256, 861, 330, 950)",0.0,0,C:\Users\sthem\OneDrive\Documentos\GitHub\master-2025\3-Datasets\img-lcm\img_dir_annotated\train\uninfected\2022_03_21_11_03_02_56_cell0005.png,0,transpose,1359,ok,0,0.0,0
train,2022_03_21_11_03_02_56,6,"(277, 743, 335, 822)",0.0,0,C:\Users\sthem\OneDrive\Documentos\GitHub\master-2025\3-Datasets\img-lcm\img_dir_annotated\train\uninfected\2022_03_21_11_03_02_56_cell0006.png,0,transpose,1359,ok,0,0.0,0
train,2022_03_21_11_03_02_56,7,"(301, 1249, 358, 1328)",0.0,0,C:\Users\sthem\OneDrive\Documentos\GitHub\master-2025\3-Datasets\img-lcm\img_dir_annotated\train\uninfected\2022_03_21_11_03_02_56_cell0007.png,0,transpose,1359,ok,0,0.0,0
train,2022_03_21_11_03_02_56,8,"(329, 1536, 394, 1608)",0.0,0,C:\Users\sthem\OneDrive\Documentos\GitHub\master-2025\3-Datasets\img-lcm\img_dir_annotated\train\uninfected\2022_03_21_11_03_02_56_cell0008.png,0,transpose,1359,ok,0,0.0,0
train,2022_03_21_11_03_02_56,9,"(513, 708, 569, 771)",0.0,0,C:\Users\sthem\OneDrive\Documentos\GitHub\master-2025\3-Datasets\img-lcm\img_dir_annotated\train\uninfected\2022_03_21_11_03_02_56_cell0009.png,0,transpose,1359,ok,0,0.0,0
train,2022_03_21_11_03_02_56,10,"(749, 1920, 817, 1996)",0.0,0,C:\Users\sthem\OneDrive\Documentos\GitHub\master-2025\3-Datasets\img-lcm\img_dir_annotated\train\uninfected\2022_03_21_11_03_02_56_cell0010.png,0,transpose,1359,ok,0,0.0,0
train,2022_03_21_11_03_02_56,11,"(874, 1767, 919, 1819)",0.0,0,C:\Users\sthem\OneDrive\Documentos\GitHub\master-2025\3-Datasets\img-lcm\img_dir_annotated\train\uninfected\2022_03_21_11_03_02_56_cell0011.png,0,transpose,1359,ok,0,0.0,0
train,2022_03_21_11_03_02_56,12,"(946, 98, 1017, 174)",0.0,0,C:\Users\sthem\OneDrive\Documentos\GitHub\master-2025\3-Datasets\img-lcm\img_dir_annotated\train\uninfected\2022_03_21_11_03_02_56_cell0012.png,0,transpose,1359,ok,0,0.0,0
train,2022_03_21_11_03_02_72,1,"(33, 517, 96, 593)",0.0,0,C:\Users\sthem\OneDrive\Documentos\GitHub\master-2025\3-Datasets\img-lcm\img_dir_annotated\train\uninfected\2022_03_21_11_03_02_72_cell0001.png,0,transpose,14802,ok,0,0.0,0
train,2022_03_21_11_03_02_72,2,"(59, 1287, 108, 1349)",0.9928571428571428,1,C:\Users\sthem\OneDrive\Documentos\GitHub\master-2025\3-Datasets\img-lcm\img_dir_annotated\train\infected\2022_03_21_11_03_02_72_cell0002.png,0,transpose,14802,ok,1,0.9822251481237656,2984
train,2022_03_21_11_03_02_72,3,"(62, 306, 107, 366)",0.0,0,C:\Users\sthem\OneDrive\Documentos\GitHub\master-2025\3-Datasets\img-lcm\img_dir_annotated\train\uninfected\2022_03_21_11_03_02_72_cell0003.png,0,transpose,14802,ok,0,0.0,0
train,2022_03_21_11_03_02_72,5,"(149, 1023, 220, 1083)",0.9181268882175226,1,C:\Users\sthem\OneDrive\Documentos\GitHub\master-2025\3-Datasets\img-lcm\img_dir_annotated\train\infected\2022_03_21_11_03_02_72_cell0005.png,0,transpose,14802,ok,1,0.8772300469483568,3737
train,2022_03_21_11_03_02_72,6,"(152, 493, 208, 554)",0.0,0,C:\Users\sthem\OneDrive\Documentos\GitHub\master-2025\3-Datasets\img-lcm\img_dir_annotated\train\uninfected\2022_03_21_11_03_02_72_cell0006.png,0,transpose,14802,ok,0,0.0,0
train,2022_03_21_11_03_02_72,7,"(246, 518, 332, 596)",0.0,0,C:\Users\sthem\OneDrive\Documentos\GitHub\master-2025\3-Datasets\img-lcm\img_dir_annotated\train\uninfected\2022_03_21_11_03_02_72_cell0007.png,0,transpose,14802,ok,0,0.0,0
train,2022_03_21_11_03_02_72,8,"(325, 1985, 396, 2047)",0.0,0,C:\Users\sthem\OneDrive\Documentos\GitHub\master-2025\3-Datasets\img-lcm\img_dir_annotated\train\uninfected\2022_03_21_11_03_02_72_cell0008.png,0,transpose,14802,ok,0,0.0,0
train,2022_03_21_11_03_02_72,9,"(403, 181, 466, 238)",0.0,0,C:\Users\sthem\OneDrive\Documentos\GitHub\master-2025\3-Datasets\img-lcm\img_dir_annotated\train\uninfected\2022_03_21_11_03_02_72_cell0009.png,0,transpose,14802,ok,0,0.0,0
train,2022_03_21_11_03_02_72,10,"(436, 1893, 520, 1973)",0.6452226874762086,1,C:\Users\sthem\OneDrive\Documentos\GitHub\master-2025\3-Datasets\img-lcm\img_dir_annotated\train\infected\2022_03_21_11_03_02_72_cell0010.png,0,transpose,14802,ok,1,0.622172619047619,4181
train,2022_03_21_11_03_02_72,11,"(488, 582, 543, 656)",0.0,0,C:\Users\sthem\OneDrive\Documentos\GitHub\master-2025\3-Datasets\img-lcm\img_dir_annotated\train\uninfected\2022_03_21_11_03_02_72_cell0011.png,0,transpose,14802,ok,0,0.0,0
train,2022_03_21_11_03_02_72,12,"(587, 88, 675, 176)",0.0,0,C:\Users\sthem\OneDrive\Documentos\GitHub\master-2025\3-Datasets\img-lcm\img_dir_annotated\train\uninfected\2022_03_21_11_03_02_72_cell0012.png,0,transpose,14802,ok,0,0.0,0
train,2022_03_21_11_03_02_72,13,"(680, 0, 752, 86)",0.0,0,C:\Users\sthem\OneDrive\Documentos\GitHub\master-2025\3-Datasets\img-lcm\img_dir_annotated\train\uninfected\2022_03_21_11_03_02_72_cell0013.png,0,transpose,14802,ok,0,0.0,0
train,2022_03_21_11_03_02_72,14,"(726, 409, 785, 459)",0.0,0,C:\Users\sthem\OneDrive\Documentos\GitHub\master-2025\3-Datasets\img-lcm\img_dir_annotated\train\uninfected\2022_03_21_11_03_02_72_cell0014.png,0,transpose,14802,ok,0,0.0,0
train,2022_03_21_11_03_02_72,15,"(839, 1316, 907, 1380)",0.0,0,C:\Users\sthem\OneDrive\Documentos\GitHub\master-2025\3-Datasets\img-lcm\img_dir_annotated\train\uninfected\2022_03_21_11_03_02_72_cell0015.png,0,transpose,14802,ok,0,0.0,0
train,2022_03_21_11_03_02_72,16,"(843, 709, 915, 777)",0.9230965113318056,1,C:\Users\sthem\OneDrive\Documentos\GitHub\master-2025\3-Datasets\img-lcm\img_dir_annotated\train\infected\2022_03_21_11_03_02_72_cell0016.png,0,transpose,14802,ok,1,0.880718954248366,4312
train,2022_03_21_11_03_02_72,17,"(992, 1126, 1045, 1191)",0.0,0,C:\Users\sthem\OneDrive\Documentos\GitHub\master-2025\3-Datasets\img-lcm\img_dir_annotated\train\uninfected\2022_03_21_11_03_02_72_cell0017.png,0,transpose,14802,ok,0,0.0,0
train,2022_03_21_11_03_02_72,18,"(994, 1832, 1052, 1894)",0.0,0,C:\Users\sthem\OneDrive\Documentos\GitHub\master-2025\3-Datasets\img-lcm\img_dir_annotated\train\uninfected\2022_03_21_11_03_02_72_cell0018.png,0,transpose,14802,ok,0,0.0,0
train,2022_03_21_11_03_02_72,19,"(1013, 1648, 1067, 1718)",0.7472959685349065,1,C:\Users\sthem\OneDrive\Documentos\GitHub\master-2025\3-Datasets\img-lcm\img_dir_annotated\train\infected\2022_03_21_11_03_02_72_cell0019.png,0,transpose,14802,ok,1,0.7560846560846561,2858
train,2022_03_21_11_03_02_72,20,"(1060, 502, 1086, 576)",0.0,0,C:\Users\sthem\OneDrive\Documentos\GitHub\master-2025\3-Datasets\img-lcm\img_dir_annotated\train\uninfected\2022_03_21_11_03_02_72_cell0020.png,0,transpose,14802,ok,0,0.0,0
train,2022_03_21_11_03_02_81,1,"(42, 1049, 106, 1113)",0.0,0,C:\Users\sthem\OneDrive\Documentos\GitHub\master-2025\3-Datasets\img-lcm\img_dir_annotated\train\uninfected\2022_03_21_11_03_02_81_cell0001.png,0,transpose,5194,ok,0,0.0,0
train,2022_03_21_11_03_02_81,2,"(51, 256, 120, 311)",0.0,0,C:\Users\sthem\OneDrive\Documentos\GitHub\master-2025\3-Datasets\img-lcm\img_dir_annotated\train\uninfected\2022_03_21_11_03_02_81_cell0002.png,0,transpose,5194,ok,0,0.0,0
train,2022_03_21_11_03_02_81,3,"(164, 1279, 235, 1348)",0.0,0,C:\Users\sthem\OneDrive\Documentos\GitHub\master-2025\3-Datasets\img-lcm\img_dir_annotated\train\uninfected\2022_03_21_11_03_02_81_cell0003.png,0,transpose,5194,ok,0,0.0,0
train,2022_03_21_11_03_02_81,4,"(174, 1746, 228, 1806)",0.5916436736302719,1,C:\Users\sthem\OneDrive\Documentos\GitHub\master-2025\3-Datasets\img-lcm\img_dir_annotated\train\infected\2022_03_21_11_03_02_81_cell0004.png,0,transpose,5194,ok,1,0.6216049382716049,2014
train,2022_03_21_11_03_02_81,5,"(288, 1021, 345, 1082)",0.0,0,C:\Users\sthem\OneDrive\Documentos\GitHub\master-2025\3-Datasets\img-lcm\img_dir_annotated\train\uninfected\2022_03_21_11_03_02_81_cell0005.png,0,transpose,5194,ok,0,0.0,0
train,2022_03_21_11_03_02_81,6,"(415, 99, 424, 107)",0.0,0,C:\Users\sthem\OneDrive\Documentos\GitHub\master-2025\3-Datasets\img-lcm\img_dir_annotated\train\uninfected\2022_03_21_11_03_02_81_cell0006.png,0,transpose,5194,ok,0,0.0,0
train,2022_03_21_11_03_02_81,7,"(471, 1901, 537, 1964)",0.0,0,C:\Users\sthem\OneDrive\Documentos\GitHub\master-2025\3-Datasets\img-lcm\img_dir_annotated\train\uninfected\2022_03_21_11_03_02_81_cell0007.png,0,transpose,5194,ok,0,0.0,0
train,2022_03_21_11_03_02_81,8,"(740, 1852, 823, 1935)",0.0,0,C:\Users\sthem\OneDrive\Documentos\GitHub\master-2025\3-Datasets\img-lcm\img_dir_annotated\train\uninfected\2022_03_21_11_03_02_81_cell0008.png,0,transpose,5194,ok,0,0.0,0
train,2022_03_21_11_03_02_81,9,"(746, 1988, 813, 2048)",0.0,0,C:\Users\sthem\OneDrive\Documentos\GitHub\master-2025\3-Datasets\img-lcm\img_dir_annotated\train\uninfected\2022_03_21_11_03_02_81_cell0009.png,0,transpose,5194,ok,0,0.0,0
train,2022_03_21_11_03_02_81,10,"(765, 922, 834, 988)",0.0,0,C:\Users\sthem\OneDrive\Documentos\GitHub\master-2025\3-Datasets\img-lcm\img_dir_annotated\train\uninfected\2022_03_21_11_03_02_81_cell0010.png,0,transpose,5194,ok,0,0.0,0
train,2022_03_21_11_03_02_81,11,"(776, 326, 847, 391)",0.5202646815550042,1,C:\Users\sthem\OneDrive\Documentos\GitHub\master-2025\3-Datasets\img-lcm\img_dir_annotated\train\infected\2022_03_21_11_03_02_81_cell0011.png,0,transpose,5194,ok,1,0.5440953412784398,2511
train,2022_03_21_11_03_02_81,12,"(788, 154, 866, 194)",0.0,0,C:\Users\sthem\OneDrive\Documentos\GitHub\master-2025\3-Datasets\img-lcm\img_dir_annotated\train\uninfected\2022_03_21_11_03_02_81_cell0012.png,0,transpose,5194,ok,0,0.0,0
train,2022_03_21_11_03_02_81,13,"(792, 1542, 855, 1601)",0.0,0,C:\Users\sthem\OneDrive\Documentos\GitHub\master-2025\3-Datasets\img-lcm\img_dir_annotated\train\uninfected\2022_03_21_11_03_02_81_cell0013.png,0,transpose,5194,ok,0,0.0,0
train,2022_03_21_11_03_02_81,14,"(860, 1939, 931, 2014)",0.0,0,C:\Users\sthem\OneDrive\Documentos\GitHub\master-2025\3-Datasets\img-lcm\img_dir_annotated\train\uninfected\2022_03_21_11_03_02_81_cell0014.png,0,transpose,5194,ok,0,0.0,0
train,2022_03_21_11_03_02_81,15,"(887, 811, 950, 900)",0.4342389997595576,1,C:\Users\sthem\OneDrive\Documentos\GitHub\master-2025\3-Datasets\img-lcm\img_dir_annotated\train\infected\2022_03_21_11_03_02_81_cell0015.png,0,transpose,5194,ok,1,0.4299982165150705,2411
train,2022_03_21_11_03_02_81,16,"(1065, 1054, 1088, 1113)",0.0,0,C:\Users\sthem\OneDrive\Documentos\GitHub\master-2025\3-Datasets\img-lcm\img_dir_annotated\train\uninfected\2022_03_21_11_03_02_81_cell0016.png,0,transpose,5194,ok,0,0.0,0
train,2022_03_21_11_03_02_89,1,"(80, 158, 136, 211)",0.0,0,C:\Users\sthem\OneDrive\Documentos\GitHub\master-2025\3-Datasets\img-lcm\img_dir_annotated\train\uninfected\2022_03_21_11_03_02_89_cell0001.png,0,transpose,2438,ok,0,0.0,0
train,2022_03_21_11_03_02_89,2,"(125, 1, 193, 33)",0.0,0,C:\Users\sthem\OneDrive\Documentos\GitHub\master-2025\3-Datasets\img-lcm\img_dir_annotated\train\uninfected\2022_03_21_11_03_02_89_cell0002.png,0,transpose,2438,ok,0,0.0,0
train,2022_03_21_11_03_02_89,3,"(181, 864, 247, 921)",0.0,0,C:\Users\sthem\OneDrive\Documentos\GitHub\master-2025\3-Datasets\img-lcm\img_dir_annotated\train\uninfected\2022_03_21_11_03_02_89_cell0003.png,0,transpose,2438,ok,0,0.0,0
train,2022_03_21_11_03_02_89,4,"(223, 1014, 293, 1074)",0.0,0,C:\Users\sthem\OneDrive\Documentos\GitHub\master-2025\3-Datasets\img-lcm\img_dir_annotated\train\uninfected\2022_03_21_11_03_02_89_cell0004.png,0,transpose,2438,ok,0,0.0,0
train,2022_03_21_11_03_02_89,5,"(244, 1405, 322, 1478)",0.0,0,C:\Users\sthem\OneDrive\Documentos\GitHub\master-2025\3-Datasets\img-lcm\img_dir_annotated\train\uninfected\2022_03_21_11_03_02_89_cell0005.png,0,transpose,2438,ok,0,0.0,0
train,2022_03_21_11_03_02_89,6,"(351, 2025, 397, 2046)",0.0,0,C:\Users\sthem\OneDrive\Documentos\GitHub\master-2025\3-Datasets\img-lcm\img_dir_annotated\train\uninfected\2022_03_21_11_03_02_89_cell0006.png,0,transpose,2438,ok,0,0.0,0
train,2022_03_21_11_03_02_89,7,"(411, 322, 421, 333)",0.0,0,C:\Users\sthem\OneDrive\Documentos\GitHub\master-2025\3-Datasets\img-lcm\img_dir_annotated\train\uninfected\2022_03_21_11_03_02_89_cell0007.png,0,transpose,2438,ok,0,0.0,0
train,2022_03_21_11_03_02_89,8,"(416, 99, 424, 107)",0.0,0,C:\Users\sthem\OneDrive\Documentos\GitHub\master-2025\3-Datasets\img-lcm\img_dir_annotated\train\uninfected\2022_03_21_11_03_02_89_cell0008.png,0,transpose,2438,ok,0,0.0,0
train,2022_03_21_11_03_02_89,9,"(445, 765, 504, 824)",0.0,0,C:\Users\sthem\OneDrive\Documentos\GitHub\master-2025\3-Datasets\img-lcm\img_dir_annotated\train\uninfected\2022_03_21_11_03_02_89_cell0009.png,0,transpose,2438,ok,0,0.0,0
train,2022_03_21_11_03_02_89,10,"(534, 1841, 592, 1912)",0.7604491578290705,1,C:\Users\sthem\OneDrive\Documentos\GitHub\master-2025\3-Datasets\img-lcm\img_dir_annotated\train\infected\2022_03_21_11_03_02_89_cell0010.png,0,transpose,2438,ok,1,0.7391937833899952,3044
train,2022_03_21_11_03_02_89,11,"(691, 1532, 749, 1596)",0.0,0,C:\Users\sthem\OneDrive\Documentos\GitHub\master-2025\3-Datasets\img-lcm\img_dir_annotated\train\uninfected\2022_03_21_11_03_02_89_cell0011.png,0,transpose,2438,ok,0,0.0,0
train,2022_03_21_11_03_02_89,12,"(729, 886, 792, 943)",0.0,0,C:\Users\sthem\OneDrive\Documentos\GitHub\master-2025\3-Datasets\img-lcm\img_dir_annotated\train\uninfected\2022_03_21_11_03_02_89_cell0012.png,0,transpose,2438,ok,0,0.0,0
train,2022_03_21_11_03_02_89,13,"(744, 1739, 814, 1816)",0.0,0,C:\Users\sthem\OneDrive\Documentos\GitHub\master-2025\3-Datasets\img-lcm\img_dir_annotated\train\uninfected\2022_03_21_11_03_02_89_cell0013.png,0,transpose,2438,ok,0,0.0,0
train,2022_03_21_11_03_02_89,14,"(871, 304, 882, 318)",0.0,0,C:\Users\sthem\OneDrive\Documentos\GitHub\master-2025\3-Datasets\img-lcm\img_dir_annotated\train\uninfected\2022_03_21_11_03_02_89_cell0014.png,0,transpose,2438,ok,0,0.0,0
train,2022_03_21_11_03_02_89,15,"(912, 1996, 976, 2047)",0.0,0,C:\Users\sthem\OneDrive\Documentos\GitHub\master-2025\3-Datasets\img-lcm\img_dir_annotated\train\uninfected\2022_03_21_11_03_02_89_cell0015.png,0,transpose,2438,ok,0,0.0,0
train,2022_03_21_11_03_02_89,16,"(919, 1752, 1014, 1835)",0.0,0,C:\Users\sthem\OneDrive\Documentos\GitHub\master-2025\3-Datasets\img-lcm\img_dir_annotated\train\uninfected\2022_03_21_11_03_02_89_cell0016.png,0,transpose,2438,ok,0,0.0,0
train,2022_03_21_11_03_02_89,17,"(950, 543, 1026, 605)",0.0,0,C:\Users\sthem\OneDrive\Documentos\GitHub\master-2025\3-Datasets\img-lcm\img_dir_annotated\train\uninfected\2022_03_21_11_03_02_89_cell0017.png,0,transpose,2438,ok,0,0.0,0
train,2022_03_21_11_03_02_89,18,"(971, 1174, 1031, 1220)",0.0,0,C:\Users\sthem\OneDrive\Documentos\GitHub\master-2025\3-Datasets\img-lcm\img_dir_annotated\train\uninfected\2022_03_21_11_03_02_89_cell0018.png,0,transpose,2438,ok,0,0.0,0
train,2022_03_21_11_03_02_89,19,"(1031, 421, 1084, 498)",0.0,0,C:\Users\sthem\OneDrive\Documentos\GitHub\master-2025\3-Datasets\img-lcm\img_dir_annotated\train\uninfected\2022_03_21_11_03_02_89_cell0019.png,0,transpose,2438,ok,0,0.0,0
train,2022_03_21_11_03_02_97,1,"(0, 428, 45, 472)",0.0,0,C:\Users\sthem\OneDrive\Documentos\GitHub\master-2025\3-Datasets\img-lcm\img_dir_annotated\train\uninfected\2022_03_21_11_03_02_97_cell0001.png,0,transpose,4491,ok,0,0.0,0
train,2022_03_21_11_03_02_97,2,"(2, 1432, 60, 1493)",0.0,0,C:\Users\sthem\OneDrive\Documentos\GitHub\master-2025\3-Datasets\img-lcm\img_dir_annotated\train\uninfected\2022_03_21_11_03_02_97_cell0002.png,0,transpose,4491,ok,0,0.0,0
train,2022_03_21_11_03_02_97,3,"(64, 1585, 161, 1676)",0.0,0,C:\Users\sthem\OneDrive\Documentos\GitHub\master-2025\3-Datasets\img-lcm\img_dir_annotated\train\uninfected\2022_03_21_11_03_02_97_cell0003.png,0,transpose,4491,ok,0,0.0,0
train,2022_03_21_11_03_02_97,4,"(159, 955, 190, 1019)",0.0,0,C:\Users\sthem\OneDrive\Documentos\GitHub\master-2025\3-Datasets\img-lcm\img_dir_annotated\train\uninfected\2022_03_21_11_03_02_97_cell0004.png,0,transpose,4491,ok,0,0.0,0
train,2022_03_21_11_03_02_97,5,"(272, 549, 322, 601)",0.0,0,C:\Users\sthem\OneDrive\Documentos\GitHub\master-2025\3-Datasets\img-lcm\img_dir_annotated\train\uninfected\2022_03_21_11_03_02_97_cell0005.png,0,transpose,4491,ok,0,0.0,0
train,2022_03_21_11_03_02_97,6,"(422, 1, 473, 25)",0.0,0,C:\Users\sthem\OneDrive\Documentos\GitHub\master-2025\3-Datasets\img-lcm\img_dir_annotated\train\uninfected\2022_03_21_11_03_02_97_cell0006.png,0,transpose,4491,ok,0,0.0,0
train,2022_03_21_11_03_02_97,7,"(440, 1707, 498, 1766)",0.0,0,C:\Users\sthem\OneDrive\Documentos\GitHub\master-2025\3-Datasets\img-lcm\img_dir_annotated\train\uninfected\2022_03_21_11_03_02_97_cell0007.png,0,transpose,4491,ok,0,0.0,0
train,2022_03_21_11_03_02_97,8,"(478, 1671, 568, 1730)",0.0,0,C:\Users\sthem\OneDrive\Documentos\GitHub\master-2025\3-Datasets\img-lcm\img_dir_annotated\train\uninfected\2022_03_21_11_03_02_97_cell0008.png,0,transpose,4491,ok,0,0.0,0
train,2022_03_21_11_03_02_97,9,"(487, 1739, 548, 1821)",0.0,0,C:\Users\sthem\OneDrive\Documentos\GitHub\master-2025\3-Datasets\img-lcm\img_dir_annotated\train\uninfected\2022_03_21_11_03_02_97_cell0009.png,0,transpose,4491,ok,0,0.0,0
train,2022_03_21_11_03_02_97,10,"(493, 594, 560, 649)",0.8536585365853658,1,C:\Users\sthem\OneDrive\Documentos\GitHub\master-2025\3-Datasets\img-lcm\img_dir_annotated\train\infected\2022_03_21_11_03_02_97_cell0010.png,0,transpose,4491,ok,1,0.8350067842605156,3077
train,2022_03_21_11_03_02_97,11,"(498, 1049, 551, 1108)",0.8883968113374667,1,C:\Users\sthem\OneDrive\Documentos\GitHub\master-2025\3-Datasets\img-lcm\img_dir_annotated\train\infected\2022_03_21_11_03_02_97_cell0011.png,0,transpose,4491,ok,1,0.8730412535976975,2730
train,2022_03_21_11_03_02_97,12,"(550, 886, 627, 980)",0.0,0,C:\Users\sthem\OneDrive\Documentos\GitHub\master-2025\3-Datasets\img-lcm\img_dir_annotated\train\uninfected\2022_03_21_11_03_02_97_cell0012.png,0,transpose,4491,ok,0,0.0,0
train,2022_03_21_11_03_02_97,13,"(590, 1084, 662, 1163)",0.0,0,C:\Users\sthem\OneDrive\Documentos\GitHub\master-2025\3-Datasets\img-lcm\img_dir_annotated\train\uninfected\2022_03_21_11_03_02_97_cell0013.png,0,transpose,4491,ok,0,0.0,0
train,2022_03_21_11_03_02_97,14,"(693, 1998, 746, 2045)",0.0,0,C:\Users\sthem\OneDrive\Documentos\GitHub\master-2025\3-Datasets\img-lcm\img_dir_annotated\train\uninfected\2022_03_21_11_03_02_97_cell0014.png,0,transpose,4491,ok,0,0.0,0
train,2022_03_21_11_03_02_97,15,"(871, 1197, 937, 1265)",0.0,0,C:\Users\sthem\OneDrive\Documentos\GitHub\master-2025\3-Datasets\img-lcm\img_dir_annotated\train\uninfected\2022_03_21_11_03_02_97_cell0015.png,0,transpose,4491,ok,0,0.0,0
train,2022_03_21_11_03_02_97,16,"(979, 1381, 1020, 1435)",0.0,0,C:\Users\sthem\OneDrive\Documentos\GitHub\master-2025\3-Datasets\img-lcm\img_dir_annotated\train\uninfected\2022_03_21_11_03_02_97_cell0016.png,0,transpose,4491,ok,0,0.0,0
train,2022_03_21_11_03_02_97,17,"(988, 1183, 1037, 1242)",0.0,0,C:\Users\sthem\OneDrive\Documentos\GitHub\master-2025\3-Datasets\img-lcm\img_dir_annotated\train\uninfected\2022_03_21_11_03_02_97_cell0017.png,0,transpose,4491,ok,0,0.0,0
train,2022_03_21_11_03_02_97,18,"(999, 889, 1039, 947)",0.0,0,C:\Users\sthem\OneDrive\Documentos\GitHub\master-2025\3-Datasets\img-lcm\img_dir_annotated\train\uninfected\2022_03_21_11_03_02_97_cell0018.png,0,transpose,4491,ok,0,0.0,0
train,2022_03_21_11_03_02_97,19,"(1016, 0, 1086, 64)",0.0,0,C:\Users\sthem\OneDrive\Documentos\GitHub\master-2025\3-Datasets\img-lcm\img_dir_annotated\train\uninfected\2022_03_21_11_03_02_97_cell0019.png,0,transpose,4491,ok,0,0.0,0
train,2022_03_21_11_03_03_06,1,"(18, 1412, 87, 1476)",0.0,0,C:\Users\sthem\OneDrive\Documentos\GitHub\master-2025\3-Datasets\img-lcm\img_dir_annotated\train\uninfected\2022_03_21_11_03_03_06_cell0001.png,0,transpose,2139,ok,0,0.0,0
train,2022_03_21_11_03_03_06,2,"(97, 773, 167, 844)",0.0,0,C:\Users\sthem\OneDrive\Documentos\GitHub\master-2025\3-Datasets\img-lcm\img_dir_annotated\train\uninfected\2022_03_21_11_03_03_06_cell0002.png,0,transpose,2139,ok,0,0.0,0
train,2022_03_21_11_03_03_06,3,"(118, 300, 169, 345)",0.4966555183946488,1,C:\Users\sthem\OneDrive\Documentos\GitHub\master-2025\3-Datasets\img-lcm\img_dir_annotated\train\infected\2022_03_21_11_03_03_06_cell0003.png,0,transpose,2139,ok,1,0.5542483660130719,1272
train,2022_03_21_11_03_03_06,4,"(178, 1144, 256, 1207)",0.0,0,C:\Users\sthem\OneDrive\Documentos\GitHub\master-2025\3-Datasets\img-lcm\img_dir_annotated\train\uninfected\2022_03_21_11_03_03_06_cell0004.png,0,transpose,2139,ok,0,0.0,0
train,2022_03_21_11_03_03_06,5,"(273, 472, 327, 516)",0.0,0,C:\Users\sthem\OneDrive\Documentos\GitHub\master-2025\3-Datasets\img-lcm\img_dir_annotated\train\uninfected\2022_03_21_11_03_03_06_cell0005.png,0,transpose,2139,ok,0,0.0,0
train,2022_03_21_11_03_03_06,6,"(312, 927, 397, 1010)",0.0,0,C:\Users\sthem\OneDrive\Documentos\GitHub\master-2025\3-Datasets\img-lcm\img_dir_annotated\train\uninfected\2022_03_21_11_03_03_06_cell0006.png,0,transpose,2139,ok,0,0.0,0
train,2022_03_21_11_03_03_06,7,"(480, 33, 564, 84)",0.0,0,C:\Users\sthem\OneDrive\Documentos\GitHub\master-2025\3-Datasets\img-lcm\img_dir_annotated\train\uninfected\2022_03_21_11_03_03_06_cell0007.png,0,transpose,2139,ok,0,0.0,0
train,2022_03_21_11_03_03_06,8,"(493, 867, 587, 945)",0.0,0,C:\Users\sthem\OneDrive\Documentos\GitHub\master-2025\3-Datasets\img-lcm\img_dir_annotated\train\uninfected\2022_03_21_11_03_03_06_cell0008.png,0,transpose,2139,ok,0,0.0,0
train,2022_03_21_11_03_03_06,9,"(519, 1599, 584, 1661)",0.0,0,C:\Users\sthem\OneDrive\Documentos\GitHub\master-2025\3-Datasets\img-lcm\img_dir_annotated\train\uninfected\2022_03_21_11_03_03_06_cell0009.png,0,transpose,2139,ok,0,0.0,0
train,2022_03_21_11_03_03_06,10,"(520, 1945, 567, 2010)",0.0,0,C:\Users\sthem\OneDrive\Documentos\GitHub\master-2025\3-Datasets\img-lcm\img_dir_annotated\train\uninfected\2022_03_21_11_03_03_06_cell0010.png,0,transpose,2139,ok,0,0.0,0
train,2022_03_21_11_03_03_06,11,"(644, 645, 718, 713)",0.0,0,C:\Users\sthem\OneDrive\Documentos\GitHub\master-2025\3-Datasets\img-lcm\img_dir_annotated\train\uninfected\2022_03_21_11_03_03_06_cell0011.png,0,transpose,2139,ok,0,0.0,0
train,2022_03_21_11_03_03_06,12,"(691, 1424, 757, 1477)",0.0,0,C:\Users\sthem\OneDrive\Documentos\GitHub\master-2025\3-Datasets\img-lcm\img_dir_annotated\train\uninfected\2022_03_21_11_03_03_06_cell0012.png,0,transpose,2139,ok,0,0.0,0
train,2022_03_21_11_03_03_06,13,"(732, 204, 798, 263)",0.0,0,C:\Users\sthem\OneDrive\Documentos\GitHub\master-2025\3-Datasets\img-lcm\img_dir_annotated\train\uninfected\2022_03_21_11_03_03_06_cell0013.png,0,transpose,2139,ok,0,0.0,0
train,2022_03_21_11_03_03_06,14,"(753, 1021, 831, 1093)",0.0,0,C:\Users\sthem\OneDrive\Documentos\GitHub\master-2025\3-Datasets\img-lcm\img_dir_annotated\train\uninfected\2022_03_21_11_03_03_06_cell0014.png,0,transpose,2139,ok,0,0.0,0
train,2022_03_21_11_03_03_06,15,"(918, 1547, 977, 1607)",0.0,0,C:\Users\sthem\OneDrive\Documentos\GitHub\master-2025\3-Datasets\img-lcm\img_dir_annotated\train\uninfected\2022_03_21_11_03_03_06_cell0015.png,0,transpose,2139,ok,0,0.0,0
train,2022_03_21_11_03_03_06,16,"(1042, 349, 1088, 405)",0.631578947368421,1,C:\Users\sthem\OneDrive\Documentos\GitHub\master-2025\3-Datasets\img-lcm\img_dir_annotated\train\infected\2022_03_21_11_03_03_06_cell0016.png,0,transpose,2139,ok,1,0.6680900621118012,1721
train,2022_03_21_11_03_03_14,1,"(22, 218, 81, 283)",0.0,0,C:\Users\sthem\OneDrive\Documentos\GitHub\master-2025\3-Datasets\img-lcm\img_dir_annotated\train\uninfected\2022_03_21_11_03_03_14_cell0001.png,0,transpose,4883,ok,0,0.0,0
train,2022_03_21_11_03_03_14,2,"(67, 955, 131, 1017)",0.0,0,C:\Users\sthem\OneDrive\Documentos\GitHub\master-2025\3-Datasets\img-lcm\img_dir_annotated\train\uninfected\2022_03_21_11_03_03_14_cell0002.png,0,transpose,4883,ok,0,0.0,0
train,2022_03_21_11_03_03_14,3,"(82, 473, 144, 531)",0.0,0,C:\Users\sthem\OneDrive\Documentos\GitHub\master-2025\3-Datasets\img-lcm\img_dir_annotated\train\uninfected\2022_03_21_11_03_03_14_cell0003.png,0,transpose,4883,ok,0,0.0,0
train,2022_03_21_11_03_03_14,4,"(162, 1713, 210, 1774)",0.0,0,C:\Users\sthem\OneDrive\Documentos\GitHub\master-2025\3-Datasets\img-lcm\img_dir_annotated\train\uninfected\2022_03_21_11_03_03_14_cell0004.png,0,transpose,4883,ok,0,0.0,0
train,2022_03_21_11_03_03_14,5,"(223, 1851, 313, 1933)",0.0,0,C:\Users\sthem\OneDrive\Documentos\GitHub\master-2025\3-Datasets\img-lcm\img_dir_annotated\train\uninfected\2022_03_21_11_03_03_14_cell0005.png,0,transpose,4883,ok,0,0.0,0
train,2022_03_21_11_03_03_14,6,"(297, 1365, 350, 1416)",0.0,0,C:\Users\sthem\OneDrive\Documentos\GitHub\master-2025\3-Datasets\img-lcm\img_dir_annotated\train\uninfected\2022_03_21_11_03_03_14_cell0006.png,0,transpose,4883,ok,0,0.0,0
train,2022_03_21_11_03_03_14,7,"(444, 1425, 500, 1493)",0.0,0,C:\Users\sthem\OneDrive\Documentos\GitHub\master-2025\3-Datasets\img-lcm\img_dir_annotated\train\uninfected\2022_03_21_11_03_03_14_cell0007.png,0,transpose,4883,ok,0,0.0,0
train,2022_03_21_11_03_03_14,8,"(467, 1178, 511, 1233)",0.0,0,C:\Users\sthem\OneDrive\Documentos\GitHub\master-2025\3-Datasets\img-lcm\img_dir_annotated\train\uninfected\2022_03_21_11_03_03_14_cell0008.png,0,transpose,4883,ok,0,0.0,0
train,2022_03_21_11_03_03_14,9,"(508, 640, 572, 696)",0.0,0,C:\Users\sthem\OneDrive\Documentos\GitHub\master-2025\3-Datasets\img-lcm\img_dir_annotated\train\uninfected\2022_03_21_11_03_03_14_cell0009.png,0,transpose,4883,ok,0,0.0,0
train,2022_03_21_11_03_03_14,10,"(571, 1735, 665, 1800)",0.0,0,C:\Users\sthem\OneDrive\Documentos\GitHub\master-2025\3-Datasets\img-lcm\img_dir_annotated\train\uninfected\2022_03_21_11_03_03_14_cell0010.png,0,transpose,4883,ok,0,0.0,0
train,2022_03_21_11_03_03_14,11,"(595, 1222, 653, 1278)",0.697887604623356,1,C:\Users\sthem\OneDrive\Documentos\GitHub\master-2025\3-Datasets\img-lcm\img_dir_annotated\train\infected\2022_03_21_11_03_03_14_cell0011.png,0,transpose,4883,ok,1,0.6945812807881774,2256
train,2022_03_21_11_03_03_14,12,"(673, 60, 735, 120)",0.6808797127468582,1,C:\Users\sthem\OneDrive\Documentos\GitHub\master-2025\3-Datasets\img-lcm\img_dir_annotated\train\infected\2022_03_21_11_03_03_14_cell0012.png,0,transpose,4883,ok,1,0.6637096774193548,2469
train,2022_03_21_11_03_03_14,13,"(726, 144, 780, 203)",0.757149554617909,1,C:\Users\sthem\OneDrive\Documentos\GitHub\master-2025\3-Datasets\img-lcm\img_dir_annotated\train\infected\2022_03_21_11_03_03_14_cell0013.png,0,transpose,4883,ok,1,0.741368487131199,2362
train,2022_03_21_11_03_03_14,14,"(948, 642, 1022, 710)",0.0,0,C:\Users\sthem\OneDrive\Documentos\GitHub\master-2025\3-Datasets\img-lcm\img_dir_annotated\train\uninfected\2022_03_21_11_03_03_14_cell0014.png,0,transpose,4883,ok,0,0.0,0
train,2022_03_21_11_03_03_14,15,"(972, 116, 1039, 180)",0.0,0,C:\Users\sthem\OneDrive\Documentos\GitHub\master-2025\3-Datasets\img-lcm\img_dir_annotated\train\uninfected\2022_03_21_11_03_03_14_cell0015.png,0,transpose,4883,ok,0,0.0,0
train,2022_03_21_11_03_03_14,16,"(990, 562, 1057, 625)",0.0,0,C:\Users\sthem\OneDrive\Documentos\GitHub\master-2025\3-Datasets\img-lcm\img_dir_annotated\train\uninfected\2022_03_21_11_03_03_14_cell0016.png,0,transpose,4883,ok,0,0.0,0
train,2022_03_21_11_03_03_23,1,"(0, 203, 44, 261)",0.0,0,C:\Users\sthem\OneDrive\Documentos\GitHub\master-2025\3-Datasets\img-lcm\img_dir_annotated\train\uninfected\2022_03_21_11_03_03_23_cell0001.png,0,transpose,5541,ok,0,0.0,0
train,2022_03_21_11_03_03_23,2,"(7, 510, 78, 585)",0.4519650655021834,1,C:\Users\sthem\OneDrive\Documentos\GitHub\master-2025\3-Datasets\img-lcm\img_dir_annotated\train\infected\2022_03_21_11_03_03_23_cell0002.png,0,transpose,5541,ok,1,0.4659154929577465,2481
train,2022_03_21_11_03_03_23,3,"(8, 9, 52, 62)",0.0,0,C:\Users\sthem\OneDrive\Documentos\GitHub\master-2025\3-Datasets\img-lcm\img_dir_annotated\train\uninfected\2022_03_21_11_03_03_23_cell0003.png,0,transpose,5541,ok,0,0.0,0
train,2022_03_21_11_03_03_23,4,"(106, 1477, 184, 1538)",0.0276412776412776,0,C:\Users\sthem\OneDrive\Documentos\GitHub\master-2025\3-Datasets\img-lcm\img_dir_annotated\train\infected\2022_03_21_11_03_03_23_cell0004.png,0,transpose,5541,ok,1,0.2091214796132829,995
train,2022_03_21_11_03_03_23,5,"(115, 1657, 204, 1725)",0.0,0,C:\Users\sthem\OneDrive\Documentos\GitHub\master-2025\3-Datasets\img-lcm\img_dir_annotated\train\uninfected\2022_03_21_11_03_03_23_cell0005.png,0,transpose,5541,ok,0,0.0,0
train,2022_03_21_11_03_03_23,6,"(115, 1898, 181, 1941)",0.0,0,C:\Users\sthem\OneDrive\Documentos\GitHub\master-2025\3-Datasets\img-lcm\img_dir_annotated\train\uninfected\2022_03_21_11_03_03_23_cell0006.png,0,transpose,5541,ok,0,0.0,0
train,2022_03_21_11_03_03_23,7,"(127, 787, 198, 844)",0.0,0,C:\Users\sthem\OneDrive\Documentos\GitHub\master-2025\3-Datasets\img-lcm\img_dir_annotated\train\uninfected\2022_03_21_11_03_03_23_cell0007.png,0,transpose,5541,ok,0,0.0,0
train,2022_03_21_11_03_03_23,8,"(299, 1289, 370, 1347)",0.0,0,C:\Users\sthem\OneDrive\Documentos\GitHub\master-2025\3-Datasets\img-lcm\img_dir_annotated\train\uninfected\2022_03_21_11_03_03_23_cell0008.png,0,transpose,5541,ok,0,0.0,0
train,2022_03_21_11_03_03_23,9,"(362, 1992, 430, 2037)",0.0,0,C:\Users\sthem\OneDrive\Documentos\GitHub\master-2025\3-Datasets\img-lcm\img_dir_annotated\train\uninfected\2022_03_21_11_03_03_23_cell0009.png,0,transpose,5541,ok,0,0.0,0
train,2022_03_21_11_03_03_23,10,"(512, 912, 649, 984)",0.0,0,C:\Users\sthem\OneDrive\Documentos\GitHub\master-2025\3-Datasets\img-lcm\img_dir_annotated\train\uninfected\2022_03_21_11_03_03_23_cell0010.png,0,transpose,5541,ok,0,0.0,0
train,2022_03_21_11_03_03_23,11,"(535, 405, 609, 482)",0.0,0,C:\Users\sthem\OneDrive\Documentos\GitHub\master-2025\3-Datasets\img-lcm\img_dir_annotated\train\uninfected\2022_03_21_11_03_03_23_cell0011.png,0,transpose,5541,ok,0,0.0,0
train,2022_03_21_11_03_03_23,12,"(564, 527, 653, 607)",0.0,0,C:\Users\sthem\OneDrive\Documentos\GitHub\master-2025\3-Datasets\img-lcm\img_dir_annotated\train\uninfected\2022_03_21_11_03_03_23_cell0012.png,0,transpose,5541,ok,0,0.0,0
train,2022_03_21_11_03_03_23,13,"(677, 560, 747, 644)",0.0,0,C:\Users\sthem\OneDrive\Documentos\GitHub\master-2025\3-Datasets\img-lcm\img_dir_annotated\train\uninfected\2022_03_21_11_03_03_23_cell0013.png,0,transpose,5541,ok,0,0.0,0
train,2022_03_21_11_03_03_23,14,"(718, 1326, 774, 1384)",0.0,0,C:\Users\sthem\OneDrive\Documentos\GitHub\master-2025\3-Datasets\img-lcm\img_dir_annotated\train\uninfected\2022_03_21_11_03_03_23_cell0014.png,0,transpose,5541,ok,0,0.0,0
train,2022_03_21_11_03_03_23,15,"(726, 881, 766, 957)",0.0,0,C:\Users\sthem\OneDrive\Documentos\GitHub\master-2025\3-Datasets\img-lcm\img_dir_annotated\train\uninfected\2022_03_21_11_03_03_23_cell0015.png,0,transpose,5541,ok,0,0.0,0
train,2022_03_21_11_03_03_23,16,"(758, 0, 826, 28)",0.0,0,C:\Users\sthem\OneDrive\Documentos\GitHub\master-2025\3-Datasets\img-lcm\img_dir_annotated\train\uninfected\2022_03_21_11_03_03_23_cell0016.png,0,transpose,5541,ok,0,0.0,0
train,2022_03_21_11_03_03_23,17,"(764, 402, 823, 476)",0.0,0,C:\Users\sthem\OneDrive\Documentos\GitHub\master-2025\3-Datasets\img-lcm\img_dir_annotated\train\uninfected\2022_03_21_11_03_03_23_cell0017.png,0,transpose,5541,ok,0,0.0,0
train,2022_03_21_11_03_03_23,18,"(843, 961, 905, 1027)",0.0,0,C:\Users\sthem\OneDrive\Documentos\GitHub\master-2025\3-Datasets\img-lcm\img_dir_annotated\train\uninfected\2022_03_21_11_03_03_23_cell0018.png,0,transpose,5541,ok,0,0.0,0
train,2022_03_21_11_03_03_23,19,"(869, 848, 932, 910)",0.6503811503811504,1,C:\Users\sthem\OneDrive\Documentos\GitHub\master-2025\3-Datasets\img-lcm\img_dir_annotated\train\infected\2022_03_21_11_03_03_23_cell0019.png,0,transpose,5541,ok,1,0.6408090117767538,2503
train,2022_03_21_11_03_03_23,20,"(908, 1140, 976, 1203)",0.0,0,C:\Users\sthem\OneDrive\Documentos\GitHub\master-2025\3-Datasets\img-lcm\img_dir_annotated\train\uninfected\2022_03_21_11_03_03_23_cell0020.png,0,transpose,5541,ok,0,0.0,0
train,2022_03_21_11_03_03_23,21,"(933, 1247, 984, 1310)",0.7481416703104504,1,C:\Users\sthem\OneDrive\Documentos\GitHub\master-2025\3-Datasets\img-lcm\img_dir_annotated\train\infected\2022_03_21_11_03_03_23_cell0021.png,0,transpose,5541,ok,1,0.7535014005602241,2421
train,2022_03_21_11_03_03_23,22,"(945, 1814, 1013, 1891)",0.0,0,C:\Users\sthem\OneDrive\Documentos\GitHub\master-2025\3-Datasets\img-lcm\img_dir_annotated\train\uninfected\2022_03_21_11_03_03_23_cell0022.png,0,transpose,5541,ok,0,0.0,0
train,2022_03_21_11_03_03_23,23,"(969, 2016, 1040, 2047)",0.0,0,C:\Users\sthem\OneDrive\Documentos\GitHub\master-2025\3-Datasets\img-lcm\img_dir_annotated\train\uninfected\2022_03_21_11_03_03_23_cell0023.png,0,transpose,5541,ok,0,0.0,0
train,2022_03_21_11_03_03_23,24,"(989, 595, 1047, 664)",0.0,0,C:\Users\sthem\OneDrive\Documentos\GitHub\master-2025\3-Datasets\img-lcm\img_dir_annotated\train\uninfected\2022_03_21_11_03_03_23_cell0024.png,0,transpose,5541,ok,0,0.0,0
train,2022_03_21_11_03_03_23,25,"(1071, 1821, 1088, 1860)",0.0,0,C:\Users\sthem\OneDrive\Documentos\GitHub\master-2025\3-Datasets\img-lcm\img_dir_annotated\train\uninfected\2022_03_21_11_03_03_23_cell0025.png,0,transpose,5541,ok,0,0.0,0
train,2022_03_21_11_03_03_31,1,"(0, 491, 25, 557)",0.0,0,C:\Users\sthem\OneDrive\Documentos\GitHub\master-2025\3-Datasets\img-lcm\img_dir_annotated\train\uninfected\2022_03_21_11_03_03_31_cell0001.png,0,transpose,5296,ok,0,0.0,0
train,2022_03_21_11_03_03_31,2,"(0, 1094, 21, 1157)",0.0,0,C:\Users\sthem\OneDrive\Documentos\GitHub\master-2025\3-Datasets\img-lcm\img_dir_annotated\train\uninfected\2022_03_21_11_03_03_31_cell0002.png,0,transpose,5296,ok,0,0.0,0
train,2022_03_21_11_03_03_31,3,"(158, 1301, 202, 1373)",0.0,0,C:\Users\sthem\OneDrive\Documentos\GitHub\master-2025\3-Datasets\img-lcm\img_dir_annotated\train\uninfected\2022_03_21_11_03_03_31_cell0003.png,0,transpose,5296,ok,0,0.0,0
train,2022_03_21_11_03_03_31,4,"(164, 744, 213, 805)",0.0,0,C:\Users\sthem\OneDrive\Documentos\GitHub\master-2025\3-Datasets\img-lcm\img_dir_annotated\train\uninfected\2022_03_21_11_03_03_31_cell0004.png,0,transpose,5296,ok,0,0.0,0
train,2022_03_21_11_03_03_31,5,"(230, 532, 273, 594)",0.0,0,C:\Users\sthem\OneDrive\Documentos\GitHub\master-2025\3-Datasets\img-lcm\img_dir_annotated\train\uninfected\2022_03_21_11_03_03_31_cell0005.png,0,transpose,5296,ok,0,0.0,0
train,2022_03_21_11_03_03_31,6,"(241, 851, 321, 943)",0.0,0,C:\Users\sthem\OneDrive\Documentos\GitHub\master-2025\3-Datasets\img-lcm\img_dir_annotated\train\uninfected\2022_03_21_11_03_03_31_cell0006.png,0,transpose,5296,ok,0,0.0,0
train,2022_03_21_11_03_03_31,7,"(350, 737, 401, 799)",0.0,0,C:\Users\sthem\OneDrive\Documentos\GitHub\master-2025\3-Datasets\img-lcm\img_dir_annotated\train\uninfected\2022_03_21_11_03_03_31_cell0007.png,0,transpose,5296,ok,0,0.0,0
train,2022_03_21_11_03_03_31,8,"(355, 1456, 374, 1516)",0.0,0,C:\Users\sthem\OneDrive\Documentos\GitHub\master-2025\3-Datasets\img-lcm\img_dir_annotated\train\uninfected\2022_03_21_11_03_03_31_cell0008.png,0,transpose,5296,ok,0,0.0,0
train,2022_03_21_11_03_03_31,9,"(376, 1787, 413, 1845)",0.0,0,C:\Users\sthem\OneDrive\Documentos\GitHub\master-2025\3-Datasets\img-lcm\img_dir_annotated\train\uninfected\2022_03_21_11_03_03_31_cell0009.png,0,transpose,5296,ok,0,0.0,0
train,2022_03_21_11_03_03_31,10,"(422, 219, 489, 278)",0.6642030848329049,1,C:\Users\sthem\OneDrive\Documentos\GitHub\master-2025\3-Datasets\img-lcm\img_dir_annotated\train\infected\2022_03_21_11_03_03_31_cell0010.png,0,transpose,5296,ok,1,0.6807487983809765,2691
train,2022_03_21_11_03_03_31,11,"(471, 883, 518, 946)",0.0,0,C:\Users\sthem\OneDrive\Documentos\GitHub\master-2025\3-Datasets\img-lcm\img_dir_annotated\train\uninfected\2022_03_21_11_03_03_31_cell0011.png,0,transpose,5296,ok,0,0.0,0
train,2022_03_21_11_03_03_31,12,"(625, 864, 692, 925)",0.0,0,C:\Users\sthem\OneDrive\Documentos\GitHub\master-2025\3-Datasets\img-lcm\img_dir_annotated\train\uninfected\2022_03_21_11_03_03_31_cell0012.png,0,transpose,5296,ok,0,0.0,0
train,2022_03_21_11_03_03_31,13,"(633, 1628, 722, 1711)",0.0,0,C:\Users\sthem\OneDrive\Documentos\GitHub\master-2025\3-Datasets\img-lcm\img_dir_annotated\train\uninfected\2022_03_21_11_03_03_31_cell0013.png,0,transpose,5296,ok,0,0.0,0
train,2022_03_21_11_03_03_31,14,"(676, 1003, 748, 1097)",0.3217068645640074,1,C:\Users\sthem\OneDrive\Documentos\GitHub\master-2025\3-Datasets\img-lcm\img_dir_annotated\train\infected\2022_03_21_11_03_03_31_cell0014.png,0,transpose,5296,ok,1,0.35180260047281325,2381
train,2022_03_21_11_03_03_31,15,"(682, 1334, 736, 1397)",0.0,0,C:\Users\sthem\OneDrive\Documentos\GitHub\master-2025\3-Datasets\img-lcm\img_dir_annotated\train\uninfected\2022_03_21_11_03_03_31_cell0015.png,0,transpose,5296,ok,0,0.0,0
train,2022_03_21_11_03_03_31,16,"(693, 246, 760, 312)",0.0,0,C:\Users\sthem\OneDrive\Documentos\GitHub\master-2025\3-Datasets\img-lcm\img_dir_annotated\train\uninfected\2022_03_21_11_03_03_31_cell0016.png,0,transpose,5296,ok,0,0.0,0
train,2022_03_21_11_03_03_31,17,"(749, 1075, 796, 1132)",0.7662737057919016,1,C:\Users\sthem\OneDrive\Documentos\GitHub\master-2025\3-Datasets\img-lcm\img_dir_annotated\train\infected\2022_03_21_11_03_03_31_cell0017.png,0,transpose,5296,ok,1,0.8029115341545353,2151
train,2022_03_21_11_03_03_31,18,"(806, 1675, 875, 1748)",0.0,0,C:\Users\sthem\OneDrive\Documentos\GitHub\master-2025\3-Datasets\img-lcm\img_dir_annotated\train\uninfected\2022_03_21_11_03_03_31_cell0018.png,0,transpose,5296,ok,0,0.0,0
train,2022_03_21_11_03_03_31,19,"(902, 1002, 981, 1075)",0.0,0,C:\Users\sthem\OneDrive\Documentos\GitHub\master-2025\3-Datasets\img-lcm\img_dir_annotated\train\uninfected\2022_03_21_11_03_03_31_cell0019.png,0,transpose,5296,ok,0,0.0,0
train,2022_03_21_11_03_03_31,20,"(965, 1191, 1035, 1255)",0.0,0,C:\Users\sthem\OneDrive\Documentos\GitHub\master-2025\3-Datasets\img-lcm\img_dir_annotated\train\uninfected\2022_03_21_11_03_03_31_cell0020.png,0,transpose,5296,ok,0,0.0,0
train,2022_03_21_11_03_03_31,21,"(973, 1861, 1033, 1960)",0.0,0,C:\Users\sthem\OneDrive\Documentos\GitHub\master-2025\3-Datasets\img-lcm\img_dir_annotated\train\uninfected\2022_03_21_11_03_03_31_cell0021.png,0,transpose,5296,ok,0,0.0,0
train,2022_03_21_11_03_03_31,22,"(1017, 2014, 1081, 2048)",0.0,0,C:\Users\sthem\OneDrive\Documentos\GitHub\master-2025\3-Datasets\img-lcm\img_dir_annotated\train\uninfected\2022_03_21_11_03_03_31_cell0022.png,0,transpose,5296,ok,0,0.0,0
train,2022_03_21_11_03_03_31,23,"(1025, 1036, 1087, 1157)",0.0,0,C:\Users\sthem\OneDrive\Documentos\GitHub\master-2025\3-Datasets\img-lcm\img_dir_annotated\train\uninfected\2022_03_21_11_03_03_31_cell0023.png,0,transpose,5296,ok,0,0.0,0
train,2022_03_21_11_03_03_31,24,"(1061, 4, 1088, 79)",0.0,0,C:\Users\sthem\OneDrive\Documentos\GitHub\master-2025\3-Datasets\img-lcm\img_dir_annotated\train\uninfected\2022_03_21_11_03_03_31_cell0024.png,0,transpose,5296,ok,0,0.0,0
train,2022_03_21_11_03_03_40,1,"(32, 1243, 85, 1298)",0.0,0,C:\Users\sthem\OneDrive\Documentos\GitHub\master-2025\3-Datasets\img-lcm\img_dir_annotated\train\uninfected\2022_03_21_11_03_03_40_cell0001.png,0,transpose,4585,ok,0,0.0,0
train,2022_03_21_11_03_03_40,2,"(57, 830, 157, 944)",0.0,0,C:\Users\sthem\OneDrive\Documentos\GitHub\master-2025\3-Datasets\img-lcm\img_dir_annotated\train\uninfected\2022_03_21_11_03_03_40_cell0002.png,0,transpose,4585,ok,0,0.0,0
train,2022_03_21_11_03_03_40,3,"(98, 632, 172, 719)",0.0,0,C:\Users\sthem\OneDrive\Documentos\GitHub\master-2025\3-Datasets\img-lcm\img_dir_annotated\train\uninfected\2022_03_21_11_03_03_40_cell0003.png,0,transpose,4585,ok,0,0.0,0
train,2022_03_21_11_03_03_40,4,"(122, 412, 187, 466)",0.6873597606581899,1,C:\Users\sthem\OneDrive\Documentos\GitHub\master-2025\3-Datasets\img-lcm\img_dir_annotated\train\infected\2022_03_21_11_03_03_40_cell0004.png,0,transpose,4585,ok,1,0.6817663817663817,2393
train,2022_03_21_11_03_03_40,5,"(241, 1102, 316, 1185)",0.0,0,C:\Users\sthem\OneDrive\Documentos\GitHub\master-2025\3-Datasets\img-lcm\img_dir_annotated\train\uninfected\2022_03_21_11_03_03_40_cell0005.png,0,transpose,4585,ok,0,0.0,0
train,2022_03_21_11_03_03_40,6,"(322, 1889, 381, 1967)",0.4141557703240477,1,C:\Users\sthem\OneDrive\Documentos\GitHub\master-2025\3-Datasets\img-lcm\img_dir_annotated\train\infected\2022_03_21_11_03_03_40_cell0006.png,0,transpose,4585,ok,1,0.433941764450239,1997
train,2022_03_21_11_03_03_40,7,"(331, 1805, 399, 1848)",0.0,0,C:\Users\sthem\OneDrive\Documentos\GitHub\master-2025\3-Datasets\img-lcm\img_dir_annotated\train\uninfected\2022_03_21_11_03_03_40_cell0007.png,0,transpose,4585,ok,0,0.0,0
train,2022_03_21_11_03_03_40,8,"(368, 1206, 446, 1280)",0.0,0,C:\Users\sthem\OneDrive\Documentos\GitHub\master-2025\3-Datasets\img-lcm\img_dir_annotated\train\uninfected\2022_03_21_11_03_03_40_cell0008.png,0,transpose,4585,ok,0,0.0,0
train,2022_03_21_11_03_03_40,9,"(378, 1279, 447, 1358)",0.0,0,C:\Users\sthem\OneDrive\Documentos\GitHub\master-2025\3-Datasets\img-lcm\img_dir_annotated\train\uninfected\2022_03_21_11_03_03_40_cell0009.png,0,transpose,4585,ok,0,0.0,0
train,2022_03_21_11_03_03_40,10,"(422, 1630, 489, 1693)",0.0,0,C:\Users\sthem\OneDrive\Documentos\GitHub\master-2025\3-Datasets\img-lcm\img_dir_annotated\train\uninfected\2022_03_21_11_03_03_40_cell0010.png,0,transpose,4585,ok,0,0.0,0
train,2022_03_21_11_03_03_40,11,"(465, 1180, 519, 1260)",0.0,0,C:\Users\sthem\OneDrive\Documentos\GitHub\master-2025\3-Datasets\img-lcm\img_dir_annotated\train\uninfected\2022_03_21_11_03_03_40_cell0011.png,0,transpose,4585,ok,0,0.0,0
train,2022_03_21_11_03_03_40,12,"(471, 0, 534, 36)",0.7239057239057239,1,C:\Users\sthem\OneDrive\Documentos\GitHub\master-2025\3-Datasets\img-lcm\img_dir_annotated\train\infected\2022_03_21_11_03_03_40_cell0012.png,0,transpose,4585,ok,1,0.7742504409171076,1756
train,2022_03_21_11_03_03_40,13,"(561, 1735, 621, 1783)",0.0,0,C:\Users\sthem\OneDrive\Documentos\GitHub\master-2025\3-Datasets\img-lcm\img_dir_annotated\train\uninfected\2022_03_21_11_03_03_40_cell0013.png,0,transpose,4585,ok,0,0.0,0
train,2022_03_21_11_03_03_40,14,"(671, 1536, 729, 1596)",0.0,0,C:\Users\sthem\OneDrive\Documentos\GitHub\master-2025\3-Datasets\img-lcm\img_dir_annotated\train\uninfected\2022_03_21_11_03_03_40_cell0014.png,0,transpose,4585,ok,0,0.0,0
train,2022_03_21_11_03_03_40,15,"(756, 2, 842, 72)",0.0,0,C:\Users\sthem\OneDrive\Documentos\GitHub\master-2025\3-Datasets\img-lcm\img_dir_annotated\train\uninfected\2022_03_21_11_03_03_40_cell0015.png,0,transpose,4585,ok,0,0.0,0
train,2022_03_21_11_03_03_40,16,"(815, 1567, 872, 1623)",0.0,0,C:\Users\sthem\OneDrive\Documentos\GitHub\master-2025\3-Datasets\img-lcm\img_dir_annotated\train\uninfected\2022_03_21_11_03_03_40_cell0016.png,0,transpose,4585,ok,0,0.0,0
train,2022_03_21_11_03_03_40,17,"(1059, 1951, 1087, 2006)",0.0,0,C:\Users\sthem\OneDrive\Documentos\GitHub\master-2025\3-Datasets\img-lcm\img_dir_annotated\train\uninfected\2022_03_21_11_03_03_40_cell0017.png,0,transpose,4585,ok,0,0.0,0
train,2022_03_21_11_03_03_48,1,"(14, 1876, 76, 1925)",0.0,0,C:\Users\sthem\OneDrive\Documentos\GitHub\master-2025\3-Datasets\img-lcm\img_dir_annotated\train\uninfected\2022_03_21_11_03_03_48_cell0001.png,0,transpose,1535,ok,0,0.0,0
train,2022_03_21_11_03_03_48,2,"(88, 1388, 152, 1447)",0.0,0,C:\Users\sthem\OneDrive\Documentos\GitHub\master-2025\3-Datasets\img-lcm\img_dir_annotated\train\uninfected\2022_03_21_11_03_03_48_cell0002.png,0,transpose,1535,ok,0,0.0,0
train,2022_03_21_11_03_03_48,3,"(101, 483, 149, 542)",0.0,0,C:\Users\sthem\OneDrive\Documentos\GitHub\master-2025\3-Datasets\img-lcm\img_dir_annotated\train\uninfected\2022_03_21_11_03_03_48_cell0003.png,0,transpose,1535,ok,0,0.0,0
train,2022_03_21_11_03_03_48,4,"(182, 893, 246, 945)",0.0,0,C:\Users\sthem\OneDrive\Documentos\GitHub\master-2025\3-Datasets\img-lcm\img_dir_annotated\train\uninfected\2022_03_21_11_03_03_48_cell0004.png,0,transpose,1535,ok,0,0.0,0
train,2022_03_21_11_03_03_48,5,"(194, 1886, 257, 1941)",0.0,0,C:\Users\sthem\OneDrive\Documentos\GitHub\master-2025\3-Datasets\img-lcm\img_dir_annotated\train\uninfected\2022_03_21_11_03_03_48_cell0005.png,0,transpose,1535,ok,0,0.0,0
train,2022_03_21_11_03_03_48,6,"(409, 296, 458, 352)",0.0,0,C:\Users\sthem\OneDrive\Documentos\GitHub\master-2025\3-Datasets\img-lcm\img_dir_annotated\train\uninfected\2022_03_21_11_03_03_48_cell0006.png,0,transpose,1535,ok,0,0.0,0
train,2022_03_21_11_03_03_48,7,"(417, 1553, 499, 1669)",0.0,0,C:\Users\sthem\OneDrive\Documentos\GitHub\master-2025\3-Datasets\img-lcm\img_dir_annotated\train\uninfected\2022_03_21_11_03_03_48_cell0007.png,0,transpose,1535,ok,0,0.0,0
train,2022_03_21_11_03_03_48,8,"(604, 919, 657, 977)",0.2233363719234275,1,C:\Users\sthem\OneDrive\Documentos\GitHub\master-2025\3-Datasets\img-lcm\img_dir_annotated\train\infected\2022_03_21_11_03_03_48_cell0008.png,0,transpose,1535,ok,1,0.27065712426805466,832
train,2022_03_21_11_03_03_48,9,"(619, 2011, 685, 2048)",0.0,0,C:\Users\sthem\OneDrive\Documentos\GitHub\master-2025\3-Datasets\img-lcm\img_dir_annotated\train\uninfected\2022_03_21_11_03_03_48_cell0009.png,0,transpose,1535,ok,0,0.0,0
train,2022_03_21_11_03_03_48,10,"(745, 627, 806, 688)",0.2144144144144144,1,C:\Users\sthem\OneDrive\Documentos\GitHub\master-2025\3-Datasets\img-lcm\img_dir_annotated\train\infected\2022_03_21_11_03_03_48_cell0010.png,0,transpose,1535,ok,1,0.2582639075517334,961
train,2022_03_21_11_03_03_48,11,"(756, 1444, 837, 1502)",0.0,0,C:\Users\sthem\OneDrive\Documentos\GitHub\master-2025\3-Datasets\img-lcm\img_dir_annotated\train\uninfected\2022_03_21_11_03_03_48_cell0011.png,0,transpose,1535,ok,0,0.0,0
train,2022_03_21_11_03_03_48,12,"(806, 1261, 867, 1313)",0.2243270189431704,1,C:\Users\sthem\OneDrive\Documentos\GitHub\master-2025\3-Datasets\img-lcm\img_dir_annotated\train\infected\2022_03_21_11_03_03_48_cell0012.png,0,transpose,1535,ok,1,0.2421185372005044,768
train,2022_03_21_11_03_03_48,13,"(879, 1759, 958, 1857)",0.0,0,C:\Users\sthem\OneDrive\Documentos\GitHub\master-2025\3-Datasets\img-lcm\img_dir_annotated\train\uninfected\2022_03_21_11_03_03_48_cell0013.png,0,transpose,1535,ok,0,0.0,0
train,2022_03_21_11_03_03_48,14,"(922, 44, 986, 106)",0.0,0,C:\Users\sthem\OneDrive\Documentos\GitHub\master-2025\3-Datasets\img-lcm\img_dir_annotated\train\uninfected\2022_03_21_11_03_03_48_cell0014.png,0,transpose,1535,ok,0,0.0,0
train,2022_03_21_11_03_03_56,1,"(62, 2011, 130, 2047)",0.0,0,C:\Users\sthem\OneDrive\Documentos\GitHub\master-2025\3-Datasets\img-lcm\img_dir_annotated\train\uninfected\2022_03_21_11_03_03_56_cell0001.png,0,transpose,4483,ok,0,0.0,0
train,2022_03_21_11_03_03_56,2,"(105, 494, 175, 552)",0.0,0,C:\Users\sthem\OneDrive\Documentos\GitHub\master-2025\3-Datasets\img-lcm\img_dir_annotated\train\uninfected\2022_03_21_11_03_03_56_cell0002.png,0,transpose,4483,ok,0,0.0,0
train,2022_03_21_11_03_03_56,3,"(158, 1409, 213, 1465)",0.0,0,C:\Users\sthem\OneDrive\Documentos\GitHub\master-2025\3-Datasets\img-lcm\img_dir_annotated\train\uninfected\2022_03_21_11_03_03_56_cell0003.png,0,transpose,4483,ok,0,0.0,0
train,2022_03_21_11_03_03_56,4,"(164, 243, 243, 312)",0.0,0,C:\Users\sthem\OneDrive\Documentos\GitHub\master-2025\3-Datasets\img-lcm\img_dir_annotated\train\uninfected\2022_03_21_11_03_03_56_cell0004.png,0,transpose,4483,ok,0,0.0,0
train,2022_03_21_11_03_03_56,5,"(165, 48, 230, 111)",1.0,1,C:\Users\sthem\OneDrive\Documentos\GitHub\master-2025\3-Datasets\img-lcm\img_dir_annotated\train\infected\2022_03_21_11_03_03_56_cell0005.png,0,transpose,4483,ok,1,0.9738705738705739,3988
train,2022_03_21_11_03_03_56,6,"(374, 1348, 438, 1407)",0.0,0,C:\Users\sthem\OneDrive\Documentos\GitHub\master-2025\3-Datasets\img-lcm\img_dir_annotated\train\uninfected\2022_03_21_11_03_03_56_cell0006.png,0,transpose,4483,ok,0,0.0,0
train,2022_03_21_11_03_03_56,7,"(416, 99, 424, 107)",0.0,0,C:\Users\sthem\OneDrive\Documentos\GitHub\master-2025\3-Datasets\img-lcm\img_dir_annotated\train\uninfected\2022_03_21_11_03_03_56_cell0007.png,0,transpose,4483,ok,0,0.0,0
train,2022_03_21_11_03_03_56,8,"(460, 889, 522, 961)",0.4247128221049364,1,C:\Users\sthem\OneDrive\Documentos\GitHub\master-2025\3-Datasets\img-lcm\img_dir_annotated\train\infected\2022_03_21_11_03_03_56_cell0008.png,0,transpose,4483,ok,1,0.4274193548387097,1908
train,2022_03_21_11_03_03_56,9,"(613, 681, 679, 748)",0.0,0,C:\Users\sthem\OneDrive\Documentos\GitHub\master-2025\3-Datasets\img-lcm\img_dir_annotated\train\uninfected\2022_03_21_11_03_03_56_cell0009.png,0,transpose,4483,ok,0,0.0,0
train,2022_03_21_11_03_03_56,10,"(741, 1645, 798, 1699)",0.0,0,C:\Users\sthem\OneDrive\Documentos\GitHub\master-2025\3-Datasets\img-lcm\img_dir_annotated\train\uninfected\2022_03_21_11_03_03_56_cell0010.png,0,transpose,4483,ok,0,0.0,0
train,2022_03_21_11_03_03_56,11,"(755, 523, 818, 584)",0.0,0,C:\Users\sthem\OneDrive\Documentos\GitHub\master-2025\3-Datasets\img-lcm\img_dir_annotated\train\uninfected\2022_03_21_11_03_03_56_cell0011.png,0,transpose,4483,ok,0,0.0,0
train,2022_03_21_11_03_03_56,12,"(865, 1514, 942, 1575)",0.0,0,C:\Users\sthem\OneDrive\Documentos\GitHub\master-2025\3-Datasets\img-lcm\img_dir_annotated\train\uninfected\2022_03_21_11_03_03_56_cell0012.png,0,transpose,4483,ok,0,0.0,0
train,2022_03_21_11_03_03_56,13,"(869, 303, 883, 319)",0.0,0,C:\Users\sthem\OneDrive\Documentos\GitHub\master-2025\3-Datasets\img-lcm\img_dir_annotated\train\uninfected\2022_03_21_11_03_03_56_cell0013.png,0,transpose,4483,ok,0,0.0,0
train,2022_03_21_11_03_03_56,14,"(893, 1240, 957, 1303)",0.0,0,C:\Users\sthem\OneDrive\Documentos\GitHub\master-2025\3-Datasets\img-lcm\img_dir_annotated\train\uninfected\2022_03_21_11_03_03_56_cell0014.png,0,transpose,4483,ok,0,0.0,0
train,2022_03_21_11_03_03_56,15,"(923, 1901, 1036, 1986)",0.0,0,C:\Users\sthem\OneDrive\Documentos\GitHub\master-2025\3-Datasets\img-lcm\img_dir_annotated\train\uninfected\2022_03_21_11_03_03_56_cell0015.png,0,transpose,4483,ok,0,0.0,0
train,2022_03_21_11_03_03_65,1,"(6, 1319, 79, 1388)",0.0,0,C:\Users\sthem\OneDrive\Documentos\GitHub\master-2025\3-Datasets\img-lcm\img_dir_annotated\train\uninfected\2022_03_21_11_03_03_65_cell0001.png,0,transpose,12267,ok,0,0.0,0
train,2022_03_21_11_03_03_65,2,"(37, 556, 96, 618)",0.0,0,C:\Users\sthem\OneDrive\Documentos\GitHub\master-2025\3-Datasets\img-lcm\img_dir_annotated\train\uninfected\2022_03_21_11_03_03_65_cell0002.png,0,transpose,12267,ok,0,0.0,0
train,2022_03_21_11_03_03_65,3,"(84, 1558, 148, 1622)",0.0,0,C:\Users\sthem\OneDrive\Documentos\GitHub\master-2025\3-Datasets\img-lcm\img_dir_annotated\train\uninfected\2022_03_21_11_03_03_65_cell0003.png,0,transpose,12267,ok,0,0.0,0
train,2022_03_21_11_03_03_65,4,"(202, 677, 256, 734)",0.0,0,C:\Users\sthem\OneDrive\Documentos\GitHub\master-2025\3-Datasets\img-lcm\img_dir_annotated\train\uninfected\2022_03_21_11_03_03_65_cell0004.png,0,transpose,12267,ok,0,0.0,0
train,2022_03_21_11_03_03_65,5,"(208, 1440, 274, 1502)",0.9349017080244924,1,C:\Users\sthem\OneDrive\Documentos\GitHub\master-2025\3-Datasets\img-lcm\img_dir_annotated\train\infected\2022_03_21_11_03_03_65_cell0005.png,0,transpose,12267,ok,1,0.9051808406647116,3704
train,2022_03_21_11_03_03_65,6,"(227, 1032, 293, 1101)",0.8940641863107072,1,C:\Users\sthem\OneDrive\Documentos\GitHub\master-2025\3-Datasets\img-lcm\img_dir_annotated\train\infected\2022_03_21_11_03_03_65_cell0006.png,0,transpose,12267,ok,1,0.8623188405797102,3927
train,2022_03_21_11_03_03_65,7,"(250, 655, 331, 716)",0.0,0,C:\Users\sthem\OneDrive\Documentos\GitHub\master-2025\3-Datasets\img-lcm\img_dir_annotated\train\uninfected\2022_03_21_11_03_03_65_cell0007.png,0,transpose,12267,ok,0,0.0,0
train,2022_03_21_11_03_03_65,8,"(260, 887, 325, 954)",0.9281542056074766,1,C:\Users\sthem\OneDrive\Documentos\GitHub\master-2025\3-Datasets\img-lcm\img_dir_annotated\train\infected\2022_03_21_11_03_03_65_cell0008.png,0,transpose,12267,ok,1,0.8879448909299655,3867
train,2022_03_21_11_03_03_65,9,"(301, 1695, 364, 1761)",0.9198184568835098,1,C:\Users\sthem\OneDrive\Documentos\GitHub\master-2025\3-Datasets\img-lcm\img_dir_annotated\train\infected\2022_03_21_11_03_03_65_cell0009.png,0,transpose,12267,ok,1,0.8912938912938912,3706
train,2022_03_21_11_03_03_65,10,"(319, 588, 384, 650)",0.0,0,C:\Users\sthem\OneDrive\Documentos\GitHub\master-2025\3-Datasets\img-lcm\img_dir_annotated\train\uninfected\2022_03_21_11_03_03_65_cell0010.png,0,transpose,12267,ok,0,0.0,0
train,2022_03_21_11_03_03_65,11,"(371, 128, 379, 136)",0.0,0,C:\Users\sthem\OneDrive\Documentos\GitHub\master-2025\3-Datasets\img-lcm\img_dir_annotated\train\uninfected\2022_03_21_11_03_03_65_cell0011.png,0,transpose,12267,ok,0,0.0,0
train,2022_03_21_11_03_03_65,12,"(410, 321, 421, 333)",0.0,0,C:\Users\sthem\OneDrive\Documentos\GitHub\master-2025\3-Datasets\img-lcm\img_dir_annotated\train\uninfected\2022_03_21_11_03_03_65_cell0012.png,0,transpose,12267,ok,0,0.0,0
train,2022_03_21_11_03_03_65,13,"(415, 98, 425, 108)",0.0,0,C:\Users\sthem\OneDrive\Documentos\GitHub\master-2025\3-Datasets\img-lcm\img_dir_annotated\train\uninfected\2022_03_21_11_03_03_65_cell0013.png,0,transpose,12267,ok,0,0.0,0
train,2022_03_21_11_03_03_65,14,"(503, 1178, 561, 1228)",0.0,0,C:\Users\sthem\OneDrive\Documentos\GitHub\master-2025\3-Datasets\img-lcm\img_dir_annotated\train\uninfected\2022_03_21_11_03_03_65_cell0014.png,0,transpose,12267,ok,0,0.0,0
train,2022_03_21_11_03_03_65,15,"(516, 1695, 579, 1756)",0.0,0,C:\Users\sthem\OneDrive\Documentos\GitHub\master-2025\3-Datasets\img-lcm\img_dir_annotated\train\uninfected\2022_03_21_11_03_03_65_cell0015.png,0,transpose,12267,ok,0,0.0,0
train,2022_03_21_11_03_03_65,16,"(584, 316, 655, 384)",0.0,0,C:\Users\sthem\OneDrive\Documentos\GitHub\master-2025\3-Datasets\img-lcm\img_dir_annotated\train\uninfected\2022_03_21_11_03_03_65_cell0016.png,0,transpose,12267,ok,0,0.0,0
train,2022_03_21_11_03_03_65,17,"(620, 2011, 687, 2047)",0.0,0,C:\Users\sthem\OneDrive\Documentos\GitHub\master-2025\3-Datasets\img-lcm\img_dir_annotated\train\uninfected\2022_03_21_11_03_03_65_cell0017.png,0,transpose,12267,ok,0,0.0,0
train,2022_03_21_11_03_03_65,18,"(649, 1421, 728, 1493)",0.0,0,C:\Users\sthem\OneDrive\Documentos\GitHub\master-2025\3-Datasets\img-lcm\img_dir_annotated\train\uninfected\2022_03_21_11_03_03_65_cell0018.png,0,transpose,12267,ok,0,0.0,0
train,2022_03_21_11_03_03_65,19,"(679, 45, 737, 93)",0.0,0,C:\Users\sthem\OneDrive\Documentos\GitHub\master-2025\3-Datasets\img-lcm\img_dir_annotated\train\uninfected\2022_03_21_11_03_03_65_cell0019.png,0,transpose,12267,ok,0,0.0,0
train,2022_03_21_11_03_03_65,20,"(773, 0, 825, 36)",0.0,0,C:\Users\sthem\OneDrive\Documentos\GitHub\master-2025\3-Datasets\img-lcm\img_dir_annotated\train\uninfected\2022_03_21_11_03_03_65_cell0020.png,0,transpose,12267,ok,0,0.0,0
train,2022_03_21_11_03_03_65,21,"(778, 1656, 838, 1709)",0.0,0,C:\Users\sthem\OneDrive\Documentos\GitHub\master-2025\3-Datasets\img-lcm\img_dir_annotated\train\uninfected\2022_03_21_11_03_03_65_cell0021.png,0,transpose,12267,ok,0,0.0,0
train,2022_03_21_11_03_03_65,22,"(825, 1957, 885, 2014)",0.0,0,C:\Users\sthem\OneDrive\Documentos\GitHub\master-2025\3-Datasets\img-lcm\img_dir_annotated\train\uninfected\2022_03_21_11_03_03_65_cell0022.png,0,transpose,12267,ok,0,0.0,0
train,2022_03_21_11_03_03_65,23,"(976, 1937, 1042, 2007)",0.0,0,C:\Users\sthem\OneDrive\Documentos\GitHub\master-2025\3-Datasets\img-lcm\img_dir_annotated\train\uninfected\2022_03_21_11_03_03_65_cell0023.png,0,transpose,12267,ok,0,0.0,0
train,2022_03_21_11_03_03_65,24,"(1075, 1988, 1087, 2036)",0.0,0,C:\Users\sthem\OneDrive\Documentos\GitHub\master-2025\3-Datasets\img-lcm\img_dir_annotated\train\uninfected\2022_03_21_11_03_03_65_cell0024.png,0,transpose,12267,ok,0,0.0,0
train,2022_03_21_11_03_03_73,1,"(135, 1046, 201, 1106)",0.0,0,C:\Users\sthem\OneDrive\Documentos\GitHub\master-2025\3-Datasets\img-lcm\img_dir_annotated\train\uninfected\2022_03_21_11_03_03_73_cell0001.png,0,transpose,1518,ok,0,0.0,0
train,2022_03_21_11_03_03_73,2,"(225, 1024, 285, 1086)",0.0,0,C:\Users\sthem\OneDrive\Documentos\GitHub\master-2025\3-Datasets\img-lcm\img_dir_annotated\train\uninfected\2022_03_21_11_03_03_73_cell0002.png,0,transpose,1518,ok,0,0.0,0
train,2022_03_21_11_03_03_73,3,"(282, 138, 348, 169)",0.0,0,C:\Users\sthem\OneDrive\Documentos\GitHub\master-2025\3-Datasets\img-lcm\img_dir_annotated\train\uninfected\2022_03_21_11_03_03_73_cell0003.png,0,transpose,1518,ok,0,0.0,0
train,2022_03_21_11_03_03_73,4,"(302, 1410, 353, 1466)",0.0,0,C:\Users\sthem\OneDrive\Documentos\GitHub\master-2025\3-Datasets\img-lcm\img_dir_annotated\train\uninfected\2022_03_21_11_03_03_73_cell0004.png,0,transpose,1518,ok,0,0.0,0
train,2022_03_21_11_03_03_73,5,"(432, 1, 491, 34)",0.9674952198852772,1,C:\Users\sthem\OneDrive\Documentos\GitHub\master-2025\3-Datasets\img-lcm\img_dir_annotated\train\infected\2022_03_21_11_03_03_73_cell0005.png,0,transpose,1518,ok,1,0.9928094504365691,1933
train,2022_03_21_11_03_03_73,6,"(765, 40, 840, 83)",0.0,0,C:\Users\sthem\OneDrive\Documentos\GitHub\master-2025\3-Datasets\img-lcm\img_dir_annotated\train\uninfected\2022_03_21_11_03_03_73_cell0006.png,0,transpose,1518,ok,0,0.0,0
train,2022_03_21_11_03_03_73,7,"(770, 1238, 850, 1319)",0.0,0,C:\Users\sthem\OneDrive\Documentos\GitHub\master-2025\3-Datasets\img-lcm\img_dir_annotated\train\uninfected\2022_03_21_11_03_03_73_cell0007.png,0,transpose,1518,ok,0,0.0,0
train,2022_03_21_11_03_03_73,8,"(872, 305, 882, 318)",0.0,0,C:\Users\sthem\OneDrive\Documentos\GitHub\master-2025\3-Datasets\img-lcm\img_dir_annotated\train\uninfected\2022_03_21_11_03_03_73_cell0008.png,0,transpose,1518,ok,0,0.0,0
train,2022_03_21_11_03_03_73,9,"(888, 1744, 1010, 1816)",0.0,0,C:\Users\sthem\OneDrive\Documentos\GitHub\master-2025\3-Datasets\img-lcm\img_dir_annotated\train\uninfected\2022_03_21_11_03_03_73_cell0009.png,0,transpose,1518,ok,0,0.0,0
train,2022_03_21_11_03_03_73,10,"(918, 948, 985, 1026)",0.0,0,C:\Users\sthem\OneDrive\Documentos\GitHub\master-2025\3-Datasets\img-lcm\img_dir_annotated\train\uninfected\2022_03_21_11_03_03_73_cell0010.png,0,transpose,1518,ok,0,0.0,0
train,2022_03_21_11_03_03_73,11,"(973, 1966, 1023, 2020)",0.0,0,C:\Users\sthem\OneDrive\Documentos\GitHub\master-2025\3-Datasets\img-lcm\img_dir_annotated\train\uninfected\2022_03_21_11_03_03_73_cell0011.png,0,transpose,1518,ok,0,0.0,0
train,2022_03_21_11_03_03_73,12,"(1027, 1151, 1080, 1213)",0.0,0,C:\Users\sthem\OneDrive\Documentos\GitHub\master-2025\3-Datasets\img-lcm\img_dir_annotated\train\uninfected\2022_03_21_11_03_03_73_cell0012.png,0,transpose,1518,ok,0,0.0,0
train,2022_03_21_11_03_03_82,1,"(24, 634, 91, 710)",0.0,0,C:\Users\sthem\OneDrive\Documentos\GitHub\master-2025\3-Datasets\img-lcm\img_dir_annotated\train\uninfected\2022_03_21_11_03_03_82_cell0001.png,0,transpose,5137,ok,0,0.0,0
train,2022_03_21_11_03_03_82,2,"(270, 447, 331, 506)",0.0,0,C:\Users\sthem\OneDrive\Documentos\GitHub\master-2025\3-Datasets\img-lcm\img_dir_annotated\train\uninfected\2022_03_21_11_03_03_82_cell0002.png,0,transpose,5137,ok,0,0.0,0
train,2022_03_21_11_03_03_82,3,"(313, 1138, 372, 1199)",0.6168122270742358,1,C:\Users\sthem\OneDrive\Documentos\GitHub\master-2025\3-Datasets\img-lcm\img_dir_annotated\train\infected\2022_03_21_11_03_03_82_cell0003.png,0,transpose,5137,ok,1,0.6268407891080856,2256
train,2022_03_21_11_03_03_82,4,"(368, 860, 431, 925)",0.0,0,C:\Users\sthem\OneDrive\Documentos\GitHub\master-2025\3-Datasets\img-lcm\img_dir_annotated\train\uninfected\2022_03_21_11_03_03_82_cell0004.png,0,transpose,5137,ok,0,0.0,0
train,2022_03_21_11_03_03_82,5,"(416, 99, 424, 107)",0.0,0,C:\Users\sthem\OneDrive\Documentos\GitHub\master-2025\3-Datasets\img-lcm\img_dir_annotated\train\uninfected\2022_03_21_11_03_03_82_cell0005.png,0,transpose,5137,ok,0,0.0,0
train,2022_03_21_11_03_03_82,6,"(496, 707, 555, 769)",0.0,0,C:\Users\sthem\OneDrive\Documentos\GitHub\master-2025\3-Datasets\img-lcm\img_dir_annotated\train\uninfected\2022_03_21_11_03_03_82_cell0006.png,0,transpose,5137,ok,0,0.0,0
train,2022_03_21_11_03_03_82,7,"(524, 415, 590, 478)",0.0,0,C:\Users\sthem\OneDrive\Documentos\GitHub\master-2025\3-Datasets\img-lcm\img_dir_annotated\train\uninfected\2022_03_21_11_03_03_82_cell0007.png,0,transpose,5137,ok,0,0.0,0
train,2022_03_21_11_03_03_82,8,"(643, 1643, 702, 1699)",0.0,0,C:\Users\sthem\OneDrive\Documentos\GitHub\master-2025\3-Datasets\img-lcm\img_dir_annotated\train\uninfected\2022_03_21_11_03_03_82_cell0008.png,0,transpose,5137,ok,0,0.0,0
train,2022_03_21_11_03_03_82,9,"(717, 1071, 791, 1147)",0.0,0,C:\Users\sthem\OneDrive\Documentos\GitHub\master-2025\3-Datasets\img-lcm\img_dir_annotated\train\uninfected\2022_03_21_11_03_03_82_cell0009.png,0,transpose,5137,ok,0,0.0,0
train,2022_03_21_11_03_03_82,10,"(792, 301, 849, 367)",0.0,0,C:\Users\sthem\OneDrive\Documentos\GitHub\master-2025\3-Datasets\img-lcm\img_dir_annotated\train\uninfected\2022_03_21_11_03_03_82_cell0010.png,0,transpose,5137,ok,0,0.0,0
train,2022_03_21_11_03_03_82,11,"(796, 492, 841, 558)",0.7225274725274725,1,C:\Users\sthem\OneDrive\Documentos\GitHub\master-2025\3-Datasets\img-lcm\img_dir_annotated\train\infected\2022_03_21_11_03_03_82_cell0011.png,0,transpose,5137,ok,1,0.7245791245791245,2152
train,2022_03_21_11_03_03_82,12,"(984, 667, 1043, 731)",0.6305818673883626,1,C:\Users\sthem\OneDrive\Documentos\GitHub\master-2025\3-Datasets\img-lcm\img_dir_annotated\train\infected\2022_03_21_11_03_03_82_cell0012.png,0,transpose,5137,ok,1,0.6554555084745762,2475
train,2022_03_21_11_03_03_82,13,"(1028, 479, 1079, 532)",0.0,0,C:\Users\sthem\OneDrive\Documentos\GitHub\master-2025\3-Datasets\img-lcm\img_dir_annotated\train\uninfected\2022_03_21_11_03_03_82_cell0013.png,0,transpose,5137,ok,0,0.0,0
train,2022_03_21_11_03_03_82,14,"(1037, 1720, 1088, 1783)",0.0,0,C:\Users\sthem\OneDrive\Documentos\GitHub\master-2025\3-Datasets\img-lcm\img_dir_annotated\train\uninfected\2022_03_21_11_03_03_82_cell0014.png,0,transpose,5137,ok,0,0.0,0
train,2022_03_21_11_03_03_82,15,"(1044, 1242, 1088, 1306)",0.0,0,C:\Users\sthem\OneDrive\Documentos\GitHub\master-2025\3-Datasets\img-lcm\img_dir_annotated\train\uninfected\2022_03_21_11_03_03_82_cell0015.png,0,transpose,5137,ok,0,0.0,0
train,2022_03_21_11_03_03_90,1,"(0, 649, 27, 713)",0.0,0,C:\Users\sthem\OneDrive\Documentos\GitHub\master-2025\3-Datasets\img-lcm\img_dir_annotated\train\uninfected\2022_03_21_11_03_03_90_cell0001.png,0,transpose,4040,ok,0,0.0,0
train,2022_03_21_11_03_03_90,2,"(0, 1046, 78, 1150)",0.0,0,C:\Users\sthem\OneDrive\Documentos\GitHub\master-2025\3-Datasets\img-lcm\img_dir_annotated\train\uninfected\2022_03_21_11_03_03_90_cell0002.png,0,transpose,4040,ok,0,0.0,0
train,2022_03_21_11_03_03_90,3,"(0, 1347, 56, 1428)",0.0,0,C:\Users\sthem\OneDrive\Documentos\GitHub\master-2025\3-Datasets\img-lcm\img_dir_annotated\train\uninfected\2022_03_21_11_03_03_90_cell0003.png,0,transpose,4040,ok,0,0.0,0
train,2022_03_21_11_03_03_90,4,"(20, 122, 35, 140)",0.0,0,C:\Users\sthem\OneDrive\Documentos\GitHub\master-2025\3-Datasets\img-lcm\img_dir_annotated\train\uninfected\2022_03_21_11_03_03_90_cell0004.png,0,transpose,4040,ok,0,0.0,0
train,2022_03_21_11_03_03_90,5,"(32, 1914, 115, 1982)",0.0,0,C:\Users\sthem\OneDrive\Documentos\GitHub\master-2025\3-Datasets\img-lcm\img_dir_annotated\train\uninfected\2022_03_21_11_03_03_90_cell0005.png,0,transpose,4040,ok,0,0.0,0
train,2022_03_21_11_03_03_90,6,"(52, 1614, 155, 1737)",0.0,0,C:\Users\sthem\OneDrive\Documentos\GitHub\master-2025\3-Datasets\img-lcm\img_dir_annotated\train\uninfected\2022_03_21_11_03_03_90_cell0006.png,0,transpose,4040,ok,0,0.0,0
train,2022_03_21_11_03_03_90,7,"(62, 1761, 148, 1844)",0.0,0,C:\Users\sthem\OneDrive\Documentos\GitHub\master-2025\3-Datasets\img-lcm\img_dir_annotated\train\uninfected\2022_03_21_11_03_03_90_cell0007.png,0,transpose,4040,ok,0,0.0,0
train,2022_03_21_11_03_03_90,8,"(156, 464, 238, 523)",0.0,0,C:\Users\sthem\OneDrive\Documentos\GitHub\master-2025\3-Datasets\img-lcm\img_dir_annotated\train\uninfected\2022_03_21_11_03_03_90_cell0008.png,0,transpose,4040,ok,0,0.0,0
train,2022_03_21_11_03_03_90,9,"(162, 1981, 224, 2042)",0.0,0,C:\Users\sthem\OneDrive\Documentos\GitHub\master-2025\3-Datasets\img-lcm\img_dir_annotated\train\uninfected\2022_03_21_11_03_03_90_cell0009.png,0,transpose,4040,ok,0,0.0,0
train,2022_03_21_11_03_03_90,10,"(370, 127, 379, 137)",0.0,0,C:\Users\sthem\OneDrive\Documentos\GitHub\master-2025\3-Datasets\img-lcm\img_dir_annotated\train\uninfected\2022_03_21_11_03_03_90_cell0010.png,0,transpose,4040,ok,0,0.0,0
train,2022_03_21_11_03_03_90,11,"(415, 99, 424, 108)",0.0,0,C:\Users\sthem\OneDrive\Documentos\GitHub\master-2025\3-Datasets\img-lcm\img_dir_annotated\train\uninfected\2022_03_21_11_03_03_90_cell0011.png,0,transpose,4040,ok,0,0.0,0
train,2022_03_21_11_03_03_90,12,"(428, 473, 552, 577)",0.0,0,C:\Users\sthem\OneDrive\Documentos\GitHub\master-2025\3-Datasets\img-lcm\img_dir_annotated\train\uninfected\2022_03_21_11_03_03_90_cell0012.png,0,transpose,4040,ok,0,0.0,0
train,2022_03_21_11_03_03_90,13,"(457, 62, 464, 70)",0.0,0,C:\Users\sthem\OneDrive\Documentos\GitHub\master-2025\3-Datasets\img-lcm\img_dir_annotated\train\uninfected\2022_03_21_11_03_03_90_cell0013.png,0,transpose,4040,ok,0,0.0,0
train,2022_03_21_11_03_03_90,14,"(483, 1529, 527, 1588)",0.0,0,C:\Users\sthem\OneDrive\Documentos\GitHub\master-2025\3-Datasets\img-lcm\img_dir_annotated\train\uninfected\2022_03_21_11_03_03_90_cell0014.png,0,transpose,4040,ok,0,0.0,0
train,2022_03_21_11_03_03_90,15,"(573, 1379, 634, 1409)",0.0,0,C:\Users\sthem\OneDrive\Documentos\GitHub\master-2025\3-Datasets\img-lcm\img_dir_annotated\train\uninfected\2022_03_21_11_03_03_90_cell0015.png,0,transpose,4040,ok,0,0.0,0
train,2022_03_21_11_03_03_90,16,"(595, 934, 653, 996)",0.0,0,C:\Users\sthem\OneDrive\Documentos\GitHub\master-2025\3-Datasets\img-lcm\img_dir_annotated\train\uninfected\2022_03_21_11_03_03_90_cell0016.png,0,transpose,4040,ok,0,0.0,0
train,2022_03_21_11_03_03_90,17,"(620, 2013, 686, 2047)",0.0,0,C:\Users\sthem\OneDrive\Documentos\GitHub\master-2025\3-Datasets\img-lcm\img_dir_annotated\train\uninfected\2022_03_21_11_03_03_90_cell0017.png,0,transpose,4040,ok,0,0.0,0
train,2022_03_21_11_03_03_90,18,"(697, 1945, 709, 1957)",0.0,0,C:\Users\sthem\OneDrive\Documentos\GitHub\master-2025\3-Datasets\img-lcm\img_dir_annotated\train\uninfected\2022_03_21_11_03_03_90_cell0018.png,0,transpose,4040,ok,0,0.0,0
train,2022_03_21_11_03_03_90,19,"(740, 295, 804, 352)",0.0,0,C:\Users\sthem\OneDrive\Documentos\GitHub\master-2025\3-Datasets\img-lcm\img_dir_annotated\train\uninfected\2022_03_21_11_03_03_90_cell0019.png,0,transpose,4040,ok,0,0.0,0
train,2022_03_21_11_03_03_90,20,"(781, 1603, 845, 1668)",0.3619278569263413,1,C:\Users\sthem\OneDrive\Documentos\GitHub\master-2025\3-Datasets\img-lcm\img_dir_annotated\train\infected\2022_03_21_11_03_03_90_cell0020.png,0,transpose,4040,ok,1,0.4096153846153846,1704
train,2022_03_21_11_03_03_90,21,"(824, 1351, 883, 1418)",0.0,0,C:\Users\sthem\OneDrive\Documentos\GitHub\master-2025\3-Datasets\img-lcm\img_dir_annotated\train\uninfected\2022_03_21_11_03_03_90_cell0021.png,0,transpose,4040,ok,0,0.0,0
train,2022_03_21_11_03_03_90,22,"(1014, 37, 1083, 90)",0.991292232671543,1,C:\Users\sthem\OneDrive\Documentos\GitHub\master-2025\3-Datasets\img-lcm\img_dir_annotated\train\infected\2022_03_21_11_03_03_90_cell0022.png,0,transpose,4040,ok,1,0.9740224227508887,3562
train,2022_03_21_11_03_04_05,1,"(121, 1994, 172, 2048)",0.0,0,C:\Users\sthem\OneDrive\Documentos\GitHub\master-2025\3-Datasets\img-lcm\img_dir_annotated\train\uninfected\2022_03_21_11_03_04_05_cell0001.png,0,transpose,4914,ok,0,0.0,0
train,2022_03_21_11_03_04_05,2,"(194, 1126, 292, 1189)",0.0,0,C:\Users\sthem\OneDrive\Documentos\GitHub\master-2025\3-Datasets\img-lcm\img_dir_annotated\train\uninfected\2022_03_21_11_03_04_05_cell0002.png,0,transpose,4914,ok,0,0.0,0
train,2022_03_21_11_03_04_05,3,"(258, 672, 322, 735)",0.0,0,C:\Users\sthem\OneDrive\Documentos\GitHub\master-2025\3-Datasets\img-lcm\img_dir_annotated\train\uninfected\2022_03_21_11_03_04_05_cell0003.png,0,transpose,4914,ok,0,0.0,0
train,2022_03_21_11_03_04_05,4,"(304, 404, 366, 453)",0.0,0,C:\Users\sthem\OneDrive\Documentos\GitHub\master-2025\3-Datasets\img-lcm\img_dir_annotated\train\uninfected\2022_03_21_11_03_04_05_cell0004.png,0,transpose,4914,ok,0,0.0,0
train,2022_03_21_11_03_04_05,5,"(499, 190, 556, 252)",0.6570615439345429,1,C:\Users\sthem\OneDrive\Documentos\GitHub\master-2025\3-Datasets\img-lcm\img_dir_annotated\train\infected\2022_03_21_11_03_04_05_cell0005.png,0,transpose,4914,ok,1,0.6726089417091115,2377
train,2022_03_21_11_03_04_05,6,"(608, 873, 673, 953)",0.0,0,C:\Users\sthem\OneDrive\Documentos\GitHub\master-2025\3-Datasets\img-lcm\img_dir_annotated\train\uninfected\2022_03_21_11_03_04_05_cell0006.png,0,transpose,4914,ok,0,0.0,0
train,2022_03_21_11_03_04_05,7,"(620, 2012, 687, 2047)",0.0,0,C:\Users\sthem\OneDrive\Documentos\GitHub\master-2025\3-Datasets\img-lcm\img_dir_annotated\train\uninfected\2022_03_21_11_03_04_05_cell0007.png,0,transpose,4914,ok,0,0.0,0
train,2022_03_21_11_03_04_05,8,"(785, 362, 849, 428)",0.0,0,C:\Users\sthem\OneDrive\Documentos\GitHub\master-2025\3-Datasets\img-lcm\img_dir_annotated\train\uninfected\2022_03_21_11_03_04_05_cell0008.png,0,transpose,4914,ok,0,0.0,0
train,2022_03_21_11_03_04_05,9,"(812, 1408, 861, 1462)",0.6706443914081146,1,C:\Users\sthem\OneDrive\Documentos\GitHub\master-2025\3-Datasets\img-lcm\img_dir_annotated\train\infected\2022_03_21_11_03_04_05_cell0009.png,0,transpose,4914,ok,1,0.717687074829932,1899
train,2022_03_21_11_03_04_05,10,"(814, 0, 923, 61)",0.0,0,C:\Users\sthem\OneDrive\Documentos\GitHub\master-2025\3-Datasets\img-lcm\img_dir_annotated\train\uninfected\2022_03_21_11_03_04_05_cell0010.png,0,transpose,4914,ok,0,0.0,0
train,2022_03_21_11_03_04_05,11,"(872, 401, 933, 453)",0.6783673469387755,1,C:\Users\sthem\OneDrive\Documentos\GitHub\master-2025\3-Datasets\img-lcm\img_dir_annotated\train\infected\2022_03_21_11_03_04_05_cell0011.png,0,transpose,4914,ok,1,0.7068095838587641,2242
train,2022_03_21_11_03_04_05,12,"(904, 340, 970, 385)",0.0,0,C:\Users\sthem\OneDrive\Documentos\GitHub\master-2025\3-Datasets\img-lcm\img_dir_annotated\train\uninfected\2022_03_21_11_03_04_05_cell0012.png,0,transpose,4914,ok,0,0.0,0
train,2022_03_21_11_03_04_05,13,"(919, 1962, 986, 2045)",0.0,0,C:\Users\sthem\OneDrive\Documentos\GitHub\master-2025\3-Datasets\img-lcm\img_dir_annotated\train\uninfected\2022_03_21_11_03_04_05_cell0013.png,0,transpose,4914,ok,0,0.0,0
train,2022_03_21_11_03_04_13,1,"(5, 1242, 61, 1311)",0.0,0,C:\Users\sthem\OneDrive\Documentos\GitHub\master-2025\3-Datasets\img-lcm\img_dir_annotated\train\uninfected\2022_03_21_11_03_04_13_cell0001.png,0,transpose,2618,ok,0,0.0,0
train,2022_03_21_11_03_04_13,2,"(325, 319, 384, 380)",0.0,0,C:\Users\sthem\OneDrive\Documentos\GitHub\master-2025\3-Datasets\img-lcm\img_dir_annotated\train\uninfected\2022_03_21_11_03_04_13_cell0002.png,0,transpose,2618,ok,0,0.0,0
train,2022_03_21_11_03_04_13,3,"(341, 2017, 383, 2046)",0.0,0,C:\Users\sthem\OneDrive\Documentos\GitHub\master-2025\3-Datasets\img-lcm\img_dir_annotated\train\uninfected\2022_03_21_11_03_04_13_cell0003.png,0,transpose,2618,ok,0,0.0,0
train,2022_03_21_11_03_04_13,4,"(368, 462, 424, 524)",0.0,0,C:\Users\sthem\OneDrive\Documentos\GitHub\master-2025\3-Datasets\img-lcm\img_dir_annotated\train\uninfected\2022_03_21_11_03_04_13_cell0004.png,0,transpose,2618,ok,0,0.0,0
train,2022_03_21_11_03_04_13,5,"(390, 1077, 454, 1173)",0.0,0,C:\Users\sthem\OneDrive\Documentos\GitHub\master-2025\3-Datasets\img-lcm\img_dir_annotated\train\uninfected\2022_03_21_11_03_04_13_cell0005.png,0,transpose,2618,ok,0,0.0,0
train,2022_03_21_11_03_04_13,6,"(502, 992, 559, 1061)",0.0,0,C:\Users\sthem\OneDrive\Documentos\GitHub\master-2025\3-Datasets\img-lcm\img_dir_annotated\train\uninfected\2022_03_21_11_03_04_13_cell0006.png,0,transpose,2618,ok,0,0.0,0
train,2022_03_21_11_03_04_13,7,"(605, 383, 670, 439)",0.9513081395348836,1,C:\Users\sthem\OneDrive\Documentos\GitHub\master-2025\3-Datasets\img-lcm\img_dir_annotated\train\infected\2022_03_21_11_03_04_13_cell0007.png,0,transpose,2618,ok,1,0.9244505494505495,3365
train,2022_03_21_11_03_04_13,8,"(831, 39, 908, 101)",0.0,0,C:\Users\sthem\OneDrive\Documentos\GitHub\master-2025\3-Datasets\img-lcm\img_dir_annotated\train\uninfected\2022_03_21_11_03_04_13_cell0008.png,0,transpose,2618,ok,0,0.0,0
train,2022_03_21_11_03_04_13,9,"(861, 1674, 919, 1733)",0.0,0,C:\Users\sthem\OneDrive\Documentos\GitHub\master-2025\3-Datasets\img-lcm\img_dir_annotated\train\uninfected\2022_03_21_11_03_04_13_cell0009.png,0,transpose,2618,ok,0,0.0,0
train,2022_03_21_11_03_04_13,10,"(913, 1324, 977, 1364)",0.0,0,C:\Users\sthem\OneDrive\Documentos\GitHub\master-2025\3-Datasets\img-lcm\img_dir_annotated\train\uninfected\2022_03_21_11_03_04_13_cell0010.png,0,transpose,2618,ok,0,0.0,0
train,2022_03_21_11_03_04_13,11,"(930, 1791, 983, 1849)",0.0,0,C:\Users\sthem\OneDrive\Documentos\GitHub\master-2025\3-Datasets\img-lcm\img_dir_annotated\train\uninfected\2022_03_21_11_03_04_13_cell0011.png,0,transpose,2618,ok,0,0.0,0
train,2022_03_21_11_03_04_13,12,"(932, 123, 1007, 196)",0.0,0,C:\Users\sthem\OneDrive\Documentos\GitHub\master-2025\3-Datasets\img-lcm\img_dir_annotated\train\uninfected\2022_03_21_11_03_04_13_cell0012.png,0,transpose,2618,ok,0,0.0,0
train,2022_03_21_11_03_04_13,13,"(962, 1513, 1017, 1571)",0.0,0,C:\Users\sthem\OneDrive\Documentos\GitHub\master-2025\3-Datasets\img-lcm\img_dir_annotated\train\uninfected\2022_03_21_11_03_04_13_cell0013.png,0,transpose,2618,ok,0,0.0,0
train,2022_03_21_11_03_04_13,14,"(993, 210, 1057, 287)",0.0,0,C:\Users\sthem\OneDrive\Documentos\GitHub\master-2025\3-Datasets\img-lcm\img_dir_annotated\train\uninfected\2022_03_21_11_03_04_13_cell0014.png,0,transpose,2618,ok,0,0.0,0
train,2022_03_21_11_03_04_19,1,"(0, 731, 53, 794)",0.0,0,C:\Users\sthem\OneDrive\Documentos\GitHub\master-2025\3-Datasets\img-lcm\img_dir_annotated\train\uninfected\2022_03_21_11_03_04_19_cell0001.png,0,transpose,4906,ok,0,0.0,0
train,2022_03_21_11_03_04_19,2,"(16, 1141, 58, 1187)",0.0,0,C:\Users\sthem\OneDrive\Documentos\GitHub\master-2025\3-Datasets\img-lcm\img_dir_annotated\train\uninfected\2022_03_21_11_03_04_19_cell0002.png,0,transpose,4906,ok,0,0.0,0
train,2022_03_21_11_03_04_19,3,"(42, 1398, 88, 1447)",0.0,0,C:\Users\sthem\OneDrive\Documentos\GitHub\master-2025\3-Datasets\img-lcm\img_dir_annotated\train\uninfected\2022_03_21_11_03_04_19_cell0003.png,0,transpose,4906,ok,0,0.0,0
train,2022_03_21_11_03_04_19,4,"(241, 1972, 305, 2044)",0.0,0,C:\Users\sthem\OneDrive\Documentos\GitHub\master-2025\3-Datasets\img-lcm\img_dir_annotated\train\uninfected\2022_03_21_11_03_04_19_cell0004.png,0,transpose,4906,ok,0,0.0,0
train,2022_03_21_11_03_04_19,5,"(248, 79, 295, 148)",0.0,0,C:\Users\sthem\OneDrive\Documentos\GitHub\master-2025\3-Datasets\img-lcm\img_dir_annotated\train\uninfected\2022_03_21_11_03_04_19_cell0005.png,0,transpose,4906,ok,0,0.0,0
train,2022_03_21_11_03_04_19,6,"(249, 1829, 309, 1886)",0.6190655614167294,1,C:\Users\sthem\OneDrive\Documentos\GitHub\master-2025\3-Datasets\img-lcm\img_dir_annotated\train\infected\2022_03_21_11_03_04_19_cell0006.png,0,transpose,4906,ok,1,0.6371345029239766,2179
train,2022_03_21_11_03_04_19,7,"(339, 1501, 420, 1585)",0.0,0,C:\Users\sthem\OneDrive\Documentos\GitHub\master-2025\3-Datasets\img-lcm\img_dir_annotated\train\uninfected\2022_03_21_11_03_04_19_cell0007.png,0,transpose,4906,ok,0,0.0,0
train,2022_03_21_11_03_04_19,8,"(376, 472, 431, 522)",0.0,0,C:\Users\sthem\OneDrive\Documentos\GitHub\master-2025\3-Datasets\img-lcm\img_dir_annotated\train\uninfected\2022_03_21_11_03_04_19_cell0008.png,0,transpose,4906,ok,0,0.0,0
train,2022_03_21_11_03_04_19,9,"(402, 1732, 471, 1813)",0.0,0,C:\Users\sthem\OneDrive\Documentos\GitHub\master-2025\3-Datasets\img-lcm\img_dir_annotated\train\uninfected\2022_03_21_11_03_04_19_cell0009.png,0,transpose,4906,ok,0,0.0,0
train,2022_03_21_11_03_04_19,10,"(449, 1113, 514, 1181)",0.0,0,C:\Users\sthem\OneDrive\Documentos\GitHub\master-2025\3-Datasets\img-lcm\img_dir_annotated\train\uninfected\2022_03_21_11_03_04_19_cell0010.png,0,transpose,4906,ok,0,0.0,0
train,2022_03_21_11_03_04_19,11,"(471, 1582, 541, 1652)",0.0,0,C:\Users\sthem\OneDrive\Documentos\GitHub\master-2025\3-Datasets\img-lcm\img_dir_annotated\train\uninfected\2022_03_21_11_03_04_19_cell0011.png,0,transpose,4906,ok,0,0.0,0
train,2022_03_21_11_03_04_19,12,"(486, 0, 548, 55)",0.0,0,C:\Users\sthem\OneDrive\Documentos\GitHub\master-2025\3-Datasets\img-lcm\img_dir_annotated\train\uninfected\2022_03_21_11_03_04_19_cell0012.png,0,transpose,4906,ok,0,0.0,0
train,2022_03_21_11_03_04_19,13,"(499, 1497, 573, 1563)",0.0,0,C:\Users\sthem\OneDrive\Documentos\GitHub\master-2025\3-Datasets\img-lcm\img_dir_annotated\train\uninfected\2022_03_21_11_03_04_19_cell0013.png,0,transpose,4906,ok,0,0.0,0
train,2022_03_21_11_03_04_19,14,"(604, 1588, 688, 1679)",0.0,0,C:\Users\sthem\OneDrive\Documentos\GitHub\master-2025\3-Datasets\img-lcm\img_dir_annotated\train\uninfected\2022_03_21_11_03_04_19_cell0014.png,0,transpose,4906,ok,0,0.0,0
train,2022_03_21_11_03_04_19,15,"(677, 1130, 740, 1186)",0.5093235831809872,1,C:\Users\sthem\OneDrive\Documentos\GitHub\master-2025\3-Datasets\img-lcm\img_dir_annotated\train\infected\2022_03_21_11_03_04_19_cell0015.png,0,transpose,4906,ok,1,0.5487528344671202,1936
train,2022_03_21_11_03_04_19,16,"(737, 1647, 847, 1753)",0.0,0,C:\Users\sthem\OneDrive\Documentos\GitHub\master-2025\3-Datasets\img-lcm\img_dir_annotated\train\uninfected\2022_03_21_11_03_04_19_cell0016.png,0,transpose,4906,ok,0,0.0,0
train,2022_03_21_11_03_04_19,17,"(746, 332, 799, 402)",0.7327586206896551,1,C:\Users\sthem\OneDrive\Documentos\GitHub\master-2025\3-Datasets\img-lcm\img_dir_annotated\train\infected\2022_03_21_11_03_04_19_cell0017.png,0,transpose,4906,ok,1,0.7123989218328841,2643
train,2022_03_21_11_03_04_19,18,"(830, 1332, 886, 1394)",0.0,0,C:\Users\sthem\OneDrive\Documentos\GitHub\master-2025\3-Datasets\img-lcm\img_dir_annotated\train\uninfected\2022_03_21_11_03_04_19_cell0018.png,0,transpose,4906,ok,0,0.0,0
train,2022_03_21_11_03_04_19,19,"(843, 1027, 943, 1075)",0.0,0,C:\Users\sthem\OneDrive\Documentos\GitHub\master-2025\3-Datasets\img-lcm\img_dir_annotated\train\uninfected\2022_03_21_11_03_04_19_cell0019.png,0,transpose,4906,ok,0,0.0,0
train,2022_03_21_11_03_04_19,20,"(917, 268, 975, 315)",0.0,0,C:\Users\sthem\OneDrive\Documentos\GitHub\master-2025\3-Datasets\img-lcm\img_dir_annotated\train\uninfected\2022_03_21_11_03_04_19_cell0020.png,0,transpose,4906,ok,0,0.0,0
train,2022_03_21_11_03_04_26,1,"(16, 1020, 104, 1114)",0.0,0,C:\Users\sthem\OneDrive\Documentos\GitHub\master-2025\3-Datasets\img-lcm\img_dir_annotated\train\uninfected\2022_03_21_11_03_04_26_cell0001.png,0,transpose,9090,ok,0,0.0,0
train,2022_03_21_11_03_04_26,2,"(31, 471, 102, 544)",0.0,0,C:\Users\sthem\OneDrive\Documentos\GitHub\master-2025\3-Datasets\img-lcm\img_dir_annotated\train\uninfected\2022_03_21_11_03_04_26_cell0002.png,0,transpose,9090,ok,0,0.0,0
train,2022_03_21_11_03_04_26,3,"(110, 168, 164, 222)",0.0,0,C:\Users\sthem\OneDrive\Documentos\GitHub\master-2025\3-Datasets\img-lcm\img_dir_annotated\train\uninfected\2022_03_21_11_03_04_26_cell0003.png,0,transpose,9090,ok,0,0.0,0
train,2022_03_21_11_03_04_26,4,"(121, 842, 238, 945)",0.0,0,C:\Users\sthem\OneDrive\Documentos\GitHub\master-2025\3-Datasets\img-lcm\img_dir_annotated\train\uninfected\2022_03_21_11_03_04_26_cell0004.png,0,transpose,9090,ok,0,0.0,0
train,2022_03_21_11_03_04_26,5,"(184, 544, 272, 618)",0.0,0,C:\Users\sthem\OneDrive\Documentos\GitHub\master-2025\3-Datasets\img-lcm\img_dir_annotated\train\uninfected\2022_03_21_11_03_04_26_cell0005.png,0,transpose,9090,ok,0,0.0,0
train,2022_03_21_11_03_04_26,6,"(277, 1235, 343, 1301)",0.0,0,C:\Users\sthem\OneDrive\Documentos\GitHub\master-2025\3-Datasets\img-lcm\img_dir_annotated\train\uninfected\2022_03_21_11_03_04_26_cell0006.png,0,transpose,9090,ok,0,0.0,0
train,2022_03_21_11_03_04_26,7,"(346, 1332, 408, 1394)",0.0,0,C:\Users\sthem\OneDrive\Documentos\GitHub\master-2025\3-Datasets\img-lcm\img_dir_annotated\train\uninfected\2022_03_21_11_03_04_26_cell0007.png,0,transpose,9090,ok,0,0.0,0
train,2022_03_21_11_03_04_26,8,"(414, 1940, 486, 2012)",0.0,0,C:\Users\sthem\OneDrive\Documentos\GitHub\master-2025\3-Datasets\img-lcm\img_dir_annotated\train\uninfected\2022_03_21_11_03_04_26_cell0008.png,0,transpose,9090,ok,0,0.0,0
train,2022_03_21_11_03_04_26,9,"(435, 278, 502, 361)",0.0,0,C:\Users\sthem\OneDrive\Documentos\GitHub\master-2025\3-Datasets\img-lcm\img_dir_annotated\train\uninfected\2022_03_21_11_03_04_26_cell0009.png,0,transpose,9090,ok,0,0.0,0
train,2022_03_21_11_03_04_26,10,"(487, 2008, 547, 2047)",0.0,0,C:\Users\sthem\OneDrive\Documentos\GitHub\master-2025\3-Datasets\img-lcm\img_dir_annotated\train\uninfected\2022_03_21_11_03_04_26_cell0010.png,0,transpose,9090,ok,0,0.0,0
train,2022_03_21_11_03_04_26,11,"(541, 322, 612, 371)",0.0,0,C:\Users\sthem\OneDrive\Documentos\GitHub\master-2025\3-Datasets\img-lcm\img_dir_annotated\train\uninfected\2022_03_21_11_03_04_26_cell0011.png,0,transpose,9090,ok,0,0.0,0
train,2022_03_21_11_03_04_26,12,"(555, 521, 618, 595)",0.0,0,C:\Users\sthem\OneDrive\Documentos\GitHub\master-2025\3-Datasets\img-lcm\img_dir_annotated\train\uninfected\2022_03_21_11_03_04_26_cell0012.png,0,transpose,9090,ok,0,0.0,0
train,2022_03_21_11_03_04_26,13,"(644, 1385, 697, 1460)",0.4338872832369942,1,C:\Users\sthem\OneDrive\Documentos\GitHub\master-2025\3-Datasets\img-lcm\img_dir_annotated\train\infected\2022_03_21_11_03_04_26_cell0013.png,0,transpose,9090,ok,1,0.4289308176100629,1705
train,2022_03_21_11_03_04_26,14,"(739, 1256, 793, 1306)",0.0,0,C:\Users\sthem\OneDrive\Documentos\GitHub\master-2025\3-Datasets\img-lcm\img_dir_annotated\train\uninfected\2022_03_21_11_03_04_26_cell0014.png,0,transpose,9090,ok,0,0.0,0
train,2022_03_21_11_03_04_26,15,"(758, 2015, 821, 2048)",0.9756542909312234,1,C:\Users\sthem\OneDrive\Documentos\GitHub\master-2025\3-Datasets\img-lcm\img_dir_annotated\train\infected\2022_03_21_11_03_04_26_cell0015.png,0,transpose,9090,ok,1,1.0,2079
train,2022_03_21_11_03_04_26,16,"(761, 426, 849, 520)",0.7854556902250905,1,C:\Users\sthem\OneDrive\Documentos\GitHub\master-2025\3-Datasets\img-lcm\img_dir_annotated\train\infected\2022_03_21_11_03_04_26_cell0016.png,0,transpose,9090,ok,1,0.7229206963249516,5980
train,2022_03_21_11_03_04_26,17,"(859, 1736, 922, 1799)",0.0,0,C:\Users\sthem\OneDrive\Documentos\GitHub\master-2025\3-Datasets\img-lcm\img_dir_annotated\train\uninfected\2022_03_21_11_03_04_26_cell0017.png,0,transpose,9090,ok,0,0.0,0
train,2022_03_21_11_03_04_26,18,"(860, 74, 999, 200)",0.0,0,C:\Users\sthem\OneDrive\Documentos\GitHub\master-2025\3-Datasets\img-lcm\img_dir_annotated\train\uninfected\2022_03_21_11_03_04_26_cell0018.png,0,transpose,9090,ok,0,0.0,0
train,2022_03_21_11_03_04_26,19,"(911, 5, 1018, 109)",0.0,0,C:\Users\sthem\OneDrive\Documentos\GitHub\master-2025\3-Datasets\img-lcm\img_dir_annotated\train\uninfected\2022_03_21_11_03_04_26_cell0019.png,0,transpose,9090,ok,0,0.0,0
train,2022_03_21_11_03_04_26,20,"(926, 1459, 993, 1526)",0.0,0,C:\Users\sthem\OneDrive\Documentos\GitHub\master-2025\3-Datasets\img-lcm\img_dir_annotated\train\uninfected\2022_03_21_11_03_04_26_cell0020.png,0,transpose,9090,ok,0,0.0,0
train,2022_03_21_11_03_04_26,21,"(927, 718, 987, 789)",0.0,0,C:\Users\sthem\OneDrive\Documentos\GitHub\master-2025\3-Datasets\img-lcm\img_dir_annotated\train\uninfected\2022_03_21_11_03_04_26_cell0021.png,0,transpose,9090,ok,0,0.0,0
train,2022_03_21_11_03_04_26,22,"(1034, 53, 1087, 175)",0.0,0,C:\Users\sthem\OneDrive\Documentos\GitHub\master-2025\3-Datasets\img-lcm\img_dir_annotated\train\uninfected\2022_03_21_11_03_04_26_cell0022.png,0,transpose,9090,ok,0,0.0,0
train,2022_03_21_11_03_04_26,23,"(1059, 1093, 1088, 1148)",0.9810749432248296,1,C:\Users\sthem\OneDrive\Documentos\GitHub\master-2025\3-Datasets\img-lcm\img_dir_annotated\train\infected\2022_03_21_11_03_04_26_cell0023.png,0,transpose,9090,ok,1,0.9836990595611286,1569
train,2022_03_21_11_03_04_33,1,"(0, 788, 48, 873)",0.0,0,C:\Users\sthem\OneDrive\Documentos\GitHub\master-2025\3-Datasets\img-lcm\img_dir_annotated\train\uninfected\2022_03_21_11_03_04_33_cell0001.png,0,transpose,1883,ok,0,0.0,0
train,2022_03_21_11_03_04_33,2,"(13, 1943, 101, 2007)",0.0,0,C:\Users\sthem\OneDrive\Documentos\GitHub\master-2025\3-Datasets\img-lcm\img_dir_annotated\train\uninfected\2022_03_21_11_03_04_33_cell0002.png,0,transpose,1883,ok,0,0.0,0
train,2022_03_21_11_03_04_33,3,"(48, 1061, 106, 1122)",0.0,0,C:\Users\sthem\OneDrive\Documentos\GitHub\master-2025\3-Datasets\img-lcm\img_dir_annotated\train\uninfected\2022_03_21_11_03_04_33_cell0003.png,0,transpose,1883,ok,0,0.0,0
train,2022_03_21_11_03_04_33,4,"(109, 955, 184, 1026)",0.0,0,C:\Users\sthem\OneDrive\Documentos\GitHub\master-2025\3-Datasets\img-lcm\img_dir_annotated\train\uninfected\2022_03_21_11_03_04_33_cell0004.png,0,transpose,1883,ok,0,0.0,0
train,2022_03_21_11_03_04_33,5,"(310, 1208, 372, 1265)",0.0,0,C:\Users\sthem\OneDrive\Documentos\GitHub\master-2025\3-Datasets\img-lcm\img_dir_annotated\train\uninfected\2022_03_21_11_03_04_33_cell0005.png,0,transpose,1883,ok,0,0.0,0
train,2022_03_21_11_03_04_33,6,"(405, 1846, 465, 1923)",0.0,0,C:\Users\sthem\OneDrive\Documentos\GitHub\master-2025\3-Datasets\img-lcm\img_dir_annotated\train\uninfected\2022_03_21_11_03_04_33_cell0006.png,0,transpose,1883,ok,0,0.0,0
train,2022_03_21_11_03_04_33,7,"(415, 98, 425, 108)",0.0,0,C:\Users\sthem\OneDrive\Documentos\GitHub\master-2025\3-Datasets\img-lcm\img_dir_annotated\train\uninfected\2022_03_21_11_03_04_33_cell0007.png,0,transpose,1883,ok,0,0.0,0
train,2022_03_21_11_03_04_33,8,"(415, 390, 468, 449)",0.0,0,C:\Users\sthem\OneDrive\Documentos\GitHub\master-2025\3-Datasets\img-lcm\img_dir_annotated\train\uninfected\2022_03_21_11_03_04_33_cell0008.png,0,transpose,1883,ok,0,0.0,0
train,2022_03_21_11_03_04_33,9,"(456, 62, 465, 71)",0.0,0,C:\Users\sthem\OneDrive\Documentos\GitHub\master-2025\3-Datasets\img-lcm\img_dir_annotated\train\uninfected\2022_03_21_11_03_04_33_cell0009.png,0,transpose,1883,ok,0,0.0,0
train,2022_03_21_11_03_04_33,10,"(540, 1549, 572, 1610)",0.0,0,C:\Users\sthem\OneDrive\Documentos\GitHub\master-2025\3-Datasets\img-lcm\img_dir_annotated\train\uninfected\2022_03_21_11_03_04_33_cell0010.png,0,transpose,1883,ok,0,0.0,0
train,2022_03_21_11_03_04_33,11,"(688, 1503, 745, 1566)",0.6753945480631277,1,C:\Users\sthem\OneDrive\Documentos\GitHub\master-2025\3-Datasets\img-lcm\img_dir_annotated\train\infected\2022_03_21_11_03_04_33_cell0011.png,0,transpose,1883,ok,1,0.6875522138680034,2469
train,2022_03_21_11_03_04_33,12,"(727, 1096, 775, 1146)",0.0,0,C:\Users\sthem\OneDrive\Documentos\GitHub\master-2025\3-Datasets\img-lcm\img_dir_annotated\train\uninfected\2022_03_21_11_03_04_33_cell0012.png,0,transpose,1883,ok,0,0.0,0
train,2022_03_21_11_03_04_33,13,"(732, 0, 805, 90)",0.0,0,C:\Users\sthem\OneDrive\Documentos\GitHub\master-2025\3-Datasets\img-lcm\img_dir_annotated\train\uninfected\2022_03_21_11_03_04_33_cell0013.png,0,transpose,1883,ok,0,0.0,0
train,2022_03_21_11_03_04_33,14,"(749, 907, 788, 979)",0.0,0,C:\Users\sthem\OneDrive\Documentos\GitHub\master-2025\3-Datasets\img-lcm\img_dir_annotated\train\uninfected\2022_03_21_11_03_04_33_cell0014.png,0,transpose,1883,ok,0,0.0,0
train,2022_03_21_11_03_04_33,15,"(944, 1134, 1017, 1208)",0.0,0,C:\Users\sthem\OneDrive\Documentos\GitHub\master-2025\3-Datasets\img-lcm\img_dir_annotated\train\uninfected\2022_03_21_11_03_04_33_cell0015.png,0,transpose,1883,ok,0,0.0,0
train,2022_03_21_11_03_04_33,16,"(958, 1890, 1039, 1973)",0.0,0,C:\Users\sthem\OneDrive\Documentos\GitHub\master-2025\3-Datasets\img-lcm\img_dir_annotated\train\uninfected\2022_03_21_11_03_04_33_cell0016.png,0,transpose,1883,ok,0,0.0,0
train,2022_03_21_11_03_04_46,1,"(0, 1839, 46, 1905)",0.9445951181712514,1,C:\Users\sthem\OneDrive\Documentos\GitHub\master-2025\3-Datasets\img-lcm\img_dir_annotated\train\infected\2022_03_21_11_03_04_46_cell0001.png,0,transpose,8492,ok,1,0.9575098814229249,2907
train,2022_03_21_11_03_04_46,2,"(80, 1076, 138, 1165)",0.0,0,C:\Users\sthem\OneDrive\Documentos\GitHub\master-2025\3-Datasets\img-lcm\img_dir_annotated\train\uninfected\2022_03_21_11_03_04_46_cell0002.png,0,transpose,8492,ok,0,0.0,0
train,2022_03_21_11_03_04_46,3,"(238, 331, 294, 398)",0.0,0,C:\Users\sthem\OneDrive\Documentos\GitHub\master-2025\3-Datasets\img-lcm\img_dir_annotated\train\uninfected\2022_03_21_11_03_04_46_cell0003.png,0,transpose,8492,ok,0,0.0,0
train,2022_03_21_11_03_04_46,4,"(256, 425, 334, 506)",0.0,0,C:\Users\sthem\OneDrive\Documentos\GitHub\master-2025\3-Datasets\img-lcm\img_dir_annotated\train\uninfected\2022_03_21_11_03_04_46_cell0004.png,0,transpose,8492,ok,0,0.0,0
train,2022_03_21_11_03_04_46,5,"(290, 355, 364, 421)",0.0,0,C:\Users\sthem\OneDrive\Documentos\GitHub\master-2025\3-Datasets\img-lcm\img_dir_annotated\train\uninfected\2022_03_21_11_03_04_46_cell0005.png,0,transpose,8492,ok,0,0.0,0
train,2022_03_21_11_03_04_46,6,"(332, 859, 395, 916)",0.0,0,C:\Users\sthem\OneDrive\Documentos\GitHub\master-2025\3-Datasets\img-lcm\img_dir_annotated\train\uninfected\2022_03_21_11_03_04_46_cell0006.png,0,transpose,8492,ok,0,0.0,0
train,2022_03_21_11_03_04_46,7,"(394, 1770, 451, 1858)",0.0,0,C:\Users\sthem\OneDrive\Documentos\GitHub\master-2025\3-Datasets\img-lcm\img_dir_annotated\train\uninfected\2022_03_21_11_03_04_46_cell0007.png,0,transpose,8492,ok,0,0.0,0
train,2022_03_21_11_03_04_46,8,"(415, 99, 424, 107)",0.0,0,C:\Users\sthem\OneDrive\Documentos\GitHub\master-2025\3-Datasets\img-lcm\img_dir_annotated\train\uninfected\2022_03_21_11_03_04_46_cell0008.png,0,transpose,8492,ok,0,0.0,0
train,2022_03_21_11_03_04_46,9,"(508, 1107, 564, 1164)",0.0,0,C:\Users\sthem\OneDrive\Documentos\GitHub\master-2025\3-Datasets\img-lcm\img_dir_annotated\train\uninfected\2022_03_21_11_03_04_46_cell0009.png,0,transpose,8492,ok,0,0.0,0
train,2022_03_21_11_03_04_46,10,"(535, 1480, 569, 1543)",0.9346176298890836,1,C:\Users\sthem\OneDrive\Documentos\GitHub\master-2025\3-Datasets\img-lcm\img_dir_annotated\train\infected\2022_03_21_11_03_04_46_cell0010.png,0,transpose,8492,ok,1,0.9495798319327731,2034
train,2022_03_21_11_03_04_46,11,"(649, 1031, 721, 1098)",0.0,0,C:\Users\sthem\OneDrive\Documentos\GitHub\master-2025\3-Datasets\img-lcm\img_dir_annotated\train\uninfected\2022_03_21_11_03_04_46_cell0011.png,0,transpose,8492,ok,0,0.0,0
train,2022_03_21_11_03_04_46,12,"(707, 1926, 755, 1981)",0.9266389177939646,1,C:\Users\sthem\OneDrive\Documentos\GitHub\master-2025\3-Datasets\img-lcm\img_dir_annotated\train\infected\2022_03_21_11_03_04_46_cell0012.png,0,transpose,8492,ok,1,0.9564393939393939,2525
train,2022_03_21_11_03_04_46,13,"(915, 744, 980, 814)",0.0,0,C:\Users\sthem\OneDrive\Documentos\GitHub\master-2025\3-Datasets\img-lcm\img_dir_annotated\train\uninfected\2022_03_21_11_03_04_46_cell0013.png,0,transpose,8492,ok,0,0.0,0
train,2022_03_21_11_03_04_46,14,"(970, 1779, 1033, 1840)",0.9045362220717672,1,C:\Users\sthem\OneDrive\Documentos\GitHub\master-2025\3-Datasets\img-lcm\img_dir_annotated\train\infected\2022_03_21_11_03_04_46_cell0014.png,0,transpose,8492,ok,1,0.8724954462659381,3353
train,2022_03_21_11_03_04_52,1,"(56, 808, 155, 873)",0.0,0,C:\Users\sthem\OneDrive\Documentos\GitHub\master-2025\3-Datasets\img-lcm\img_dir_annotated\train\uninfected\2022_03_21_11_03_04_52_cell0001.png,0,transpose,11638,ok,0,0.0,0
train,2022_03_21_11_03_04_52,2,"(79, 473, 145, 527)",0.9275153263613416,1,C:\Users\sthem\OneDrive\Documentos\GitHub\master-2025\3-Datasets\img-lcm\img_dir_annotated\train\infected\2022_03_21_11_03_04_52_cell0002.png,0,transpose,11638,ok,1,0.888327721661055,3166
train,2022_03_21_11_03_04_52,3,"(95, 657, 180, 750)",0.0,0,C:\Users\sthem\OneDrive\Documentos\GitHub\master-2025\3-Datasets\img-lcm\img_dir_annotated\train\uninfected\2022_03_21_11_03_04_52_cell0003.png,0,transpose,11638,ok,0,0.0,0
train,2022_03_21_11_03_04_52,4,"(119, 1408, 205, 1492)",0.0,0,C:\Users\sthem\OneDrive\Documentos\GitHub\master-2025\3-Datasets\img-lcm\img_dir_annotated\train\uninfected\2022_03_21_11_03_04_52_cell0004.png,0,transpose,11638,ok,0,0.0,0
train,2022_03_21_11_03_04_52,5,"(153, 436, 214, 499)",0.0,0,C:\Users\sthem\OneDrive\Documentos\GitHub\master-2025\3-Datasets\img-lcm\img_dir_annotated\train\uninfected\2022_03_21_11_03_04_52_cell0005.png,0,transpose,11638,ok,0,0.0,0
train,2022_03_21_11_03_04_52,6,"(233, 2011, 282, 2047)",0.0,0,C:\Users\sthem\OneDrive\Documentos\GitHub\master-2025\3-Datasets\img-lcm\img_dir_annotated\train\uninfected\2022_03_21_11_03_04_52_cell0006.png,0,transpose,11638,ok,0,0.0,0
train,2022_03_21_11_03_04_52,7,"(242, 1213, 314, 1286)",0.0,0,C:\Users\sthem\OneDrive\Documentos\GitHub\master-2025\3-Datasets\img-lcm\img_dir_annotated\train\uninfected\2022_03_21_11_03_04_52_cell0007.png,0,transpose,11638,ok,0,0.0,0
train,2022_03_21_11_03_04_52,8,"(249, 805, 327, 870)",0.0,0,C:\Users\sthem\OneDrive\Documentos\GitHub\master-2025\3-Datasets\img-lcm\img_dir_annotated\train\uninfected\2022_03_21_11_03_04_52_cell0008.png,0,transpose,11638,ok,0,0.0,0
train,2022_03_21_11_03_04_52,9,"(298, 1488, 350, 1559)",0.0,0,C:\Users\sthem\OneDrive\Documentos\GitHub\master-2025\3-Datasets\img-lcm\img_dir_annotated\train\uninfected\2022_03_21_11_03_04_52_cell0009.png,0,transpose,11638,ok,0,0.0,0
train,2022_03_21_11_03_04_52,10,"(362, 667, 432, 734)",0.690084985835694,1,C:\Users\sthem\OneDrive\Documentos\GitHub\master-2025\3-Datasets\img-lcm\img_dir_annotated\train\infected\2022_03_21_11_03_04_52_cell0010.png,0,transpose,11638,ok,1,0.6987206823027718,3277
train,2022_03_21_11_03_04_52,11,"(394, 1206, 452, 1273)",0.0,0,C:\Users\sthem\OneDrive\Documentos\GitHub\master-2025\3-Datasets\img-lcm\img_dir_annotated\train\uninfected\2022_03_21_11_03_04_52_cell0011.png,0,transpose,11638,ok,0,0.0,0
train,2022_03_21_11_03_04_52,12,"(412, 323, 420, 332)",0.0,0,C:\Users\sthem\OneDrive\Documentos\GitHub\master-2025\3-Datasets\img-lcm\img_dir_annotated\train\uninfected\2022_03_21_11_03_04_52_cell0012.png,0,transpose,11638,ok,0,0.0,0
train,2022_03_21_11_03_04_52,13,"(416, 99, 424, 107)",0.0,0,C:\Users\sthem\OneDrive\Documentos\GitHub\master-2025\3-Datasets\img-lcm\img_dir_annotated\train\uninfected\2022_03_21_11_03_04_52_cell0013.png,0,transpose,11638,ok,0,0.0,0
train,2022_03_21_11_03_04_52,14,"(570, 1879, 671, 1974)",0.3867387987238174,1,C:\Users\sthem\OneDrive\Documentos\GitHub\master-2025\3-Datasets\img-lcm\img_dir_annotated\train\infected\2022_03_21_11_03_04_52_cell0014.png,0,transpose,11638,ok,1,0.36873371547681083,3538
train,2022_03_21_11_03_04_52,15,"(585, 1818, 664, 1883)",0.0,0,C:\Users\sthem\OneDrive\Documentos\GitHub\master-2025\3-Datasets\img-lcm\img_dir_annotated\train\uninfected\2022_03_21_11_03_04_52_cell0015.png,0,transpose,11638,ok,0,0.0,0
train,2022_03_21_11_03_04_52,16,"(611, 364, 691, 457)",0.0,0,C:\Users\sthem\OneDrive\Documentos\GitHub\master-2025\3-Datasets\img-lcm\img_dir_annotated\train\uninfected\2022_03_21_11_03_04_52_cell0016.png,0,transpose,11638,ok,0,0.0,0
train,2022_03_21_11_03_04_52,17,"(735, 829, 807, 895)",0.0,0,C:\Users\sthem\OneDrive\Documentos\GitHub\master-2025\3-Datasets\img-lcm\img_dir_annotated\train\uninfected\2022_03_21_11_03_04_52_cell0017.png,0,transpose,11638,ok,0,0.0,0
train,2022_03_21_11_03_04_52,18,"(816, 396, 883, 462)",0.0,0,C:\Users\sthem\OneDrive\Documentos\GitHub\master-2025\3-Datasets\img-lcm\img_dir_annotated\train\uninfected\2022_03_21_11_03_04_52_cell0018.png,0,transpose,11638,ok,0,0.0,0
train,2022_03_21_11_03_04_52,19,"(930, 1357, 992, 1402)",0.8065910318746623,1,C:\Users\sthem\OneDrive\Documentos\GitHub\master-2025\3-Datasets\img-lcm\img_dir_annotated\train\infected\2022_03_21_11_03_04_52_cell0019.png,0,transpose,11638,ok,1,0.8275985663082437,2309
train,2022_03_21_11_03_04_52,20,"(995, 1010, 1062, 1069)",0.8374331550802139,1,C:\Users\sthem\OneDrive\Documentos\GitHub\master-2025\3-Datasets\img-lcm\img_dir_annotated\train\infected\2022_03_21_11_03_04_52_cell0020.png,0,transpose,11638,ok,1,0.82772577789021,3272
train,2022_03_21_11_03_04_52,21,"(1027, 471, 1088, 536)",0.0,0,C:\Users\sthem\OneDrive\Documentos\GitHub\master-2025\3-Datasets\img-lcm\img_dir_annotated\train\uninfected\2022_03_21_11_03_04_52_cell0021.png,0,transpose,11638,ok,0,0.0,0
train,2022_03_21_11_03_04_52,22,"(1035, 260, 1088, 323)",0.0,0,C:\Users\sthem\OneDrive\Documentos\GitHub\master-2025\3-Datasets\img-lcm\img_dir_annotated\train\uninfected\2022_03_21_11_03_04_52_cell0022.png,0,transpose,11638,ok,0,0.0,0
train,2022_03_21_11_03_04_60,1,"(0, 344, 52, 409)",0.0,0,C:\Users\sthem\OneDrive\Documentos\GitHub\master-2025\3-Datasets\img-lcm\img_dir_annotated\train\uninfected\2022_03_21_11_03_04_60_cell0001.png,0,transpose,5431,ok,0,0.0,0
train,2022_03_21_11_03_04_60,2,"(9, 1, 79, 71)",0.0,0,C:\Users\sthem\OneDrive\Documentos\GitHub\master-2025\3-Datasets\img-lcm\img_dir_annotated\train\uninfected\2022_03_21_11_03_04_60_cell0002.png,0,transpose,5431,ok,0,0.0,0
train,2022_03_21_11_03_04_60,3,"(62, 1619, 181, 1734)",0.0,0,C:\Users\sthem\OneDrive\Documentos\GitHub\master-2025\3-Datasets\img-lcm\img_dir_annotated\train\uninfected\2022_03_21_11_03_04_60_cell0003.png,0,transpose,5431,ok,0,0.0,0
train,2022_03_21_11_03_04_60,4,"(78, 1114, 142, 1171)",0.0,0,C:\Users\sthem\OneDrive\Documentos\GitHub\master-2025\3-Datasets\img-lcm\img_dir_annotated\train\uninfected\2022_03_21_11_03_04_60_cell0004.png,0,transpose,5431,ok,0,0.0,0
train,2022_03_21_11_03_04_60,5,"(94, 1391, 185, 1448)",0.0,0,C:\Users\sthem\OneDrive\Documentos\GitHub\master-2025\3-Datasets\img-lcm\img_dir_annotated\train\uninfected\2022_03_21_11_03_04_60_cell0005.png,0,transpose,5431,ok,0,0.0,0
train,2022_03_21_11_03_04_60,6,"(100, 293, 161, 363)",0.0,0,C:\Users\sthem\OneDrive\Documentos\GitHub\master-2025\3-Datasets\img-lcm\img_dir_annotated\train\uninfected\2022_03_21_11_03_04_60_cell0006.png,0,transpose,5431,ok,0,0.0,0
train,2022_03_21_11_03_04_60,7,"(117, 559, 182, 623)",0.0,0,C:\Users\sthem\OneDrive\Documentos\GitHub\master-2025\3-Datasets\img-lcm\img_dir_annotated\train\uninfected\2022_03_21_11_03_04_60_cell0007.png,0,transpose,5431,ok,0,0.0,0
train,2022_03_21_11_03_04_60,8,"(124, 1004, 195, 1066)",0.0,0,C:\Users\sthem\OneDrive\Documentos\GitHub\master-2025\3-Datasets\img-lcm\img_dir_annotated\train\uninfected\2022_03_21_11_03_04_60_cell0008.png,0,transpose,5431,ok,0,0.0,0
train,2022_03_21_11_03_04_60,9,"(224, 1231, 282, 1292)",0.0,0,C:\Users\sthem\OneDrive\Documentos\GitHub\master-2025\3-Datasets\img-lcm\img_dir_annotated\train\uninfected\2022_03_21_11_03_04_60_cell0009.png,0,transpose,5431,ok,0,0.0,0
train,2022_03_21_11_03_04_60,10,"(302, 527, 363, 604)",0.0,0,C:\Users\sthem\OneDrive\Documentos\GitHub\master-2025\3-Datasets\img-lcm\img_dir_annotated\train\uninfected\2022_03_21_11_03_04_60_cell0010.png,0,transpose,5431,ok,0,0.0,0
train,2022_03_21_11_03_04_60,11,"(318, 1065, 389, 1106)",0.0,0,C:\Users\sthem\OneDrive\Documentos\GitHub\master-2025\3-Datasets\img-lcm\img_dir_annotated\train\uninfected\2022_03_21_11_03_04_60_cell0011.png,0,transpose,5431,ok,0,0.0,0
train,2022_03_21_11_03_04_60,12,"(362, 407, 430, 476)",0.0,0,C:\Users\sthem\OneDrive\Documentos\GitHub\master-2025\3-Datasets\img-lcm\img_dir_annotated\train\uninfected\2022_03_21_11_03_04_60_cell0012.png,0,transpose,5431,ok,0,0.0,0
train,2022_03_21_11_03_04_60,13,"(373, 784, 471, 876)",0.0,0,C:\Users\sthem\OneDrive\Documentos\GitHub\master-2025\3-Datasets\img-lcm\img_dir_annotated\train\uninfected\2022_03_21_11_03_04_60_cell0013.png,0,transpose,5431,ok,0,0.0,0
train,2022_03_21_11_03_04_60,14,"(416, 99, 424, 107)",0.0,0,C:\Users\sthem\OneDrive\Documentos\GitHub\master-2025\3-Datasets\img-lcm\img_dir_annotated\train\uninfected\2022_03_21_11_03_04_60_cell0014.png,0,transpose,5431,ok,0,0.0,0
train,2022_03_21_11_03_04_60,15,"(448, 1628, 533, 1672)",0.0,0,C:\Users\sthem\OneDrive\Documentos\GitHub\master-2025\3-Datasets\img-lcm\img_dir_annotated\train\uninfected\2022_03_21_11_03_04_60_cell0015.png,0,transpose,5431,ok,0,0.0,0
train,2022_03_21_11_03_04_60,16,"(467, 860, 521, 922)",0.0,0,C:\Users\sthem\OneDrive\Documentos\GitHub\master-2025\3-Datasets\img-lcm\img_dir_annotated\train\uninfected\2022_03_21_11_03_04_60_cell0016.png,0,transpose,5431,ok,0,0.0,0
train,2022_03_21_11_03_04_60,17,"(469, 1562, 545, 1618)",0.0,0,C:\Users\sthem\OneDrive\Documentos\GitHub\master-2025\3-Datasets\img-lcm\img_dir_annotated\train\uninfected\2022_03_21_11_03_04_60_cell0017.png,0,transpose,5431,ok,0,0.0,0
train,2022_03_21_11_03_04_60,18,"(551, 252, 623, 315)",0.0,0,C:\Users\sthem\OneDrive\Documentos\GitHub\master-2025\3-Datasets\img-lcm\img_dir_annotated\train\uninfected\2022_03_21_11_03_04_60_cell0018.png,0,transpose,5431,ok,0,0.0,0
train,2022_03_21_11_03_04_60,19,"(617, 2012, 688, 2047)",0.0,0,C:\Users\sthem\OneDrive\Documentos\GitHub\master-2025\3-Datasets\img-lcm\img_dir_annotated\train\uninfected\2022_03_21_11_03_04_60_cell0019.png,0,transpose,5431,ok,0,0.0,0
train,2022_03_21_11_03_04_60,20,"(643, 383, 718, 438)",0.0,0,C:\Users\sthem\OneDrive\Documentos\GitHub\master-2025\3-Datasets\img-lcm\img_dir_annotated\train\uninfected\2022_03_21_11_03_04_60_cell0020.png,0,transpose,5431,ok,0,0.0,0
train,2022_03_21_11_03_04_60,21,"(758, 1666, 844, 1705)",0.0,0,C:\Users\sthem\OneDrive\Documentos\GitHub\master-2025\3-Datasets\img-lcm\img_dir_annotated\train\uninfected\2022_03_21_11_03_04_60_cell0021.png,0,transpose,5431,ok,0,0.0,0
train,2022_03_21_11_03_04_60,22,"(799, 467, 864, 532)",0.0,0,C:\Users\sthem\OneDrive\Documentos\GitHub\master-2025\3-Datasets\img-lcm\img_dir_annotated\train\uninfected\2022_03_21_11_03_04_60_cell0022.png,0,transpose,5431,ok,0,0.0,0
train,2022_03_21_11_03_04_60,23,"(821, 56, 886, 121)",0.826006762988011,1,C:\Users\sthem\OneDrive\Documentos\GitHub\master-2025\3-Datasets\img-lcm\img_dir_annotated\train\infected\2022_03_21_11_03_04_60_cell0023.png,0,transpose,5431,ok,1,0.8068639053254438,3409
train,2022_03_21_11_03_04_60,24,"(821, 971, 877, 1032)",0.0,0,C:\Users\sthem\OneDrive\Documentos\GitHub\master-2025\3-Datasets\img-lcm\img_dir_annotated\train\uninfected\2022_03_21_11_03_04_60_cell0024.png,0,transpose,5431,ok,0,0.0,0
train,2022_03_21_11_03_04_60,25,"(842, 337, 904, 385)",0.0,0,C:\Users\sthem\OneDrive\Documentos\GitHub\master-2025\3-Datasets\img-lcm\img_dir_annotated\train\uninfected\2022_03_21_11_03_04_60_cell0025.png,0,transpose,5431,ok,0,0.0,0
train,2022_03_21_11_03_04_60,26,"(920, 1079, 984, 1142)",0.8716645489199492,1,C:\Users\sthem\OneDrive\Documentos\GitHub\master-2025\3-Datasets\img-lcm\img_dir_annotated\train\infected\2022_03_21_11_03_04_60_cell0026.png,0,transpose,5431,ok,1,0.857390873015873,3457
train,2022_03_21_11_03_04_60,27,"(921, 1774, 984, 1820)",0.0,0,C:\Users\sthem\OneDrive\Documentos\GitHub\master-2025\3-Datasets\img-lcm\img_dir_annotated\train\uninfected\2022_03_21_11_03_04_60_cell0027.png,0,transpose,5431,ok,0,0.0,0
train,2022_03_21_11_03_04_60,28,"(959, 249, 1026, 311)",0.0,0,C:\Users\sthem\OneDrive\Documentos\GitHub\master-2025\3-Datasets\img-lcm\img_dir_annotated\train\uninfected\2022_03_21_11_03_04_60_cell0028.png,0,transpose,5431,ok,0,0.0,0
train,2022_03_21_11_03_04_60,29,"(1011, 1365, 1079, 1419)",0.0,0,C:\Users\sthem\OneDrive\Documentos\GitHub\master-2025\3-Datasets\img-lcm\img_dir_annotated\train\uninfected\2022_03_21_11_03_04_60_cell0029.png,0,transpose,5431,ok,0,0.0,0
train,2022_03_21_11_03_04_73,1,"(0, 570, 37, 609)",0.0,0,C:\Users\sthem\OneDrive\Documentos\GitHub\master-2025\3-Datasets\img-lcm\img_dir_annotated\train\uninfected\2022_03_21_11_03_04_73_cell0001.png,0,transpose,3808,ok,0,0.0,0
train,2022_03_21_11_03_04_73,2,"(33, 804, 97, 856)",0.0,0,C:\Users\sthem\OneDrive\Documentos\GitHub\master-2025\3-Datasets\img-lcm\img_dir_annotated\train\uninfected\2022_03_21_11_03_04_73_cell0002.png,0,transpose,3808,ok,0,0.0,0
train,2022_03_21_11_03_04_73,3,"(60, 45, 166, 154)",0.0,0,C:\Users\sthem\OneDrive\Documentos\GitHub\master-2025\3-Datasets\img-lcm\img_dir_annotated\train\uninfected\2022_03_21_11_03_04_73_cell0003.png,0,transpose,3808,ok,0,0.0,0
train,2022_03_21_11_03_04_73,4,"(91, 1395, 159, 1444)",0.0,0,C:\Users\sthem\OneDrive\Documentos\GitHub\master-2025\3-Datasets\img-lcm\img_dir_annotated\train\uninfected\2022_03_21_11_03_04_73_cell0004.png,0,transpose,3808,ok,0,0.0,0
train,2022_03_21_11_03_04_73,5,"(108, 1064, 171, 1144)",0.0,0,C:\Users\sthem\OneDrive\Documentos\GitHub\master-2025\3-Datasets\img-lcm\img_dir_annotated\train\uninfected\2022_03_21_11_03_04_73_cell0005.png,0,transpose,3808,ok,0,0.0,0
train,2022_03_21_11_03_04_73,6,"(135, 1865, 222, 1907)",0.0,0,C:\Users\sthem\OneDrive\Documentos\GitHub\master-2025\3-Datasets\img-lcm\img_dir_annotated\train\uninfected\2022_03_21_11_03_04_73_cell0006.png,0,transpose,3808,ok,0,0.0,0
train,2022_03_21_11_03_04_73,7,"(205, 248, 287, 310)",0.0,0,C:\Users\sthem\OneDrive\Documentos\GitHub\master-2025\3-Datasets\img-lcm\img_dir_annotated\train\uninfected\2022_03_21_11_03_04_73_cell0007.png,0,transpose,3808,ok,0,0.0,0
train,2022_03_21_11_03_04_73,8,"(242, 603, 302, 656)",0.0,0,C:\Users\sthem\OneDrive\Documentos\GitHub\master-2025\3-Datasets\img-lcm\img_dir_annotated\train\uninfected\2022_03_21_11_03_04_73_cell0008.png,0,transpose,3808,ok,0,0.0,0
train,2022_03_21_11_03_04_73,9,"(264, 310, 335, 372)",0.0,0,C:\Users\sthem\OneDrive\Documentos\GitHub\master-2025\3-Datasets\img-lcm\img_dir_annotated\train\uninfected\2022_03_21_11_03_04_73_cell0009.png,0,transpose,3808,ok,0,0.0,0
train,2022_03_21_11_03_04_73,10,"(291, 82, 348, 148)",0.0,0,C:\Users\sthem\OneDrive\Documentos\GitHub\master-2025\3-Datasets\img-lcm\img_dir_annotated\train\uninfected\2022_03_21_11_03_04_73_cell0010.png,0,transpose,3808,ok,0,0.0,0
train,2022_03_21_11_03_04_73,11,"(316, 568, 381, 632)",0.0,0,C:\Users\sthem\OneDrive\Documentos\GitHub\master-2025\3-Datasets\img-lcm\img_dir_annotated\train\uninfected\2022_03_21_11_03_04_73_cell0011.png,0,transpose,3808,ok,0,0.0,0
train,2022_03_21_11_03_04_73,12,"(458, 1732, 530, 1801)",0.0,0,C:\Users\sthem\OneDrive\Documentos\GitHub\master-2025\3-Datasets\img-lcm\img_dir_annotated\train\uninfected\2022_03_21_11_03_04_73_cell0012.png,0,transpose,3808,ok,0,0.0,0
train,2022_03_21_11_03_04_73,13,"(518, 653, 580, 712)",0.6638507567757832,1,C:\Users\sthem\OneDrive\Documentos\GitHub\master-2025\3-Datasets\img-lcm\img_dir_annotated\train\infected\2022_03_21_11_03_04_73_cell0013.png,0,transpose,3808,ok,1,0.6722252597047567,2459
train,2022_03_21_11_03_04_73,14,"(547, 1335, 623, 1406)",0.0,0,C:\Users\sthem\OneDrive\Documentos\GitHub\master-2025\3-Datasets\img-lcm\img_dir_annotated\train\uninfected\2022_03_21_11_03_04_73_cell0014.png,0,transpose,3808,ok,0,0.0,0
train,2022_03_21_11_03_04_73,15,"(618, 1269, 690, 1326)",0.0,0,C:\Users\sthem\OneDrive\Documentos\GitHub\master-2025\3-Datasets\img-lcm\img_dir_annotated\train\uninfected\2022_03_21_11_03_04_73_cell0015.png,0,transpose,3808,ok,0,0.0,0
train,2022_03_21_11_03_04_73,16,"(796, 1647, 854, 1727)",0.0,0,C:\Users\sthem\OneDrive\Documentos\GitHub\master-2025\3-Datasets\img-lcm\img_dir_annotated\train\uninfected\2022_03_21_11_03_04_73_cell0016.png,0,transpose,3808,ok,0,0.0,0
train,2022_03_21_11_03_04_73,17,"(897, 1438, 962, 1506)",0.0,0,C:\Users\sthem\OneDrive\Documentos\GitHub\master-2025\3-Datasets\img-lcm\img_dir_annotated\train\uninfected\2022_03_21_11_03_04_73_cell0017.png,0,transpose,3808,ok,0,0.0,0
train,2022_03_21_11_03_04_73,18,"(917, 225, 980, 271)",0.0,0,C:\Users\sthem\OneDrive\Documentos\GitHub\master-2025\3-Datasets\img-lcm\img_dir_annotated\train\uninfected\2022_03_21_11_03_04_73_cell0018.png,0,transpose,3808,ok,0,0.0,0
train,2022_03_21_11_03_04_73,19,"(931, 705, 988, 772)",0.0099587912087912,0,C:\Users\sthem\OneDrive\Documentos\GitHub\master-2025\3-Datasets\img-lcm\img_dir_annotated\train\uninfected\2022_03_21_11_03_04_73_cell0019.png,0,transpose,3808,ok,0,0.0636292223095051,243
train,2022_03_21_11_03_04_73,20,"(955, 1593, 1033, 1634)",0.0,0,C:\Users\sthem\OneDrive\Documentos\GitHub\master-2025\3-Datasets\img-lcm\img_dir_annotated\train\uninfected\2022_03_21_11_03_04_73_cell0020.png,0,transpose,3808,ok,0,0.0,0
train,2022_03_21_11_03_04_73,21,"(998, 1688, 1067, 1755)",0.0,0,C:\Users\sthem\OneDrive\Documentos\GitHub\master-2025\3-Datasets\img-lcm\img_dir_annotated\train\uninfected\2022_03_21_11_03_04_73_cell0021.png,0,transpose,3808,ok,0,0.0,0
train,2022_03_21_11_03_04_73,22,"(1004, 468, 1062, 537)",0.615009746588694,1,C:\Users\sthem\OneDrive\Documentos\GitHub\master-2025\3-Datasets\img-lcm\img_dir_annotated\train\infected\2022_03_21_11_03_04_73_cell0022.png,0,transpose,3808,ok,1,0.627936031984008,2513
train,2022_03_21_11_03_04_73,23,"(1036, 1193, 1087, 1248)",0.0,0,C:\Users\sthem\OneDrive\Documentos\GitHub\master-2025\3-Datasets\img-lcm\img_dir_annotated\train\uninfected\2022_03_21_11_03_04_73_cell0023.png,0,transpose,3808,ok,0,0.0,0
train,2022_03_21_11_03_04_73,24,"(1040, 1825, 1088, 1880)",0.0,0,C:\Users\sthem\OneDrive\Documentos\GitHub\master-2025\3-Datasets\img-lcm\img_dir_annotated\train\uninfected\2022_03_21_11_03_04_73_cell0024.png,0,transpose,3808,ok,0,0.0,0
train,2022_03_21_11_03_04_73,25,"(1052, 17, 1088, 67)",0.0,0,C:\Users\sthem\OneDrive\Documentos\GitHub\master-2025\3-Datasets\img-lcm\img_dir_annotated\train\uninfected\2022_03_21_11_03_04_73_cell0025.png,0,transpose,3808,ok,0,0.0,0
train,2022_03_21_11_03_04_79,1,"(0, 1016, 48, 1086)",0.0,0,C:\Users\sthem\OneDrive\Documentos\GitHub\master-2025\3-Datasets\img-lcm\img_dir_annotated\train\uninfected\2022_03_21_11_03_04_79_cell0001.png,0,transpose,6914,ok,0,0.0,0
train,2022_03_21_11_03_04_79,2,"(13, 1530, 143, 1597)",0.0,0,C:\Users\sthem\OneDrive\Documentos\GitHub\master-2025\3-Datasets\img-lcm\img_dir_annotated\train\uninfected\2022_03_21_11_03_04_79_cell0002.png,0,transpose,6914,ok,0,0.0,0
train,2022_03_21_11_03_04_79,3,"(24, 38, 44, 60)",0.0,0,C:\Users\sthem\OneDrive\Documentos\GitHub\master-2025\3-Datasets\img-lcm\img_dir_annotated\train\uninfected\2022_03_21_11_03_04_79_cell0003.png,0,transpose,6914,ok,0,0.0,0
train,2022_03_21_11_03_04_79,4,"(102, 292, 161, 345)",0.0,0,C:\Users\sthem\OneDrive\Documentos\GitHub\master-2025\3-Datasets\img-lcm\img_dir_annotated\train\uninfected\2022_03_21_11_03_04_79_cell0004.png,0,transpose,6914,ok,0,0.0,0
train,2022_03_21_11_03_04_79,5,"(177, 2030, 236, 2046)",0.0,0,C:\Users\sthem\OneDrive\Documentos\GitHub\master-2025\3-Datasets\img-lcm\img_dir_annotated\train\uninfected\2022_03_21_11_03_04_79_cell0005.png,0,transpose,6914,ok,0,0.0,0
train,2022_03_21_11_03_04_79,6,"(202, 982, 266, 1034)",0.7195456325891109,1,C:\Users\sthem\OneDrive\Documentos\GitHub\master-2025\3-Datasets\img-lcm\img_dir_annotated\train\infected\2022_03_21_11_03_04_79_cell0006.png,0,transpose,6914,ok,1,0.7328725961538461,2439
train,2022_03_21_11_03_04_79,7,"(290, 918, 375, 993)",0.0,0,C:\Users\sthem\OneDrive\Documentos\GitHub\master-2025\3-Datasets\img-lcm\img_dir_annotated\train\uninfected\2022_03_21_11_03_04_79_cell0007.png,0,transpose,6914,ok,0,0.0,0
train,2022_03_21_11_03_04_79,8,"(333, 661, 375, 710)",0.0,0,C:\Users\sthem\OneDrive\Documentos\GitHub\master-2025\3-Datasets\img-lcm\img_dir_annotated\train\uninfected\2022_03_21_11_03_04_79_cell0008.png,0,transpose,6914,ok,0,0.0,0
train,2022_03_21_11_03_04_79,9,"(420, 517, 524, 583)",0.0,0,C:\Users\sthem\OneDrive\Documentos\GitHub\master-2025\3-Datasets\img-lcm\img_dir_annotated\train\uninfected\2022_03_21_11_03_04_79_cell0009.png,0,transpose,6914,ok,0,0.0,0
train,2022_03_21_11_03_04_79,10,"(509, 40, 575, 115)",0.0,0,C:\Users\sthem\OneDrive\Documentos\GitHub\master-2025\3-Datasets\img-lcm\img_dir_annotated\train\uninfected\2022_03_21_11_03_04_79_cell0010.png,0,transpose,6914,ok,0,0.0,0
train,2022_03_21_11_03_04_79,11,"(574, 442, 654, 487)",0.0,0,C:\Users\sthem\OneDrive\Documentos\GitHub\master-2025\3-Datasets\img-lcm\img_dir_annotated\train\uninfected\2022_03_21_11_03_04_79_cell0011.png,0,transpose,6914,ok,0,0.0,0
train,2022_03_21_11_03_04_79,12,"(588, 1234, 656, 1285)",0.703112840466926,1,C:\Users\sthem\OneDrive\Documentos\GitHub\master-2025\3-Datasets\img-lcm\img_dir_annotated\train\infected\2022_03_21_11_03_04_79_cell0012.png,0,transpose,6914,ok,1,0.6888696655132641,2389
train,2022_03_21_11_03_04_79,13,"(621, 2013, 684, 2047)",0.0,0,C:\Users\sthem\OneDrive\Documentos\GitHub\master-2025\3-Datasets\img-lcm\img_dir_annotated\train\uninfected\2022_03_21_11_03_04_79_cell0013.png,0,transpose,6914,ok,0,0.0,0
train,2022_03_21_11_03_04_79,14,"(691, 1334, 750, 1372)",0.7601092896174864,1,C:\Users\sthem\OneDrive\Documentos\GitHub\master-2025\3-Datasets\img-lcm\img_dir_annotated\train\infected\2022_03_21_11_03_04_79_cell0014.png,0,transpose,6914,ok,1,0.7854594112399643,1761
train,2022_03_21_11_03_04_79,15,"(774, 40, 839, 101)",0.0,0,C:\Users\sthem\OneDrive\Documentos\GitHub\master-2025\3-Datasets\img-lcm\img_dir_annotated\train\uninfected\2022_03_21_11_03_04_79_cell0015.png,0,transpose,6914,ok,0,0.0,0
train,2022_03_21_11_03_04_79,16,"(794, 1471, 864, 1550)",0.0,0,C:\Users\sthem\OneDrive\Documentos\GitHub\master-2025\3-Datasets\img-lcm\img_dir_annotated\train\uninfected\2022_03_21_11_03_04_79_cell0016.png,0,transpose,6914,ok,0,0.0,0
train,2022_03_21_11_03_04_79,17,"(805, 598, 878, 653)",0.610461338531514,1,C:\Users\sthem\OneDrive\Documentos\GitHub\master-2025\3-Datasets\img-lcm\img_dir_annotated\train\infected\2022_03_21_11_03_04_79_cell0017.png,0,transpose,6914,ok,1,0.623412204234122,2503
train,2022_03_21_11_03_04_79,18,"(869, 1888, 958, 1972)",0.0,0,C:\Users\sthem\OneDrive\Documentos\GitHub\master-2025\3-Datasets\img-lcm\img_dir_annotated\train\uninfected\2022_03_21_11_03_04_79_cell0018.png,0,transpose,6914,ok,0,0.0,0
train,2022_03_21_11_03_04_79,19,"(889, 1827, 973, 1901)",0.0,0,C:\Users\sthem\OneDrive\Documentos\GitHub\master-2025\3-Datasets\img-lcm\img_dir_annotated\train\uninfected\2022_03_21_11_03_04_79_cell0019.png,0,transpose,6914,ok,0,0.0,0
train,2022_03_21_11_03_04_79,20,"(990, 0, 1081, 74)",0.0,0,C:\Users\sthem\OneDrive\Documentos\GitHub\master-2025\3-Datasets\img-lcm\img_dir_annotated\train\uninfected\2022_03_21_11_03_04_79_cell0020.png,0,transpose,6914,ok,0,0.0,0
train,2022_03_21_11_03_04_79,21,"(1015, 388, 1086, 437)",0.0,0,C:\Users\sthem\OneDrive\Documentos\GitHub\master-2025\3-Datasets\img-lcm\img_dir_annotated\train\uninfected\2022_03_21_11_03_04_79_cell0021.png,0,transpose,6914,ok,0,0.0,0
train,2022_03_21_11_03_04_93,1,"(0, 156, 66, 224)",0.0,0,C:\Users\sthem\OneDrive\Documentos\GitHub\master-2025\3-Datasets\img-lcm\img_dir_annotated\train\uninfected\2022_03_21_11_03_04_93_cell0001.png,0,transpose,4196,ok,0,0.0,0
train,2022_03_21_11_03_04_93,2,"(17, 522, 73, 575)",0.0,0,C:\Users\sthem\OneDrive\Documentos\GitHub\master-2025\3-Datasets\img-lcm\img_dir_annotated\train\uninfected\2022_03_21_11_03_04_93_cell0002.png,0,transpose,4196,ok,0,0.0,0
train,2022_03_21_11_03_04_93,3,"(35, 1090, 136, 1199)",0.0,0,C:\Users\sthem\OneDrive\Documentos\GitHub\master-2025\3-Datasets\img-lcm\img_dir_annotated\train\uninfected\2022_03_21_11_03_04_93_cell0003.png,0,transpose,4196,ok,0,0.0,0
train,2022_03_21_11_03_04_93,4,"(80, 435, 143, 500)",0.0,0,C:\Users\sthem\OneDrive\Documentos\GitHub\master-2025\3-Datasets\img-lcm\img_dir_annotated\train\uninfected\2022_03_21_11_03_04_93_cell0004.png,0,transpose,4196,ok,0,0.0,0
train,2022_03_21_11_03_04_93,5,"(265, 736, 324, 806)",0.0,0,C:\Users\sthem\OneDrive\Documentos\GitHub\master-2025\3-Datasets\img-lcm\img_dir_annotated\train\uninfected\2022_03_21_11_03_04_93_cell0005.png,0,transpose,4196,ok,0,0.0,0
train,2022_03_21_11_03_04_93,6,"(304, 1496, 343, 1538)",0.0,0,C:\Users\sthem\OneDrive\Documentos\GitHub\master-2025\3-Datasets\img-lcm\img_dir_annotated\train\uninfected\2022_03_21_11_03_04_93_cell0006.png,0,transpose,4196,ok,0,0.0,0
train,2022_03_21_11_03_04_93,7,"(430, 815, 500, 882)",0.0,0,C:\Users\sthem\OneDrive\Documentos\GitHub\master-2025\3-Datasets\img-lcm\img_dir_annotated\train\uninfected\2022_03_21_11_03_04_93_cell0007.png,0,transpose,4196,ok,0,0.0,0
train,2022_03_21_11_03_04_93,8,"(476, 1051, 523, 1094)",0.0,0,C:\Users\sthem\OneDrive\Documentos\GitHub\master-2025\3-Datasets\img-lcm\img_dir_annotated\train\uninfected\2022_03_21_11_03_04_93_cell0008.png,0,transpose,4196,ok,0,0.0,0
train,2022_03_21_11_03_04_93,9,"(509, 1590, 569, 1656)",0.0,0,C:\Users\sthem\OneDrive\Documentos\GitHub\master-2025\3-Datasets\img-lcm\img_dir_annotated\train\uninfected\2022_03_21_11_03_04_93_cell0009.png,0,transpose,4196,ok,0,0.0,0
train,2022_03_21_11_03_04_93,10,"(516, 1256, 559, 1314)",0.0,0,C:\Users\sthem\OneDrive\Documentos\GitHub\master-2025\3-Datasets\img-lcm\img_dir_annotated\train\uninfected\2022_03_21_11_03_04_93_cell0010.png,0,transpose,4196,ok,0,0.0,0
train,2022_03_21_11_03_04_93,11,"(532, 810, 578, 894)",0.0,0,C:\Users\sthem\OneDrive\Documentos\GitHub\master-2025\3-Datasets\img-lcm\img_dir_annotated\train\uninfected\2022_03_21_11_03_04_93_cell0011.png,0,transpose,4196,ok,0,0.0,0
train,2022_03_21_11_03_04_93,12,"(578, 191, 637, 251)",0.0,0,C:\Users\sthem\OneDrive\Documentos\GitHub\master-2025\3-Datasets\img-lcm\img_dir_annotated\train\uninfected\2022_03_21_11_03_04_93_cell0012.png,0,transpose,4196,ok,0,0.0,0
train,2022_03_21_11_03_04_93,13,"(604, 86, 679, 171)",0.0,0,C:\Users\sthem\OneDrive\Documentos\GitHub\master-2025\3-Datasets\img-lcm\img_dir_annotated\train\uninfected\2022_03_21_11_03_04_93_cell0013.png,0,transpose,4196,ok,0,0.0,0
train,2022_03_21_11_03_04_93,14,"(614, 252, 692, 351)",0.0,0,C:\Users\sthem\OneDrive\Documentos\GitHub\master-2025\3-Datasets\img-lcm\img_dir_annotated\train\uninfected\2022_03_21_11_03_04_93_cell0014.png,0,transpose,4196,ok,0,0.0,0
train,2022_03_21_11_03_04_93,15,"(652, 1731, 709, 1787)",0.0,0,C:\Users\sthem\OneDrive\Documentos\GitHub\master-2025\3-Datasets\img-lcm\img_dir_annotated\train\uninfected\2022_03_21_11_03_04_93_cell0015.png,0,transpose,4196,ok,0,0.0,0
train,2022_03_21_11_03_04_93,16,"(716, 316, 794, 388)",0.0,0,C:\Users\sthem\OneDrive\Documentos\GitHub\master-2025\3-Datasets\img-lcm\img_dir_annotated\train\uninfected\2022_03_21_11_03_04_93_cell0016.png,0,transpose,4196,ok,0,0.0,0
train,2022_03_21_11_03_04_93,17,"(787, 690, 857, 759)",0.0,0,C:\Users\sthem\OneDrive\Documentos\GitHub\master-2025\3-Datasets\img-lcm\img_dir_annotated\train\uninfected\2022_03_21_11_03_04_93_cell0017.png,0,transpose,4196,ok,0,0.0,0
train,2022_03_21_11_03_04_93,18,"(870, 1529, 930, 1590)",0.752865329512894,1,C:\Users\sthem\OneDrive\Documentos\GitHub\master-2025\3-Datasets\img-lcm\img_dir_annotated\train\infected\2022_03_21_11_03_04_93_cell0018.png,0,transpose,4196,ok,1,0.7513661202185792,2750
train,2022_03_21_11_03_04_93,19,"(894, 434, 953, 495)",0.0,0,C:\Users\sthem\OneDrive\Documentos\GitHub\master-2025\3-Datasets\img-lcm\img_dir_annotated\train\uninfected\2022_03_21_11_03_04_93_cell0019.png,0,transpose,4196,ok,0,0.0,0
train,2022_03_21_11_03_04_93,20,"(930, 1856, 986, 1922)",0.7245674740484429,1,C:\Users\sthem\OneDrive\Documentos\GitHub\master-2025\3-Datasets\img-lcm\img_dir_annotated\train\infected\2022_03_21_11_03_04_93_cell0020.png,0,transpose,4196,ok,1,0.7367424242424242,2723
train,2022_03_21_11_03_04_93,21,"(951, 1690, 1023, 1750)",0.0,0,C:\Users\sthem\OneDrive\Documentos\GitHub\master-2025\3-Datasets\img-lcm\img_dir_annotated\train\uninfected\2022_03_21_11_03_04_93_cell0021.png,0,transpose,4196,ok,0,0.0,0
train,2022_03_21_11_03_05_06,1,"(25, 1604, 94, 1667)",0.0,0,C:\Users\sthem\OneDrive\Documentos\GitHub\master-2025\3-Datasets\img-lcm\img_dir_annotated\train\uninfected\2022_03_21_11_03_05_06_cell0001.png,0,transpose,6721,ok,0,0.0,0
train,2022_03_21_11_03_05_06,2,"(46, 1794, 112, 1859)",0.0,0,C:\Users\sthem\OneDrive\Documentos\GitHub\master-2025\3-Datasets\img-lcm\img_dir_annotated\train\uninfected\2022_03_21_11_03_05_06_cell0002.png,0,transpose,6721,ok,0,0.0,0
train,2022_03_21_11_03_05_06,3,"(139, 153, 191, 221)",0.0,0,C:\Users\sthem\OneDrive\Documentos\GitHub\master-2025\3-Datasets\img-lcm\img_dir_annotated\train\uninfected\2022_03_21_11_03_05_06_cell0003.png,0,transpose,6721,ok,0,0.0,0
train,2022_03_21_11_03_05_06,4,"(168, 1327, 226, 1387)",0.7392265193370166,1,C:\Users\sthem\OneDrive\Documentos\GitHub\master-2025\3-Datasets\img-lcm\img_dir_annotated\train\infected\2022_03_21_11_03_05_06_cell0004.png,0,transpose,6721,ok,1,0.7318965517241379,2547
train,2022_03_21_11_03_05_06,5,"(245, 499, 320, 589)",0.0,0,C:\Users\sthem\OneDrive\Documentos\GitHub\master-2025\3-Datasets\img-lcm\img_dir_annotated\train\uninfected\2022_03_21_11_03_05_06_cell0005.png,0,transpose,6721,ok,0,0.0,0
train,2022_03_21_11_03_05_06,6,"(273, 1208, 338, 1270)",0.8599296450271826,1,C:\Users\sthem\OneDrive\Documentos\GitHub\master-2025\3-Datasets\img-lcm\img_dir_annotated\train\infected\2022_03_21_11_03_05_06_cell0006.png,0,transpose,6721,ok,1,0.8377171215880893,3376
train,2022_03_21_11_03_05_06,7,"(416, 313, 477, 373)",0.0,0,C:\Users\sthem\OneDrive\Documentos\GitHub\master-2025\3-Datasets\img-lcm\img_dir_annotated\train\uninfected\2022_03_21_11_03_05_06_cell0007.png,0,transpose,6721,ok,0,0.0,0
train,2022_03_21_11_03_05_06,8,"(431, 994, 488, 1045)",0.0,0,C:\Users\sthem\OneDrive\Documentos\GitHub\master-2025\3-Datasets\img-lcm\img_dir_annotated\train\uninfected\2022_03_21_11_03_05_06_cell0008.png,0,transpose,6721,ok,0,0.0,0
train,2022_03_21_11_03_05_06,9,"(431, 2028, 472, 2047)",0.0,0,C:\Users\sthem\OneDrive\Documentos\GitHub\master-2025\3-Datasets\img-lcm\img_dir_annotated\train\uninfected\2022_03_21_11_03_05_06_cell0009.png,0,transpose,6721,ok,0,0.0,0
train,2022_03_21_11_03_05_06,10,"(521, 1651, 566, 1706)",0.0,0,C:\Users\sthem\OneDrive\Documentos\GitHub\master-2025\3-Datasets\img-lcm\img_dir_annotated\train\uninfected\2022_03_21_11_03_05_06_cell0010.png,0,transpose,6721,ok,0,0.0,0
train,2022_03_21_11_03_05_06,11,"(584, 631, 642, 686)",0.0,0,C:\Users\sthem\OneDrive\Documentos\GitHub\master-2025\3-Datasets\img-lcm\img_dir_annotated\train\uninfected\2022_03_21_11_03_05_06_cell0011.png,0,transpose,6721,ok,0,0.0,0
train,2022_03_21_11_03_05_06,12,"(613, 1847, 679, 1912)",0.0,0,C:\Users\sthem\OneDrive\Documentos\GitHub\master-2025\3-Datasets\img-lcm\img_dir_annotated\train\uninfected\2022_03_21_11_03_05_06_cell0012.png,0,transpose,6721,ok,0,0.0,0
train,2022_03_21_11_03_05_06,13,"(670, 1886, 732, 1944)",0.0,0,C:\Users\sthem\OneDrive\Documentos\GitHub\master-2025\3-Datasets\img-lcm\img_dir_annotated\train\uninfected\2022_03_21_11_03_05_06_cell0013.png,0,transpose,6721,ok,0,0.0,0
train,2022_03_21_11_03_05_06,14,"(803, 1775, 862, 1838)",0.0,0,C:\Users\sthem\OneDrive\Documentos\GitHub\master-2025\3-Datasets\img-lcm\img_dir_annotated\train\uninfected\2022_03_21_11_03_05_06_cell0014.png,0,transpose,6721,ok,0,0.0,0
train,2022_03_21_11_03_05_06,15,"(822, 1083, 887, 1149)",0.6211656441717791,1,C:\Users\sthem\OneDrive\Documentos\GitHub\master-2025\3-Datasets\img-lcm\img_dir_annotated\train\infected\2022_03_21_11_03_05_06_cell0015.png,0,transpose,6721,ok,1,0.6230769230769231,2673
train,2022_03_21_11_03_05_06,16,"(905, 49, 967, 119)",0.0,0,C:\Users\sthem\OneDrive\Documentos\GitHub\master-2025\3-Datasets\img-lcm\img_dir_annotated\train\uninfected\2022_03_21_11_03_05_06_cell0016.png,0,transpose,6721,ok,0,0.0,0
train,2022_03_21_11_03_05_20,1,"(0, 727, 39, 784)",1.0,1,C:\Users\sthem\OneDrive\Documentos\GitHub\master-2025\3-Datasets\img-lcm\img_dir_annotated\train\infected\2022_03_21_11_03_05_20_cell0001.png,0,id,82138,ok,1,1.0,2223
train,2022_03_21_11_03_05_20,2,"(100, 118, 165, 182)",1.0,1,C:\Users\sthem\OneDrive\Documentos\GitHub\master-2025\3-Datasets\img-lcm\img_dir_annotated\train\infected\2022_03_21_11_03_05_20_cell0002.png,0,id,82138,ok,1,1.0,4160
train,2022_03_21_11_03_05_20,3,"(201, 1246, 273, 1315)",1.0,1,C:\Users\sthem\OneDrive\Documentos\GitHub\master-2025\3-Datasets\img-lcm\img_dir_annotated\train\infected\2022_03_21_11_03_05_20_cell0003.png,0,id,82138,ok,1,1.0,4968
train,2022_03_21_11_03_05_20,4,"(251, 860, 351, 1012)",1.0,1,C:\Users\sthem\OneDrive\Documentos\GitHub\master-2025\3-Datasets\img-lcm\img_dir_annotated\train\infected\2022_03_21_11_03_05_20_cell0004.png,0,id,82138,ok,1,1.0,15200
train,2022_03_21_11_03_05_20,5,"(279, 1955, 354, 2031)",1.0,1,C:\Users\sthem\OneDrive\Documentos\GitHub\master-2025\3-Datasets\img-lcm\img_dir_annotated\train\infected\2022_03_21_11_03_05_20_cell0005.png,0,id,82138,ok,1,1.0,5700
train,2022_03_21_11_03_05_20,6,"(362, 1516, 426, 1559)",1.0,1,C:\Users\sthem\OneDrive\Documentos\GitHub\master-2025\3-Datasets\img-lcm\img_dir_annotated\train\infected\2022_03_21_11_03_05_20_cell0006.png,0,id,82138,ok,1,1.0,2752
train,2022_03_21_11_03_05_20,7,"(444, 1055, 510, 1126)",1.0,1,C:\Users\sthem\OneDrive\Documentos\GitHub\master-2025\3-Datasets\img-lcm\img_dir_annotated\train\infected\2022_03_21_11_03_05_20_cell0007.png,0,id,82138,ok,1,1.0,4686
train,2022_03_21_11_03_05_20,8,"(472, 1796, 538, 1862)",1.0,1,C:\Users\sthem\OneDrive\Documentos\GitHub\master-2025\3-Datasets\img-lcm\img_dir_annotated\train\infected\2022_03_21_11_03_05_20_cell0008.png,0,id,82138,ok,1,1.0,4356
train,2022_03_21_11_03_05_20,9,"(479, 905, 539, 964)",1.0,1,C:\Users\sthem\OneDrive\Documentos\GitHub\master-2025\3-Datasets\img-lcm\img_dir_annotated\train\infected\2022_03_21_11_03_05_20_cell0009.png,0,id,82138,ok,1,1.0,3540
train,2022_03_21_11_03_05_20,10,"(486, 447, 553, 508)",1.0,1,C:\Users\sthem\OneDrive\Documentos\GitHub\master-2025\3-Datasets\img-lcm\img_dir_annotated\train\infected\2022_03_21_11_03_05_20_cell0010.png,0,id,82138,ok,1,1.0,4087
train,2022_03_21_11_03_05_20,11,"(521, 1058, 574, 1144)",1.0,1,C:\Users\sthem\OneDrive\Documentos\GitHub\master-2025\3-Datasets\img-lcm\img_dir_annotated\train\infected\2022_03_21_11_03_05_20_cell0011.png,0,id,82138,ok,1,1.0,4558
train,2022_03_21_11_03_05_20,12,"(547, 299, 651, 429)",1.0,1,C:\Users\sthem\OneDrive\Documentos\GitHub\master-2025\3-Datasets\img-lcm\img_dir_annotated\train\infected\2022_03_21_11_03_05_20_cell0012.png,0,id,82138,ok,1,1.0,13520
train,2022_03_21_11_03_05_20,13,"(557, 465, 616, 557)",1.0,1,C:\Users\sthem\OneDrive\Documentos\GitHub\master-2025\3-Datasets\img-lcm\img_dir_annotated\train\infected\2022_03_21_11_03_05_20_cell0013.png,0,id,82138,ok,1,1.0,5428
train,2022_03_21_11_03_05_20,14,"(581, 138, 711, 262)",1.0,1,C:\Users\sthem\OneDrive\Documentos\GitHub\master-2025\3-Datasets\img-lcm\img_dir_annotated\train\infected\2022_03_21_11_03_05_20_cell0014.png,0,id,82138,ok,1,1.0,16120
train,2022_03_21_11_03_05_20,15,"(620, 1775, 702, 1855)",1.0,1,C:\Users\sthem\OneDrive\Documentos\GitHub\master-2025\3-Datasets\img-lcm\img_dir_annotated\train\infected\2022_03_21_11_03_05_20_cell0015.png,0,id,82138,ok,1,1.0,6560
train,2022_03_21_11_03_05_20,16,"(674, 1159, 735, 1229)",1.0,1,C:\Users\sthem\OneDrive\Documentos\GitHub\master-2025\3-Datasets\img-lcm\img_dir_annotated\train\infected\2022_03_21_11_03_05_20_cell0016.png,0,id,82138,ok,1,1.0,4270
train,2022_03_21_11_03_05_20,17,"(696, 1546, 778, 1619)",1.0,1,C:\Users\sthem\OneDrive\Documentos\GitHub\master-2025\3-Datasets\img-lcm\img_dir_annotated\train\infected\2022_03_21_11_03_05_20_cell0017.png,0,id,82138,ok,1,1.0,5986
train,2022_03_21_11_03_05_20,18,"(869, 302, 883, 320)",1.0,1,C:\Users\sthem\OneDrive\Documentos\GitHub\master-2025\3-Datasets\img-lcm\img_dir_annotated\train\infected\2022_03_21_11_03_05_20_cell0018.png,0,id,82138,ok,1,1.0,252
train,2022_03_21_11_03_05_26,1,"(106, 62, 178, 127)",0.0,0,C:\Users\sthem\OneDrive\Documentos\GitHub\master-2025\3-Datasets\img-lcm\img_dir_annotated\train\uninfected\2022_03_21_11_03_05_26_cell0001.png,0,transpose,2203,ok,0,0.0,0
train,2022_03_21_11_03_05_26,2,"(162, 379, 235, 436)",0.0,0,C:\Users\sthem\OneDrive\Documentos\GitHub\master-2025\3-Datasets\img-lcm\img_dir_annotated\train\uninfected\2022_03_21_11_03_05_26_cell0002.png,0,transpose,2203,ok,0,0.0,0
train,2022_03_21_11_03_05_26,3,"(241, 839, 310, 893)",0.0,0,C:\Users\sthem\OneDrive\Documentos\GitHub\master-2025\3-Datasets\img-lcm\img_dir_annotated\train\uninfected\2022_03_21_11_03_05_26_cell0003.png,0,transpose,2203,ok,0,0.0,0
train,2022_03_21_11_03_05_26,4,"(268, 1928, 334, 1989)",0.0,0,C:\Users\sthem\OneDrive\Documentos\GitHub\master-2025\3-Datasets\img-lcm\img_dir_annotated\train\uninfected\2022_03_21_11_03_05_26_cell0004.png,0,transpose,2203,ok,0,0.0,0
train,2022_03_21_11_03_05_26,5,"(330, 334, 411, 395)",0.0,0,C:\Users\sthem\OneDrive\Documentos\GitHub\master-2025\3-Datasets\img-lcm\img_dir_annotated\train\uninfected\2022_03_21_11_03_05_26_cell0005.png,0,transpose,2203,ok,0,0.0,0
train,2022_03_21_11_03_05_26,6,"(415, 99, 424, 108)",0.0,0,C:\Users\sthem\OneDrive\Documentos\GitHub\master-2025\3-Datasets\img-lcm\img_dir_annotated\train\uninfected\2022_03_21_11_03_05_26_cell0006.png,0,transpose,2203,ok,0,0.0,0
train,2022_03_21_11_03_05_26,7,"(415, 1645, 477, 1711)",0.0,0,C:\Users\sthem\OneDrive\Documentos\GitHub\master-2025\3-Datasets\img-lcm\img_dir_annotated\train\uninfected\2022_03_21_11_03_05_26_cell0007.png,0,transpose,2203,ok,0,0.0,0
train,2022_03_21_11_03_05_26,8,"(433, 1894, 504, 1933)",0.4742371185592796,1,C:\Users\sthem\OneDrive\Documentos\GitHub\master-2025\3-Datasets\img-lcm\img_dir_annotated\train\infected\2022_03_21_11_03_05_26_cell0008.png,0,transpose,2203,ok,1,0.49404117009750814,1368
train,2022_03_21_11_03_05_26,9,"(569, 785, 649, 850)",0.0,0,C:\Users\sthem\OneDrive\Documentos\GitHub\master-2025\3-Datasets\img-lcm\img_dir_annotated\train\uninfected\2022_03_21_11_03_05_26_cell0009.png,0,transpose,2203,ok,0,0.0,0
train,2022_03_21_11_03_05_26,10,"(603, 1722, 650, 1786)",0.3103157894736842,1,C:\Users\sthem\OneDrive\Documentos\GitHub\master-2025\3-Datasets\img-lcm\img_dir_annotated\train\infected\2022_03_21_11_03_05_26_cell0010.png,0,transpose,2203,ok,1,0.3740026595744681,1125
train,2022_03_21_11_03_05_26,11,"(731, 133, 791, 204)",0.0,0,C:\Users\sthem\OneDrive\Documentos\GitHub\master-2025\3-Datasets\img-lcm\img_dir_annotated\train\uninfected\2022_03_21_11_03_05_26_cell0011.png,0,transpose,2203,ok,0,0.0,0
train,2022_03_21_11_03_05_26,12,"(746, 329, 803, 394)",0.1890510948905109,1,C:\Users\sthem\OneDrive\Documentos\GitHub\master-2025\3-Datasets\img-lcm\img_dir_annotated\train\infected\2022_03_21_11_03_05_26_cell0012.png,0,transpose,2203,ok,1,0.22887989203778678,848
train,2022_03_21_11_03_05_26,13,"(794, 0, 860, 43)",0.0,0,C:\Users\sthem\OneDrive\Documentos\GitHub\master-2025\3-Datasets\img-lcm\img_dir_annotated\train\uninfected\2022_03_21_11_03_05_26_cell0013.png,0,transpose,2203,ok,0,0.0,0
train,2022_03_21_11_03_05_26,14,"(868, 964, 930, 1026)",0.0,0,C:\Users\sthem\OneDrive\Documentos\GitHub\master-2025\3-Datasets\img-lcm\img_dir_annotated\train\uninfected\2022_03_21_11_03_05_26_cell0014.png,0,transpose,2203,ok,0,0.0,0
train,2022_03_21_11_03_05_26,15,"(1065, 1743, 1088, 1802)",0.0,0,C:\Users\sthem\OneDrive\Documentos\GitHub\master-2025\3-Datasets\img-lcm\img_dir_annotated\train\uninfected\2022_03_21_11_03_05_26_cell0015.png,0,transpose,2203,ok,0,0.0,0
train,2022_03_21_11_03_05_34,1,"(17, 848, 96, 932)",0.0,0,C:\Users\sthem\OneDrive\Documentos\GitHub\master-2025\3-Datasets\img-lcm\img_dir_annotated\train\uninfected\2022_03_21_11_03_05_34_cell0001.png,0,transpose,5015,ok,0,0.0,0
train,2022_03_21_11_03_05_34,2,"(22, 143, 84, 197)",0.0,0,C:\Users\sthem\OneDrive\Documentos\GitHub\master-2025\3-Datasets\img-lcm\img_dir_annotated\train\uninfected\2022_03_21_11_03_05_34_cell0002.png,0,transpose,5015,ok,0,0.0,0
train,2022_03_21_11_03_05_34,3,"(114, 1737, 174, 1808)",0.0,0,C:\Users\sthem\OneDrive\Documentos\GitHub\master-2025\3-Datasets\img-lcm\img_dir_annotated\train\uninfected\2022_03_21_11_03_05_34_cell0003.png,0,transpose,5015,ok,0,0.0,0
train,2022_03_21_11_03_05_34,4,"(187, 610, 250, 666)",0.0,0,C:\Users\sthem\OneDrive\Documentos\GitHub\master-2025\3-Datasets\img-lcm\img_dir_annotated\train\uninfected\2022_03_21_11_03_05_34_cell0004.png,0,transpose,5015,ok,0,0.0,0
train,2022_03_21_11_03_05_34,5,"(237, 1527, 299, 1585)",0.4739638682252922,1,C:\Users\sthem\OneDrive\Documentos\GitHub\master-2025\3-Datasets\img-lcm\img_dir_annotated\train\infected\2022_03_21_11_03_05_34_cell0005.png,0,transpose,5015,ok,1,0.5172413793103449,1860
train,2022_03_21_11_03_05_34,6,"(250, 1911, 315, 1953)",0.0,0,C:\Users\sthem\OneDrive\Documentos\GitHub\master-2025\3-Datasets\img-lcm\img_dir_annotated\train\uninfected\2022_03_21_11_03_05_34_cell0006.png,0,transpose,5015,ok,0,0.0,0
train,2022_03_21_11_03_05_34,7,"(280, 674, 331, 723)",0.0,0,C:\Users\sthem\OneDrive\Documentos\GitHub\master-2025\3-Datasets\img-lcm\img_dir_annotated\train\uninfected\2022_03_21_11_03_05_34_cell0007.png,0,transpose,5015,ok,0,0.0,0
train,2022_03_21_11_03_05_34,8,"(453, 1072, 517, 1143)",0.0,0,C:\Users\sthem\OneDrive\Documentos\GitHub\master-2025\3-Datasets\img-lcm\img_dir_annotated\train\uninfected\2022_03_21_11_03_05_34_cell0008.png,0,transpose,5015,ok,0,0.0,0
train,2022_03_21_11_03_05_34,9,"(453, 1999, 509, 2048)",0.0,0,C:\Users\sthem\OneDrive\Documentos\GitHub\master-2025\3-Datasets\img-lcm\img_dir_annotated\train\uninfected\2022_03_21_11_03_05_34_cell0009.png,0,transpose,5015,ok,0,0.0,0
train,2022_03_21_11_03_05_34,10,"(515, 1535, 565, 1593)",0.3364907532701849,1,C:\Users\sthem\OneDrive\Documentos\GitHub\master-2025\3-Datasets\img-lcm\img_dir_annotated\train\infected\2022_03_21_11_03_05_34_cell0010.png,0,transpose,5015,ok,1,0.39586206896551723,1148
train,2022_03_21_11_03_05_34,11,"(630, 1739, 690, 1795)",0.3239707579838399,1,C:\Users\sthem\OneDrive\Documentos\GitHub\master-2025\3-Datasets\img-lcm\img_dir_annotated\train\infected\2022_03_21_11_03_05_34_cell0011.png,0,transpose,5015,ok,1,0.37916666666666665,1274
train,2022_03_21_11_03_05_34,12,"(713, 558, 776, 623)",0.0,0,C:\Users\sthem\OneDrive\Documentos\GitHub\master-2025\3-Datasets\img-lcm\img_dir_annotated\train\uninfected\2022_03_21_11_03_05_34_cell0012.png,0,transpose,5015,ok,0,0.0,0
train,2022_03_21_11_03_05_34,13,"(784, 1014, 850, 1063)",0.8650103519668737,1,C:\Users\sthem\OneDrive\Documentos\GitHub\master-2025\3-Datasets\img-lcm\img_dir_annotated\train\infected\2022_03_21_11_03_05_34_cell0013.png,0,transpose,5015,ok,1,0.8546691403834261,2764
train,2022_03_21_11_03_05_34,14,"(850, 1526, 921, 1577)",0.0,0,C:\Users\sthem\OneDrive\Documentos\GitHub\master-2025\3-Datasets\img-lcm\img_dir_annotated\train\uninfected\2022_03_21_11_03_05_34_cell0014.png,0,transpose,5015,ok,0,0.0,0
train,2022_03_21_11_03_05_34,15,"(993, 187, 1047, 248)",0.0,0,C:\Users\sthem\OneDrive\Documentos\GitHub\master-2025\3-Datasets\img-lcm\img_dir_annotated\train\uninfected\2022_03_21_11_03_05_34_cell0015.png,0,transpose,5015,ok,0,0.0,0
train,2022_03_21_11_03_05_41,1,"(0, 853, 66, 919)",0.0,0,C:\Users\sthem\OneDrive\Documentos\GitHub\master-2025\3-Datasets\img-lcm\img_dir_annotated\train\uninfected\2022_03_21_11_03_05_41_cell0001.png,0,transpose,6087,ok,0,0.0,0
train,2022_03_21_11_03_05_41,2,"(31, 1464, 90, 1516)",0.0,0,C:\Users\sthem\OneDrive\Documentos\GitHub\master-2025\3-Datasets\img-lcm\img_dir_annotated\train\uninfected\2022_03_21_11_03_05_41_cell0002.png,0,transpose,6087,ok,0,0.0,0
train,2022_03_21_11_03_05_41,3,"(39, 1117, 103, 1180)",0.0,0,C:\Users\sthem\OneDrive\Documentos\GitHub\master-2025\3-Datasets\img-lcm\img_dir_annotated\train\uninfected\2022_03_21_11_03_05_41_cell0003.png,0,transpose,6087,ok,0,0.0,0
train,2022_03_21_11_03_05_41,4,"(52, 748, 117, 820)",0.0,0,C:\Users\sthem\OneDrive\Documentos\GitHub\master-2025\3-Datasets\img-lcm\img_dir_annotated\train\uninfected\2022_03_21_11_03_05_41_cell0004.png,0,transpose,6087,ok,0,0.0,0
train,2022_03_21_11_03_05_41,5,"(61, 1252, 88, 1277)",0.0,0,C:\Users\sthem\OneDrive\Documentos\GitHub\master-2025\3-Datasets\img-lcm\img_dir_annotated\train\uninfected\2022_03_21_11_03_05_41_cell0005.png,0,transpose,6087,ok,0,0.0,0
train,2022_03_21_11_03_05_41,6,"(99, 1095, 182, 1181)",0.0,0,C:\Users\sthem\OneDrive\Documentos\GitHub\master-2025\3-Datasets\img-lcm\img_dir_annotated\train\uninfected\2022_03_21_11_03_05_41_cell0006.png,0,transpose,6087,ok,0,0.0,0
train,2022_03_21_11_03_05_41,7,"(100, 136, 164, 200)",0.0,0,C:\Users\sthem\OneDrive\Documentos\GitHub\master-2025\3-Datasets\img-lcm\img_dir_annotated\train\uninfected\2022_03_21_11_03_05_41_cell0007.png,0,transpose,6087,ok,0,0.0,0
train,2022_03_21_11_03_05_41,8,"(110, 1575, 163, 1623)",0.8339406559083811,1,C:\Users\sthem\OneDrive\Documentos\GitHub\master-2025\3-Datasets\img-lcm\img_dir_annotated\train\infected\2022_03_21_11_03_05_41_cell0008.png,0,transpose,6087,ok,1,0.8545597484276729,2174
train,2022_03_21_11_03_05_41,9,"(123, 832, 190, 893)",0.0,0,C:\Users\sthem\OneDrive\Documentos\GitHub\master-2025\3-Datasets\img-lcm\img_dir_annotated\train\uninfected\2022_03_21_11_03_05_41_cell0009.png,0,transpose,6087,ok,0,0.0,0
train,2022_03_21_11_03_05_41,10,"(165, 1599, 225, 1675)",0.0,0,C:\Users\sthem\OneDrive\Documentos\GitHub\master-2025\3-Datasets\img-lcm\img_dir_annotated\train\uninfected\2022_03_21_11_03_05_41_cell0010.png,0,transpose,6087,ok,0,0.04078947368421053,186
train,2022_03_21_11_03_05_41,11,"(274, 271, 328, 328)",0.0,0,C:\Users\sthem\OneDrive\Documentos\GitHub\master-2025\3-Datasets\img-lcm\img_dir_annotated\train\uninfected\2022_03_21_11_03_05_41_cell0011.png,0,transpose,6087,ok,0,0.0,0
train,2022_03_21_11_03_05_41,12,"(358, 1145, 426, 1219)",0.0,0,C:\Users\sthem\OneDrive\Documentos\GitHub\master-2025\3-Datasets\img-lcm\img_dir_annotated\train\uninfected\2022_03_21_11_03_05_41_cell0012.png,0,transpose,6087,ok,0,0.0,0
train,2022_03_21_11_03_05_41,13,"(388, 1408, 457, 1473)",0.0,0,C:\Users\sthem\OneDrive\Documentos\GitHub\master-2025\3-Datasets\img-lcm\img_dir_annotated\train\uninfected\2022_03_21_11_03_05_41_cell0013.png,0,transpose,6087,ok,0,0.0,0
train,2022_03_21_11_03_05_41,14,"(415, 98, 424, 108)",0.0,0,C:\Users\sthem\OneDrive\Documentos\GitHub\master-2025\3-Datasets\img-lcm\img_dir_annotated\train\uninfected\2022_03_21_11_03_05_41_cell0014.png,0,transpose,6087,ok,0,0.0,0
train,2022_03_21_11_03_05_41,15,"(457, 63, 464, 70)",0.0,0,C:\Users\sthem\OneDrive\Documentos\GitHub\master-2025\3-Datasets\img-lcm\img_dir_annotated\train\uninfected\2022_03_21_11_03_05_41_cell0015.png,0,transpose,6087,ok,0,0.0,0
train,2022_03_21_11_03_05_41,16,"(494, 977, 558, 1041)",0.0,0,C:\Users\sthem\OneDrive\Documentos\GitHub\master-2025\3-Datasets\img-lcm\img_dir_annotated\train\uninfected\2022_03_21_11_03_05_41_cell0016.png,0,transpose,6087,ok,0,0.0,0
train,2022_03_21_11_03_05_41,17,"(510, 1200, 574, 1270)",0.6560877091748413,1,C:\Users\sthem\OneDrive\Documentos\GitHub\master-2025\3-Datasets\img-lcm\img_dir_annotated\train\infected\2022_03_21_11_03_05_41_cell0017.png,0,transpose,6087,ok,1,0.6587053571428572,2951
train,2022_03_21_11_03_05_41,18,"(619, 2011, 687, 2047)",0.0,0,C:\Users\sthem\OneDrive\Documentos\GitHub\master-2025\3-Datasets\img-lcm\img_dir_annotated\train\uninfected\2022_03_21_11_03_05_41_cell0018.png,0,transpose,6087,ok,0,0.0,0
train,2022_03_21_11_03_05_41,19,"(647, 1520, 692, 1572)",0.0,0,C:\Users\sthem\OneDrive\Documentos\GitHub\master-2025\3-Datasets\img-lcm\img_dir_annotated\train\uninfected\2022_03_21_11_03_05_41_cell0019.png,0,transpose,6087,ok,0,0.0,0
train,2022_03_21_11_03_05_41,20,"(735, 1695, 800, 1751)",0.0,0,C:\Users\sthem\OneDrive\Documentos\GitHub\master-2025\3-Datasets\img-lcm\img_dir_annotated\train\uninfected\2022_03_21_11_03_05_41_cell0020.png,0,transpose,6087,ok,0,0.0,0
train,2022_03_21_11_03_05_41,21,"(780, 794, 845, 860)",0.0,0,C:\Users\sthem\OneDrive\Documentos\GitHub\master-2025\3-Datasets\img-lcm\img_dir_annotated\train\uninfected\2022_03_21_11_03_05_41_cell0021.png,0,transpose,6087,ok,0,0.0,0
train,2022_03_21_11_03_05_41,22,"(870, 303, 882, 319)",0.0,0,C:\Users\sthem\OneDrive\Documentos\GitHub\master-2025\3-Datasets\img-lcm\img_dir_annotated\train\uninfected\2022_03_21_11_03_05_41_cell0022.png,0,transpose,6087,ok,0,0.0,0
train,2022_03_21_11_03_05_41,23,"(887, 702, 959, 757)",0.7088810516191086,1,C:\Users\sthem\OneDrive\Documentos\GitHub\master-2025\3-Datasets\img-lcm\img_dir_annotated\train\infected\2022_03_21_11_03_05_41_cell0023.png,0,transpose,6087,ok,1,0.7108585858585859,2815
train,2022_03_21_11_03_05_41,24,"(908, 1724, 1021, 1824)",0.0,0,C:\Users\sthem\OneDrive\Documentos\GitHub\master-2025\3-Datasets\img-lcm\img_dir_annotated\train\uninfected\2022_03_21_11_03_05_41_cell0024.png,0,transpose,6087,ok,0,0.0,0
train,2022_03_21_11_03_05_41,25,"(913, 19, 987, 110)",0.0,0,C:\Users\sthem\OneDrive\Documentos\GitHub\master-2025\3-Datasets\img-lcm\img_dir_annotated\train\uninfected\2022_03_21_11_03_05_41_cell0025.png,0,transpose,6087,ok,0,0.0,0
train,2022_03_21_11_03_05_41,26,"(914, 1146, 979, 1211)",0.0,0,C:\Users\sthem\OneDrive\Documentos\GitHub\master-2025\3-Datasets\img-lcm\img_dir_annotated\train\uninfected\2022_03_21_11_03_05_41_cell0026.png,0,transpose,6087,ok,0,0.0,0
train,2022_03_21_11_03_05_41,27,"(933, 1235, 992, 1296)",0.0,0,C:\Users\sthem\OneDrive\Documentos\GitHub\master-2025\3-Datasets\img-lcm\img_dir_annotated\train\uninfected\2022_03_21_11_03_05_41_cell0027.png,0,transpose,6087,ok,0,0.0,0
train,2022_03_21_11_03_05_41,28,"(1020, 1652, 1088, 1799)",0.0,0,C:\Users\sthem\OneDrive\Documentos\GitHub\master-2025\3-Datasets\img-lcm\img_dir_annotated\train\uninfected\2022_03_21_11_03_05_41_cell0028.png,0,transpose,6087,ok,0,0.0,0
train,2022_03_21_11_03_05_41,29,"(1046, 1883, 1087, 1938)",0.0,0,C:\Users\sthem\OneDrive\Documentos\GitHub\master-2025\3-Datasets\img-lcm\img_dir_annotated\train\uninfected\2022_03_21_11_03_05_41_cell0029.png,0,transpose,6087,ok,0,0.0,0
train,2022_03_21_11_03_05_50,1,"(96, 404, 165, 466)",0.0,0,C:\Users\sthem\OneDrive\Documentos\GitHub\master-2025\3-Datasets\img-lcm\img_dir_annotated\train\uninfected\2022_03_21_11_03_05_50_cell0001.png,0,transpose,3498,ok,0,0.0,0
train,2022_03_21_11_03_05_50,2,"(156, 446, 226, 494)",0.0,0,C:\Users\sthem\OneDrive\Documentos\GitHub\master-2025\3-Datasets\img-lcm\img_dir_annotated\train\uninfected\2022_03_21_11_03_05_50_cell0002.png,0,transpose,3498,ok,0,0.0,0
train,2022_03_21_11_03_05_50,3,"(359, 455, 425, 517)",0.5568540745420089,1,C:\Users\sthem\OneDrive\Documentos\GitHub\master-2025\3-Datasets\img-lcm\img_dir_annotated\train\infected\2022_03_21_11_03_05_50_cell0003.png,0,transpose,3498,ok,1,0.5774682306940372,2363
train,2022_03_21_11_03_05_50,4,"(370, 127, 379, 137)",0.0,0,C:\Users\sthem\OneDrive\Documentos\GitHub\master-2025\3-Datasets\img-lcm\img_dir_annotated\train\uninfected\2022_03_21_11_03_05_50_cell0004.png,0,transpose,3498,ok,0,0.0,0
train,2022_03_21_11_03_05_50,5,"(415, 99, 424, 108)",0.0,0,C:\Users\sthem\OneDrive\Documentos\GitHub\master-2025\3-Datasets\img-lcm\img_dir_annotated\train\uninfected\2022_03_21_11_03_05_50_cell0005.png,0,transpose,3498,ok,0,0.0,0
train,2022_03_21_11_03_05_50,6,"(457, 62, 464, 69)",0.0,0,C:\Users\sthem\OneDrive\Documentos\GitHub\master-2025\3-Datasets\img-lcm\img_dir_annotated\train\uninfected\2022_03_21_11_03_05_50_cell0006.png,0,transpose,3498,ok,0,0.0,0
train,2022_03_21_11_03_05_50,7,"(464, 1127, 510, 1168)",0.0,0,C:\Users\sthem\OneDrive\Documentos\GitHub\master-2025\3-Datasets\img-lcm\img_dir_annotated\train\uninfected\2022_03_21_11_03_05_50_cell0007.png,0,transpose,3498,ok,0,0.0,0
train,2022_03_21_11_03_05_50,8,"(667, 1987, 738, 2048)",0.0,0,C:\Users\sthem\OneDrive\Documentos\GitHub\master-2025\3-Datasets\img-lcm\img_dir_annotated\train\uninfected\2022_03_21_11_03_05_50_cell0008.png,0,transpose,3498,ok,0,0.0,0
train,2022_03_21_11_03_05_50,9,"(737, 1809, 801, 1871)",0.0,0,C:\Users\sthem\OneDrive\Documentos\GitHub\master-2025\3-Datasets\img-lcm\img_dir_annotated\train\uninfected\2022_03_21_11_03_05_50_cell0009.png,0,transpose,3498,ok,0,0.0,0
train,2022_03_21_11_03_05_50,10,"(750, 649, 814, 705)",0.0,0,C:\Users\sthem\OneDrive\Documentos\GitHub\master-2025\3-Datasets\img-lcm\img_dir_annotated\train\uninfected\2022_03_21_11_03_05_50_cell0010.png,0,transpose,3498,ok,0,0.0,0
train,2022_03_21_11_03_05_50,11,"(781, 1911, 847, 1992)",0.0,0,C:\Users\sthem\OneDrive\Documentos\GitHub\master-2025\3-Datasets\img-lcm\img_dir_annotated\train\uninfected\2022_03_21_11_03_05_50_cell0011.png,0,transpose,3498,ok,0,0.0,0
train,2022_03_21_11_03_05_50,12,"(836, 219, 892, 275)",0.4230924505450141,1,C:\Users\sthem\OneDrive\Documentos\GitHub\master-2025\3-Datasets\img-lcm\img_dir_annotated\train\infected\2022_03_21_11_03_05_50_cell0012.png,0,transpose,3498,ok,1,0.48533163265306123,1522
train,2022_03_21_11_03_05_50,13,"(864, 1674, 931, 1745)",0.0,0,C:\Users\sthem\OneDrive\Documentos\GitHub\master-2025\3-Datasets\img-lcm\img_dir_annotated\train\uninfected\2022_03_21_11_03_05_50_cell0013.png,0,transpose,3498,ok,0,0.0,0
train,2022_03_21_11_03_05_50,14,"(870, 222, 931, 291)",0.0,0,C:\Users\sthem\OneDrive\Documentos\GitHub\master-2025\3-Datasets\img-lcm\img_dir_annotated\train\infected\2022_03_21_11_03_05_50_cell0014.png,0,transpose,3498,ok,1,0.13542409123307197,570
train,2022_03_21_11_03_05_50,15,"(905, 411, 978, 475)",0.0,0,C:\Users\sthem\OneDrive\Documentos\GitHub\master-2025\3-Datasets\img-lcm\img_dir_annotated\train\uninfected\2022_03_21_11_03_05_50_cell0015.png,0,transpose,3498,ok,0,0.0,0
train,2022_03_21_11_03_05_50,16,"(989, 1200, 1060, 1253)",0.2592452830188679,1,C:\Users\sthem\OneDrive\Documentos\GitHub\master-2025\3-Datasets\img-lcm\img_dir_annotated\train\infected\2022_03_21_11_03_05_50_cell0016.png,0,transpose,3498,ok,1,0.2830188679245283,1065
train,2022_03_21_11_03_05_50,17,"(1000, 1045, 1056, 1103)",0.0,0,C:\Users\sthem\OneDrive\Documentos\GitHub\master-2025\3-Datasets\img-lcm\img_dir_annotated\train\uninfected\2022_03_21_11_03_05_50_cell0017.png,0,transpose,3498,ok,0,0.0,0
train,2022_03_21_11_03_05_50,18,"(1010, 1225, 1074, 1277)",0.0,0,C:\Users\sthem\OneDrive\Documentos\GitHub\master-2025\3-Datasets\img-lcm\img_dir_annotated\train\infected\2022_03_21_11_03_05_50_cell0018.png,0,transpose,3498,ok,1,0.15655048076923078,521
train,2022_03_21_11_03_05_50,19,"(1037, 479, 1088, 549)",0.0,0,C:\Users\sthem\OneDrive\Documentos\GitHub\master-2025\3-Datasets\img-lcm\img_dir_annotated\train\uninfected\2022_03_21_11_03_05_50_cell0019.png,0,transpose,3498,ok,0,0.0,0
train,2022_03_21_11_03_05_58,1,"(0, 1900, 28, 1962)",0.0,0,C:\Users\sthem\OneDrive\Documentos\GitHub\master-2025\3-Datasets\img-lcm\img_dir_annotated\train\uninfected\2022_03_21_11_03_05_58_cell0001.png,0,transpose,2708,ok,0,0.0,0
train,2022_03_21_11_03_05_58,2,"(104, 1665, 173, 1726)",0.0,0,C:\Users\sthem\OneDrive\Documentos\GitHub\master-2025\3-Datasets\img-lcm\img_dir_annotated\train\uninfected\2022_03_21_11_03_05_58_cell0002.png,0,transpose,2708,ok,0,0.0,0
train,2022_03_21_11_03_05_58,3,"(141, 1104, 214, 1155)",0.0,0,C:\Users\sthem\OneDrive\Documentos\GitHub\master-2025\3-Datasets\img-lcm\img_dir_annotated\train\uninfected\2022_03_21_11_03_05_58_cell0003.png,0,transpose,2708,ok,0,0.0,0
train,2022_03_21_11_03_05_58,4,"(227, 818, 286, 869)",0.5508735868448099,1,C:\Users\sthem\OneDrive\Documentos\GitHub\master-2025\3-Datasets\img-lcm\img_dir_annotated\train\infected\2022_03_21_11_03_05_58_cell0004.png,0,transpose,2708,ok,1,0.5227650382186773,1573
train,2022_03_21_11_03_05_58,5,"(286, 508, 347, 580)",0.0,0,C:\Users\sthem\OneDrive\Documentos\GitHub\master-2025\3-Datasets\img-lcm\img_dir_annotated\train\uninfected\2022_03_21_11_03_05_58_cell0005.png,0,transpose,2708,ok,0,0.0,0
train,2022_03_21_11_03_05_58,6,"(336, 1520, 404, 1599)",0.0,0,C:\Users\sthem\OneDrive\Documentos\GitHub\master-2025\3-Datasets\img-lcm\img_dir_annotated\train\uninfected\2022_03_21_11_03_05_58_cell0006.png,0,transpose,2708,ok,0,0.0,0
train,2022_03_21_11_03_05_58,7,"(389, 1732, 457, 1806)",0.0,0,C:\Users\sthem\OneDrive\Documentos\GitHub\master-2025\3-Datasets\img-lcm\img_dir_annotated\train\uninfected\2022_03_21_11_03_05_58_cell0007.png,0,transpose,2708,ok,0,0.0,0
train,2022_03_21_11_03_05_58,8,"(508, 1945, 561, 2001)",0.0,0,C:\Users\sthem\OneDrive\Documentos\GitHub\master-2025\3-Datasets\img-lcm\img_dir_annotated\train\uninfected\2022_03_21_11_03_05_58_cell0008.png,0,transpose,2708,ok,0,0.0,0
train,2022_03_21_11_03_05_58,9,"(565, 1490, 639, 1595)",0.0,0,C:\Users\sthem\OneDrive\Documentos\GitHub\master-2025\3-Datasets\img-lcm\img_dir_annotated\train\uninfected\2022_03_21_11_03_05_58_cell0009.png,0,transpose,2708,ok,0,0.0,0
train,2022_03_21_11_03_05_58,10,"(596, 1969, 652, 2021)",0.0,0,C:\Users\sthem\OneDrive\Documentos\GitHub\master-2025\3-Datasets\img-lcm\img_dir_annotated\train\uninfected\2022_03_21_11_03_05_58_cell0010.png,0,transpose,2708,ok,0,0.0,0
train,2022_03_21_11_03_05_58,11,"(605, 1128, 640, 1176)",0.0,0,C:\Users\sthem\OneDrive\Documentos\GitHub\master-2025\3-Datasets\img-lcm\img_dir_annotated\train\uninfected\2022_03_21_11_03_05_58_cell0011.png,0,transpose,2708,ok,0,0.0,0
train,2022_03_21_11_03_05_58,12,"(617, 439, 703, 516)",0.0,0,C:\Users\sthem\OneDrive\Documentos\GitHub\master-2025\3-Datasets\img-lcm\img_dir_annotated\train\uninfected\2022_03_21_11_03_05_58_cell0012.png,0,transpose,2708,ok,0,0.0,0
train,2022_03_21_11_03_05_58,13,"(629, 1002, 691, 1077)",0.0,0,C:\Users\sthem\OneDrive\Documentos\GitHub\master-2025\3-Datasets\img-lcm\img_dir_annotated\train\uninfected\2022_03_21_11_03_05_58_cell0013.png,0,transpose,2708,ok,0,0.0,0
train,2022_03_21_11_03_05_58,14,"(981, 1514, 1044, 1579)",0.5036945812807881,1,C:\Users\sthem\OneDrive\Documentos\GitHub\master-2025\3-Datasets\img-lcm\img_dir_annotated\train\infected\2022_03_21_11_03_05_58_cell0014.png,0,transpose,2708,ok,1,0.546031746031746,2236
train,2022_03_21_11_03_05_58,15,"(1003, 1252, 1058, 1317)",0.0,0,C:\Users\sthem\OneDrive\Documentos\GitHub\master-2025\3-Datasets\img-lcm\img_dir_annotated\train\uninfected\2022_03_21_11_03_05_58_cell0015.png,0,transpose,2708,ok,0,0.0,0
train,2022_03_21_11_03_05_58,16,"(1003, 1687, 1080, 1745)",0.0,0,C:\Users\sthem\OneDrive\Documentos\GitHub\master-2025\3-Datasets\img-lcm\img_dir_annotated\train\uninfected\2022_03_21_11_03_05_58_cell0016.png,0,transpose,2708,ok,0,0.0,0
train,2022_03_21_11_03_05_58,17,"(1011, 762, 1077, 818)",0.0,0,C:\Users\sthem\OneDrive\Documentos\GitHub\master-2025\3-Datasets\img-lcm\img_dir_annotated\train\uninfected\2022_03_21_11_03_05_58_cell0017.png,0,transpose,2708,ok,0,0.0,0
train,2022_03_21_11_03_05_66,1,"(0, 834, 56, 904)",1.0,1,C:\Users\sthem\OneDrive\Documentos\GitHub\master-2025\3-Datasets\img-lcm\img_dir_annotated\train\infected\2022_03_21_11_03_05_66_cell0001.png,0,id,48146,ok,1,1.0,3920
train,2022_03_21_11_03_05_66,2,"(10, 1577, 69, 1643)",1.0,1,C:\Users\sthem\OneDrive\Documentos\GitHub\master-2025\3-Datasets\img-lcm\img_dir_annotated\train\infected\2022_03_21_11_03_05_66_cell0002.png,0,id,48146,ok,1,1.0,3894
train,2022_03_21_11_03_05_66,3,"(123, 789, 196, 858)",1.0,1,C:\Users\sthem\OneDrive\Documentos\GitHub\master-2025\3-Datasets\img-lcm\img_dir_annotated\train\infected\2022_03_21_11_03_05_66_cell0003.png,0,id,48146,ok,1,1.0,5037
train,2022_03_21_11_03_05_66,4,"(151, 1053, 189, 1098)",1.0,1,C:\Users\sthem\OneDrive\Documentos\GitHub\master-2025\3-Datasets\img-lcm\img_dir_annotated\train\infected\2022_03_21_11_03_05_66_cell0004.png,0,id,48146,ok,1,1.0,1710
train,2022_03_21_11_03_05_66,5,"(181, 471, 257, 533)",1.0,1,C:\Users\sthem\OneDrive\Documentos\GitHub\master-2025\3-Datasets\img-lcm\img_dir_annotated\train\infected\2022_03_21_11_03_05_66_cell0005.png,0,id,48146,ok,1,1.0,4712
train,2022_03_21_11_03_05_66,6,"(347, 1516, 413, 1563)",1.0,1,C:\Users\sthem\OneDrive\Documentos\GitHub\master-2025\3-Datasets\img-lcm\img_dir_annotated\train\infected\2022_03_21_11_03_05_66_cell0006.png,0,id,48146,ok,1,1.0,3102
train,2022_03_21_11_03_05_66,7,"(349, 464, 417, 552)",1.0,1,C:\Users\sthem\OneDrive\Documentos\GitHub\master-2025\3-Datasets\img-lcm\img_dir_annotated\train\infected\2022_03_21_11_03_05_66_cell0007.png,0,id,48146,ok,1,1.0,5984
train,2022_03_21_11_03_05_66,8,"(366, 1710, 425, 1775)",1.0,1,C:\Users\sthem\OneDrive\Documentos\GitHub\master-2025\3-Datasets\img-lcm\img_dir_annotated\train\infected\2022_03_21_11_03_05_66_cell0008.png,0,id,48146,ok,1,1.0,3835
train,2022_03_21_11_03_05_66,9,"(415, 99, 424, 108)",1.0,1,C:\Users\sthem\OneDrive\Documentos\GitHub\master-2025\3-Datasets\img-lcm\img_dir_annotated\train\infected\2022_03_21_11_03_05_66_cell0009.png,0,id,48146,ok,1,1.0,81
train,2022_03_21_11_03_05_66,10,"(424, 632, 493, 692)",1.0,1,C:\Users\sthem\OneDrive\Documentos\GitHub\master-2025\3-Datasets\img-lcm\img_dir_annotated\train\infected\2022_03_21_11_03_05_66_cell0010.png,0,id,48146,ok,1,1.0,4140
train,2022_03_21_11_03_05_66,11,"(483, 1190, 542, 1252)",1.0,1,C:\Users\sthem\OneDrive\Documentos\GitHub\master-2025\3-Datasets\img-lcm\img_dir_annotated\train\infected\2022_03_21_11_03_05_66_cell0011.png,0,id,48146,ok,1,1.0,3658
train,2022_03_21_11_03_05_66,12,"(549, 656, 618, 728)",1.0,1,C:\Users\sthem\OneDrive\Documentos\GitHub\master-2025\3-Datasets\img-lcm\img_dir_annotated\train\infected\2022_03_21_11_03_05_66_cell0012.png,0,id,48146,ok,1,1.0,4968
train,2022_03_21_11_03_05_66,13,"(617, 2012, 688, 2048)",1.0,1,C:\Users\sthem\OneDrive\Documentos\GitHub\master-2025\3-Datasets\img-lcm\img_dir_annotated\train\infected\2022_03_21_11_03_05_66_cell0013.png,0,id,48146,ok,1,1.0,2556
train,2022_03_21_11_03_05_66,14,"(675, 794, 731, 853)",1.0,1,C:\Users\sthem\OneDrive\Documentos\GitHub\master-2025\3-Datasets\img-lcm\img_dir_annotated\train\infected\2022_03_21_11_03_05_66_cell0014.png,0,id,48146,ok,1,1.0,3304
train,2022_03_21_11_03_05_66,15,"(798, 52, 872, 117)",1.0,1,C:\Users\sthem\OneDrive\Documentos\GitHub\master-2025\3-Datasets\img-lcm\img_dir_annotated\train\infected\2022_03_21_11_03_05_66_cell0015.png,0,id,48146,ok,1,1.0,4810
train,2022_03_21_11_03_05_66,16,"(851, 688, 918, 755)",1.0,1,C:\Users\sthem\OneDrive\Documentos\GitHub\master-2025\3-Datasets\img-lcm\img_dir_annotated\train\infected\2022_03_21_11_03_05_66_cell0016.png,0,id,48146,ok,1,1.0,4489
train,2022_03_21_11_03_05_66,17,"(895, 1683, 965, 1729)",1.0,1,C:\Users\sthem\OneDrive\Documentos\GitHub\master-2025\3-Datasets\img-lcm\img_dir_annotated\train\infected\2022_03_21_11_03_05_66_cell0017.png,0,id,48146,ok,1,1.0,3220
train,2022_03_21_11_03_05_75,1,"(66, 1221, 129, 1276)",0.0,0,C:\Users\sthem\OneDrive\Documentos\GitHub\master-2025\3-Datasets\img-lcm\img_dir_annotated\train\uninfected\2022_03_21_11_03_05_75_cell0001.png,0,transpose,2659,ok,0,0.0,0
train,2022_03_21_11_03_05_75,2,"(200, 1860, 295, 1932)",0.0,0,C:\Users\sthem\OneDrive\Documentos\GitHub\master-2025\3-Datasets\img-lcm\img_dir_annotated\train\uninfected\2022_03_21_11_03_05_75_cell0002.png,0,transpose,2659,ok,0,0.0,0
train,2022_03_21_11_03_05_75,3,"(214, 1539, 265, 1590)",0.0,0,C:\Users\sthem\OneDrive\Documentos\GitHub\master-2025\3-Datasets\img-lcm\img_dir_annotated\train\uninfected\2022_03_21_11_03_05_75_cell0003.png,0,transpose,2659,ok,0,0.0,0
train,2022_03_21_11_03_05_75,4,"(237, 189, 271, 224)",0.0,0,C:\Users\sthem\OneDrive\Documentos\GitHub\master-2025\3-Datasets\img-lcm\img_dir_annotated\train\uninfected\2022_03_21_11_03_05_75_cell0004.png,0,transpose,2659,ok,0,0.0,0
train,2022_03_21_11_03_05_75,5,"(337, 240, 397, 303)",0.0,0,C:\Users\sthem\OneDrive\Documentos\GitHub\master-2025\3-Datasets\img-lcm\img_dir_annotated\train\uninfected\2022_03_21_11_03_05_75_cell0005.png,0,transpose,2659,ok,0,0.0,0
train,2022_03_21_11_03_05_75,6,"(404, 1025, 488, 1080)",0.0,0,C:\Users\sthem\OneDrive\Documentos\GitHub\master-2025\3-Datasets\img-lcm\img_dir_annotated\train\uninfected\2022_03_21_11_03_05_75_cell0006.png,0,transpose,2659,ok,0,0.0,0
train,2022_03_21_11_03_05_75,7,"(411, 1858, 480, 1919)",0.0,0,C:\Users\sthem\OneDrive\Documentos\GitHub\master-2025\3-Datasets\img-lcm\img_dir_annotated\train\uninfected\2022_03_21_11_03_05_75_cell0007.png,0,transpose,2659,ok,0,0.0,0
train,2022_03_21_11_03_05_75,8,"(453, 1538, 507, 1603)",0.0,0,C:\Users\sthem\OneDrive\Documentos\GitHub\master-2025\3-Datasets\img-lcm\img_dir_annotated\train\uninfected\2022_03_21_11_03_05_75_cell0008.png,0,transpose,2659,ok,0,0.0,0
train,2022_03_21_11_03_05_75,9,"(596, 1541, 665, 1591)",0.0,0,C:\Users\sthem\OneDrive\Documentos\GitHub\master-2025\3-Datasets\img-lcm\img_dir_annotated\train\uninfected\2022_03_21_11_03_05_75_cell0009.png,0,transpose,2659,ok,0,0.0,0
train,2022_03_21_11_03_05_75,10,"(628, 1133, 635, 1140)",0.0,0,C:\Users\sthem\OneDrive\Documentos\GitHub\master-2025\3-Datasets\img-lcm\img_dir_annotated\train\uninfected\2022_03_21_11_03_05_75_cell0010.png,0,transpose,2659,ok,0,0.0,0
train,2022_03_21_11_03_05_75,11,"(798, 650, 856, 706)",0.4552,1,C:\Users\sthem\OneDrive\Documentos\GitHub\master-2025\3-Datasets\img-lcm\img_dir_annotated\train\infected\2022_03_21_11_03_05_75_cell0011.png,0,transpose,2659,ok,1,0.5073891625615764,1648
train,2022_03_21_11_03_05_75,12,"(869, 302, 883, 319)",0.0,0,C:\Users\sthem\OneDrive\Documentos\GitHub\master-2025\3-Datasets\img-lcm\img_dir_annotated\train\uninfected\2022_03_21_11_03_05_75_cell0012.png,0,transpose,2659,ok,0,0.0,0
train,2022_03_21_11_03_05_75,13,"(878, 1486, 955, 1540)",0.4808725893139424,1,C:\Users\sthem\OneDrive\Documentos\GitHub\master-2025\3-Datasets\img-lcm\img_dir_annotated\train\infected\2022_03_21_11_03_05_75_cell0013.png,0,transpose,2659,ok,1,0.5,2079
train,2022_03_21_11_03_05_75,14,"(966, 1885, 1039, 1941)",0.0,0,C:\Users\sthem\OneDrive\Documentos\GitHub\master-2025\3-Datasets\img-lcm\img_dir_annotated\train\uninfected\2022_03_21_11_03_05_75_cell0014.png,0,transpose,2659,ok,0,0.0,0
train,2022_03_21_11_03_05_83,1,"(0, 1078, 49, 1173)",0.0,0,C:\Users\sthem\OneDrive\Documentos\GitHub\master-2025\3-Datasets\img-lcm\img_dir_annotated\train\uninfected\2022_03_21_11_03_05_83_cell0001.png,0,transpose,845,ok,0,0.0,0
train,2022_03_21_11_03_05_83,2,"(6, 1214, 73, 1288)",0.0,0,C:\Users\sthem\OneDrive\Documentos\GitHub\master-2025\3-Datasets\img-lcm\img_dir_annotated\train\uninfected\2022_03_21_11_03_05_83_cell0002.png,0,transpose,845,ok,0,0.0,0
train,2022_03_21_11_03_05_83,3,"(89, 558, 162, 634)",0.0,0,C:\Users\sthem\OneDrive\Documentos\GitHub\master-2025\3-Datasets\img-lcm\img_dir_annotated\train\uninfected\2022_03_21_11_03_05_83_cell0003.png,0,transpose,845,ok,0,0.0,0
train,2022_03_21_11_03_05_83,4,"(156, 1784, 205, 1870)",0.0,0,C:\Users\sthem\OneDrive\Documentos\GitHub\master-2025\3-Datasets\img-lcm\img_dir_annotated\train\uninfected\2022_03_21_11_03_05_83_cell0004.png,0,transpose,845,ok,0,0.0,0
train,2022_03_21_11_03_05_83,5,"(238, 512, 275, 589)",0.0,0,C:\Users\sthem\OneDrive\Documentos\GitHub\master-2025\3-Datasets\img-lcm\img_dir_annotated\train\uninfected\2022_03_21_11_03_05_83_cell0005.png,0,transpose,845,ok,0,0.0,0
train,2022_03_21_11_03_05_83,6,"(351, 986, 430, 1044)",0.0,0,C:\Users\sthem\OneDrive\Documentos\GitHub\master-2025\3-Datasets\img-lcm\img_dir_annotated\train\uninfected\2022_03_21_11_03_05_83_cell0006.png,0,transpose,845,ok,0,0.0,0
train,2022_03_21_11_03_05_83,7,"(387, 1045, 445, 1105)",0.0,0,C:\Users\sthem\OneDrive\Documentos\GitHub\master-2025\3-Datasets\img-lcm\img_dir_annotated\train\uninfected\2022_03_21_11_03_05_83_cell0007.png,0,transpose,845,ok,0,0.0,0
train,2022_03_21_11_03_05_83,8,"(400, 544, 471, 610)",0.0,0,C:\Users\sthem\OneDrive\Documentos\GitHub\master-2025\3-Datasets\img-lcm\img_dir_annotated\train\uninfected\2022_03_21_11_03_05_83_cell0008.png,0,transpose,845,ok,0,0.0,0
train,2022_03_21_11_03_05_83,9,"(411, 1293, 466, 1358)",0.0,0,C:\Users\sthem\OneDrive\Documentos\GitHub\master-2025\3-Datasets\img-lcm\img_dir_annotated\train\uninfected\2022_03_21_11_03_05_83_cell0009.png,0,transpose,845,ok,0,0.0,0
train,2022_03_21_11_03_05_83,10,"(424, 926, 505, 1008)",0.0,0,C:\Users\sthem\OneDrive\Documentos\GitHub\master-2025\3-Datasets\img-lcm\img_dir_annotated\train\uninfected\2022_03_21_11_03_05_83_cell0010.png,0,transpose,845,ok,0,0.0,0
train,2022_03_21_11_03_05_83,11,"(497, 480, 562, 552)",0.0,0,C:\Users\sthem\OneDrive\Documentos\GitHub\master-2025\3-Datasets\img-lcm\img_dir_annotated\train\uninfected\2022_03_21_11_03_05_83_cell0011.png,0,transpose,845,ok,0,0.0,0
train,2022_03_21_11_03_05_83,12,"(545, 1047, 605, 1109)",0.0,0,C:\Users\sthem\OneDrive\Documentos\GitHub\master-2025\3-Datasets\img-lcm\img_dir_annotated\train\uninfected\2022_03_21_11_03_05_83_cell0012.png,0,transpose,845,ok,0,0.0,0
train,2022_03_21_11_03_05_83,13,"(610, 1743, 673, 1801)",0.0,0,C:\Users\sthem\OneDrive\Documentos\GitHub\master-2025\3-Datasets\img-lcm\img_dir_annotated\train\uninfected\2022_03_21_11_03_05_83_cell0013.png,0,transpose,845,ok,0,0.0,0
train,2022_03_21_11_03_05_83,14,"(681, 257, 747, 316)",0.0,0,C:\Users\sthem\OneDrive\Documentos\GitHub\master-2025\3-Datasets\img-lcm\img_dir_annotated\train\uninfected\2022_03_21_11_03_05_83_cell0014.png,0,transpose,845,ok,0,0.0,0
train,2022_03_21_11_03_05_83,15,"(691, 1441, 742, 1496)",0.0,0,C:\Users\sthem\OneDrive\Documentos\GitHub\master-2025\3-Datasets\img-lcm\img_dir_annotated\train\uninfected\2022_03_21_11_03_05_83_cell0015.png,0,transpose,845,ok,0,0.0,0
train,2022_03_21_11_03_05_83,16,"(789, 444, 859, 518)",0.0028653295128939,0,C:\Users\sthem\OneDrive\Documentos\GitHub\master-2025\3-Datasets\img-lcm\img_dir_annotated\train\uninfected\2022_03_21_11_03_05_83_cell0016.png,0,transpose,845,ok,0,0.03976833976833977,206
train,2022_03_21_11_03_05_83,17,"(842, 1121, 906, 1182)",0.0,0,C:\Users\sthem\OneDrive\Documentos\GitHub\master-2025\3-Datasets\img-lcm\img_dir_annotated\train\uninfected\2022_03_21_11_03_05_83_cell0017.png,0,transpose,845,ok,0,0.0,0
train,2022_03_21_11_03_05_83,18,"(844, 9, 917, 91)",0.0,0,C:\Users\sthem\OneDrive\Documentos\GitHub\master-2025\3-Datasets\img-lcm\img_dir_annotated\train\uninfected\2022_03_21_11_03_05_83_cell0018.png,0,transpose,845,ok,0,0.0,0
train,2022_03_21_11_03_05_83,19,"(1000, 1369, 1068, 1438)",0.2310249307479224,1,C:\Users\sthem\OneDrive\Documentos\GitHub\master-2025\3-Datasets\img-lcm\img_dir_annotated\train\infected\2022_03_21_11_03_05_83_cell0019.png,0,transpose,845,ok,1,0.26854219948849106,1260
train,2022_03_21_11_03_05_83,20,"(1066, 1305, 1086, 1355)",0.0,0,C:\Users\sthem\OneDrive\Documentos\GitHub\master-2025\3-Datasets\img-lcm\img_dir_annotated\train\uninfected\2022_03_21_11_03_05_83_cell0020.png,0,transpose,845,ok,0,0.0,0
train,2022_03_21_11_03_05_91,1,"(0, 1952, 49, 2014)",0.0,0,C:\Users\sthem\OneDrive\Documentos\GitHub\master-2025\3-Datasets\img-lcm\img_dir_annotated\train\uninfected\2022_03_21_11_03_05_91_cell0001.png,0,transpose,5098,ok,0,0.0,0
train,2022_03_21_11_03_05_91,2,"(48, 142, 111, 212)",0.0,0,C:\Users\sthem\OneDrive\Documentos\GitHub\master-2025\3-Datasets\img-lcm\img_dir_annotated\train\uninfected\2022_03_21_11_03_05_91_cell0002.png,0,transpose,5098,ok,0,0.0,0
train,2022_03_21_11_03_05_91,3,"(65, 1191, 94, 1234)",0.0,0,C:\Users\sthem\OneDrive\Documentos\GitHub\master-2025\3-Datasets\img-lcm\img_dir_annotated\train\uninfected\2022_03_21_11_03_05_91_cell0003.png,0,transpose,5098,ok,0,0.0,0
train,2022_03_21_11_03_05_91,4,"(132, 885, 183, 926)",0.0,0,C:\Users\sthem\OneDrive\Documentos\GitHub\master-2025\3-Datasets\img-lcm\img_dir_annotated\train\uninfected\2022_03_21_11_03_05_91_cell0004.png,0,transpose,5098,ok,0,0.0,0
train,2022_03_21_11_03_05_91,5,"(189, 299, 252, 353)",0.0,0,C:\Users\sthem\OneDrive\Documentos\GitHub\master-2025\3-Datasets\img-lcm\img_dir_annotated\train\uninfected\2022_03_21_11_03_05_91_cell0005.png,0,transpose,5098,ok,0,0.0,0
train,2022_03_21_11_03_05_91,6,"(208, 1913, 267, 1968)",0.0,0,C:\Users\sthem\OneDrive\Documentos\GitHub\master-2025\3-Datasets\img-lcm\img_dir_annotated\train\uninfected\2022_03_21_11_03_05_91_cell0006.png,0,transpose,5098,ok,0,0.0,0
train,2022_03_21_11_03_05_91,7,"(246, 561, 307, 614)",0.4696406443618339,1,C:\Users\sthem\OneDrive\Documentos\GitHub\master-2025\3-Datasets\img-lcm\img_dir_annotated\train\infected\2022_03_21_11_03_05_91_cell0007.png,0,transpose,5098,ok,1,0.5075781008351377,1641
train,2022_03_21_11_03_05_91,8,"(266, 1511, 325, 1576)",0.0,0,C:\Users\sthem\OneDrive\Documentos\GitHub\master-2025\3-Datasets\img-lcm\img_dir_annotated\train\uninfected\2022_03_21_11_03_05_91_cell0008.png,0,transpose,5098,ok,0,0.0,0
train,2022_03_21_11_03_05_91,9,"(274, 1068, 352, 1162)",0.0,0,C:\Users\sthem\OneDrive\Documentos\GitHub\master-2025\3-Datasets\img-lcm\img_dir_annotated\train\uninfected\2022_03_21_11_03_05_91_cell0009.png,0,transpose,5098,ok,0,0.0,0
train,2022_03_21_11_03_05_91,10,"(322, 1613, 375, 1658)",0.0,0,C:\Users\sthem\OneDrive\Documentos\GitHub\master-2025\3-Datasets\img-lcm\img_dir_annotated\train\uninfected\2022_03_21_11_03_05_91_cell0010.png,0,transpose,5098,ok,0,0.0,0
train,2022_03_21_11_03_05_91,11,"(331, 1305, 398, 1374)",0.7902548305796696,1,C:\Users\sthem\OneDrive\Documentos\GitHub\master-2025\3-Datasets\img-lcm\img_dir_annotated\train\infected\2022_03_21_11_03_05_91_cell0011.png,0,transpose,5098,ok,1,0.7681159420289855,3551
train,2022_03_21_11_03_05_91,12,"(376, 218, 441, 277)",0.0,0,C:\Users\sthem\OneDrive\Documentos\GitHub\master-2025\3-Datasets\img-lcm\img_dir_annotated\train\uninfected\2022_03_21_11_03_05_91_cell0012.png,0,transpose,5098,ok,0,0.0,0
train,2022_03_21_11_03_05_91,13,"(390, 394, 441, 445)",0.0,0,C:\Users\sthem\OneDrive\Documentos\GitHub\master-2025\3-Datasets\img-lcm\img_dir_annotated\train\uninfected\2022_03_21_11_03_05_91_cell0013.png,0,transpose,5098,ok,0,0.0,0
train,2022_03_21_11_03_05_91,14,"(434, 1845, 515, 1939)",0.0,0,C:\Users\sthem\OneDrive\Documentos\GitHub\master-2025\3-Datasets\img-lcm\img_dir_annotated\train\uninfected\2022_03_21_11_03_05_91_cell0014.png,0,transpose,5098,ok,0,0.0,0
train,2022_03_21_11_03_05_91,15,"(589, 679, 671, 796)",0.0,0,C:\Users\sthem\OneDrive\Documentos\GitHub\master-2025\3-Datasets\img-lcm\img_dir_annotated\train\uninfected\2022_03_21_11_03_05_91_cell0015.png,0,transpose,5098,ok,0,0.0,0
train,2022_03_21_11_03_05_91,16,"(695, 879, 743, 934)",0.0,0,C:\Users\sthem\OneDrive\Documentos\GitHub\master-2025\3-Datasets\img-lcm\img_dir_annotated\train\uninfected\2022_03_21_11_03_05_91_cell0016.png,0,transpose,5098,ok,0,0.0,0
train,2022_03_21_11_03_05_91,17,"(710, 259, 765, 316)",0.4603880355699272,1,C:\Users\sthem\OneDrive\Documentos\GitHub\master-2025\3-Datasets\img-lcm\img_dir_annotated\train\infected\2022_03_21_11_03_05_91_cell0017.png,0,transpose,5098,ok,1,0.5240829346092504,1643
train,2022_03_21_11_03_05_91,18,"(716, 1297, 784, 1357)",0.0,0,C:\Users\sthem\OneDrive\Documentos\GitHub\master-2025\3-Datasets\img-lcm\img_dir_annotated\train\uninfected\2022_03_21_11_03_05_91_cell0018.png,0,transpose,5098,ok,0,0.0,0
train,2022_03_21_11_03_05_91,19,"(844, 391, 913, 449)",0.0,0,C:\Users\sthem\OneDrive\Documentos\GitHub\master-2025\3-Datasets\img-lcm\img_dir_annotated\train\uninfected\2022_03_21_11_03_05_91_cell0019.png,0,transpose,5098,ok,0,0.0,0
train,2022_03_21_11_03_05_91,20,"(866, 1739, 933, 1798)",0.0,0,C:\Users\sthem\OneDrive\Documentos\GitHub\master-2025\3-Datasets\img-lcm\img_dir_annotated\train\uninfected\2022_03_21_11_03_05_91_cell0020.png,0,transpose,5098,ok,0,0.0,0
train,2022_03_21_11_03_05_91,21,"(976, 1540, 1052, 1601)",0.0,0,C:\Users\sthem\OneDrive\Documentos\GitHub\master-2025\3-Datasets\img-lcm\img_dir_annotated\train\uninfected\2022_03_21_11_03_05_91_cell0021.png,0,transpose,5098,ok,0,0.0,0
train,2022_03_21_11_03_06_00,1,"(12, 1022, 143, 1100)",0.0,0,C:\Users\sthem\OneDrive\Documentos\GitHub\master-2025\3-Datasets\img-lcm\img_dir_annotated\train\uninfected\2022_03_21_11_03_06_00_cell0001.png,0,transpose,5307,ok,0,0.0,0
train,2022_03_21_11_03_06_00,2,"(58, 1456, 161, 1569)",0.0,0,C:\Users\sthem\OneDrive\Documentos\GitHub\master-2025\3-Datasets\img-lcm\img_dir_annotated\train\uninfected\2022_03_21_11_03_06_00_cell0002.png,0,transpose,5307,ok,0,0.0,0
train,2022_03_21_11_03_06_00,3,"(72, 265, 107, 286)",0.0,0,C:\Users\sthem\OneDrive\Documentos\GitHub\master-2025\3-Datasets\img-lcm\img_dir_annotated\train\uninfected\2022_03_21_11_03_06_00_cell0003.png,0,transpose,5307,ok,0,0.0,0
train,2022_03_21_11_03_06_00,4,"(131, 1962, 193, 2034)",0.0,0,C:\Users\sthem\OneDrive\Documentos\GitHub\master-2025\3-Datasets\img-lcm\img_dir_annotated\train\uninfected\2022_03_21_11_03_06_00_cell0004.png,0,transpose,5307,ok,0,0.0,0
train,2022_03_21_11_03_06_00,5,"(208, 516, 277, 581)",0.7765536723163842,1,C:\Users\sthem\OneDrive\Documentos\GitHub\master-2025\3-Datasets\img-lcm\img_dir_annotated\train\infected\2022_03_21_11_03_06_00_cell0005.png,0,transpose,5307,ok,1,0.7672240802675585,3441
train,2022_03_21_11_03_06_00,6,"(269, 632, 338, 694)",0.0,0,C:\Users\sthem\OneDrive\Documentos\GitHub\master-2025\3-Datasets\img-lcm\img_dir_annotated\train\uninfected\2022_03_21_11_03_06_00_cell0006.png,0,transpose,5307,ok,0,0.0,0
train,2022_03_21_11_03_06_00,7,"(291, 588, 354, 638)",0.0,0,C:\Users\sthem\OneDrive\Documentos\GitHub\master-2025\3-Datasets\img-lcm\img_dir_annotated\train\uninfected\2022_03_21_11_03_06_00_cell0007.png,0,transpose,5307,ok,0,0.0,0
train,2022_03_21_11_03_06_00,8,"(360, 1297, 424, 1373)",0.0,0,C:\Users\sthem\OneDrive\Documentos\GitHub\master-2025\3-Datasets\img-lcm\img_dir_annotated\train\uninfected\2022_03_21_11_03_06_00_cell0008.png,0,transpose,5307,ok,0,0.0,0
train,2022_03_21_11_03_06_00,9,"(394, 564, 454, 624)",0.0,0,C:\Users\sthem\OneDrive\Documentos\GitHub\master-2025\3-Datasets\img-lcm\img_dir_annotated\train\uninfected\2022_03_21_11_03_06_00_cell0009.png,0,transpose,5307,ok,0,0.0,0
train,2022_03_21_11_03_06_00,10,"(409, 444, 471, 512)",0.0,0,C:\Users\sthem\OneDrive\Documentos\GitHub\master-2025\3-Datasets\img-lcm\img_dir_annotated\train\uninfected\2022_03_21_11_03_06_00_cell0010.png,0,transpose,5307,ok,0,0.0,0
train,2022_03_21_11_03_06_00,11,"(415, 1457, 483, 1516)",0.0,0,C:\Users\sthem\OneDrive\Documentos\GitHub\master-2025\3-Datasets\img-lcm\img_dir_annotated\train\uninfected\2022_03_21_11_03_06_00_cell0011.png,0,transpose,5307,ok,0,0.0,0
train,2022_03_21_11_03_06_00,12,"(416, 99, 424, 107)",0.0,0,C:\Users\sthem\OneDrive\Documentos\GitHub\master-2025\3-Datasets\img-lcm\img_dir_annotated\train\uninfected\2022_03_21_11_03_06_00_cell0012.png,0,transpose,5307,ok,0,0.0,0
train,2022_03_21_11_03_06_00,13,"(621, 2014, 678, 2047)",0.0,0,C:\Users\sthem\OneDrive\Documentos\GitHub\master-2025\3-Datasets\img-lcm\img_dir_annotated\train\uninfected\2022_03_21_11_03_06_00_cell0013.png,0,transpose,5307,ok,0,0.0,0
train,2022_03_21_11_03_06_00,14,"(627, 1131, 636, 1140)",0.0,0,C:\Users\sthem\OneDrive\Documentos\GitHub\master-2025\3-Datasets\img-lcm\img_dir_annotated\train\uninfected\2022_03_21_11_03_06_00_cell0014.png,0,transpose,5307,ok,0,0.0,0
train,2022_03_21_11_03_06_00,15,"(736, 1904, 797, 1966)",0.0,0,C:\Users\sthem\OneDrive\Documentos\GitHub\master-2025\3-Datasets\img-lcm\img_dir_annotated\train\uninfected\2022_03_21_11_03_06_00_cell0015.png,0,transpose,5307,ok,0,0.0,0
train,2022_03_21_11_03_06_00,16,"(744, 441, 835, 549)",0.0,0,C:\Users\sthem\OneDrive\Documentos\GitHub\master-2025\3-Datasets\img-lcm\img_dir_annotated\train\uninfected\2022_03_21_11_03_06_00_cell0016.png,0,transpose,5307,ok,0,0.0,0
train,2022_03_21_11_03_06_00,17,"(838, 1902, 913, 1947)",0.0,0,C:\Users\sthem\OneDrive\Documentos\GitHub\master-2025\3-Datasets\img-lcm\img_dir_annotated\train\uninfected\2022_03_21_11_03_06_00_cell0017.png,0,transpose,5307,ok,0,0.0,0
train,2022_03_21_11_03_06_00,18,"(1009, 1251, 1078, 1312)",0.8332247557003257,1,C:\Users\sthem\OneDrive\Documentos\GitHub\master-2025\3-Datasets\img-lcm\img_dir_annotated\train\infected\2022_03_21_11_03_06_00_cell0018.png,0,transpose,5307,ok,1,0.8170586837728676,3439
train,2022_03_21_11_03_06_08,1,"(0, 1733, 46, 1797)",0.0,0,C:\Users\sthem\OneDrive\Documentos\GitHub\master-2025\3-Datasets\img-lcm\img_dir_annotated\train\uninfected\2022_03_21_11_03_06_08_cell0001.png,0,transpose,15371,ok,0,0.0,0
train,2022_03_21_11_03_06_08,2,"(6, 1464, 67, 1540)",0.0,0,C:\Users\sthem\OneDrive\Documentos\GitHub\master-2025\3-Datasets\img-lcm\img_dir_annotated\train\uninfected\2022_03_21_11_03_06_08_cell0002.png,0,transpose,15371,ok,0,0.0,0
train,2022_03_21_11_03_06_08,3,"(113, 54, 187, 95)",0.0,0,C:\Users\sthem\OneDrive\Documentos\GitHub\master-2025\3-Datasets\img-lcm\img_dir_annotated\train\uninfected\2022_03_21_11_03_06_08_cell0003.png,0,transpose,15371,ok,0,0.0,0
train,2022_03_21_11_03_06_08,4,"(173, 1400, 230, 1469)",0.1994663108739159,1,C:\Users\sthem\OneDrive\Documentos\GitHub\master-2025\3-Datasets\img-lcm\img_dir_annotated\train\infected\2022_03_21_11_03_06_08_cell0004.png,0,transpose,15371,ok,1,0.24205441139079584,952
train,2022_03_21_11_03_06_08,5,"(174, 1477, 214, 1554)",0.8181099248714907,1,C:\Users\sthem\OneDrive\Documentos\GitHub\master-2025\3-Datasets\img-lcm\img_dir_annotated\train\infected\2022_03_21_11_03_06_08_cell0005.png,0,transpose,15371,ok,1,0.811038961038961,2498
train,2022_03_21_11_03_06_08,6,"(194, 872, 259, 933)",0.8887447291599092,1,C:\Users\sthem\OneDrive\Documentos\GitHub\master-2025\3-Datasets\img-lcm\img_dir_annotated\train\infected\2022_03_21_11_03_06_08_cell0006.png,0,transpose,15371,ok,1,0.8557377049180328,3393
train,2022_03_21_11_03_06_08,7,"(210, 1270, 270, 1338)",0.0,0,C:\Users\sthem\OneDrive\Documentos\GitHub\master-2025\3-Datasets\img-lcm\img_dir_annotated\train\uninfected\2022_03_21_11_03_06_08_cell0007.png,0,transpose,15371,ok,0,0.0,0
train,2022_03_21_11_03_06_08,8,"(250, 440, 308, 497)",0.0,0,C:\Users\sthem\OneDrive\Documentos\GitHub\master-2025\3-Datasets\img-lcm\img_dir_annotated\train\uninfected\2022_03_21_11_03_06_08_cell0008.png,0,transpose,15371,ok,0,0.0,0
train,2022_03_21_11_03_06_08,9,"(304, 1409, 348, 1489)",0.0,0,C:\Users\sthem\OneDrive\Documentos\GitHub\master-2025\3-Datasets\img-lcm\img_dir_annotated\train\uninfected\2022_03_21_11_03_06_08_cell0009.png,0,transpose,15371,ok,0,0.0,0
train,2022_03_21_11_03_06_08,10,"(318, 1907, 376, 1971)",0.7673539518900344,1,C:\Users\sthem\OneDrive\Documentos\GitHub\master-2025\3-Datasets\img-lcm\img_dir_annotated\train\infected\2022_03_21_11_03_06_08_cell0010.png,0,transpose,15371,ok,1,0.7704741379310345,2860
train,2022_03_21_11_03_06_08,11,"(416, 99, 424, 107)",0.0,0,C:\Users\sthem\OneDrive\Documentos\GitHub\master-2025\3-Datasets\img-lcm\img_dir_annotated\train\uninfected\2022_03_21_11_03_06_08_cell0011.png,0,transpose,15371,ok,0,0.0,0
train,2022_03_21_11_03_06_08,12,"(459, 1482, 521, 1557)",0.0,0,C:\Users\sthem\OneDrive\Documentos\GitHub\master-2025\3-Datasets\img-lcm\img_dir_annotated\train\uninfected\2022_03_21_11_03_06_08_cell0012.png,0,transpose,15371,ok,0,0.0,0
train,2022_03_21_11_03_06_08,13,"(620, 2012, 683, 2047)",0.0,0,C:\Users\sthem\OneDrive\Documentos\GitHub\master-2025\3-Datasets\img-lcm\img_dir_annotated\train\uninfected\2022_03_21_11_03_06_08_cell0013.png,0,transpose,15371,ok,0,0.0,0
train,2022_03_21_11_03_06_08,14,"(626, 55, 691, 115)",0.4479403178722024,1,C:\Users\sthem\OneDrive\Documentos\GitHub\master-2025\3-Datasets\img-lcm\img_dir_annotated\train\infected\2022_03_21_11_03_06_08_cell0014.png,0,transpose,15371,ok,1,0.49564102564102563,1933
train,2022_03_21_11_03_06_08,15,"(644, 731, 719, 791)",0.7975425858698687,1,C:\Users\sthem\OneDrive\Documentos\GitHub\master-2025\3-Datasets\img-lcm\img_dir_annotated\train\infected\2022_03_21_11_03_06_08_cell0015.png,0,transpose,15371,ok,1,0.7753333333333333,3489
train,2022_03_21_11_03_06_08,16,"(646, 1715, 740, 1801)",0.0,0,C:\Users\sthem\OneDrive\Documentos\GitHub\master-2025\3-Datasets\img-lcm\img_dir_annotated\train\uninfected\2022_03_21_11_03_06_08_cell0016.png,0,transpose,15371,ok,0,0.0,0
train,2022_03_21_11_03_06_08,17,"(713, 1521, 773, 1575)",0.0,0,C:\Users\sthem\OneDrive\Documentos\GitHub\master-2025\3-Datasets\img-lcm\img_dir_annotated\train\uninfected\2022_03_21_11_03_06_08_cell0017.png,0,transpose,15371,ok,0,0.0,0
train,2022_03_21_11_03_06_08,18,"(725, 538, 802, 621)",0.0,0,C:\Users\sthem\OneDrive\Documentos\GitHub\master-2025\3-Datasets\img-lcm\img_dir_annotated\train\uninfected\2022_03_21_11_03_06_08_cell0018.png,0,transpose,15371,ok,0,0.0,0
train,2022_03_21_11_03_06_08,19,"(739, 1043, 798, 1100)",0.6805821524320184,1,C:\Users\sthem\OneDrive\Documentos\GitHub\master-2025\3-Datasets\img-lcm\img_dir_annotated\train\infected\2022_03_21_11_03_06_08_cell0019.png,0,transpose,15371,ok,1,0.6993755575379126,2352
train,2022_03_21_11_03_06_08,20,"(744, 1908, 793, 1983)",0.0,0,C:\Users\sthem\OneDrive\Documentos\GitHub\master-2025\3-Datasets\img-lcm\img_dir_annotated\train\uninfected\2022_03_21_11_03_06_08_cell0020.png,0,transpose,15371,ok,0,0.0,0
train,2022_03_21_11_03_06_08,21,"(749, 1992, 823, 2047)",0.0,0,C:\Users\sthem\OneDrive\Documentos\GitHub\master-2025\3-Datasets\img-lcm\img_dir_annotated\train\uninfected\2022_03_21_11_03_06_08_cell0021.png,0,transpose,15371,ok,0,0.0,0
train,2022_03_21_11_03_06_08,22,"(806, 1851, 895, 1929)",0.0,0,C:\Users\sthem\OneDrive\Documentos\GitHub\master-2025\3-Datasets\img-lcm\img_dir_annotated\train\uninfected\2022_03_21_11_03_06_08_cell0022.png,0,transpose,15371,ok,0,0.0,0
train,2022_03_21_11_03_06_08,23,"(830, 1248, 899, 1308)",0.0,0,C:\Users\sthem\OneDrive\Documentos\GitHub\master-2025\3-Datasets\img-lcm\img_dir_annotated\train\uninfected\2022_03_21_11_03_06_08_cell0023.png,0,transpose,15371,ok,0,0.0,0
train,2022_03_21_11_03_06_08,24,"(928, 1848, 1083, 2004)",0.0,0,C:\Users\sthem\OneDrive\Documentos\GitHub\master-2025\3-Datasets\img-lcm\img_dir_annotated\train\uninfected\2022_03_21_11_03_06_08_cell0024.png,0,transpose,15371,ok,0,0.0,0
train,2022_03_21_11_03_06_08,25,"(962, 206, 1027, 271)",0.5226788432267885,1,C:\Users\sthem\OneDrive\Documentos\GitHub\master-2025\3-Datasets\img-lcm\img_dir_annotated\train\infected\2022_03_21_11_03_06_08_cell0025.png,0,transpose,15371,ok,1,0.5484023668639053,2317
train,2022_03_21_11_03_06_16,1,"(65, 773, 126, 837)",0.0,0,C:\Users\sthem\OneDrive\Documentos\GitHub\master-2025\3-Datasets\img-lcm\img_dir_annotated\train\uninfected\2022_03_21_11_03_06_16_cell0001.png,0,transpose,5510,ok,0,0.0,0
train,2022_03_21_11_03_06_16,2,"(96, 8, 171, 91)",0.0,0,C:\Users\sthem\OneDrive\Documentos\GitHub\master-2025\3-Datasets\img-lcm\img_dir_annotated\train\uninfected\2022_03_21_11_03_06_16_cell0002.png,0,transpose,5510,ok,0,0.0,0
train,2022_03_21_11_03_06_16,3,"(121, 1331, 190, 1401)",0.0,0,C:\Users\sthem\OneDrive\Documentos\GitHub\master-2025\3-Datasets\img-lcm\img_dir_annotated\train\uninfected\2022_03_21_11_03_06_16_cell0003.png,0,transpose,5510,ok,0,0.0,0
train,2022_03_21_11_03_06_16,4,"(123, 448, 189, 505)",0.2454873646209386,1,C:\Users\sthem\OneDrive\Documentos\GitHub\master-2025\3-Datasets\img-lcm\img_dir_annotated\train\infected\2022_03_21_11_03_06_16_cell0004.png,0,transpose,5510,ok,1,0.3088782562466773,1162
train,2022_03_21_11_03_06_16,5,"(200, 861, 257, 924)",0.0,0,C:\Users\sthem\OneDrive\Documentos\GitHub\master-2025\3-Datasets\img-lcm\img_dir_annotated\train\uninfected\2022_03_21_11_03_06_16_cell0005.png,0,transpose,5510,ok,0,0.0,0
train,2022_03_21_11_03_06_16,6,"(212, 1040, 270, 1102)",0.0,0,C:\Users\sthem\OneDrive\Documentos\GitHub\master-2025\3-Datasets\img-lcm\img_dir_annotated\train\uninfected\2022_03_21_11_03_06_16_cell0006.png,0,transpose,5510,ok,0,0.0,0
train,2022_03_21_11_03_06_16,7,"(251, 71, 312, 126)",0.4696911932901258,1,C:\Users\sthem\OneDrive\Documentos\GitHub\master-2025\3-Datasets\img-lcm\img_dir_annotated\train\infected\2022_03_21_11_03_06_16_cell0007.png,0,transpose,5510,ok,1,0.5192250372578241,1742
train,2022_03_21_11_03_06_16,8,"(322, 1861, 394, 1924)",0.8142478657639093,1,C:\Users\sthem\OneDrive\Documentos\GitHub\master-2025\3-Datasets\img-lcm\img_dir_annotated\train\infected\2022_03_21_11_03_06_16_cell0008.png,0,transpose,5510,ok,1,0.7795414462081128,3536
train,2022_03_21_11_03_06_16,9,"(415, 98, 424, 108)",0.0,0,C:\Users\sthem\OneDrive\Documentos\GitHub\master-2025\3-Datasets\img-lcm\img_dir_annotated\train\uninfected\2022_03_21_11_03_06_16_cell0009.png,0,transpose,5510,ok,0,0.0,0
train,2022_03_21_11_03_06_16,10,"(487, 1009, 547, 1063)",0.0,0,C:\Users\sthem\OneDrive\Documentos\GitHub\master-2025\3-Datasets\img-lcm\img_dir_annotated\train\uninfected\2022_03_21_11_03_06_16_cell0010.png,0,transpose,5510,ok,0,0.0,0
train,2022_03_21_11_03_06_16,11,"(673, 424, 731, 491)",0.0,0,C:\Users\sthem\OneDrive\Documentos\GitHub\master-2025\3-Datasets\img-lcm\img_dir_annotated\train\uninfected\2022_03_21_11_03_06_16_cell0011.png,0,transpose,5510,ok,0,0.0,0
train,2022_03_21_11_03_06_16,12,"(745, 1064, 794, 1132)",0.0,0,C:\Users\sthem\OneDrive\Documentos\GitHub\master-2025\3-Datasets\img-lcm\img_dir_annotated\train\uninfected\2022_03_21_11_03_06_16_cell0012.png,0,transpose,5510,ok,0,0.0,0
train,2022_03_21_11_03_06_16,13,"(751, 120, 818, 182)",0.0,0,C:\Users\sthem\OneDrive\Documentos\GitHub\master-2025\3-Datasets\img-lcm\img_dir_annotated\train\uninfected\2022_03_21_11_03_06_16_cell0013.png,0,transpose,5510,ok,0,0.0,0
train,2022_03_21_11_03_06_16,14,"(811, 1660, 876, 1732)",0.0,0,C:\Users\sthem\OneDrive\Documentos\GitHub\master-2025\3-Datasets\img-lcm\img_dir_annotated\train\uninfected\2022_03_21_11_03_06_16_cell0014.png,0,transpose,5510,ok,0,0.0,0
train,2022_03_21_11_03_06_16,15,"(861, 641, 918, 704)",0.0,0,C:\Users\sthem\OneDrive\Documentos\GitHub\master-2025\3-Datasets\img-lcm\img_dir_annotated\train\uninfected\2022_03_21_11_03_06_16_cell0015.png,0,transpose,5510,ok,0,0.0,0
train,2022_03_21_11_03_06_16,16,"(870, 1968, 924, 2031)",0.0,0,C:\Users\sthem\OneDrive\Documentos\GitHub\master-2025\3-Datasets\img-lcm\img_dir_annotated\train\uninfected\2022_03_21_11_03_06_16_cell0016.png,0,transpose,5510,ok,0,0.0,0
train,2022_03_21_11_03_06_16,17,"(871, 1454, 941, 1520)",0.0,0,C:\Users\sthem\OneDrive\Documentos\GitHub\master-2025\3-Datasets\img-lcm\img_dir_annotated\train\uninfected\2022_03_21_11_03_06_16_cell0017.png,0,transpose,5510,ok,0,0.0,0
train,2022_03_21_11_03_06_16,18,"(919, 1814, 979, 1875)",0.0,0,C:\Users\sthem\OneDrive\Documentos\GitHub\master-2025\3-Datasets\img-lcm\img_dir_annotated\train\uninfected\2022_03_21_11_03_06_16_cell0018.png,0,transpose,5510,ok,0,0.0,0
train,2022_03_21_11_03_06_16,19,"(948, 630, 1023, 692)",0.2264374629519857,1,C:\Users\sthem\OneDrive\Documentos\GitHub\master-2025\3-Datasets\img-lcm\img_dir_annotated\train\infected\2022_03_21_11_03_06_16_cell0019.png,0,transpose,5510,ok,1,0.250752688172043,1166
train,2022_03_21_11_03_06_16,20,"(976, 767, 1047, 836)",0.0,0,C:\Users\sthem\OneDrive\Documentos\GitHub\master-2025\3-Datasets\img-lcm\img_dir_annotated\train\uninfected\2022_03_21_11_03_06_16_cell0020.png,0,transpose,5510,ok,0,0.0,0
train,2022_03_21_11_03_06_16,21,"(1004, 1309, 1064, 1367)",0.0,0,C:\Users\sthem\OneDrive\Documentos\GitHub\master-2025\3-Datasets\img-lcm\img_dir_annotated\train\uninfected\2022_03_21_11_03_06_16_cell0021.png,0,transpose,5510,ok,0,0.0,0
train,2022_03_21_11_03_06_16,22,"(1054, 435, 1088, 494)",0.0,0,C:\Users\sthem\OneDrive\Documentos\GitHub\master-2025\3-Datasets\img-lcm\img_dir_annotated\train\uninfected\2022_03_21_11_03_06_16_cell0022.png,0,transpose,5510,ok,0,0.0,0
train,2022_03_21_11_03_06_25,1,"(63, 522, 120, 578)",0.0,0,C:\Users\sthem\OneDrive\Documentos\GitHub\master-2025\3-Datasets\img-lcm\img_dir_annotated\train\uninfected\2022_03_21_11_03_06_25_cell0001.png,0,transpose,5899,ok,0,0.0,0
train,2022_03_21_11_03_06_25,2,"(76, 1473, 143, 1535)",0.5394816154309825,1,C:\Users\sthem\OneDrive\Documentos\GitHub\master-2025\3-Datasets\img-lcm\img_dir_annotated\train\infected\2022_03_21_11_03_06_25_cell0002.png,0,transpose,5899,ok,1,0.5712566201251805,2373
train,2022_03_21_11_03_06_25,3,"(126, 615, 188, 675)",0.5610444601270289,1,C:\Users\sthem\OneDrive\Documentos\GitHub\master-2025\3-Datasets\img-lcm\img_dir_annotated\train\infected\2022_03_21_11_03_06_25_cell0003.png,0,transpose,5899,ok,1,0.5951612903225807,2214
train,2022_03_21_11_03_06_25,4,"(234, 951, 322, 1018)",0.0,0,C:\Users\sthem\OneDrive\Documentos\GitHub\master-2025\3-Datasets\img-lcm\img_dir_annotated\train\uninfected\2022_03_21_11_03_06_25_cell0004.png,0,transpose,5899,ok,0,0.0,0
train,2022_03_21_11_03_06_25,5,"(265, 1346, 351, 1392)",0.0,0,C:\Users\sthem\OneDrive\Documentos\GitHub\master-2025\3-Datasets\img-lcm\img_dir_annotated\train\uninfected\2022_03_21_11_03_06_25_cell0005.png,0,transpose,5899,ok,0,0.0,0
train,2022_03_21_11_03_06_25,6,"(292, 929, 368, 1005)",0.0,0,C:\Users\sthem\OneDrive\Documentos\GitHub\master-2025\3-Datasets\img-lcm\img_dir_annotated\train\uninfected\2022_03_21_11_03_06_25_cell0006.png,0,transpose,5899,ok,0,0.0,0
train,2022_03_21_11_03_06_25,7,"(417, 237, 450, 320)",0.0,0,C:\Users\sthem\OneDrive\Documentos\GitHub\master-2025\3-Datasets\img-lcm\img_dir_annotated\train\uninfected\2022_03_21_11_03_06_25_cell0007.png,0,transpose,5899,ok,0,0.0,0
train,2022_03_21_11_03_06_25,8,"(440, 1676, 496, 1722)",0.0,0,C:\Users\sthem\OneDrive\Documentos\GitHub\master-2025\3-Datasets\img-lcm\img_dir_annotated\train\uninfected\2022_03_21_11_03_06_25_cell0008.png,0,transpose,5899,ok,0,0.0,0
train,2022_03_21_11_03_06_25,9,"(442, 446, 513, 515)",0.4900935608145294,1,C:\Users\sthem\OneDrive\Documentos\GitHub\master-2025\3-Datasets\img-lcm\img_dir_annotated\train\infected\2022_03_21_11_03_06_25_cell0009.png,0,transpose,5899,ok,1,0.4860175546029802,2381
train,2022_03_21_11_03_06_25,10,"(460, 1157, 519, 1219)",0.2980613893376413,1,C:\Users\sthem\OneDrive\Documentos\GitHub\master-2025\3-Datasets\img-lcm\img_dir_annotated\train\infected\2022_03_21_11_03_06_25_cell0010.png,0,transpose,5899,ok,1,0.3160196828868234,1156
train,2022_03_21_11_03_06_25,11,"(464, 1235, 533, 1289)",0.0,0,C:\Users\sthem\OneDrive\Documentos\GitHub\master-2025\3-Datasets\img-lcm\img_dir_annotated\train\uninfected\2022_03_21_11_03_06_25_cell0011.png,0,transpose,5899,ok,0,0.0,0
train,2022_03_21_11_03_06_25,12,"(556, 1110, 599, 1176)",0.0,0,C:\Users\sthem\OneDrive\Documentos\GitHub\master-2025\3-Datasets\img-lcm\img_dir_annotated\train\uninfected\2022_03_21_11_03_06_25_cell0012.png,0,transpose,5899,ok,0,0.0,0
train,2022_03_21_11_03_06_25,13,"(584, 681, 670, 825)",0.0,0,C:\Users\sthem\OneDrive\Documentos\GitHub\master-2025\3-Datasets\img-lcm\img_dir_annotated\train\uninfected\2022_03_21_11_03_06_25_cell0013.png,0,transpose,5899,ok,0,0.0,0
train,2022_03_21_11_03_06_25,14,"(687, 16, 768, 91)",0.0,0,C:\Users\sthem\OneDrive\Documentos\GitHub\master-2025\3-Datasets\img-lcm\img_dir_annotated\train\uninfected\2022_03_21_11_03_06_25_cell0014.png,0,transpose,5899,ok,0,0.0,0
train,2022_03_21_11_03_06_25,15,"(852, 444, 922, 522)",0.0,0,C:\Users\sthem\OneDrive\Documentos\GitHub\master-2025\3-Datasets\img-lcm\img_dir_annotated\train\uninfected\2022_03_21_11_03_06_25_cell0015.png,0,transpose,5899,ok,0,0.0,0
train,2022_03_21_11_03_06_25,16,"(928, 1888, 986, 1958)",0.0,0,C:\Users\sthem\OneDrive\Documentos\GitHub\master-2025\3-Datasets\img-lcm\img_dir_annotated\train\uninfected\2022_03_21_11_03_06_25_cell0016.png,0,transpose,5899,ok,0,0.0,0
train,2022_03_21_11_03_06_25,17,"(979, 543, 1065, 607)",0.0,0,C:\Users\sthem\OneDrive\Documentos\GitHub\master-2025\3-Datasets\img-lcm\img_dir_annotated\train\uninfected\2022_03_21_11_03_06_25_cell0017.png,0,transpose,5899,ok,0,0.0,0
train,2022_03_21_11_03_06_25,18,"(1037, 1557, 1088, 1622)",0.0,0,C:\Users\sthem\OneDrive\Documentos\GitHub\master-2025\3-Datasets\img-lcm\img_dir_annotated\train\uninfected\2022_03_21_11_03_06_25_cell0018.png,0,transpose,5899,ok,0,0.0,0
train,2022_03_21_11_03_06_33,1,"(0, 630, 58, 683)",0.0,0,C:\Users\sthem\OneDrive\Documentos\GitHub\master-2025\3-Datasets\img-lcm\img_dir_annotated\train\uninfected\2022_03_21_11_03_06_33_cell0001.png,0,transpose,2036,ok,0,0.0,0
train,2022_03_21_11_03_06_33,2,"(24, 104, 78, 171)",0.0,0,C:\Users\sthem\OneDrive\Documentos\GitHub\master-2025\3-Datasets\img-lcm\img_dir_annotated\train\uninfected\2022_03_21_11_03_06_33_cell0002.png,0,transpose,2036,ok,0,0.0,0
train,2022_03_21_11_03_06_33,3,"(152, 929, 215, 991)",0.2950050284948038,1,C:\Users\sthem\OneDrive\Documentos\GitHub\master-2025\3-Datasets\img-lcm\img_dir_annotated\train\infected\2022_03_21_11_03_06_33_cell0003.png,0,transpose,2036,ok,1,0.3343573988735279,1306
train,2022_03_21_11_03_06_33,4,"(265, 234, 335, 294)",0.0,0,C:\Users\sthem\OneDrive\Documentos\GitHub\master-2025\3-Datasets\img-lcm\img_dir_annotated\train\uninfected\2022_03_21_11_03_06_33_cell0004.png,0,transpose,2036,ok,0,0.0,0
train,2022_03_21_11_03_06_33,5,"(351, 466, 420, 521)",0.0,0,C:\Users\sthem\OneDrive\Documentos\GitHub\master-2025\3-Datasets\img-lcm\img_dir_annotated\train\uninfected\2022_03_21_11_03_06_33_cell0005.png,0,transpose,2036,ok,0,0.0,0
train,2022_03_21_11_03_06_33,6,"(376, 1233, 443, 1280)",0.4590945194598888,1,C:\Users\sthem\OneDrive\Documentos\GitHub\master-2025\3-Datasets\img-lcm\img_dir_annotated\train\infected\2022_03_21_11_03_06_33_cell0006.png,0,transpose,2036,ok,1,0.5271514766592569,1660
train,2022_03_21_11_03_06_33,7,"(593, 546, 659, 607)",0.0,0,C:\Users\sthem\OneDrive\Documentos\GitHub\master-2025\3-Datasets\img-lcm\img_dir_annotated\train\uninfected\2022_03_21_11_03_06_33_cell0007.png,0,transpose,2036,ok,0,0.0,0
train,2022_03_21_11_03_06_33,8,"(642, 1563, 708, 1624)",0.0,0,C:\Users\sthem\OneDrive\Documentos\GitHub\master-2025\3-Datasets\img-lcm\img_dir_annotated\train\uninfected\2022_03_21_11_03_06_33_cell0008.png,0,transpose,2036,ok,0,0.0,0
train,2022_03_21_11_03_06_33,9,"(749, 1108, 825, 1173)",0.0,0,C:\Users\sthem\OneDrive\Documentos\GitHub\master-2025\3-Datasets\img-lcm\img_dir_annotated\train\uninfected\2022_03_21_11_03_06_33_cell0009.png,0,transpose,2036,ok,0,0.0,0
train,2022_03_21_11_03_06_33,10,"(796, 1245, 879, 1310)",0.0,0,C:\Users\sthem\OneDrive\Documentos\GitHub\master-2025\3-Datasets\img-lcm\img_dir_annotated\train\uninfected\2022_03_21_11_03_06_33_cell0010.png,0,transpose,2036,ok,0,0.0,0
train,2022_03_21_11_03_06_33,11,"(847, 1584, 911, 1664)",0.0,0,C:\Users\sthem\OneDrive\Documentos\GitHub\master-2025\3-Datasets\img-lcm\img_dir_annotated\train\uninfected\2022_03_21_11_03_06_33_cell0011.png,0,transpose,2036,ok,0,0.0,0
train,2022_03_21_11_03_06_33,12,"(909, 696, 968, 754)",0.0,0,C:\Users\sthem\OneDrive\Documentos\GitHub\master-2025\3-Datasets\img-lcm\img_dir_annotated\train\uninfected\2022_03_21_11_03_06_33_cell0012.png,0,transpose,2036,ok,0,0.0,0
train,2022_03_21_11_03_06_33,13,"(946, 526, 1017, 613)",0.0,0,C:\Users\sthem\OneDrive\Documentos\GitHub\master-2025\3-Datasets\img-lcm\img_dir_annotated\train\uninfected\2022_03_21_11_03_06_33_cell0013.png,0,transpose,2036,ok,0,0.0,0
train,2022_03_21_11_03_06_42,1,"(24, 1264, 94, 1321)",0.2243839169909209,1,C:\Users\sthem\OneDrive\Documentos\GitHub\master-2025\3-Datasets\img-lcm\img_dir_annotated\train\infected\2022_03_21_11_03_06_42_cell0001.png,0,transpose,7255,ok,1,0.27418546365914787,1094
train,2022_03_21_11_03_06_42,2,"(73, 1955, 133, 2009)",0.159253375694996,1,C:\Users\sthem\OneDrive\Documentos\GitHub\master-2025\3-Datasets\img-lcm\img_dir_annotated\train\infected\2022_03_21_11_03_06_42_cell0002.png,0,transpose,7255,ok,1,0.22006172839506172,713
train,2022_03_21_11_03_06_42,3,"(205, 1567, 255, 1623)",0.0,0,C:\Users\sthem\OneDrive\Documentos\GitHub\master-2025\3-Datasets\img-lcm\img_dir_annotated\train\uninfected\2022_03_21_11_03_06_42_cell0003.png,0,transpose,7255,ok,0,0.0,0
train,2022_03_21_11_03_06_42,4,"(359, 1505, 443, 1588)",0.0,0,C:\Users\sthem\OneDrive\Documentos\GitHub\master-2025\3-Datasets\img-lcm\img_dir_annotated\train\uninfected\2022_03_21_11_03_06_42_cell0004.png,0,transpose,7255,ok,0,0.0,0
train,2022_03_21_11_03_06_42,5,"(397, 372, 475, 430)",0.0,0,C:\Users\sthem\OneDrive\Documentos\GitHub\master-2025\3-Datasets\img-lcm\img_dir_annotated\train\uninfected\2022_03_21_11_03_06_42_cell0005.png,0,transpose,7255,ok,0,0.0,0
train,2022_03_21_11_03_06_42,6,"(415, 99, 424, 108)",0.0,0,C:\Users\sthem\OneDrive\Documentos\GitHub\master-2025\3-Datasets\img-lcm\img_dir_annotated\train\uninfected\2022_03_21_11_03_06_42_cell0006.png,0,transpose,7255,ok,0,0.0,0
train,2022_03_21_11_03_06_42,7,"(457, 62, 464, 69)",0.0,0,C:\Users\sthem\OneDrive\Documentos\GitHub\master-2025\3-Datasets\img-lcm\img_dir_annotated\train\uninfected\2022_03_21_11_03_06_42_cell0007.png,0,transpose,7255,ok,0,0.0,0
train,2022_03_21_11_03_06_42,8,"(563, 1811, 639, 1871)",0.0,0,C:\Users\sthem\OneDrive\Documentos\GitHub\master-2025\3-Datasets\img-lcm\img_dir_annotated\train\uninfected\2022_03_21_11_03_06_42_cell0008.png,0,transpose,7255,ok,0,0.0,0
train,2022_03_21_11_03_06_42,9,"(577, 875, 642, 937)",0.0,0,C:\Users\sthem\OneDrive\Documentos\GitHub\master-2025\3-Datasets\img-lcm\img_dir_annotated\train\uninfected\2022_03_21_11_03_06_42_cell0009.png,0,transpose,7255,ok,0,0.0,0
train,2022_03_21_11_03_06_42,10,"(653, 200, 721, 262)",0.7820121951219512,1,C:\Users\sthem\OneDrive\Documentos\GitHub\master-2025\3-Datasets\img-lcm\img_dir_annotated\train\infected\2022_03_21_11_03_06_42_cell0010.png,0,transpose,7255,ok,1,0.7713472485768501,3252
train,2022_03_21_11_03_06_42,11,"(677, 1152, 732, 1209)",0.0,0,C:\Users\sthem\OneDrive\Documentos\GitHub\master-2025\3-Datasets\img-lcm\img_dir_annotated\train\uninfected\2022_03_21_11_03_06_42_cell0011.png,0,transpose,7255,ok,0,0.0,0
train,2022_03_21_11_03_06_42,12,"(721, 962, 790, 1012)",0.0,0,C:\Users\sthem\OneDrive\Documentos\GitHub\master-2025\3-Datasets\img-lcm\img_dir_annotated\train\uninfected\2022_03_21_11_03_06_42_cell0012.png,0,transpose,7255,ok,0,0.0,0
train,2022_03_21_11_03_06_42,13,"(726, 1561, 805, 1628)",0.3383984563434636,1,C:\Users\sthem\OneDrive\Documentos\GitHub\master-2025\3-Datasets\img-lcm\img_dir_annotated\train\infected\2022_03_21_11_03_06_42_cell0013.png,0,transpose,7255,ok,1,0.3693557528811638,1955
train,2022_03_21_11_03_06_42,14,"(808, 1046, 876, 1115)",0.0,0,C:\Users\sthem\OneDrive\Documentos\GitHub\master-2025\3-Datasets\img-lcm\img_dir_annotated\train\uninfected\2022_03_21_11_03_06_42_cell0014.png,0,transpose,7255,ok,0,0.0,0
train,2022_03_21_11_03_06_42,15,"(994, 950, 1049, 1006)",0.9400171379605828,1,C:\Users\sthem\OneDrive\Documentos\GitHub\master-2025\3-Datasets\img-lcm\img_dir_annotated\train\infected\2022_03_21_11_03_06_42_cell0015.png,0,transpose,7255,ok,1,0.9178571428571428,2827
train,2022_03_21_11_03_06_50,1,"(0, 1242, 143, 1352)",0.0,0,C:\Users\sthem\OneDrive\Documentos\GitHub\master-2025\3-Datasets\img-lcm\img_dir_annotated\train\uninfected\2022_03_21_11_03_06_50_cell0001.png,0,transpose,6373,ok,0,0.0,0
train,2022_03_21_11_03_06_50,2,"(37, 81, 118, 129)",0.0,0,C:\Users\sthem\OneDrive\Documentos\GitHub\master-2025\3-Datasets\img-lcm\img_dir_annotated\train\uninfected\2022_03_21_11_03_06_50_cell0002.png,0,transpose,6373,ok,0,0.0,0
train,2022_03_21_11_03_06_50,3,"(90, 1989, 179, 2048)",0.0,0,C:\Users\sthem\OneDrive\Documentos\GitHub\master-2025\3-Datasets\img-lcm\img_dir_annotated\train\uninfected\2022_03_21_11_03_06_50_cell0003.png,0,transpose,6373,ok,0,0.0,0
train,2022_03_21_11_03_06_50,4,"(104, 1477, 160, 1539)",0.0,0,C:\Users\sthem\OneDrive\Documentos\GitHub\master-2025\3-Datasets\img-lcm\img_dir_annotated\train\uninfected\2022_03_21_11_03_06_50_cell0004.png,0,transpose,6373,ok,0,0.0,0
train,2022_03_21_11_03_06_50,5,"(218, 891, 278, 955)",0.5947385947385947,1,C:\Users\sthem\OneDrive\Documentos\GitHub\master-2025\3-Datasets\img-lcm\img_dir_annotated\train\infected\2022_03_21_11_03_06_50_cell0005.png,0,transpose,6373,ok,1,0.61640625,2367
train,2022_03_21_11_03_06_50,6,"(231, 1923, 327, 2008)",0.0,0,C:\Users\sthem\OneDrive\Documentos\GitHub\master-2025\3-Datasets\img-lcm\img_dir_annotated\train\uninfected\2022_03_21_11_03_06_50_cell0006.png,0,transpose,6373,ok,0,0.0,0
train,2022_03_21_11_03_06_50,7,"(233, 1270, 324, 1375)",0.0,0,C:\Users\sthem\OneDrive\Documentos\GitHub\master-2025\3-Datasets\img-lcm\img_dir_annotated\train\uninfected\2022_03_21_11_03_06_50_cell0007.png,0,transpose,6373,ok,0,0.0,0
train,2022_03_21_11_03_06_50,8,"(309, 1046, 374, 1112)",0.0,0,C:\Users\sthem\OneDrive\Documentos\GitHub\master-2025\3-Datasets\img-lcm\img_dir_annotated\train\uninfected\2022_03_21_11_03_06_50_cell0008.png,0,transpose,6373,ok,0,0.0,0
train,2022_03_21_11_03_06_50,9,"(337, 649, 430, 735)",0.0,0,C:\Users\sthem\OneDrive\Documentos\GitHub\master-2025\3-Datasets\img-lcm\img_dir_annotated\train\uninfected\2022_03_21_11_03_06_50_cell0009.png,0,transpose,6373,ok,0,0.0,0
train,2022_03_21_11_03_06_50,10,"(416, 99, 424, 107)",0.0,0,C:\Users\sthem\OneDrive\Documentos\GitHub\master-2025\3-Datasets\img-lcm\img_dir_annotated\train\uninfected\2022_03_21_11_03_06_50_cell0010.png,0,transpose,6373,ok,0,0.0,0
train,2022_03_21_11_03_06_50,11,"(431, 1119, 512, 1202)",0.0,0,C:\Users\sthem\OneDrive\Documentos\GitHub\master-2025\3-Datasets\img-lcm\img_dir_annotated\train\uninfected\2022_03_21_11_03_06_50_cell0011.png,0,transpose,6373,ok,0,0.0,0
train,2022_03_21_11_03_06_50,12,"(645, 916, 698, 977)",0.0,0,C:\Users\sthem\OneDrive\Documentos\GitHub\master-2025\3-Datasets\img-lcm\img_dir_annotated\train\uninfected\2022_03_21_11_03_06_50_cell0012.png,0,transpose,6373,ok,0,0.0,0
train,2022_03_21_11_03_06_50,13,"(683, 985, 728, 1024)",0.0,0,C:\Users\sthem\OneDrive\Documentos\GitHub\master-2025\3-Datasets\img-lcm\img_dir_annotated\train\uninfected\2022_03_21_11_03_06_50_cell0013.png,0,transpose,6373,ok,0,0.0,0
train,2022_03_21_11_03_06_50,14,"(733, 206, 791, 270)",0.0,0,C:\Users\sthem\OneDrive\Documentos\GitHub\master-2025\3-Datasets\img-lcm\img_dir_annotated\train\uninfected\2022_03_21_11_03_06_50_cell0014.png,0,transpose,6373,ok,0,0.0,0
train,2022_03_21_11_03_06_50,15,"(766, 1014, 833, 1075)",0.5849427168576105,1,C:\Users\sthem\OneDrive\Documentos\GitHub\master-2025\3-Datasets\img-lcm\img_dir_annotated\train\infected\2022_03_21_11_03_06_50_cell0015.png,0,transpose,6373,ok,1,0.5840469782236359,2387
train,2022_03_21_11_03_06_50,16,"(811, 33, 863, 105)",0.3717904827114002,1,C:\Users\sthem\OneDrive\Documentos\GitHub\master-2025\3-Datasets\img-lcm\img_dir_annotated\train\infected\2022_03_21_11_03_06_50_cell0016.png,0,transpose,6373,ok,1,0.4166666666666667,1560
train,2022_03_21_11_03_06_50,17,"(836, 488, 909, 550)",0.0,0,C:\Users\sthem\OneDrive\Documentos\GitHub\master-2025\3-Datasets\img-lcm\img_dir_annotated\train\uninfected\2022_03_21_11_03_06_50_cell0017.png,0,transpose,6373,ok,0,0.0,0
train,2022_03_21_11_03_06_50,18,"(841, 1939, 907, 1993)",0.0,0,C:\Users\sthem\OneDrive\Documentos\GitHub\master-2025\3-Datasets\img-lcm\img_dir_annotated\train\uninfected\2022_03_21_11_03_06_50_cell0018.png,0,transpose,6373,ok,0,0.0,0
train,2022_03_21_11_03_06_50,19,"(883, 1073, 936, 1133)",0.7070957095709571,1,C:\Users\sthem\OneDrive\Documentos\GitHub\master-2025\3-Datasets\img-lcm\img_dir_annotated\train\infected\2022_03_21_11_03_06_50_cell0019.png,0,transpose,6373,ok,1,0.7185534591194969,2285
train,2022_03_21_11_03_06_50,20,"(971, 856, 1040, 920)",0.0,0,C:\Users\sthem\OneDrive\Documentos\GitHub\master-2025\3-Datasets\img-lcm\img_dir_annotated\train\uninfected\2022_03_21_11_03_06_50_cell0020.png,0,transpose,6373,ok,0,0.0,0
train,2022_03_21_11_03_06_50,21,"(973, 168, 1029, 231)",0.0,0,C:\Users\sthem\OneDrive\Documentos\GitHub\master-2025\3-Datasets\img-lcm\img_dir_annotated\train\uninfected\2022_03_21_11_03_06_50_cell0021.png,0,transpose,6373,ok,0,0.0,0
train,2022_03_21_11_03_06_59,1,"(33, 905, 100, 967)",0.0,0,C:\Users\sthem\OneDrive\Documentos\GitHub\master-2025\3-Datasets\img-lcm\img_dir_annotated\train\uninfected\2022_03_21_11_03_06_59_cell0001.png,0,transpose,9067,ok,0,0.0,0
train,2022_03_21_11_03_06_59,2,"(71, 1392, 137, 1458)",0.6183111660995979,1,C:\Users\sthem\OneDrive\Documentos\GitHub\master-2025\3-Datasets\img-lcm\img_dir_annotated\train\infected\2022_03_21_11_03_06_59_cell0002.png,0,transpose,9067,ok,1,0.5982552800734618,2606
train,2022_03_21_11_03_06_59,3,"(238, 542, 282, 606)",0.0,0,C:\Users\sthem\OneDrive\Documentos\GitHub\master-2025\3-Datasets\img-lcm\img_dir_annotated\train\uninfected\2022_03_21_11_03_06_59_cell0003.png,0,transpose,9067,ok,0,0.0,0
train,2022_03_21_11_03_06_59,4,"(412, 1307, 467, 1365)",0.7196450181524808,1,C:\Users\sthem\OneDrive\Documentos\GitHub\master-2025\3-Datasets\img-lcm\img_dir_annotated\train\infected\2022_03_21_11_03_06_59_cell0004.png,0,transpose,9067,ok,1,0.7398119122257053,2360
train,2022_03_21_11_03_06_59,5,"(433, 226, 499, 292)",0.0,0,C:\Users\sthem\OneDrive\Documentos\GitHub\master-2025\3-Datasets\img-lcm\img_dir_annotated\train\uninfected\2022_03_21_11_03_06_59_cell0005.png,0,transpose,9067,ok,0,0.0,0
train,2022_03_21_11_03_06_59,6,"(555, 80, 625, 143)",0.0,0,C:\Users\sthem\OneDrive\Documentos\GitHub\master-2025\3-Datasets\img-lcm\img_dir_annotated\train\uninfected\2022_03_21_11_03_06_59_cell0006.png,0,transpose,9067,ok,0,0.0,0
train,2022_03_21_11_03_06_59,7,"(691, 1150, 744, 1216)",0.0,0,C:\Users\sthem\OneDrive\Documentos\GitHub\master-2025\3-Datasets\img-lcm\img_dir_annotated\train\uninfected\2022_03_21_11_03_06_59_cell0007.png,0,transpose,9067,ok,0,0.0,0
train,2022_03_21_11_03_06_59,8,"(710, 874, 777, 922)",0.609375,1,C:\Users\sthem\OneDrive\Documentos\GitHub\master-2025\3-Datasets\img-lcm\img_dir_annotated\train\infected\2022_03_21_11_03_06_59_cell0008.png,0,transpose,9067,ok,1,0.6085199004975125,1957
train,2022_03_21_11_03_06_59,9,"(737, 381, 801, 442)",0.0,0,C:\Users\sthem\OneDrive\Documentos\GitHub\master-2025\3-Datasets\img-lcm\img_dir_annotated\train\uninfected\2022_03_21_11_03_06_59_cell0009.png,0,transpose,9067,ok,0,0.0,0
train,2022_03_21_11_03_06_59,10,"(744, 498, 823, 576)",0.0,0,C:\Users\sthem\OneDrive\Documentos\GitHub\master-2025\3-Datasets\img-lcm\img_dir_annotated\train\uninfected\2022_03_21_11_03_06_59_cell0010.png,0,transpose,9067,ok,0,0.0,0
train,2022_03_21_11_03_06_59,11,"(749, 2001, 813, 2048)",0.8181419807186678,1,C:\Users\sthem\OneDrive\Documentos\GitHub\master-2025\3-Datasets\img-lcm\img_dir_annotated\train\infected\2022_03_21_11_03_06_59_cell0011.png,0,transpose,9067,ok,1,0.7975398936170213,2399
train,2022_03_21_11_03_06_59,12,"(794, 388, 852, 452)",0.0,0,C:\Users\sthem\OneDrive\Documentos\GitHub\master-2025\3-Datasets\img-lcm\img_dir_annotated\train\uninfected\2022_03_21_11_03_06_59_cell0012.png,0,transpose,9067,ok,0,0.0,0
train,2022_03_21_11_03_06_59,13,"(831, 1979, 896, 2048)",0.5189058728881738,1,C:\Users\sthem\OneDrive\Documentos\GitHub\master-2025\3-Datasets\img-lcm\img_dir_annotated\train\infected\2022_03_21_11_03_06_59_cell0013.png,0,transpose,9067,ok,1,0.5574136008918618,2500
train,2022_03_21_11_03_06_59,14,"(1067, 160, 1087, 211)",0.0,0,C:\Users\sthem\OneDrive\Documentos\GitHub\master-2025\3-Datasets\img-lcm\img_dir_annotated\train\uninfected\2022_03_21_11_03_06_59_cell0014.png,0,transpose,9067,ok,0,0.0,0
train,2022_03_21_11_03_06_67,1,"(37, 680, 91, 751)",0.8615487763995977,1,C:\Users\sthem\OneDrive\Documentos\GitHub\master-2025\3-Datasets\img-lcm\img_dir_annotated\train\infected\2022_03_21_11_03_06_67_cell0001.png,0,transpose,8591,ok,1,0.8218570683359415,3151
train,2022_03_21_11_03_06_67,2,"(73, 193, 135, 259)",0.0,0,C:\Users\sthem\OneDrive\Documentos\GitHub\master-2025\3-Datasets\img-lcm\img_dir_annotated\train\uninfected\2022_03_21_11_03_06_67_cell0002.png,0,transpose,8591,ok,0,0.0,0
train,2022_03_21_11_03_06_67,3,"(220, 1417, 297, 1476)",0.0,0,C:\Users\sthem\OneDrive\Documentos\GitHub\master-2025\3-Datasets\img-lcm\img_dir_annotated\train\uninfected\2022_03_21_11_03_06_67_cell0003.png,0,transpose,8591,ok,0,0.0,0
train,2022_03_21_11_03_06_67,4,"(233, 1300, 301, 1360)",0.251542152159013,1,C:\Users\sthem\OneDrive\Documentos\GitHub\master-2025\3-Datasets\img-lcm\img_dir_annotated\train\infected\2022_03_21_11_03_06_67_cell0004.png,0,transpose,8591,ok,1,0.28137254901960784,1148
train,2022_03_21_11_03_06_67,5,"(292, 1801, 338, 1876)",0.0,0,C:\Users\sthem\OneDrive\Documentos\GitHub\master-2025\3-Datasets\img-lcm\img_dir_annotated\train\uninfected\2022_03_21_11_03_06_67_cell0005.png,0,transpose,8591,ok,0,0.0,0
train,2022_03_21_11_03_06_67,6,"(304, 1965, 364, 2033)",0.0,0,C:\Users\sthem\OneDrive\Documentos\GitHub\master-2025\3-Datasets\img-lcm\img_dir_annotated\train\uninfected\2022_03_21_11_03_06_67_cell0006.png,0,transpose,8591,ok,0,0.0,0
train,2022_03_21_11_03_06_67,7,"(448, 1148, 510, 1219)",0.0,0,C:\Users\sthem\OneDrive\Documentos\GitHub\master-2025\3-Datasets\img-lcm\img_dir_annotated\train\uninfected\2022_03_21_11_03_06_67_cell0007.png,0,transpose,8591,ok,0,0.0,0
train,2022_03_21_11_03_06_67,8,"(558, 642, 652, 724)",0.0,0,C:\Users\sthem\OneDrive\Documentos\GitHub\master-2025\3-Datasets\img-lcm\img_dir_annotated\train\uninfected\2022_03_21_11_03_06_67_cell0008.png,0,transpose,8591,ok,0,0.0,0
train,2022_03_21_11_03_06_67,9,"(612, 421, 677, 471)",0.0,0,C:\Users\sthem\OneDrive\Documentos\GitHub\master-2025\3-Datasets\img-lcm\img_dir_annotated\train\uninfected\2022_03_21_11_03_06_67_cell0009.png,0,transpose,8591,ok,0,0.0,0
train,2022_03_21_11_03_06_67,10,"(616, 766, 696, 845)",0.2249114521841794,1,C:\Users\sthem\OneDrive\Documentos\GitHub\master-2025\3-Datasets\img-lcm\img_dir_annotated\train\infected\2022_03_21_11_03_06_67_cell0010.png,0,transpose,8591,ok,1,0.2606012658227848,1647
train,2022_03_21_11_03_06_67,11,"(621, 147, 685, 214)",0.7172056131787675,1,C:\Users\sthem\OneDrive\Documentos\GitHub\master-2025\3-Datasets\img-lcm\img_dir_annotated\train\infected\2022_03_21_11_03_06_67_cell0011.png,0,transpose,8591,ok,1,0.6942630597014925,2977
train,2022_03_21_11_03_06_67,12,"(623, 986, 679, 1041)",0.0,0,C:\Users\sthem\OneDrive\Documentos\GitHub\master-2025\3-Datasets\img-lcm\img_dir_annotated\train\uninfected\2022_03_21_11_03_06_67_cell0012.png,0,transpose,8591,ok,0,0.0,0
train,2022_03_21_11_03_06_67,13,"(623, 2016, 677, 2047)",0.0,0,C:\Users\sthem\OneDrive\Documentos\GitHub\master-2025\3-Datasets\img-lcm\img_dir_annotated\train\uninfected\2022_03_21_11_03_06_67_cell0013.png,0,transpose,8591,ok,0,0.0,0
train,2022_03_21_11_03_06_67,14,"(670, 1838, 728, 1906)",0.0,0,C:\Users\sthem\OneDrive\Documentos\GitHub\master-2025\3-Datasets\img-lcm\img_dir_annotated\train\uninfected\2022_03_21_11_03_06_67_cell0014.png,0,transpose,8591,ok,0,0.0,0
train,2022_03_21_11_03_06_67,15,"(671, 1405, 746, 1463)",0.0,0,C:\Users\sthem\OneDrive\Documentos\GitHub\master-2025\3-Datasets\img-lcm\img_dir_annotated\train\uninfected\2022_03_21_11_03_06_67_cell0015.png,0,transpose,8591,ok,0,0.0,0
train,2022_03_21_11_03_06_67,16,"(725, 438, 783, 500)",0.0,0,C:\Users\sthem\OneDrive\Documentos\GitHub\master-2025\3-Datasets\img-lcm\img_dir_annotated\train\uninfected\2022_03_21_11_03_06_67_cell0016.png,0,transpose,8591,ok,0,0.0,0
train,2022_03_21_11_03_06_67,17,"(747, 1577, 816, 1618)",0.0,0,C:\Users\sthem\OneDrive\Documentos\GitHub\master-2025\3-Datasets\img-lcm\img_dir_annotated\train\uninfected\2022_03_21_11_03_06_67_cell0017.png,0,transpose,8591,ok,0,0.0,0
train,2022_03_21_11_03_06_67,18,"(774, 414, 839, 446)",0.0,0,C:\Users\sthem\OneDrive\Documentos\GitHub\master-2025\3-Datasets\img-lcm\img_dir_annotated\train\uninfected\2022_03_21_11_03_06_67_cell0018.png,0,transpose,8591,ok,0,0.0,0
train,2022_03_21_11_03_06_67,19,"(849, 73, 910, 131)",0.8202195791399817,1,C:\Users\sthem\OneDrive\Documentos\GitHub\master-2025\3-Datasets\img-lcm\img_dir_annotated\train\infected\2022_03_21_11_03_06_67_cell0019.png,0,transpose,8591,ok,1,0.8148671565856416,2883
train,2022_03_21_11_03_06_67,20,"(925, 1545, 958, 1577)",0.0,0,C:\Users\sthem\OneDrive\Documentos\GitHub\master-2025\3-Datasets\img-lcm\img_dir_annotated\train\uninfected\2022_03_21_11_03_06_67_cell0020.png,0,transpose,8591,ok,0,0.0,0
train,2022_03_21_11_03_06_67,21,"(1001, 1685, 1054, 1746)",0.0,0,C:\Users\sthem\OneDrive\Documentos\GitHub\master-2025\3-Datasets\img-lcm\img_dir_annotated\train\uninfected\2022_03_21_11_03_06_67_cell0021.png,0,transpose,8591,ok,0,0.0,0
train,2022_03_21_11_03_06_75,1,"(4, 1890, 60, 1943)",0.6769025367156208,1,C:\Users\sthem\OneDrive\Documentos\GitHub\master-2025\3-Datasets\img-lcm\img_dir_annotated\train\infected\2022_03_21_11_03_06_75_cell0001.png,0,transpose,9268,ok,1,0.6664420485175202,1978
train,2022_03_21_11_03_06_75,2,"(62, 1536, 107, 1585)",0.0,0,C:\Users\sthem\OneDrive\Documentos\GitHub\master-2025\3-Datasets\img-lcm\img_dir_annotated\train\uninfected\2022_03_21_11_03_06_75_cell0002.png,0,transpose,9268,ok,0,0.0,0
train,2022_03_21_11_03_06_75,3,"(176, 248, 226, 323)",0.0,0,C:\Users\sthem\OneDrive\Documentos\GitHub\master-2025\3-Datasets\img-lcm\img_dir_annotated\train\uninfected\2022_03_21_11_03_06_75_cell0003.png,0,transpose,9268,ok,0,0.0,0
train,2022_03_21_11_03_06_75,4,"(248, 287, 303, 343)",1.0,1,C:\Users\sthem\OneDrive\Documentos\GitHub\master-2025\3-Datasets\img-lcm\img_dir_annotated\train\infected\2022_03_21_11_03_06_75_cell0004.png,0,transpose,9268,ok,1,1.0,3080
train,2022_03_21_11_03_06_75,5,"(297, 1832, 355, 1880)",0.0,0,C:\Users\sthem\OneDrive\Documentos\GitHub\master-2025\3-Datasets\img-lcm\img_dir_annotated\train\uninfected\2022_03_21_11_03_06_75_cell0005.png,0,transpose,9268,ok,0,0.0,0
train,2022_03_21_11_03_06_75,6,"(312, 891, 389, 985)",0.0,0,C:\Users\sthem\OneDrive\Documentos\GitHub\master-2025\3-Datasets\img-lcm\img_dir_annotated\train\uninfected\2022_03_21_11_03_06_75_cell0006.png,0,transpose,9268,ok,0,0.0,0
train,2022_03_21_11_03_06_75,7,"(345, 1319, 414, 1385)",0.0,0,C:\Users\sthem\OneDrive\Documentos\GitHub\master-2025\3-Datasets\img-lcm\img_dir_annotated\train\uninfected\2022_03_21_11_03_06_75_cell0007.png,0,transpose,9268,ok,0,0.0,0
train,2022_03_21_11_03_06_75,8,"(364, 1182, 415, 1248)",0.0,0,C:\Users\sthem\OneDrive\Documentos\GitHub\master-2025\3-Datasets\img-lcm\img_dir_annotated\train\uninfected\2022_03_21_11_03_06_75_cell0008.png,0,transpose,9268,ok,0,0.0,0
train,2022_03_21_11_03_06_75,9,"(574, 1789, 629, 1845)",0.0,0,C:\Users\sthem\OneDrive\Documentos\GitHub\master-2025\3-Datasets\img-lcm\img_dir_annotated\train\uninfected\2022_03_21_11_03_06_75_cell0009.png,0,transpose,9268,ok,0,0.0,0
train,2022_03_21_11_03_06_75,10,"(596, 1449, 651, 1538)",0.0,0,C:\Users\sthem\OneDrive\Documentos\GitHub\master-2025\3-Datasets\img-lcm\img_dir_annotated\train\uninfected\2022_03_21_11_03_06_75_cell0010.png,0,transpose,9268,ok,0,0.0,0
train,2022_03_21_11_03_06_75,11,"(697, 106, 753, 184)",0.8476070528967254,1,C:\Users\sthem\OneDrive\Documentos\GitHub\master-2025\3-Datasets\img-lcm\img_dir_annotated\train\infected\2022_03_21_11_03_06_75_cell0011.png,0,transpose,9268,ok,1,0.8047161172161172,3515
train,2022_03_21_11_03_06_75,12,"(742, 151, 801, 207)",0.0,0,C:\Users\sthem\OneDrive\Documentos\GitHub\master-2025\3-Datasets\img-lcm\img_dir_annotated\train\uninfected\2022_03_21_11_03_06_75_cell0012.png,0,transpose,9268,ok,0,0.0789951573849879,261
train,2022_03_21_11_03_06_75,13,"(866, 1546, 938, 1600)",0.0,0,C:\Users\sthem\OneDrive\Documentos\GitHub\master-2025\3-Datasets\img-lcm\img_dir_annotated\train\uninfected\2022_03_21_11_03_06_75_cell0013.png,0,transpose,9268,ok,0,0.0,0
train,2022_03_21_11_03_06_75,14,"(921, 309, 999, 369)",0.0,0,C:\Users\sthem\OneDrive\Documentos\GitHub\master-2025\3-Datasets\img-lcm\img_dir_annotated\train\uninfected\2022_03_21_11_03_06_75_cell0014.png,0,transpose,9268,ok,0,0.0,0
train,2022_03_21_11_03_06_75,15,"(927, 1626, 992, 1689)",0.0,0,C:\Users\sthem\OneDrive\Documentos\GitHub\master-2025\3-Datasets\img-lcm\img_dir_annotated\train\uninfected\2022_03_21_11_03_06_75_cell0015.png,0,transpose,9268,ok,0,0.0,0
train,2022_03_21_11_03_06_75,16,"(947, 701, 1018, 760)",0.4717159019484601,1,C:\Users\sthem\OneDrive\Documentos\GitHub\master-2025\3-Datasets\img-lcm\img_dir_annotated\train\infected\2022_03_21_11_03_06_75_cell0016.png,0,transpose,9268,ok,1,0.49295774647887325,2065
train,2022_03_21_11_03_06_75,17,"(1036, 451, 1081, 510)",0.686985970004838,1,C:\Users\sthem\OneDrive\Documentos\GitHub\master-2025\3-Datasets\img-lcm\img_dir_annotated\train\infected\2022_03_21_11_03_06_75_cell0017.png,0,transpose,9268,ok,1,0.7310734463276836,1941
train,2022_03_21_11_03_06_84,1,"(14, 1828, 85, 1889)",0.0,0,C:\Users\sthem\OneDrive\Documentos\GitHub\master-2025\3-Datasets\img-lcm\img_dir_annotated\train\uninfected\2022_03_21_11_03_06_84_cell0001.png,0,transpose,9452,ok,0,0.0,0
train,2022_03_21_11_03_06_84,2,"(68, 705, 134, 764)",0.9106035889070146,1,C:\Users\sthem\OneDrive\Documentos\GitHub\master-2025\3-Datasets\img-lcm\img_dir_annotated\train\infected\2022_03_21_11_03_06_84_cell0002.png,0,transpose,9452,ok,1,0.8908577298407807,3469
train,2022_03_21_11_03_06_84,3,"(87, 809, 146, 880)",0.0,0,C:\Users\sthem\OneDrive\Documentos\GitHub\master-2025\3-Datasets\img-lcm\img_dir_annotated\train\uninfected\2022_03_21_11_03_06_84_cell0003.png,0,transpose,9452,ok,0,0.0,0
train,2022_03_21_11_03_06_84,4,"(98, 1319, 165, 1400)",0.0,0,C:\Users\sthem\OneDrive\Documentos\GitHub\master-2025\3-Datasets\img-lcm\img_dir_annotated\train\uninfected\2022_03_21_11_03_06_84_cell0004.png,0,transpose,9452,ok,0,0.0,0
train,2022_03_21_11_03_06_84,5,"(144, 586, 217, 641)",0.0,0,C:\Users\sthem\OneDrive\Documentos\GitHub\master-2025\3-Datasets\img-lcm\img_dir_annotated\train\uninfected\2022_03_21_11_03_06_84_cell0005.png,0,transpose,9452,ok,0,0.0,0
train,2022_03_21_11_03_06_84,6,"(164, 1862, 232, 1952)",0.5891868880374628,1,C:\Users\sthem\OneDrive\Documentos\GitHub\master-2025\3-Datasets\img-lcm\img_dir_annotated\train\infected\2022_03_21_11_03_06_84_cell0006.png,0,transpose,9452,ok,1,0.5794117647058824,3546
train,2022_03_21_11_03_06_84,7,"(263, 1747, 335, 1827)",0.0,0,C:\Users\sthem\OneDrive\Documentos\GitHub\master-2025\3-Datasets\img-lcm\img_dir_annotated\train\uninfected\2022_03_21_11_03_06_84_cell0007.png,0,transpose,9452,ok,0,0.0,0
train,2022_03_21_11_03_06_84,8,"(366, 1784, 409, 1876)",0.0,0,C:\Users\sthem\OneDrive\Documentos\GitHub\master-2025\3-Datasets\img-lcm\img_dir_annotated\train\uninfected\2022_03_21_11_03_06_84_cell0008.png,0,transpose,9452,ok,0,0.0,0
train,2022_03_21_11_03_06_84,9,"(371, 128, 379, 136)",0.0,0,C:\Users\sthem\OneDrive\Documentos\GitHub\master-2025\3-Datasets\img-lcm\img_dir_annotated\train\uninfected\2022_03_21_11_03_06_84_cell0009.png,0,transpose,9452,ok,0,0.0,0
train,2022_03_21_11_03_06_84,10,"(382, 1721, 438, 1780)",0.0,0,C:\Users\sthem\OneDrive\Documentos\GitHub\master-2025\3-Datasets\img-lcm\img_dir_annotated\train\uninfected\2022_03_21_11_03_06_84_cell0010.png,0,transpose,9452,ok,0,0.0,0
train,2022_03_21_11_03_06_84,11,"(389, 1831, 476, 1893)",0.0,0,C:\Users\sthem\OneDrive\Documentos\GitHub\master-2025\3-Datasets\img-lcm\img_dir_annotated\train\uninfected\2022_03_21_11_03_06_84_cell0011.png,0,transpose,9452,ok,0,0.0,0
train,2022_03_21_11_03_06_84,12,"(405, 1271, 453, 1324)",0.0,0,C:\Users\sthem\OneDrive\Documentos\GitHub\master-2025\3-Datasets\img-lcm\img_dir_annotated\train\uninfected\2022_03_21_11_03_06_84_cell0012.png,0,transpose,9452,ok,0,0.0,0
train,2022_03_21_11_03_06_84,13,"(413, 284, 465, 342)",0.0,0,C:\Users\sthem\OneDrive\Documentos\GitHub\master-2025\3-Datasets\img-lcm\img_dir_annotated\train\uninfected\2022_03_21_11_03_06_84_cell0013.png,0,transpose,9452,ok,0,0.0,0
train,2022_03_21_11_03_06_84,14,"(416, 99, 424, 107)",0.0,0,C:\Users\sthem\OneDrive\Documentos\GitHub\master-2025\3-Datasets\img-lcm\img_dir_annotated\train\uninfected\2022_03_21_11_03_06_84_cell0014.png,0,transpose,9452,ok,0,0.0,0
train,2022_03_21_11_03_06_84,15,"(525, 1593, 591, 1670)",0.7039092055485499,1,C:\Users\sthem\OneDrive\Documentos\GitHub\master-2025\3-Datasets\img-lcm\img_dir_annotated\train\infected\2022_03_21_11_03_06_84_cell0015.png,0,transpose,9452,ok,1,0.6955922865013774,3535
train,2022_03_21_11_03_06_84,16,"(598, 754, 649, 828)",0.0,0,C:\Users\sthem\OneDrive\Documentos\GitHub\master-2025\3-Datasets\img-lcm\img_dir_annotated\train\uninfected\2022_03_21_11_03_06_84_cell0016.png,0,transpose,9452,ok,0,0.0,0
train,2022_03_21_11_03_06_84,17,"(613, 844, 676, 899)",0.0,0,C:\Users\sthem\OneDrive\Documentos\GitHub\master-2025\3-Datasets\img-lcm\img_dir_annotated\train\uninfected\2022_03_21_11_03_06_84_cell0017.png,0,transpose,9452,ok,0,0.0,0
train,2022_03_21_11_03_06_84,18,"(625, 1130, 637, 1141)",0.0,0,C:\Users\sthem\OneDrive\Documentos\GitHub\master-2025\3-Datasets\img-lcm\img_dir_annotated\train\uninfected\2022_03_21_11_03_06_84_cell0018.png,0,transpose,9452,ok,0,0.0,0
train,2022_03_21_11_03_06_84,19,"(645, 480, 714, 546)",0.0,0,C:\Users\sthem\OneDrive\Documentos\GitHub\master-2025\3-Datasets\img-lcm\img_dir_annotated\train\uninfected\2022_03_21_11_03_06_84_cell0019.png,0,transpose,9452,ok,0,0.0,0
train,2022_03_21_11_03_06_84,20,"(709, 915, 774, 978)",0.0,0,C:\Users\sthem\OneDrive\Documentos\GitHub\master-2025\3-Datasets\img-lcm\img_dir_annotated\train\uninfected\2022_03_21_11_03_06_84_cell0020.png,0,transpose,9452,ok,0,0.0,0
train,2022_03_21_11_03_06_84,21,"(769, 1483, 848, 1554)",0.0,0,C:\Users\sthem\OneDrive\Documentos\GitHub\master-2025\3-Datasets\img-lcm\img_dir_annotated\train\uninfected\2022_03_21_11_03_06_84_cell0021.png,0,transpose,9452,ok,0,0.0,0
train,2022_03_21_11_03_06_84,22,"(816, 544, 884, 616)",0.0,0,C:\Users\sthem\OneDrive\Documentos\GitHub\master-2025\3-Datasets\img-lcm\img_dir_annotated\train\uninfected\2022_03_21_11_03_06_84_cell0022.png,0,transpose,9452,ok,0,0.0,0
train,2022_03_21_11_03_06_84,23,"(832, 1623, 914, 1692)",0.0,0,C:\Users\sthem\OneDrive\Documentos\GitHub\master-2025\3-Datasets\img-lcm\img_dir_annotated\train\uninfected\2022_03_21_11_03_06_84_cell0023.png,0,transpose,9452,ok,0,0.0,0
train,2022_03_21_11_03_06_84,24,"(835, 1103, 892, 1158)",0.0,0,C:\Users\sthem\OneDrive\Documentos\GitHub\master-2025\3-Datasets\img-lcm\img_dir_annotated\train\uninfected\2022_03_21_11_03_06_84_cell0024.png,0,transpose,9452,ok,0,0.0,0
train,2022_03_21_11_03_06_84,25,"(867, 952, 924, 1004)",0.4760259179265659,1,C:\Users\sthem\OneDrive\Documentos\GitHub\master-2025\3-Datasets\img-lcm\img_dir_annotated\train\infected\2022_03_21_11_03_06_84_cell0025.png,0,transpose,9452,ok,1,0.5357624831309041,1588
train,2022_03_21_11_03_06_84,26,"(870, 303, 883, 319)",0.0,0,C:\Users\sthem\OneDrive\Documentos\GitHub\master-2025\3-Datasets\img-lcm\img_dir_annotated\train\uninfected\2022_03_21_11_03_06_84_cell0026.png,0,transpose,9452,ok,0,0.0,0
train,2022_03_21_11_03_06_92,1,"(68, 1045, 149, 1156)",0.0,0,C:\Users\sthem\OneDrive\Documentos\GitHub\master-2025\3-Datasets\img-lcm\img_dir_annotated\train\uninfected\2022_03_21_11_03_06_92_cell0001.png,0,transpose,1719,ok,0,0.0,0
train,2022_03_21_11_03_06_92,2,"(98, 601, 157, 656)",0.6704368174726989,1,C:\Users\sthem\OneDrive\Documentos\GitHub\master-2025\3-Datasets\img-lcm\img_dir_annotated\train\infected\2022_03_21_11_03_06_92_cell0002.png,0,transpose,1719,ok,1,0.710015408320493,2304
train,2022_03_21_11_03_06_92,3,"(193, 532, 243, 580)",0.0,0,C:\Users\sthem\OneDrive\Documentos\GitHub\master-2025\3-Datasets\img-lcm\img_dir_annotated\train\uninfected\2022_03_21_11_03_06_92_cell0003.png,0,transpose,1719,ok,0,0.0,0
train,2022_03_21_11_03_06_92,4,"(229, 292, 279, 368)",0.0,0,C:\Users\sthem\OneDrive\Documentos\GitHub\master-2025\3-Datasets\img-lcm\img_dir_annotated\train\uninfected\2022_03_21_11_03_06_92_cell0004.png,0,transpose,1719,ok,0,0.0,0
train,2022_03_21_11_03_06_92,5,"(251, 1237, 346, 1356)",0.0,0,C:\Users\sthem\OneDrive\Documentos\GitHub\master-2025\3-Datasets\img-lcm\img_dir_annotated\train\uninfected\2022_03_21_11_03_06_92_cell0005.png,0,transpose,1719,ok,0,0.0,0
train,2022_03_21_11_03_06_92,6,"(292, 331, 340, 395)",0.0,0,C:\Users\sthem\OneDrive\Documentos\GitHub\master-2025\3-Datasets\img-lcm\img_dir_annotated\train\uninfected\2022_03_21_11_03_06_92_cell0006.png,0,transpose,1719,ok,0,0.0,0
train,2022_03_21_11_03_06_92,7,"(336, 848, 419, 947)",0.0,0,C:\Users\sthem\OneDrive\Documentos\GitHub\master-2025\3-Datasets\img-lcm\img_dir_annotated\train\uninfected\2022_03_21_11_03_06_92_cell0007.png,0,transpose,1719,ok,0,0.0,0
train,2022_03_21_11_03_06_92,8,"(371, 128, 379, 136)",0.0,0,C:\Users\sthem\OneDrive\Documentos\GitHub\master-2025\3-Datasets\img-lcm\img_dir_annotated\train\uninfected\2022_03_21_11_03_06_92_cell0008.png,0,transpose,1719,ok,0,0.0,0
train,2022_03_21_11_03_06_92,9,"(407, 441, 456, 486)",0.0,0,C:\Users\sthem\OneDrive\Documentos\GitHub\master-2025\3-Datasets\img-lcm\img_dir_annotated\train\uninfected\2022_03_21_11_03_06_92_cell0009.png,0,transpose,1719,ok,0,0.0,0
train,2022_03_21_11_03_06_92,10,"(415, 98, 425, 108)",0.0,0,C:\Users\sthem\OneDrive\Documentos\GitHub\master-2025\3-Datasets\img-lcm\img_dir_annotated\train\uninfected\2022_03_21_11_03_06_92_cell0010.png,0,transpose,1719,ok,0,0.0,0
train,2022_03_21_11_03_06_92,11,"(457, 62, 465, 70)",0.0,0,C:\Users\sthem\OneDrive\Documentos\GitHub\master-2025\3-Datasets\img-lcm\img_dir_annotated\train\uninfected\2022_03_21_11_03_06_92_cell0011.png,0,transpose,1719,ok,0,0.0,0
train,2022_03_21_11_03_06_92,12,"(474, 1180, 528, 1241)",0.0,0,C:\Users\sthem\OneDrive\Documentos\GitHub\master-2025\3-Datasets\img-lcm\img_dir_annotated\train\uninfected\2022_03_21_11_03_06_92_cell0012.png,0,transpose,1719,ok,0,0.0,0
train,2022_03_21_11_03_06_92,13,"(554, 554, 618, 640)",0.0,0,C:\Users\sthem\OneDrive\Documentos\GitHub\master-2025\3-Datasets\img-lcm\img_dir_annotated\train\uninfected\2022_03_21_11_03_06_92_cell0013.png,0,transpose,1719,ok,0,0.0,0
train,2022_03_21_11_03_06_92,14,"(578, 1885, 625, 1945)",0.0,0,C:\Users\sthem\OneDrive\Documentos\GitHub\master-2025\3-Datasets\img-lcm\img_dir_annotated\train\uninfected\2022_03_21_11_03_06_92_cell0014.png,0,transpose,1719,ok,0,0.0,0
train,2022_03_21_11_03_06_92,15,"(630, 1091, 702, 1156)",0.0,0,C:\Users\sthem\OneDrive\Documentos\GitHub\master-2025\3-Datasets\img-lcm\img_dir_annotated\train\uninfected\2022_03_21_11_03_06_92_cell0015.png,0,transpose,1719,ok,0,0.0,0
train,2022_03_21_11_03_06_92,16,"(648, 438, 702, 503)",0.0,0,C:\Users\sthem\OneDrive\Documentos\GitHub\master-2025\3-Datasets\img-lcm\img_dir_annotated\train\uninfected\2022_03_21_11_03_06_92_cell0016.png,0,transpose,1719,ok,0,0.0,0
train,2022_03_21_11_03_06_92,17,"(861, 1336, 936, 1410)",0.0,0,C:\Users\sthem\OneDrive\Documentos\GitHub\master-2025\3-Datasets\img-lcm\img_dir_annotated\train\uninfected\2022_03_21_11_03_06_92_cell0017.png,0,transpose,1719,ok,0,0.0,0
train,2022_03_21_11_03_06_92,18,"(874, 1675, 932, 1740)",0.0,0,C:\Users\sthem\OneDrive\Documentos\GitHub\master-2025\3-Datasets\img-lcm\img_dir_annotated\train\uninfected\2022_03_21_11_03_06_92_cell0018.png,0,transpose,1719,ok,0,0.0,0
train,2022_03_21_11_03_07_08,1,"(0, 1252, 56, 1327)",0.0,0,C:\Users\sthem\OneDrive\Documentos\GitHub\master-2025\3-Datasets\img-lcm\img_dir_annotated\train\uninfected\2022_03_21_11_03_07_08_cell0001.png,0,transpose,7560,ok,0,0.0,0
train,2022_03_21_11_03_07_08,2,"(1, 1663, 14, 1707)",0.0,0,C:\Users\sthem\OneDrive\Documentos\GitHub\master-2025\3-Datasets\img-lcm\img_dir_annotated\train\uninfected\2022_03_21_11_03_07_08_cell0002.png,0,transpose,7560,ok,0,0.0,0
train,2022_03_21_11_03_07_08,3,"(2, 359, 60, 430)",0.0,0,C:\Users\sthem\OneDrive\Documentos\GitHub\master-2025\3-Datasets\img-lcm\img_dir_annotated\train\uninfected\2022_03_21_11_03_07_08_cell0003.png,0,transpose,7560,ok,0,0.0,0
train,2022_03_21_11_03_07_08,4,"(147, 1829, 219, 1904)",0.0,0,C:\Users\sthem\OneDrive\Documentos\GitHub\master-2025\3-Datasets\img-lcm\img_dir_annotated\train\uninfected\2022_03_21_11_03_07_08_cell0004.png,0,transpose,7560,ok,0,0.0,0
train,2022_03_21_11_03_07_08,5,"(218, 1411, 289, 1474)",0.0,0,C:\Users\sthem\OneDrive\Documentos\GitHub\master-2025\3-Datasets\img-lcm\img_dir_annotated\train\uninfected\2022_03_21_11_03_07_08_cell0005.png,0,transpose,7560,ok,0,0.0,0
train,2022_03_21_11_03_07_08,6,"(350, 569, 452, 634)",0.0,0,C:\Users\sthem\OneDrive\Documentos\GitHub\master-2025\3-Datasets\img-lcm\img_dir_annotated\train\uninfected\2022_03_21_11_03_07_08_cell0006.png,0,transpose,7560,ok,0,0.0,0
train,2022_03_21_11_03_07_08,7,"(420, 1874, 476, 1956)",0.0,0,C:\Users\sthem\OneDrive\Documentos\GitHub\master-2025\3-Datasets\img-lcm\img_dir_annotated\train\uninfected\2022_03_21_11_03_07_08_cell0007.png,0,transpose,7560,ok,0,0.0,0
train,2022_03_21_11_03_07_08,8,"(431, 1331, 494, 1395)",0.0,0,C:\Users\sthem\OneDrive\Documentos\GitHub\master-2025\3-Datasets\img-lcm\img_dir_annotated\train\uninfected\2022_03_21_11_03_07_08_cell0008.png,0,transpose,7560,ok,0,0.0,0
train,2022_03_21_11_03_07_08,9,"(434, 784, 505, 855)",0.0,0,C:\Users\sthem\OneDrive\Documentos\GitHub\master-2025\3-Datasets\img-lcm\img_dir_annotated\train\uninfected\2022_03_21_11_03_07_08_cell0009.png,0,transpose,7560,ok,0,0.0,0
train,2022_03_21_11_03_07_08,10,"(457, 1186, 509, 1250)",0.0,0,C:\Users\sthem\OneDrive\Documentos\GitHub\master-2025\3-Datasets\img-lcm\img_dir_annotated\train\uninfected\2022_03_21_11_03_07_08_cell0010.png,0,transpose,7560,ok,0,0.0,0
train,2022_03_21_11_03_07_08,11,"(524, 779, 599, 834)",0.0,0,C:\Users\sthem\OneDrive\Documentos\GitHub\master-2025\3-Datasets\img-lcm\img_dir_annotated\train\uninfected\2022_03_21_11_03_07_08_cell0011.png,0,transpose,7560,ok,0,0.0,0
train,2022_03_21_11_03_07_08,12,"(613, 137, 688, 192)",0.0,0,C:\Users\sthem\OneDrive\Documentos\GitHub\master-2025\3-Datasets\img-lcm\img_dir_annotated\train\uninfected\2022_03_21_11_03_07_08_cell0012.png,0,transpose,7560,ok,0,0.0,0
train,2022_03_21_11_03_07_08,13,"(615, 221, 687, 300)",0.0,0,C:\Users\sthem\OneDrive\Documentos\GitHub\master-2025\3-Datasets\img-lcm\img_dir_annotated\train\uninfected\2022_03_21_11_03_07_08_cell0013.png,0,transpose,7560,ok,0,0.0,0
train,2022_03_21_11_03_07_08,14,"(696, 2, 783, 81)",0.638878434324426,1,C:\Users\sthem\OneDrive\Documentos\GitHub\master-2025\3-Datasets\img-lcm\img_dir_annotated\train\infected\2022_03_21_11_03_07_08_cell0014.png,0,transpose,7560,ok,1,0.6224356176342208,4278
train,2022_03_21_11_03_07_08,15,"(779, 105, 847, 161)",0.0,0,C:\Users\sthem\OneDrive\Documentos\GitHub\master-2025\3-Datasets\img-lcm\img_dir_annotated\train\uninfected\2022_03_21_11_03_07_08_cell0015.png,0,transpose,7560,ok,0,0.0,0
train,2022_03_21_11_03_07_08,16,"(808, 956, 867, 1018)",0.7337298810356893,1,C:\Users\sthem\OneDrive\Documentos\GitHub\master-2025\3-Datasets\img-lcm\img_dir_annotated\train\infected\2022_03_21_11_03_07_08_cell0016.png,0,transpose,7560,ok,1,0.735101148168398,2689
train,2022_03_21_11_03_07_08,17,"(831, 1129, 891, 1188)",0.0,0,C:\Users\sthem\OneDrive\Documentos\GitHub\master-2025\3-Datasets\img-lcm\img_dir_annotated\train\uninfected\2022_03_21_11_03_07_08_cell0017.png,0,transpose,7560,ok,0,0.0,0
train,2022_03_21_11_03_07_08,18,"(845, 1497, 913, 1560)",0.0,0,C:\Users\sthem\OneDrive\Documentos\GitHub\master-2025\3-Datasets\img-lcm\img_dir_annotated\train\uninfected\2022_03_21_11_03_07_08_cell0018.png,0,transpose,7560,ok,0,0.0,0
train,2022_03_21_11_03_07_08,19,"(868, 301, 884, 320)",0.0,0,C:\Users\sthem\OneDrive\Documentos\GitHub\master-2025\3-Datasets\img-lcm\img_dir_annotated\train\uninfected\2022_03_21_11_03_07_08_cell0019.png,0,transpose,7560,ok,0,0.0,0
train,2022_03_21_11_03_07_08,20,"(936, 1651, 1000, 1720)",0.0,0,C:\Users\sthem\OneDrive\Documentos\GitHub\master-2025\3-Datasets\img-lcm\img_dir_annotated\train\uninfected\2022_03_21_11_03_07_08_cell0020.png,0,transpose,7560,ok,0,0.0,0
train,2022_03_21_11_03_07_08,21,"(993, 1386, 1061, 1454)",0.6217678893565844,1,C:\Users\sthem\OneDrive\Documentos\GitHub\master-2025\3-Datasets\img-lcm\img_dir_annotated\train\infected\2022_03_21_11_03_07_08_cell0021.png,0,transpose,7560,ok,1,0.6157006920415224,2847
train,2022_03_21_11_03_07_22,1,"(88, 1572, 157, 1637)",0.3797615585926141,1,C:\Users\sthem\OneDrive\Documentos\GitHub\master-2025\3-Datasets\img-lcm\img_dir_annotated\train\infected\2022_03_21_11_03_07_22_cell0001.png,0,transpose,13738,ok,1,0.41025641025641024,1840
train,2022_03_21_11_03_07_22,2,"(120, 1033, 217, 1130)",0.0,0,C:\Users\sthem\OneDrive\Documentos\GitHub\master-2025\3-Datasets\img-lcm\img_dir_annotated\train\uninfected\2022_03_21_11_03_07_22_cell0002.png,0,transpose,13738,ok,0,0.0,0
train,2022_03_21_11_03_07_22,3,"(162, 1655, 229, 1724)",0.0,0,C:\Users\sthem\OneDrive\Documentos\GitHub\master-2025\3-Datasets\img-lcm\img_dir_annotated\train\uninfected\2022_03_21_11_03_07_22_cell0003.png,0,transpose,13738,ok,0,0.0,0
train,2022_03_21_11_03_07_22,4,"(284, 836, 362, 921)",0.0,0,C:\Users\sthem\OneDrive\Documentos\GitHub\master-2025\3-Datasets\img-lcm\img_dir_annotated\train\uninfected\2022_03_21_11_03_07_22_cell0004.png,0,transpose,13738,ok,0,0.0,0
train,2022_03_21_11_03_07_22,5,"(298, 320, 361, 385)",0.51734917161613,1,C:\Users\sthem\OneDrive\Documentos\GitHub\master-2025\3-Datasets\img-lcm\img_dir_annotated\train\infected\2022_03_21_11_03_07_22_cell0005.png,0,transpose,13738,ok,1,0.5448107448107448,2231
train,2022_03_21_11_03_07_22,6,"(362, 1589, 436, 1668)",0.0,0,C:\Users\sthem\OneDrive\Documentos\GitHub\master-2025\3-Datasets\img-lcm\img_dir_annotated\train\uninfected\2022_03_21_11_03_07_22_cell0006.png,0,transpose,13738,ok,0,0.0,0
train,2022_03_21_11_03_07_22,7,"(520, 857, 589, 933)",0.4950421417947446,1,C:\Users\sthem\OneDrive\Documentos\GitHub\master-2025\3-Datasets\img-lcm\img_dir_annotated\train\infected\2022_03_21_11_03_07_22_cell0007.png,0,transpose,13738,ok,1,0.4984744469870328,2614
train,2022_03_21_11_03_07_22,8,"(530, 1612, 578, 1677)",0.0,0,C:\Users\sthem\OneDrive\Documentos\GitHub\master-2025\3-Datasets\img-lcm\img_dir_annotated\train\uninfected\2022_03_21_11_03_07_22_cell0008.png,0,transpose,13738,ok,0,0.0,0
train,2022_03_21_11_03_07_22,9,"(613, 1853, 671, 1923)",0.0,0,C:\Users\sthem\OneDrive\Documentos\GitHub\master-2025\3-Datasets\img-lcm\img_dir_annotated\train\uninfected\2022_03_21_11_03_07_22_cell0009.png,0,transpose,13738,ok,0,0.0,0
train,2022_03_21_11_03_07_22,10,"(627, 1131, 636, 1140)",0.0,0,C:\Users\sthem\OneDrive\Documentos\GitHub\master-2025\3-Datasets\img-lcm\img_dir_annotated\train\uninfected\2022_03_21_11_03_07_22_cell0010.png,0,transpose,13738,ok,0,0.0,0
train,2022_03_21_11_03_07_22,11,"(636, 26, 705, 70)",0.0,0,C:\Users\sthem\OneDrive\Documentos\GitHub\master-2025\3-Datasets\img-lcm\img_dir_annotated\train\uninfected\2022_03_21_11_03_07_22_cell0011.png,0,transpose,13738,ok,0,0.0,0
train,2022_03_21_11_03_07_22,12,"(688, 870, 751, 938)",0.0,0,C:\Users\sthem\OneDrive\Documentos\GitHub\master-2025\3-Datasets\img-lcm\img_dir_annotated\train\uninfected\2022_03_21_11_03_07_22_cell0012.png,0,transpose,13738,ok,0,0.0,0
train,2022_03_21_11_03_07_22,13,"(767, 1202, 816, 1274)",0.878122634367903,1,C:\Users\sthem\OneDrive\Documentos\GitHub\master-2025\3-Datasets\img-lcm\img_dir_annotated\train\infected\2022_03_21_11_03_07_22_cell0013.png,0,transpose,13738,ok,1,0.8574263038548753,3025
train,2022_03_21_11_03_07_22,14,"(874, 881, 923, 938)",0.0,0,C:\Users\sthem\OneDrive\Documentos\GitHub\master-2025\3-Datasets\img-lcm\img_dir_annotated\train\uninfected\2022_03_21_11_03_07_22_cell0014.png,0,transpose,13738,ok,0,0.0,0
train,2022_03_21_11_03_07_22,15,"(883, 1562, 958, 1630)",0.773469387755102,1,C:\Users\sthem\OneDrive\Documentos\GitHub\master-2025\3-Datasets\img-lcm\img_dir_annotated\train\infected\2022_03_21_11_03_07_22_cell0015.png,0,transpose,13738,ok,1,0.7431372549019608,3790
train,2022_03_21_11_03_07_22,16,"(892, 1246, 977, 1316)",0.0,0,C:\Users\sthem\OneDrive\Documentos\GitHub\master-2025\3-Datasets\img-lcm\img_dir_annotated\train\uninfected\2022_03_21_11_03_07_22_cell0016.png,0,transpose,13738,ok,0,0.0,0
train,2022_03_21_11_03_07_22,17,"(902, 819, 961, 878)",0.724188790560472,1,C:\Users\sthem\OneDrive\Documentos\GitHub\master-2025\3-Datasets\img-lcm\img_dir_annotated\train\infected\2022_03_21_11_03_07_22_cell0017.png,0,transpose,13738,ok,1,0.711864406779661,2478
train,2022_03_21_11_03_07_22,18,"(903, 0, 966, 67)",0.4452554744525547,1,C:\Users\sthem\OneDrive\Documentos\GitHub\master-2025\3-Datasets\img-lcm\img_dir_annotated\train\infected\2022_03_21_11_03_07_22_cell0018.png,0,transpose,13738,ok,1,0.47761194029850745,2016
train,2022_03_21_11_03_07_28,1,"(0, 1282, 54, 1353)",0.0,0,C:\Users\sthem\OneDrive\Documentos\GitHub\master-2025\3-Datasets\img-lcm\img_dir_annotated\train\uninfected\2022_03_21_11_03_07_28_cell0001.png,0,transpose,2027,ok,0,0.0,0
train,2022_03_21_11_03_07_28,2,"(0, 1876, 42, 1958)",0.0,0,C:\Users\sthem\OneDrive\Documentos\GitHub\master-2025\3-Datasets\img-lcm\img_dir_annotated\train\uninfected\2022_03_21_11_03_07_28_cell0002.png,0,transpose,2027,ok,0,0.0,0
train,2022_03_21_11_03_07_28,3,"(113, 1329, 181, 1410)",0.0,0,C:\Users\sthem\OneDrive\Documentos\GitHub\master-2025\3-Datasets\img-lcm\img_dir_annotated\train\uninfected\2022_03_21_11_03_07_28_cell0003.png,0,transpose,2027,ok,0,0.0,0
train,2022_03_21_11_03_07_28,4,"(132, 644, 201, 723)",0.0,0,C:\Users\sthem\OneDrive\Documentos\GitHub\master-2025\3-Datasets\img-lcm\img_dir_annotated\train\uninfected\2022_03_21_11_03_07_28_cell0004.png,0,transpose,2027,ok,0,0.0,0
train,2022_03_21_11_03_07_28,5,"(202, 1222, 299, 1301)",0.0,0,C:\Users\sthem\OneDrive\Documentos\GitHub\master-2025\3-Datasets\img-lcm\img_dir_annotated\train\uninfected\2022_03_21_11_03_07_28_cell0005.png,0,transpose,2027,ok,0,0.0,0
train,2022_03_21_11_03_07_28,6,"(370, 127, 379, 136)",0.0,0,C:\Users\sthem\OneDrive\Documentos\GitHub\master-2025\3-Datasets\img-lcm\img_dir_annotated\train\uninfected\2022_03_21_11_03_07_28_cell0006.png,0,transpose,2027,ok,0,0.0,0
train,2022_03_21_11_03_07_28,7,"(402, 800, 465, 867)",0.3064320388349514,1,C:\Users\sthem\OneDrive\Documentos\GitHub\master-2025\3-Datasets\img-lcm\img_dir_annotated\train\infected\2022_03_21_11_03_07_28_cell0007.png,0,transpose,2027,ok,1,0.351575456053068,1484
train,2022_03_21_11_03_07_28,8,"(411, 322, 421, 333)",0.0,0,C:\Users\sthem\OneDrive\Documentos\GitHub\master-2025\3-Datasets\img-lcm\img_dir_annotated\train\uninfected\2022_03_21_11_03_07_28_cell0008.png,0,transpose,2027,ok,0,0.0,0
train,2022_03_21_11_03_07_28,9,"(415, 98, 425, 108)",0.0,0,C:\Users\sthem\OneDrive\Documentos\GitHub\master-2025\3-Datasets\img-lcm\img_dir_annotated\train\uninfected\2022_03_21_11_03_07_28_cell0009.png,0,transpose,2027,ok,0,0.0,0
train,2022_03_21_11_03_07_28,10,"(457, 62, 465, 70)",0.0,0,C:\Users\sthem\OneDrive\Documentos\GitHub\master-2025\3-Datasets\img-lcm\img_dir_annotated\train\uninfected\2022_03_21_11_03_07_28_cell0010.png,0,transpose,2027,ok,0,0.0,0
train,2022_03_21_11_03_07_28,11,"(477, 1426, 516, 1498)",0.0,0,C:\Users\sthem\OneDrive\Documentos\GitHub\master-2025\3-Datasets\img-lcm\img_dir_annotated\train\uninfected\2022_03_21_11_03_07_28_cell0011.png,0,transpose,2027,ok,0,0.0,0
train,2022_03_21_11_03_07_28,12,"(504, 809, 551, 886)",0.3466257668711656,1,C:\Users\sthem\OneDrive\Documentos\GitHub\master-2025\3-Datasets\img-lcm\img_dir_annotated\train\infected\2022_03_21_11_03_07_28_cell0012.png,0,transpose,2027,ok,1,0.4119922630560928,1491
train,2022_03_21_11_03_07_28,13,"(534, 1472, 585, 1538)",0.0,0,C:\Users\sthem\OneDrive\Documentos\GitHub\master-2025\3-Datasets\img-lcm\img_dir_annotated\train\uninfected\2022_03_21_11_03_07_28_cell0013.png,0,transpose,2027,ok,0,0.0,0
train,2022_03_21_11_03_07_28,14,"(568, 639, 655, 748)",0.0,0,C:\Users\sthem\OneDrive\Documentos\GitHub\master-2025\3-Datasets\img-lcm\img_dir_annotated\train\uninfected\2022_03_21_11_03_07_28_cell0014.png,0,transpose,2027,ok,0,0.0,0
train,2022_03_21_11_03_07_28,15,"(599, 30, 664, 99)",0.0,0,C:\Users\sthem\OneDrive\Documentos\GitHub\master-2025\3-Datasets\img-lcm\img_dir_annotated\train\uninfected\2022_03_21_11_03_07_28_cell0015.png,0,transpose,2027,ok,0,0.0,0
train,2022_03_21_11_03_07_28,16,"(632, 2018, 675, 2047)",0.0,0,C:\Users\sthem\OneDrive\Documentos\GitHub\master-2025\3-Datasets\img-lcm\img_dir_annotated\train\uninfected\2022_03_21_11_03_07_28_cell0016.png,0,transpose,2027,ok,0,0.0,0
train,2022_03_21_11_03_07_28,17,"(640, 1163, 706, 1227)",0.0,0,C:\Users\sthem\OneDrive\Documentos\GitHub\master-2025\3-Datasets\img-lcm\img_dir_annotated\train\uninfected\2022_03_21_11_03_07_28_cell0017.png,0,transpose,2027,ok,0,0.0,0
train,2022_03_21_11_03_07_28,18,"(712, 494, 789, 559)",0.0,0,C:\Users\sthem\OneDrive\Documentos\GitHub\master-2025\3-Datasets\img-lcm\img_dir_annotated\train\uninfected\2022_03_21_11_03_07_28_cell0018.png,0,transpose,2027,ok,0,0.0,0
train,2022_03_21_11_03_07_28,19,"(781, 1749, 864, 1803)",0.0,0,C:\Users\sthem\OneDrive\Documentos\GitHub\master-2025\3-Datasets\img-lcm\img_dir_annotated\train\uninfected\2022_03_21_11_03_07_28_cell0019.png,0,transpose,2027,ok,0,0.0,0
train,2022_03_21_11_03_07_28,20,"(782, 1883, 845, 1950)",0.0,0,C:\Users\sthem\OneDrive\Documentos\GitHub\master-2025\3-Datasets\img-lcm\img_dir_annotated\train\uninfected\2022_03_21_11_03_07_28_cell0020.png,0,transpose,2027,ok,0,0.0,0
train,2022_03_21_11_03_07_28,21,"(858, 1945, 914, 2000)",0.0,0,C:\Users\sthem\OneDrive\Documentos\GitHub\master-2025\3-Datasets\img-lcm\img_dir_annotated\train\uninfected\2022_03_21_11_03_07_28_cell0021.png,0,transpose,2027,ok,0,0.0,0
train,2022_03_21_11_03_07_28,22,"(994, 1261, 1046, 1320)",0.0,0,C:\Users\sthem\OneDrive\Documentos\GitHub\master-2025\3-Datasets\img-lcm\img_dir_annotated\train\uninfected\2022_03_21_11_03_07_28_cell0022.png,0,transpose,2027,ok,0,0.0,0
train,2022_03_21_11_03_07_28,23,"(1008, 1377, 1063, 1461)",0.0,0,C:\Users\sthem\OneDrive\Documentos\GitHub\master-2025\3-Datasets\img-lcm\img_dir_annotated\train\uninfected\2022_03_21_11_03_07_28_cell0023.png,0,transpose,2027,ok,0,0.0,0
train,2022_03_21_11_03_07_28,24,"(1011, 1725, 1072, 1800)",0.0,0,C:\Users\sthem\OneDrive\Documentos\GitHub\master-2025\3-Datasets\img-lcm\img_dir_annotated\train\uninfected\2022_03_21_11_03_07_28_cell0024.png,0,transpose,2027,ok,0,0.0,0
train,2022_03_21_11_03_07_28,25,"(1057, 122, 1086, 185)",0.0,0,C:\Users\sthem\OneDrive\Documentos\GitHub\master-2025\3-Datasets\img-lcm\img_dir_annotated\train\uninfected\2022_03_21_11_03_07_28_cell0025.png,0,transpose,2027,ok,0,0.0,0
train,2022_03_21_11_03_07_35,1,"(218, 1420, 288, 1485)",0.8020318506315212,1,C:\Users\sthem\OneDrive\Documentos\GitHub\master-2025\3-Datasets\img-lcm\img_dir_annotated\train\infected\2022_03_21_11_03_07_35_cell0001.png,0,transpose,8294,ok,1,0.807032967032967,3672
train,2022_03_21_11_03_07_35,2,"(262, 1861, 329, 1925)",0.0,0,C:\Users\sthem\OneDrive\Documentos\GitHub\master-2025\3-Datasets\img-lcm\img_dir_annotated\train\uninfected\2022_03_21_11_03_07_35_cell0002.png,0,transpose,8294,ok,0,0.0,0
train,2022_03_21_11_03_07_35,3,"(416, 99, 424, 107)",0.0,0,C:\Users\sthem\OneDrive\Documentos\GitHub\master-2025\3-Datasets\img-lcm\img_dir_annotated\train\uninfected\2022_03_21_11_03_07_35_cell0003.png,0,transpose,8294,ok,0,0.0,0
train,2022_03_21_11_03_07_35,4,"(478, 1956, 551, 2023)",0.0,0,C:\Users\sthem\OneDrive\Documentos\GitHub\master-2025\3-Datasets\img-lcm\img_dir_annotated\train\uninfected\2022_03_21_11_03_07_35_cell0004.png,0,transpose,8294,ok,0,0.0,0
train,2022_03_21_11_03_07_35,5,"(547, 1379, 615, 1442)",0.0,0,C:\Users\sthem\OneDrive\Documentos\GitHub\master-2025\3-Datasets\img-lcm\img_dir_annotated\train\uninfected\2022_03_21_11_03_07_35_cell0005.png,0,transpose,8294,ok,0,0.0,0
train,2022_03_21_11_03_07_35,6,"(574, 2011, 643, 2047)",0.0,0,C:\Users\sthem\OneDrive\Documentos\GitHub\master-2025\3-Datasets\img-lcm\img_dir_annotated\train\uninfected\2022_03_21_11_03_07_35_cell0006.png,0,transpose,8294,ok,0,0.0,0
train,2022_03_21_11_03_07_35,7,"(580, 518, 656, 582)",0.0,0,C:\Users\sthem\OneDrive\Documentos\GitHub\master-2025\3-Datasets\img-lcm\img_dir_annotated\train\uninfected\2022_03_21_11_03_07_35_cell0007.png,0,transpose,8294,ok,0,0.0,0
train,2022_03_21_11_03_07_35,8,"(616, 1076, 673, 1138)",0.0,0,C:\Users\sthem\OneDrive\Documentos\GitHub\master-2025\3-Datasets\img-lcm\img_dir_annotated\train\uninfected\2022_03_21_11_03_07_35_cell0008.png,0,transpose,8294,ok,0,0.0,0
train,2022_03_21_11_03_07_35,9,"(663, 1058, 720, 1121)",0.0,0,C:\Users\sthem\OneDrive\Documentos\GitHub\master-2025\3-Datasets\img-lcm\img_dir_annotated\train\uninfected\2022_03_21_11_03_07_35_cell0009.png,0,transpose,8294,ok,0,0.0,0
train,2022_03_21_11_03_07_35,10,"(693, 129, 747, 178)",0.0,0,C:\Users\sthem\OneDrive\Documentos\GitHub\master-2025\3-Datasets\img-lcm\img_dir_annotated\train\uninfected\2022_03_21_11_03_07_35_cell0010.png,0,transpose,8294,ok,0,0.0,0
train,2022_03_21_11_03_07_35,11,"(728, 573, 796, 658)",0.6870245598782874,1,C:\Users\sthem\OneDrive\Documentos\GitHub\master-2025\3-Datasets\img-lcm\img_dir_annotated\train\infected\2022_03_21_11_03_07_35_cell0011.png,0,transpose,8294,ok,1,0.6756055363321799,3905
train,2022_03_21_11_03_07_35,12,"(785, 1646, 845, 1708)",0.0,0,C:\Users\sthem\OneDrive\Documentos\GitHub\master-2025\3-Datasets\img-lcm\img_dir_annotated\train\uninfected\2022_03_21_11_03_07_35_cell0012.png,0,transpose,8294,ok,0,0.0,0
train,2022_03_21_11_03_07_35,13,"(806, 1393, 860, 1452)",0.0,0,C:\Users\sthem\OneDrive\Documentos\GitHub\master-2025\3-Datasets\img-lcm\img_dir_annotated\train\uninfected\2022_03_21_11_03_07_35_cell0013.png,0,transpose,8294,ok,0,0.0,0
train,2022_03_21_11_03_07_35,14,"(1040, 622, 1088, 679)",0.9986455981941308,1,C:\Users\sthem\OneDrive\Documentos\GitHub\master-2025\3-Datasets\img-lcm\img_dir_annotated\train\infected\2022_03_21_11_03_07_35_cell0014.png,0,transpose,8294,ok,1,0.9630847953216374,2635
train,2022_03_21_11_03_07_42,1,"(0, 993, 71, 1054)",0.0,0,C:\Users\sthem\OneDrive\Documentos\GitHub\master-2025\3-Datasets\img-lcm\img_dir_annotated\train\uninfected\2022_03_21_11_03_07_42_cell0001.png,0,transpose,5893,ok,0,0.0,0
train,2022_03_21_11_03_07_42,2,"(31, 864, 99, 921)",0.0,0,C:\Users\sthem\OneDrive\Documentos\GitHub\master-2025\3-Datasets\img-lcm\img_dir_annotated\train\uninfected\2022_03_21_11_03_07_42_cell0002.png,0,transpose,5893,ok,0,0.0,0
train,2022_03_21_11_03_07_42,3,"(106, 1996, 172, 2046)",0.0,0,C:\Users\sthem\OneDrive\Documentos\GitHub\master-2025\3-Datasets\img-lcm\img_dir_annotated\train\uninfected\2022_03_21_11_03_07_42_cell0003.png,0,transpose,5893,ok,0,0.0,0
train,2022_03_21_11_03_07_42,4,"(209, 714, 278, 757)",0.0,0,C:\Users\sthem\OneDrive\Documentos\GitHub\master-2025\3-Datasets\img-lcm\img_dir_annotated\train\uninfected\2022_03_21_11_03_07_42_cell0004.png,0,transpose,5893,ok,0,0.0,0
train,2022_03_21_11_03_07_42,5,"(238, 489, 284, 544)",0.0,0,C:\Users\sthem\OneDrive\Documentos\GitHub\master-2025\3-Datasets\img-lcm\img_dir_annotated\train\uninfected\2022_03_21_11_03_07_42_cell0005.png,0,transpose,5893,ok,0,0.0,0
train,2022_03_21_11_03_07_42,6,"(300, 1073, 366, 1134)",0.0,0,C:\Users\sthem\OneDrive\Documentos\GitHub\master-2025\3-Datasets\img-lcm\img_dir_annotated\train\uninfected\2022_03_21_11_03_07_42_cell0006.png,0,transpose,5893,ok,0,0.0,0
train,2022_03_21_11_03_07_42,7,"(373, 479, 444, 535)",0.0,0,C:\Users\sthem\OneDrive\Documentos\GitHub\master-2025\3-Datasets\img-lcm\img_dir_annotated\train\uninfected\2022_03_21_11_03_07_42_cell0007.png,0,transpose,5893,ok,0,0.0,0
train,2022_03_21_11_03_07_42,8,"(388, 1452, 445, 1480)",0.0,0,C:\Users\sthem\OneDrive\Documentos\GitHub\master-2025\3-Datasets\img-lcm\img_dir_annotated\train\uninfected\2022_03_21_11_03_07_42_cell0008.png,0,transpose,5893,ok,0,0.0,0
train,2022_03_21_11_03_07_42,9,"(483, 860, 554, 922)",0.0,0,C:\Users\sthem\OneDrive\Documentos\GitHub\master-2025\3-Datasets\img-lcm\img_dir_annotated\train\uninfected\2022_03_21_11_03_07_42_cell0009.png,0,transpose,5893,ok,0,0.0,0
train,2022_03_21_11_03_07_42,10,"(621, 1963, 680, 2017)",0.825091949325705,1,C:\Users\sthem\OneDrive\Documentos\GitHub\master-2025\3-Datasets\img-lcm\img_dir_annotated\train\infected\2022_03_21_11_03_07_42_cell0010.png,0,transpose,5893,ok,1,0.8258003766478342,2631
train,2022_03_21_11_03_07_42,11,"(627, 1131, 636, 1141)",0.0,0,C:\Users\sthem\OneDrive\Documentos\GitHub\master-2025\3-Datasets\img-lcm\img_dir_annotated\train\uninfected\2022_03_21_11_03_07_42_cell0011.png,0,transpose,5893,ok,0,0.0,0
train,2022_03_21_11_03_07_42,12,"(632, 850, 710, 899)",0.0,0,C:\Users\sthem\OneDrive\Documentos\GitHub\master-2025\3-Datasets\img-lcm\img_dir_annotated\train\uninfected\2022_03_21_11_03_07_42_cell0012.png,0,transpose,5893,ok,0,0.0,0
train,2022_03_21_11_03_07_42,13,"(654, 474, 709, 534)",0.0,0,C:\Users\sthem\OneDrive\Documentos\GitHub\master-2025\3-Datasets\img-lcm\img_dir_annotated\train\uninfected\2022_03_21_11_03_07_42_cell0013.png,0,transpose,5893,ok,0,0.0,0
train,2022_03_21_11_03_07_42,14,"(745, 87, 803, 109)",0.0,0,C:\Users\sthem\OneDrive\Documentos\GitHub\master-2025\3-Datasets\img-lcm\img_dir_annotated\train\uninfected\2022_03_21_11_03_07_42_cell0014.png,0,transpose,5893,ok,0,0.0,0
train,2022_03_21_11_03_07_42,15,"(870, 304, 882, 318)",0.0,0,C:\Users\sthem\OneDrive\Documentos\GitHub\master-2025\3-Datasets\img-lcm\img_dir_annotated\train\uninfected\2022_03_21_11_03_07_42_cell0015.png,0,transpose,5893,ok,0,0.0,0
train,2022_03_21_11_03_07_42,16,"(939, 1666, 1002, 1722)",0.7601986520042568,1,C:\Users\sthem\OneDrive\Documentos\GitHub\master-2025\3-Datasets\img-lcm\img_dir_annotated\train\infected\2022_03_21_11_03_07_42_cell0016.png,0,transpose,5893,ok,1,0.7644557823129252,2697
train,2022_03_21_11_03_07_42,17,"(1007, 141, 1059, 192)",0.0,0,C:\Users\sthem\OneDrive\Documentos\GitHub\master-2025\3-Datasets\img-lcm\img_dir_annotated\train\uninfected\2022_03_21_11_03_07_42_cell0017.png,0,transpose,5893,ok,0,0.0,0
train,2022_03_21_11_03_07_42,18,"(1013, 1363, 1070, 1418)",0.7056665307786384,1,C:\Users\sthem\OneDrive\Documentos\GitHub\master-2025\3-Datasets\img-lcm\img_dir_annotated\train\infected\2022_03_21_11_03_07_42_cell0018.png,0,transpose,5893,ok,1,0.7228070175438597,2266
train,2022_03_21_11_03_07_51,1,"(9, 1838, 73, 1899)",0.0,0,C:\Users\sthem\OneDrive\Documentos\GitHub\master-2025\3-Datasets\img-lcm\img_dir_annotated\train\uninfected\2022_03_21_11_03_07_51_cell0001.png,0,transpose,6402,ok,0,0.0,0
train,2022_03_21_11_03_07_51,2,"(93, 1316, 147, 1362)",0.8981818181818182,1,C:\Users\sthem\OneDrive\Documentos\GitHub\master-2025\3-Datasets\img-lcm\img_dir_annotated\train\infected\2022_03_21_11_03_07_51_cell0002.png,0,transpose,6402,ok,1,0.9025764895330113,2242
train,2022_03_21_11_03_07_51,3,"(203, 731, 267, 802)",0.671848501978519,1,C:\Users\sthem\OneDrive\Documentos\GitHub\master-2025\3-Datasets\img-lcm\img_dir_annotated\train\infected\2022_03_21_11_03_07_51_cell0003.png,0,transpose,6402,ok,1,0.6762764084507042,3073
train,2022_03_21_11_03_07_51,4,"(219, 65, 280, 140)",0.0,0,C:\Users\sthem\OneDrive\Documentos\GitHub\master-2025\3-Datasets\img-lcm\img_dir_annotated\train\uninfected\2022_03_21_11_03_07_51_cell0004.png,0,transpose,6402,ok,0,0.0,0
train,2022_03_21_11_03_07_51,5,"(227, 180, 283, 242)",0.8573562359970127,1,C:\Users\sthem\OneDrive\Documentos\GitHub\master-2025\3-Datasets\img-lcm\img_dir_annotated\train\infected\2022_03_21_11_03_07_51_cell0005.png,0,transpose,6402,ok,1,0.8346774193548387,2898
train,2022_03_21_11_03_07_51,6,"(229, 649, 303, 725)",0.0,0,C:\Users\sthem\OneDrive\Documentos\GitHub\master-2025\3-Datasets\img-lcm\img_dir_annotated\train\uninfected\2022_03_21_11_03_07_51_cell0006.png,0,transpose,6402,ok,0,0.0,0
train,2022_03_21_11_03_07_51,7,"(247, 477, 301, 522)",0.0,0,C:\Users\sthem\OneDrive\Documentos\GitHub\master-2025\3-Datasets\img-lcm\img_dir_annotated\train\uninfected\2022_03_21_11_03_07_51_cell0007.png,0,transpose,6402,ok,0,0.0,0
train,2022_03_21_11_03_07_51,8,"(273, 1108, 358, 1188)",0.0,0,C:\Users\sthem\OneDrive\Documentos\GitHub\master-2025\3-Datasets\img-lcm\img_dir_annotated\train\uninfected\2022_03_21_11_03_07_51_cell0008.png,0,transpose,6402,ok,0,0.0,0
train,2022_03_21_11_03_07_51,9,"(356, 1114, 431, 1181)",0.0,0,C:\Users\sthem\OneDrive\Documentos\GitHub\master-2025\3-Datasets\img-lcm\img_dir_annotated\train\uninfected\2022_03_21_11_03_07_51_cell0009.png,0,transpose,6402,ok,0,0.0,0
train,2022_03_21_11_03_07_51,10,"(381, 1714, 498, 1820)",0.0,0,C:\Users\sthem\OneDrive\Documentos\GitHub\master-2025\3-Datasets\img-lcm\img_dir_annotated\train\uninfected\2022_03_21_11_03_07_51_cell0010.png,0,transpose,6402,ok,0,0.0,0
train,2022_03_21_11_03_07_51,11,"(415, 99, 424, 108)",0.0,0,C:\Users\sthem\OneDrive\Documentos\GitHub\master-2025\3-Datasets\img-lcm\img_dir_annotated\train\uninfected\2022_03_21_11_03_07_51_cell0011.png,0,transpose,6402,ok,0,0.0,0
train,2022_03_21_11_03_07_51,12,"(600, 219, 662, 280)",0.0,0,C:\Users\sthem\OneDrive\Documentos\GitHub\master-2025\3-Datasets\img-lcm\img_dir_annotated\train\uninfected\2022_03_21_11_03_07_51_cell0012.png,0,transpose,6402,ok,0,0.0,0
train,2022_03_21_11_03_07_51,13,"(701, 1545, 763, 1609)",0.0,0,C:\Users\sthem\OneDrive\Documentos\GitHub\master-2025\3-Datasets\img-lcm\img_dir_annotated\train\uninfected\2022_03_21_11_03_07_51_cell0013.png,0,transpose,6402,ok,0,0.0,0
train,2022_03_21_11_03_07_51,14,"(805, 1970, 855, 2025)",0.0,0,C:\Users\sthem\OneDrive\Documentos\GitHub\master-2025\3-Datasets\img-lcm\img_dir_annotated\train\uninfected\2022_03_21_11_03_07_51_cell0014.png,0,transpose,6402,ok,0,0.0,0
train,2022_03_21_11_03_07_51,15,"(818, 1803, 880, 1868)",0.0,0,C:\Users\sthem\OneDrive\Documentos\GitHub\master-2025\3-Datasets\img-lcm\img_dir_annotated\train\uninfected\2022_03_21_11_03_07_51_cell0015.png,0,transpose,6402,ok,0,0.0,0
train,2022_03_21_11_03_07_51,16,"(870, 303, 883, 319)",0.0,0,C:\Users\sthem\OneDrive\Documentos\GitHub\master-2025\3-Datasets\img-lcm\img_dir_annotated\train\uninfected\2022_03_21_11_03_07_51_cell0016.png,0,transpose,6402,ok,0,0.0,0
train,2022_03_21_11_03_07_51,17,"(886, 484, 961, 567)",0.0,0,C:\Users\sthem\OneDrive\Documentos\GitHub\master-2025\3-Datasets\img-lcm\img_dir_annotated\train\uninfected\2022_03_21_11_03_07_51_cell0017.png,0,transpose,6402,ok,0,0.0,0
train,2022_03_21_11_03_07_51,18,"(1061, 1833, 1088, 1899)",0.0,0,C:\Users\sthem\OneDrive\Documentos\GitHub\master-2025\3-Datasets\img-lcm\img_dir_annotated\train\uninfected\2022_03_21_11_03_07_51_cell0018.png,0,transpose,6402,ok,0,0.0,0
train,2022_03_21_11_03_07_59,1,"(1, 1348, 41, 1396)",0.0,0,C:\Users\sthem\OneDrive\Documentos\GitHub\master-2025\3-Datasets\img-lcm\img_dir_annotated\train\uninfected\2022_03_21_11_03_07_59_cell0001.png,0,transpose,10506,ok,0,0.0,0
train,2022_03_21_11_03_07_59,2,"(25, 938, 87, 1009)",0.0,0,C:\Users\sthem\OneDrive\Documentos\GitHub\master-2025\3-Datasets\img-lcm\img_dir_annotated\train\uninfected\2022_03_21_11_03_07_59_cell0002.png,0,transpose,10506,ok,0,0.0,0
train,2022_03_21_11_03_07_59,3,"(27, 1961, 99, 2031)",0.8732069672131147,1,C:\Users\sthem\OneDrive\Documentos\GitHub\master-2025\3-Datasets\img-lcm\img_dir_annotated\train\infected\2022_03_21_11_03_07_59_cell0003.png,0,transpose,10506,ok,1,0.8361111111111111,4214
train,2022_03_21_11_03_07_59,4,"(181, 997, 253, 1078)",0.0,0,C:\Users\sthem\OneDrive\Documentos\GitHub\master-2025\3-Datasets\img-lcm\img_dir_annotated\train\uninfected\2022_03_21_11_03_07_59_cell0004.png,0,transpose,10506,ok,0,0.0,0
train,2022_03_21_11_03_07_59,5,"(272, 491, 363, 573)",0.0,0,C:\Users\sthem\OneDrive\Documentos\GitHub\master-2025\3-Datasets\img-lcm\img_dir_annotated\train\uninfected\2022_03_21_11_03_07_59_cell0005.png,0,transpose,10506,ok,0,0.0,0
train,2022_03_21_11_03_07_59,6,"(346, 1850, 401, 1914)",0.0,0,C:\Users\sthem\OneDrive\Documentos\GitHub\master-2025\3-Datasets\img-lcm\img_dir_annotated\train\uninfected\2022_03_21_11_03_07_59_cell0006.png,0,transpose,10506,ok,0,0.0,0
train,2022_03_21_11_03_07_59,7,"(370, 127, 379, 136)",0.0,0,C:\Users\sthem\OneDrive\Documentos\GitHub\master-2025\3-Datasets\img-lcm\img_dir_annotated\train\uninfected\2022_03_21_11_03_07_59_cell0007.png,0,transpose,10506,ok,0,0.0,0
train,2022_03_21_11_03_07_59,8,"(415, 99, 424, 108)",0.0,0,C:\Users\sthem\OneDrive\Documentos\GitHub\master-2025\3-Datasets\img-lcm\img_dir_annotated\train\uninfected\2022_03_21_11_03_07_59_cell0008.png,0,transpose,10506,ok,0,0.0,0
train,2022_03_21_11_03_07_59,9,"(459, 1467, 495, 1505)",0.0,0,C:\Users\sthem\OneDrive\Documentos\GitHub\master-2025\3-Datasets\img-lcm\img_dir_annotated\train\uninfected\2022_03_21_11_03_07_59_cell0009.png,0,transpose,10506,ok,0,0.0,0
train,2022_03_21_11_03_07_59,10,"(533, 1668, 606, 1742)",0.8892891450528339,1,C:\Users\sthem\OneDrive\Documentos\GitHub\master-2025\3-Datasets\img-lcm\img_dir_annotated\train\infected\2022_03_21_11_03_07_59_cell0010.png,0,transpose,10506,ok,1,0.8372824879674194,4523
train,2022_03_21_11_03_07_59,11,"(586, 317, 654, 411)",0.0,0,C:\Users\sthem\OneDrive\Documentos\GitHub\master-2025\3-Datasets\img-lcm\img_dir_annotated\train\uninfected\2022_03_21_11_03_07_59_cell0011.png,0,transpose,10506,ok,0,0.0,0
train,2022_03_21_11_03_07_59,12,"(747, 1293, 818, 1360)",0.9232861806311208,1,C:\Users\sthem\OneDrive\Documentos\GitHub\master-2025\3-Datasets\img-lcm\img_dir_annotated\train\infected\2022_03_21_11_03_07_59_cell0012.png,0,transpose,10506,ok,1,0.8942610889215893,4254
train,2022_03_21_11_03_07_59,13,"(759, 520, 883, 621)",0.0,0,C:\Users\sthem\OneDrive\Documentos\GitHub\master-2025\3-Datasets\img-lcm\img_dir_annotated\train\uninfected\2022_03_21_11_03_07_59_cell0013.png,0,transpose,10506,ok,0,0.0,0
train,2022_03_21_11_03_07_59,14,"(857, 1883, 915, 1937)",0.0,0,C:\Users\sthem\OneDrive\Documentos\GitHub\master-2025\3-Datasets\img-lcm\img_dir_annotated\train\uninfected\2022_03_21_11_03_07_59_cell0014.png,0,transpose,10506,ok,0,0.0,0
train,2022_03_21_11_03_07_59,15,"(872, 222, 925, 288)",0.0,0,C:\Users\sthem\OneDrive\Documentos\GitHub\master-2025\3-Datasets\img-lcm\img_dir_annotated\train\uninfected\2022_03_21_11_03_07_59_cell0015.png,0,transpose,10506,ok,0,0.0,0
train,2022_03_21_11_03_07_59,16,"(928, 1709, 989, 1776)",0.0,0,C:\Users\sthem\OneDrive\Documentos\GitHub\master-2025\3-Datasets\img-lcm\img_dir_annotated\train\uninfected\2022_03_21_11_03_07_59_cell0016.png,0,transpose,10506,ok,0,0.0,0
train,2022_03_21_11_03_07_59,17,"(1070, 375, 1087, 431)",0.0,0,C:\Users\sthem\OneDrive\Documentos\GitHub\master-2025\3-Datasets\img-lcm\img_dir_annotated\train\uninfected\2022_03_21_11_03_07_59_cell0017.png,0,transpose,10506,ok,0,0.0,0
train,2022_03_21_11_03_07_67,1,"(0, 438, 69, 514)",0.0,0,C:\Users\sthem\OneDrive\Documentos\GitHub\master-2025\3-Datasets\img-lcm\img_dir_annotated\train\uninfected\2022_03_21_11_03_07_67_cell0001.png,0,transpose,2046,ok,0,0.0,0
train,2022_03_21_11_03_07_67,2,"(46, 257, 121, 298)",0.9912790697674418,1,C:\Users\sthem\OneDrive\Documentos\GitHub\master-2025\3-Datasets\img-lcm\img_dir_annotated\train\infected\2022_03_21_11_03_07_67_cell0002.png,0,transpose,2046,ok,1,0.9977235772357723,3068
train,2022_03_21_11_03_07_67,3,"(217, 501, 306, 593)",0.0,0,C:\Users\sthem\OneDrive\Documentos\GitHub\master-2025\3-Datasets\img-lcm\img_dir_annotated\train\uninfected\2022_03_21_11_03_07_67_cell0003.png,0,transpose,2046,ok,0,0.0,0
train,2022_03_21_11_03_07_67,4,"(261, 841, 328, 907)",0.0,0,C:\Users\sthem\OneDrive\Documentos\GitHub\master-2025\3-Datasets\img-lcm\img_dir_annotated\train\uninfected\2022_03_21_11_03_07_67_cell0004.png,0,transpose,2046,ok,0,0.0,0
train,2022_03_21_11_03_07_67,5,"(266, 1526, 336, 1586)",0.0,0,C:\Users\sthem\OneDrive\Documentos\GitHub\master-2025\3-Datasets\img-lcm\img_dir_annotated\train\uninfected\2022_03_21_11_03_07_67_cell0005.png,0,transpose,2046,ok,0,0.0,0
train,2022_03_21_11_03_07_67,6,"(405, 913, 517, 1006)",0.0,0,C:\Users\sthem\OneDrive\Documentos\GitHub\master-2025\3-Datasets\img-lcm\img_dir_annotated\train\uninfected\2022_03_21_11_03_07_67_cell0006.png,0,transpose,2046,ok,0,0.0,0
train,2022_03_21_11_03_07_67,7,"(415, 99, 424, 108)",0.0,0,C:\Users\sthem\OneDrive\Documentos\GitHub\master-2025\3-Datasets\img-lcm\img_dir_annotated\train\uninfected\2022_03_21_11_03_07_67_cell0007.png,0,transpose,2046,ok,0,0.0,0
train,2022_03_21_11_03_07_67,8,"(492, 594, 553, 655)",0.0,0,C:\Users\sthem\OneDrive\Documentos\GitHub\master-2025\3-Datasets\img-lcm\img_dir_annotated\train\uninfected\2022_03_21_11_03_07_67_cell0008.png,0,transpose,2046,ok,0,0.0,0
train,2022_03_21_11_03_07_67,9,"(496, 936, 599, 1026)",0.0,0,C:\Users\sthem\OneDrive\Documentos\GitHub\master-2025\3-Datasets\img-lcm\img_dir_annotated\train\uninfected\2022_03_21_11_03_07_67_cell0009.png,0,transpose,2046,ok,0,0.0,0
train,2022_03_21_11_03_07_67,10,"(651, 787, 707, 847)",0.0,0,C:\Users\sthem\OneDrive\Documentos\GitHub\master-2025\3-Datasets\img-lcm\img_dir_annotated\train\uninfected\2022_03_21_11_03_07_67_cell0010.png,0,transpose,2046,ok,0,0.0,0
train,2022_03_21_11_03_07_67,11,"(823, 563, 885, 614)",0.0,0,C:\Users\sthem\OneDrive\Documentos\GitHub\master-2025\3-Datasets\img-lcm\img_dir_annotated\train\uninfected\2022_03_21_11_03_07_67_cell0011.png,0,transpose,2046,ok,0,0.0,0
train,2022_03_21_11_03_07_67,12,"(838, 45, 914, 102)",0.0,0,C:\Users\sthem\OneDrive\Documentos\GitHub\master-2025\3-Datasets\img-lcm\img_dir_annotated\train\uninfected\2022_03_21_11_03_07_67_cell0012.png,0,transpose,2046,ok,0,0.0,0
train,2022_03_21_11_03_07_67,13,"(895, 1614, 962, 1663)",0.0,0,C:\Users\sthem\OneDrive\Documentos\GitHub\master-2025\3-Datasets\img-lcm\img_dir_annotated\train\uninfected\2022_03_21_11_03_07_67_cell0013.png,0,transpose,2046,ok,0,0.0,0
train,2022_03_21_11_03_07_67,14,"(933, 573, 993, 627)",0.0,0,C:\Users\sthem\OneDrive\Documentos\GitHub\master-2025\3-Datasets\img-lcm\img_dir_annotated\train\uninfected\2022_03_21_11_03_07_67_cell0014.png,0,transpose,2046,ok,0,0.0,0
train,2022_03_21_11_03_07_76,1,"(0, 455, 58, 520)",0.9366966580976864,1,C:\Users\sthem\OneDrive\Documentos\GitHub\master-2025\3-Datasets\img-lcm\img_dir_annotated\train\infected\2022_03_21_11_03_07_76_cell0001.png,0,transpose,7625,ok,1,0.9204244031830239,3470
train,2022_03_21_11_03_07_76,2,"(0, 1208, 35, 1263)",0.0,0,C:\Users\sthem\OneDrive\Documentos\GitHub\master-2025\3-Datasets\img-lcm\img_dir_annotated\train\uninfected\2022_03_21_11_03_07_76_cell0002.png,0,transpose,7625,ok,0,0.0,0
train,2022_03_21_11_03_07_76,3,"(1, 287, 54, 343)",0.0,0,C:\Users\sthem\OneDrive\Documentos\GitHub\master-2025\3-Datasets\img-lcm\img_dir_annotated\train\uninfected\2022_03_21_11_03_07_76_cell0003.png,0,transpose,7625,ok,0,0.0,0
train,2022_03_21_11_03_07_76,4,"(193, 488, 274, 552)",0.0,0,C:\Users\sthem\OneDrive\Documentos\GitHub\master-2025\3-Datasets\img-lcm\img_dir_annotated\train\uninfected\2022_03_21_11_03_07_76_cell0004.png,0,transpose,7625,ok,0,0.0,0
train,2022_03_21_11_03_07_76,5,"(302, 235, 362, 278)",0.0,0,C:\Users\sthem\OneDrive\Documentos\GitHub\master-2025\3-Datasets\img-lcm\img_dir_annotated\train\uninfected\2022_03_21_11_03_07_76_cell0005.png,0,transpose,7625,ok,0,0.0,0
train,2022_03_21_11_03_07_76,6,"(305, 496, 368, 556)",0.0,0,C:\Users\sthem\OneDrive\Documentos\GitHub\master-2025\3-Datasets\img-lcm\img_dir_annotated\train\uninfected\2022_03_21_11_03_07_76_cell0006.png,0,transpose,7625,ok,0,0.0,0
train,2022_03_21_11_03_07_76,7,"(344, 559, 404, 606)",0.0,0,C:\Users\sthem\OneDrive\Documentos\GitHub\master-2025\3-Datasets\img-lcm\img_dir_annotated\train\uninfected\2022_03_21_11_03_07_76_cell0007.png,0,transpose,7625,ok,0,0.0,0
train,2022_03_21_11_03_07_76,8,"(438, 1544, 495, 1588)",1.0,1,C:\Users\sthem\OneDrive\Documentos\GitHub\master-2025\3-Datasets\img-lcm\img_dir_annotated\train\infected\2022_03_21_11_03_07_76_cell0008.png,0,transpose,7625,ok,1,1.0,2508
train,2022_03_21_11_03_07_76,9,"(534, 864, 596, 924)",0.0,0,C:\Users\sthem\OneDrive\Documentos\GitHub\master-2025\3-Datasets\img-lcm\img_dir_annotated\train\uninfected\2022_03_21_11_03_07_76_cell0009.png,0,transpose,7625,ok,0,0.0,0
train,2022_03_21_11_03_07_76,10,"(624, 2015, 685, 2047)",0.0,0,C:\Users\sthem\OneDrive\Documentos\GitHub\master-2025\3-Datasets\img-lcm\img_dir_annotated\train\uninfected\2022_03_21_11_03_07_76_cell0010.png,0,transpose,7625,ok,0,0.0,0
train,2022_03_21_11_03_07_76,11,"(627, 1131, 636, 1140)",0.0,0,C:\Users\sthem\OneDrive\Documentos\GitHub\master-2025\3-Datasets\img-lcm\img_dir_annotated\train\uninfected\2022_03_21_11_03_07_76_cell0011.png,0,transpose,7625,ok,0,0.0,0
train,2022_03_21_11_03_07_76,12,"(691, 71, 750, 121)",0.0,0,C:\Users\sthem\OneDrive\Documentos\GitHub\master-2025\3-Datasets\img-lcm\img_dir_annotated\train\uninfected\2022_03_21_11_03_07_76_cell0012.png,0,transpose,7625,ok,0,0.0,0
train,2022_03_21_11_03_07_76,13,"(766, 1193, 833, 1249)",0.9380560131795715,1,C:\Users\sthem\OneDrive\Documentos\GitHub\master-2025\3-Datasets\img-lcm\img_dir_annotated\train\infected\2022_03_21_11_03_07_76_cell0013.png,0,transpose,7625,ok,1,0.9109808102345416,3418
train,2022_03_21_11_03_07_76,14,"(810, 454, 869, 504)",0.0,0,C:\Users\sthem\OneDrive\Documentos\GitHub\master-2025\3-Datasets\img-lcm\img_dir_annotated\train\uninfected\2022_03_21_11_03_07_76_cell0014.png,0,transpose,7625,ok,0,0.0,0
train,2022_03_21_11_03_07_76,15,"(873, 8, 941, 84)",0.0,0,C:\Users\sthem\OneDrive\Documentos\GitHub\master-2025\3-Datasets\img-lcm\img_dir_annotated\train\uninfected\2022_03_21_11_03_07_76_cell0015.png,0,transpose,7625,ok,0,0.0,0
train,2022_03_21_11_03_07_76,16,"(962, 1483, 1077, 1600)",0.0,0,C:\Users\sthem\OneDrive\Documentos\GitHub\master-2025\3-Datasets\img-lcm\img_dir_annotated\train\uninfected\2022_03_21_11_03_07_76_cell0016.png,0,transpose,7625,ok,0,0.0,0
train,2022_03_21_11_03_07_76,17,"(1023, 1338, 1070, 1384)",0.0,0,C:\Users\sthem\OneDrive\Documentos\GitHub\master-2025\3-Datasets\img-lcm\img_dir_annotated\train\uninfected\2022_03_21_11_03_07_76_cell0017.png,0,transpose,7625,ok,0,0.0,0
train,2022_03_21_11_03_07_85,1,"(0, 572, 49, 619)",0.0,0,C:\Users\sthem\OneDrive\Documentos\GitHub\master-2025\3-Datasets\img-lcm\img_dir_annotated\train\uninfected\2022_03_21_11_03_07_85_cell0001.png,0,transpose,5577,ok,0,0.0,0
train,2022_03_21_11_03_07_85,2,"(0, 1835, 36, 1895)",0.0,0,C:\Users\sthem\OneDrive\Documentos\GitHub\master-2025\3-Datasets\img-lcm\img_dir_annotated\train\uninfected\2022_03_21_11_03_07_85_cell0002.png,0,transpose,5577,ok,0,0.0,0
train,2022_03_21_11_03_07_85,3,"(8, 233, 86, 296)",0.0,0,C:\Users\sthem\OneDrive\Documentos\GitHub\master-2025\3-Datasets\img-lcm\img_dir_annotated\train\uninfected\2022_03_21_11_03_07_85_cell0003.png,0,transpose,5577,ok,0,0.0,0
train,2022_03_21_11_03_07_85,4,"(41, 821, 103, 883)",0.0,0,C:\Users\sthem\OneDrive\Documentos\GitHub\master-2025\3-Datasets\img-lcm\img_dir_annotated\train\uninfected\2022_03_21_11_03_07_85_cell0004.png,0,transpose,5577,ok,0,0.0,0
train,2022_03_21_11_03_07_85,5,"(97, 714, 158, 789)",0.0,0,C:\Users\sthem\OneDrive\Documentos\GitHub\master-2025\3-Datasets\img-lcm\img_dir_annotated\train\uninfected\2022_03_21_11_03_07_85_cell0005.png,0,transpose,5577,ok,0,0.0,0
train,2022_03_21_11_03_07_85,6,"(186, 1075, 268, 1114)",0.0,0,C:\Users\sthem\OneDrive\Documentos\GitHub\master-2025\3-Datasets\img-lcm\img_dir_annotated\train\uninfected\2022_03_21_11_03_07_85_cell0006.png,0,transpose,5577,ok,0,0.0,0
train,2022_03_21_11_03_07_85,7,"(187, 339, 241, 398)",0.0,0,C:\Users\sthem\OneDrive\Documentos\GitHub\master-2025\3-Datasets\img-lcm\img_dir_annotated\train\uninfected\2022_03_21_11_03_07_85_cell0007.png,0,transpose,5577,ok,0,0.0,0
train,2022_03_21_11_03_07_85,8,"(343, 369, 420, 402)",0.0,0,C:\Users\sthem\OneDrive\Documentos\GitHub\master-2025\3-Datasets\img-lcm\img_dir_annotated\train\uninfected\2022_03_21_11_03_07_85_cell0008.png,0,transpose,5577,ok,0,0.0,0
train,2022_03_21_11_03_07_85,9,"(409, 1825, 484, 1882)",0.0,0,C:\Users\sthem\OneDrive\Documentos\GitHub\master-2025\3-Datasets\img-lcm\img_dir_annotated\train\uninfected\2022_03_21_11_03_07_85_cell0009.png,0,transpose,5577,ok,0,0.0,0
train,2022_03_21_11_03_07_85,10,"(411, 1588, 470, 1645)",0.0,0,C:\Users\sthem\OneDrive\Documentos\GitHub\master-2025\3-Datasets\img-lcm\img_dir_annotated\train\uninfected\2022_03_21_11_03_07_85_cell0010.png,0,transpose,5577,ok,0,0.0,0
train,2022_03_21_11_03_07_85,11,"(442, 963, 451, 971)",0.0,0,C:\Users\sthem\OneDrive\Documentos\GitHub\master-2025\3-Datasets\img-lcm\img_dir_annotated\train\uninfected\2022_03_21_11_03_07_85_cell0011.png,0,transpose,5577,ok,0,0.0,0
train,2022_03_21_11_03_07_85,12,"(457, 1734, 525, 1801)",0.0,0,C:\Users\sthem\OneDrive\Documentos\GitHub\master-2025\3-Datasets\img-lcm\img_dir_annotated\train\uninfected\2022_03_21_11_03_07_85_cell0012.png,0,transpose,5577,ok,0,0.0,0
train,2022_03_21_11_03_07_85,13,"(468, 2, 543, 40)",0.8707515557683102,1,C:\Users\sthem\OneDrive\Documentos\GitHub\master-2025\3-Datasets\img-lcm\img_dir_annotated\train\infected\2022_03_21_11_03_07_85_cell0013.png,0,transpose,5577,ok,1,0.848421052631579,2418
train,2022_03_21_11_03_07_85,14,"(609, 1779, 676, 1828)",0.0,0,C:\Users\sthem\OneDrive\Documentos\GitHub\master-2025\3-Datasets\img-lcm\img_dir_annotated\train\uninfected\2022_03_21_11_03_07_85_cell0014.png,0,transpose,5577,ok,0,0.0,0
train,2022_03_21_11_03_07_85,15,"(673, 454, 745, 518)",0.0,0,C:\Users\sthem\OneDrive\Documentos\GitHub\master-2025\3-Datasets\img-lcm\img_dir_annotated\train\uninfected\2022_03_21_11_03_07_85_cell0015.png,0,transpose,5577,ok,0,0.0,0
train,2022_03_21_11_03_07_85,16,"(804, 648, 854, 703)",0.0,0,C:\Users\sthem\OneDrive\Documentos\GitHub\master-2025\3-Datasets\img-lcm\img_dir_annotated\train\uninfected\2022_03_21_11_03_07_85_cell0016.png,0,transpose,5577,ok,0,0.0,0
train,2022_03_21_11_03_07_85,17,"(856, 1721, 928, 1780)",0.5320789636027143,1,C:\Users\sthem\OneDrive\Documentos\GitHub\master-2025\3-Datasets\img-lcm\img_dir_annotated\train\infected\2022_03_21_11_03_07_85_cell0017.png,0,transpose,5577,ok,1,0.547316384180791,2325
train,2022_03_21_11_03_07_85,18,"(875, 1522, 927, 1575)",0.0,0,C:\Users\sthem\OneDrive\Documentos\GitHub\master-2025\3-Datasets\img-lcm\img_dir_annotated\train\uninfected\2022_03_21_11_03_07_85_cell0018.png,0,transpose,5577,ok,0,0.0,0
train,2022_03_21_11_03_07_85,19,"(879, 153, 948, 217)",0.0,0,C:\Users\sthem\OneDrive\Documentos\GitHub\master-2025\3-Datasets\img-lcm\img_dir_annotated\train\uninfected\2022_03_21_11_03_07_85_cell0019.png,0,transpose,5577,ok,0,0.0,0
train,2022_03_21_11_03_07_85,20,"(886, 1079, 960, 1148)",0.4987733071638862,1,C:\Users\sthem\OneDrive\Documentos\GitHub\master-2025\3-Datasets\img-lcm\img_dir_annotated\train\infected\2022_03_21_11_03_07_85_cell0020.png,0,transpose,5577,ok,1,0.5250685468076772,2681
train,2022_03_21_11_03_07_85,21,"(1032, 521, 1086, 593)",0.0,0,C:\Users\sthem\OneDrive\Documentos\GitHub\master-2025\3-Datasets\img-lcm\img_dir_annotated\train\uninfected\2022_03_21_11_03_07_85_cell0021.png,0,transpose,5577,ok,0,0.0,0
train,2022_03_21_11_03_08_10,1,"(6, 1614, 63, 1655)",0.0,0,C:\Users\sthem\OneDrive\Documentos\GitHub\master-2025\3-Datasets\img-lcm\img_dir_annotated\train\uninfected\2022_03_21_11_03_08_10_cell0001.png,0,transpose,4809,ok,0,0.0,0
train,2022_03_21_11_03_08_10,2,"(80, 342, 131, 406)",0.6756425948592412,1,C:\Users\sthem\OneDrive\Documentos\GitHub\master-2025\3-Datasets\img-lcm\img_dir_annotated\train\infected\2022_03_21_11_03_08_10_cell0002.png,0,transpose,4809,ok,1,0.6617647058823529,2160
train,2022_03_21_11_03_08_10,3,"(82, 960, 151, 1017)",0.0,0,C:\Users\sthem\OneDrive\Documentos\GitHub\master-2025\3-Datasets\img-lcm\img_dir_annotated\train\uninfected\2022_03_21_11_03_08_10_cell0003.png,0,transpose,4809,ok,0,0.0,0
train,2022_03_21_11_03_08_10,4,"(357, 905, 412, 960)",0.7184950135992747,1,C:\Users\sthem\OneDrive\Documentos\GitHub\master-2025\3-Datasets\img-lcm\img_dir_annotated\train\infected\2022_03_21_11_03_08_10_cell0004.png,0,transpose,4809,ok,1,0.7371900826446282,2230
train,2022_03_21_11_03_08_10,5,"(371, 128, 379, 136)",0.0,0,C:\Users\sthem\OneDrive\Documentos\GitHub\master-2025\3-Datasets\img-lcm\img_dir_annotated\train\uninfected\2022_03_21_11_03_08_10_cell0005.png,0,transpose,4809,ok,0,0.0,0
train,2022_03_21_11_03_08_10,6,"(416, 99, 424, 107)",0.0,0,C:\Users\sthem\OneDrive\Documentos\GitHub\master-2025\3-Datasets\img-lcm\img_dir_annotated\train\uninfected\2022_03_21_11_03_08_10_cell0006.png,0,transpose,4809,ok,0,0.0,0
train,2022_03_21_11_03_08_10,7,"(473, 1864, 536, 1932)",0.0,0,C:\Users\sthem\OneDrive\Documentos\GitHub\master-2025\3-Datasets\img-lcm\img_dir_annotated\train\uninfected\2022_03_21_11_03_08_10_cell0007.png,0,transpose,4809,ok,0,0.0,0
train,2022_03_21_11_03_08_10,8,"(504, 1542, 590, 1605)",0.0,0,C:\Users\sthem\OneDrive\Documentos\GitHub\master-2025\3-Datasets\img-lcm\img_dir_annotated\train\uninfected\2022_03_21_11_03_08_10_cell0008.png,0,transpose,4809,ok,0,0.0,0
train,2022_03_21_11_03_08_10,9,"(563, 1083, 628, 1127)",0.0,0,C:\Users\sthem\OneDrive\Documentos\GitHub\master-2025\3-Datasets\img-lcm\img_dir_annotated\train\uninfected\2022_03_21_11_03_08_10_cell0009.png,0,transpose,4809,ok,0,0.0,0
train,2022_03_21_11_03_08_10,10,"(566, 1838, 628, 1891)",0.0,0,C:\Users\sthem\OneDrive\Documentos\GitHub\master-2025\3-Datasets\img-lcm\img_dir_annotated\train\uninfected\2022_03_21_11_03_08_10_cell0010.png,0,transpose,4809,ok,0,0.0,0
train,2022_03_21_11_03_08_10,11,"(600, 880, 662, 931)",0.6473988439306358,1,C:\Users\sthem\OneDrive\Documentos\GitHub\master-2025\3-Datasets\img-lcm\img_dir_annotated\train\infected\2022_03_21_11_03_08_10_cell0011.png,0,transpose,4809,ok,1,0.6865907653383935,2171
train,2022_03_21_11_03_08_10,12,"(602, 1456, 671, 1537)",0.0,0,C:\Users\sthem\OneDrive\Documentos\GitHub\master-2025\3-Datasets\img-lcm\img_dir_annotated\train\uninfected\2022_03_21_11_03_08_10_cell0012.png,0,transpose,4809,ok,0,0.0,0
train,2022_03_21_11_03_08_10,13,"(752, 1913, 811, 1974)",0.0,0,C:\Users\sthem\OneDrive\Documentos\GitHub\master-2025\3-Datasets\img-lcm\img_dir_annotated\train\uninfected\2022_03_21_11_03_08_10_cell0013.png,0,transpose,4809,ok,0,0.0,0
train,2022_03_21_11_03_08_10,14,"(768, 1092, 864, 1179)",0.0,0,C:\Users\sthem\OneDrive\Documentos\GitHub\master-2025\3-Datasets\img-lcm\img_dir_annotated\train\uninfected\2022_03_21_11_03_08_10_cell0014.png,0,transpose,4809,ok,0,0.0,0
train,2022_03_21_11_03_08_10,15,"(804, 1162, 863, 1233)",0.0,0,C:\Users\sthem\OneDrive\Documentos\GitHub\master-2025\3-Datasets\img-lcm\img_dir_annotated\train\uninfected\2022_03_21_11_03_08_10_cell0015.png,0,transpose,4809,ok,0,0.0,0
train,2022_03_21_11_03_08_10,16,"(865, 1068, 936, 1133)",0.0,0,C:\Users\sthem\OneDrive\Documentos\GitHub\master-2025\3-Datasets\img-lcm\img_dir_annotated\train\uninfected\2022_03_21_11_03_08_10_cell0016.png,0,transpose,4809,ok,0,0.0,0
train,2022_03_21_11_03_08_10,17,"(962, 1321, 1021, 1386)",0.0,0,C:\Users\sthem\OneDrive\Documentos\GitHub\master-2025\3-Datasets\img-lcm\img_dir_annotated\train\uninfected\2022_03_21_11_03_08_10_cell0017.png,0,transpose,4809,ok,0,0.0,0
train,2022_03_21_11_03_08_10,18,"(1022, 1364, 1081, 1430)",0.0,0,C:\Users\sthem\OneDrive\Documentos\GitHub\master-2025\3-Datasets\img-lcm\img_dir_annotated\train\uninfected\2022_03_21_11_03_08_10_cell0018.png,0,transpose,4809,ok,0,0.0,0
train,2022_03_21_11_03_08_22,1,"(37, 165, 95, 230)",0.8518658122879759,1,C:\Users\sthem\OneDrive\Documentos\GitHub\master-2025\3-Datasets\img-lcm\img_dir_annotated\train\infected\2022_03_21_11_03_08_22_cell0001.png,0,transpose,4527,ok,1,0.8477453580901857,3196
train,2022_03_21_11_03_08_22,2,"(321, 518, 385, 572)",0.0,0,C:\Users\sthem\OneDrive\Documentos\GitHub\master-2025\3-Datasets\img-lcm\img_dir_annotated\train\uninfected\2022_03_21_11_03_08_22_cell0002.png,0,transpose,4527,ok,0,0.0,0
train,2022_03_21_11_03_08_22,3,"(373, 1747, 427, 1812)",0.0,0,C:\Users\sthem\OneDrive\Documentos\GitHub\master-2025\3-Datasets\img-lcm\img_dir_annotated\train\uninfected\2022_03_21_11_03_08_22_cell0003.png,0,transpose,4527,ok,0,0.0,0
train,2022_03_21_11_03_08_22,4,"(385, 1587, 430, 1652)",0.0,0,C:\Users\sthem\OneDrive\Documentos\GitHub\master-2025\3-Datasets\img-lcm\img_dir_annotated\train\uninfected\2022_03_21_11_03_08_22_cell0004.png,0,transpose,4527,ok,0,0.0,0
train,2022_03_21_11_03_08_22,5,"(386, 473, 442, 527)",0.0,0,C:\Users\sthem\OneDrive\Documentos\GitHub\master-2025\3-Datasets\img-lcm\img_dir_annotated\train\uninfected\2022_03_21_11_03_08_22_cell0005.png,0,transpose,4527,ok,0,0.0,0
train,2022_03_21_11_03_08_22,6,"(396, 1481, 462, 1559)",0.0,0,C:\Users\sthem\OneDrive\Documentos\GitHub\master-2025\3-Datasets\img-lcm\img_dir_annotated\train\uninfected\2022_03_21_11_03_08_22_cell0006.png,0,transpose,4527,ok,0,0.0,0
train,2022_03_21_11_03_08_22,7,"(406, 1963, 466, 2019)",0.0,0,C:\Users\sthem\OneDrive\Documentos\GitHub\master-2025\3-Datasets\img-lcm\img_dir_annotated\train\uninfected\2022_03_21_11_03_08_22_cell0007.png,0,transpose,4527,ok,0,0.0,0
train,2022_03_21_11_03_08_22,8,"(411, 322, 421, 333)",0.0,0,C:\Users\sthem\OneDrive\Documentos\GitHub\master-2025\3-Datasets\img-lcm\img_dir_annotated\train\uninfected\2022_03_21_11_03_08_22_cell0008.png,0,transpose,4527,ok,0,0.0,0
train,2022_03_21_11_03_08_22,9,"(415, 99, 424, 107)",0.0,0,C:\Users\sthem\OneDrive\Documentos\GitHub\master-2025\3-Datasets\img-lcm\img_dir_annotated\train\uninfected\2022_03_21_11_03_08_22_cell0009.png,0,transpose,4527,ok,0,0.0,0
train,2022_03_21_11_03_08_22,10,"(473, 644, 603, 732)",0.0,0,C:\Users\sthem\OneDrive\Documentos\GitHub\master-2025\3-Datasets\img-lcm\img_dir_annotated\train\uninfected\2022_03_21_11_03_08_22_cell0010.png,0,transpose,4527,ok,0,0.0,0
train,2022_03_21_11_03_08_22,11,"(519, 1597, 591, 1664)",0.0,0,C:\Users\sthem\OneDrive\Documentos\GitHub\master-2025\3-Datasets\img-lcm\img_dir_annotated\train\uninfected\2022_03_21_11_03_08_22_cell0011.png,0,transpose,4527,ok,0,0.0,0
train,2022_03_21_11_03_08_22,12,"(526, 1073, 593, 1129)",0.0,0,C:\Users\sthem\OneDrive\Documentos\GitHub\master-2025\3-Datasets\img-lcm\img_dir_annotated\train\uninfected\2022_03_21_11_03_08_22_cell0012.png,0,transpose,4527,ok,0,0.0,0
train,2022_03_21_11_03_08_22,13,"(546, 1450, 620, 1514)",0.0,0,C:\Users\sthem\OneDrive\Documentos\GitHub\master-2025\3-Datasets\img-lcm\img_dir_annotated\train\uninfected\2022_03_21_11_03_08_22_cell0013.png,0,transpose,4527,ok,0,0.0,0
train,2022_03_21_11_03_08_22,14,"(575, 829, 670, 908)",0.0,0,C:\Users\sthem\OneDrive\Documentos\GitHub\master-2025\3-Datasets\img-lcm\img_dir_annotated\train\uninfected\2022_03_21_11_03_08_22_cell0014.png,0,transpose,4527,ok,0,0.0,0
train,2022_03_21_11_03_08_22,15,"(584, 1698, 664, 1788)",0.0,0,C:\Users\sthem\OneDrive\Documentos\GitHub\master-2025\3-Datasets\img-lcm\img_dir_annotated\train\uninfected\2022_03_21_11_03_08_22_cell0015.png,0,transpose,4527,ok,0,0.0,0
train,2022_03_21_11_03_08_22,16,"(588, 243, 644, 324)",0.0,0,C:\Users\sthem\OneDrive\Documentos\GitHub\master-2025\3-Datasets\img-lcm\img_dir_annotated\train\uninfected\2022_03_21_11_03_08_22_cell0016.png,0,transpose,4527,ok,0,0.0,0
train,2022_03_21_11_03_08_22,17,"(608, 1204, 665, 1260)",0.9835140997830802,1,C:\Users\sthem\OneDrive\Documentos\GitHub\master-2025\3-Datasets\img-lcm\img_dir_annotated\train\infected\2022_03_21_11_03_08_22_cell0017.png,0,transpose,4527,ok,1,0.9573934837092731,3056
train,2022_03_21_11_03_08_22,18,"(618, 2012, 687, 2048)",0.0,0,C:\Users\sthem\OneDrive\Documentos\GitHub\master-2025\3-Datasets\img-lcm\img_dir_annotated\train\uninfected\2022_03_21_11_03_08_22_cell0018.png,0,transpose,4527,ok,0,0.0,0
train,2022_03_21_11_03_08_22,19,"(993, 1940, 1014, 1965)",0.0,0,C:\Users\sthem\OneDrive\Documentos\GitHub\master-2025\3-Datasets\img-lcm\img_dir_annotated\train\uninfected\2022_03_21_11_03_08_22_cell0019.png,0,transpose,4527,ok,0,0.0,0
train,2022_03_21_11_03_08_29,1,"(2, 891, 63, 954)",0.0,0,C:\Users\sthem\OneDrive\Documentos\GitHub\master-2025\3-Datasets\img-lcm\img_dir_annotated\train\uninfected\2022_03_21_11_03_08_29_cell0001.png,0,transpose,4478,ok,0,0.0,0
train,2022_03_21_11_03_08_29,2,"(38, 0, 104, 45)",0.0,0,C:\Users\sthem\OneDrive\Documentos\GitHub\master-2025\3-Datasets\img-lcm\img_dir_annotated\train\uninfected\2022_03_21_11_03_08_29_cell0002.png,0,transpose,4478,ok,0,0.0,0
train,2022_03_21_11_03_08_29,3,"(123, 722, 201, 777)",0.0,0,C:\Users\sthem\OneDrive\Documentos\GitHub\master-2025\3-Datasets\img-lcm\img_dir_annotated\train\uninfected\2022_03_21_11_03_08_29_cell0003.png,0,transpose,4478,ok,0,0.0,0
train,2022_03_21_11_03_08_29,4,"(202, 685, 271, 743)",0.0,0,C:\Users\sthem\OneDrive\Documentos\GitHub\master-2025\3-Datasets\img-lcm\img_dir_annotated\train\uninfected\2022_03_21_11_03_08_29_cell0004.png,0,transpose,4478,ok,0,0.0,0
train,2022_03_21_11_03_08_29,5,"(217, 1210, 286, 1266)",0.0,0,C:\Users\sthem\OneDrive\Documentos\GitHub\master-2025\3-Datasets\img-lcm\img_dir_annotated\train\uninfected\2022_03_21_11_03_08_29_cell0005.png,0,transpose,4478,ok,0,0.0,0
train,2022_03_21_11_03_08_29,6,"(294, 1316, 352, 1375)",0.7669683257918553,1,C:\Users\sthem\OneDrive\Documentos\GitHub\master-2025\3-Datasets\img-lcm\img_dir_annotated\train\infected\2022_03_21_11_03_08_29_cell0006.png,0,transpose,4478,ok,1,0.7741087083576855,2649
train,2022_03_21_11_03_08_29,7,"(345, 425, 452, 515)",0.0,0,C:\Users\sthem\OneDrive\Documentos\GitHub\master-2025\3-Datasets\img-lcm\img_dir_annotated\train\uninfected\2022_03_21_11_03_08_29_cell0007.png,0,transpose,4478,ok,0,0.0,0
train,2022_03_21_11_03_08_29,8,"(473, 10, 523, 72)",0.4888888888888889,1,C:\Users\sthem\OneDrive\Documentos\GitHub\master-2025\3-Datasets\img-lcm\img_dir_annotated\train\infected\2022_03_21_11_03_08_29_cell0008.png,0,transpose,4478,ok,1,0.5351612903225806,1659
train,2022_03_21_11_03_08_29,9,"(621, 2013, 685, 2047)",0.0,0,C:\Users\sthem\OneDrive\Documentos\GitHub\master-2025\3-Datasets\img-lcm\img_dir_annotated\train\uninfected\2022_03_21_11_03_08_29_cell0009.png,0,transpose,4478,ok,0,0.0,0
train,2022_03_21_11_03_08_29,10,"(626, 1131, 636, 1140)",0.0,0,C:\Users\sthem\OneDrive\Documentos\GitHub\master-2025\3-Datasets\img-lcm\img_dir_annotated\train\uninfected\2022_03_21_11_03_08_29_cell0010.png,0,transpose,4478,ok,0,0.0,0
train,2022_03_21_11_03_08_29,11,"(649, 51, 704, 110)",0.0,0,C:\Users\sthem\OneDrive\Documentos\GitHub\master-2025\3-Datasets\img-lcm\img_dir_annotated\train\uninfected\2022_03_21_11_03_08_29_cell0011.png,0,transpose,4478,ok,0,0.0,0
train,2022_03_21_11_03_08_29,12,"(697, 1945, 709, 1956)",0.0,0,C:\Users\sthem\OneDrive\Documentos\GitHub\master-2025\3-Datasets\img-lcm\img_dir_annotated\train\uninfected\2022_03_21_11_03_08_29_cell0012.png,0,transpose,4478,ok,0,0.0,0
train,2022_03_21_11_03_08_29,13,"(737, 1719, 802, 1770)",0.4608365019011406,1,C:\Users\sthem\OneDrive\Documentos\GitHub\master-2025\3-Datasets\img-lcm\img_dir_annotated\train\infected\2022_03_21_11_03_08_29_cell0013.png,0,transpose,4478,ok,1,0.5149321266968325,1707
train,2022_03_21_11_03_08_29,14,"(771, 483, 848, 555)",0.0,0,C:\Users\sthem\OneDrive\Documentos\GitHub\master-2025\3-Datasets\img-lcm\img_dir_annotated\train\uninfected\2022_03_21_11_03_08_29_cell0014.png,0,transpose,4478,ok,0,0.0,0
train,2022_03_21_11_03_08_29,15,"(866, 1458, 920, 1522)",0.0,0,C:\Users\sthem\OneDrive\Documentos\GitHub\master-2025\3-Datasets\img-lcm\img_dir_annotated\train\uninfected\2022_03_21_11_03_08_29_cell0015.png,0,transpose,4478,ok,0,0.0,0
train,2022_03_21_11_03_08_36,1,"(2, 490, 34, 544)",0.0,0,C:\Users\sthem\OneDrive\Documentos\GitHub\master-2025\3-Datasets\img-lcm\img_dir_annotated\train\uninfected\2022_03_21_11_03_08_36_cell0001.png,0,transpose,9222,ok,0,0.0,0
train,2022_03_21_11_03_08_36,2,"(6, 136, 72, 201)",0.0,0,C:\Users\sthem\OneDrive\Documentos\GitHub\master-2025\3-Datasets\img-lcm\img_dir_annotated\train\uninfected\2022_03_21_11_03_08_36_cell0002.png,0,transpose,9222,ok,0,0.0,0
train,2022_03_21_11_03_08_36,3,"(32, 1040, 79, 1107)",0.0,0,C:\Users\sthem\OneDrive\Documentos\GitHub\master-2025\3-Datasets\img-lcm\img_dir_annotated\train\uninfected\2022_03_21_11_03_08_36_cell0003.png,0,transpose,9222,ok,0,0.0,0
train,2022_03_21_11_03_08_36,4,"(50, 128, 104, 192)",0.0,0,C:\Users\sthem\OneDrive\Documentos\GitHub\master-2025\3-Datasets\img-lcm\img_dir_annotated\train\uninfected\2022_03_21_11_03_08_36_cell0004.png,0,transpose,9222,ok,0,0.0,0
train,2022_03_21_11_03_08_36,5,"(98, 298, 164, 357)",0.5674418604651162,1,C:\Users\sthem\OneDrive\Documentos\GitHub\master-2025\3-Datasets\img-lcm\img_dir_annotated\train\infected\2022_03_21_11_03_08_36_cell0005.png,0,transpose,9222,ok,1,0.5927067282999486,2308
train,2022_03_21_11_03_08_36,6,"(253, 1193, 353, 1281)",0.0,0,C:\Users\sthem\OneDrive\Documentos\GitHub\master-2025\3-Datasets\img-lcm\img_dir_annotated\train\uninfected\2022_03_21_11_03_08_36_cell0006.png,0,transpose,9222,ok,0,0.0,0
train,2022_03_21_11_03_08_36,7,"(287, 160, 343, 229)",0.0,0,C:\Users\sthem\OneDrive\Documentos\GitHub\master-2025\3-Datasets\img-lcm\img_dir_annotated\train\uninfected\2022_03_21_11_03_08_36_cell0007.png,0,transpose,9222,ok,0,0.0,0
train,2022_03_21_11_03_08_36,8,"(344, 586, 418, 657)",0.7063872759404191,1,C:\Users\sthem\OneDrive\Documentos\GitHub\master-2025\3-Datasets\img-lcm\img_dir_annotated\train\infected\2022_03_21_11_03_08_36_cell0008.png,0,transpose,9222,ok,1,0.6943281309478493,3648
train,2022_03_21_11_03_08_36,9,"(439, 1558, 480, 1609)",0.0,0,C:\Users\sthem\OneDrive\Documentos\GitHub\master-2025\3-Datasets\img-lcm\img_dir_annotated\train\uninfected\2022_03_21_11_03_08_36_cell0009.png,0,transpose,9222,ok,0,0.0,0
train,2022_03_21_11_03_08_36,10,"(441, 484, 506, 548)",0.0,0,C:\Users\sthem\OneDrive\Documentos\GitHub\master-2025\3-Datasets\img-lcm\img_dir_annotated\train\uninfected\2022_03_21_11_03_08_36_cell0010.png,0,transpose,9222,ok,0,0.0,0
train,2022_03_21_11_03_08_36,11,"(449, 1166, 531, 1219)",0.0,0,C:\Users\sthem\OneDrive\Documentos\GitHub\master-2025\3-Datasets\img-lcm\img_dir_annotated\train\uninfected\2022_03_21_11_03_08_36_cell0011.png,0,transpose,9222,ok,0,0.0,0
train,2022_03_21_11_03_08_36,12,"(491, 853, 549, 922)",0.0,0,C:\Users\sthem\OneDrive\Documentos\GitHub\master-2025\3-Datasets\img-lcm\img_dir_annotated\train\uninfected\2022_03_21_11_03_08_36_cell0012.png,0,transpose,9222,ok,0,0.0,0
train,2022_03_21_11_03_08_36,13,"(595, 473, 639, 547)",0.0,0,C:\Users\sthem\OneDrive\Documentos\GitHub\master-2025\3-Datasets\img-lcm\img_dir_annotated\train\uninfected\2022_03_21_11_03_08_36_cell0013.png,0,transpose,9222,ok,0,0.0,0
train,2022_03_21_11_03_08_36,14,"(599, 1773, 676, 1817)",0.0,0,C:\Users\sthem\OneDrive\Documentos\GitHub\master-2025\3-Datasets\img-lcm\img_dir_annotated\train\uninfected\2022_03_21_11_03_08_36_cell0014.png,0,transpose,9222,ok,0,0.0,0
train,2022_03_21_11_03_08_36,15,"(619, 2011, 688, 2047)",0.0,0,C:\Users\sthem\OneDrive\Documentos\GitHub\master-2025\3-Datasets\img-lcm\img_dir_annotated\train\uninfected\2022_03_21_11_03_08_36_cell0015.png,0,transpose,9222,ok,0,0.0,0
train,2022_03_21_11_03_08_36,16,"(648, 82, 701, 131)",0.0,0,C:\Users\sthem\OneDrive\Documentos\GitHub\master-2025\3-Datasets\img-lcm\img_dir_annotated\train\uninfected\2022_03_21_11_03_08_36_cell0016.png,0,transpose,9222,ok,0,0.0,0
train,2022_03_21_11_03_08_36,17,"(649, 185, 705, 240)",0.9272959183673468,1,C:\Users\sthem\OneDrive\Documentos\GitHub\master-2025\3-Datasets\img-lcm\img_dir_annotated\train\infected\2022_03_21_11_03_08_36_cell0017.png,0,transpose,9222,ok,1,0.9142857142857143,2816
train,2022_03_21_11_03_08_36,18,"(716, 159, 770, 215)",0.0,0,C:\Users\sthem\OneDrive\Documentos\GitHub\master-2025\3-Datasets\img-lcm\img_dir_annotated\train\uninfected\2022_03_21_11_03_08_36_cell0018.png,0,transpose,9222,ok,0,0.005291005291005291,16
train,2022_03_21_11_03_08_36,19,"(719, 1010, 788, 1074)",0.0,0,C:\Users\sthem\OneDrive\Documentos\GitHub\master-2025\3-Datasets\img-lcm\img_dir_annotated\train\uninfected\2022_03_21_11_03_08_36_cell0019.png,0,transpose,9222,ok,0,0.0,0
train,2022_03_21_11_03_08_36,20,"(728, 1175, 791, 1218)",0.0,0,C:\Users\sthem\OneDrive\Documentos\GitHub\master-2025\3-Datasets\img-lcm\img_dir_annotated\train\uninfected\2022_03_21_11_03_08_36_cell0020.png,0,transpose,9222,ok,0,0.0,0
train,2022_03_21_11_03_08_36,21,"(760, 943, 837, 1012)",0.0,0,C:\Users\sthem\OneDrive\Documentos\GitHub\master-2025\3-Datasets\img-lcm\img_dir_annotated\train\uninfected\2022_03_21_11_03_08_36_cell0021.png,0,transpose,9222,ok,0,0.0,0
train,2022_03_21_11_03_08_36,22,"(793, 393, 854, 456)",0.8726333907056799,1,C:\Users\sthem\OneDrive\Documentos\GitHub\master-2025\3-Datasets\img-lcm\img_dir_annotated\train\infected\2022_03_21_11_03_08_36_cell0022.png,0,transpose,9222,ok,1,0.8282591725214676,3183
train,2022_03_21_11_03_08_36,23,"(915, 538, 976, 600)",0.0,0,C:\Users\sthem\OneDrive\Documentos\GitHub\master-2025\3-Datasets\img-lcm\img_dir_annotated\train\uninfected\2022_03_21_11_03_08_36_cell0023.png,0,transpose,9222,ok,0,0.0,0
train,2022_03_21_11_03_08_36,24,"(967, 1828, 1017, 1881)",0.0,0,C:\Users\sthem\OneDrive\Documentos\GitHub\master-2025\3-Datasets\img-lcm\img_dir_annotated\train\uninfected\2022_03_21_11_03_08_36_cell0024.png,0,transpose,9222,ok,0,0.0,0
train,2022_03_21_11_03_08_43,1,"(0, 307, 45, 378)",0.0,0,C:\Users\sthem\OneDrive\Documentos\GitHub\master-2025\3-Datasets\img-lcm\img_dir_annotated\train\uninfected\2022_03_21_11_03_08_43_cell0001.png,0,transpose,4774,ok,0,0.0,0
train,2022_03_21_11_03_08_43,2,"(43, 336, 81, 352)",0.0,0,C:\Users\sthem\OneDrive\Documentos\GitHub\master-2025\3-Datasets\img-lcm\img_dir_annotated\train\uninfected\2022_03_21_11_03_08_43_cell0002.png,0,transpose,4774,ok,0,0.0,0
train,2022_03_21_11_03_08_43,3,"(137, 821, 225, 904)",0.0,0,C:\Users\sthem\OneDrive\Documentos\GitHub\master-2025\3-Datasets\img-lcm\img_dir_annotated\train\uninfected\2022_03_21_11_03_08_43_cell0003.png,0,transpose,4774,ok,0,0.0,0
train,2022_03_21_11_03_08_43,4,"(139, 1208, 192, 1255)",1.0,1,C:\Users\sthem\OneDrive\Documentos\GitHub\master-2025\3-Datasets\img-lcm\img_dir_annotated\train\infected\2022_03_21_11_03_08_43_cell0004.png,0,transpose,4774,ok,1,0.9983942191890807,2487
train,2022_03_21_11_03_08_43,5,"(157, 1914, 217, 1971)",0.0,0,C:\Users\sthem\OneDrive\Documentos\GitHub\master-2025\3-Datasets\img-lcm\img_dir_annotated\train\uninfected\2022_03_21_11_03_08_43_cell0005.png,0,transpose,4774,ok,0,0.0,0
train,2022_03_21_11_03_08_43,6,"(248, 985, 311, 1041)",0.0,0,C:\Users\sthem\OneDrive\Documentos\GitHub\master-2025\3-Datasets\img-lcm\img_dir_annotated\train\uninfected\2022_03_21_11_03_08_43_cell0006.png,0,transpose,4774,ok,0,0.0,0
train,2022_03_21_11_03_08_43,7,"(261, 2014, 323, 2048)",0.0,0,C:\Users\sthem\OneDrive\Documentos\GitHub\master-2025\3-Datasets\img-lcm\img_dir_annotated\train\uninfected\2022_03_21_11_03_08_43_cell0007.png,0,transpose,4774,ok,0,0.0,0
train,2022_03_21_11_03_08_43,8,"(314, 763, 383, 830)",0.0,0,C:\Users\sthem\OneDrive\Documentos\GitHub\master-2025\3-Datasets\img-lcm\img_dir_annotated\train\uninfected\2022_03_21_11_03_08_43_cell0008.png,0,transpose,4774,ok,0,0.0,0
train,2022_03_21_11_03_08_43,9,"(587, 681, 671, 780)",0.0,0,C:\Users\sthem\OneDrive\Documentos\GitHub\master-2025\3-Datasets\img-lcm\img_dir_annotated\train\uninfected\2022_03_21_11_03_08_43_cell0009.png,0,transpose,4774,ok,0,0.0,0
train,2022_03_21_11_03_08_43,10,"(638, 258, 712, 321)",0.0,0,C:\Users\sthem\OneDrive\Documentos\GitHub\master-2025\3-Datasets\img-lcm\img_dir_annotated\train\uninfected\2022_03_21_11_03_08_43_cell0010.png,0,transpose,4774,ok,0,0.0,0
train,2022_03_21_11_03_08_43,11,"(691, 922, 759, 972)",0.0,0,C:\Users\sthem\OneDrive\Documentos\GitHub\master-2025\3-Datasets\img-lcm\img_dir_annotated\train\uninfected\2022_03_21_11_03_08_43_cell0011.png,0,transpose,4774,ok,0,0.0,0
train,2022_03_21_11_03_08_43,12,"(697, 1605, 763, 1647)",0.0,0,C:\Users\sthem\OneDrive\Documentos\GitHub\master-2025\3-Datasets\img-lcm\img_dir_annotated\train\uninfected\2022_03_21_11_03_08_43_cell0012.png,0,transpose,4774,ok,0,0.0,0
train,2022_03_21_11_03_08_43,13,"(698, 502, 809, 614)",0.0,0,C:\Users\sthem\OneDrive\Documentos\GitHub\master-2025\3-Datasets\img-lcm\img_dir_annotated\train\uninfected\2022_03_21_11_03_08_43_cell0013.png,0,transpose,4774,ok,0,0.0,0
train,2022_03_21_11_03_08_43,14,"(775, 430, 851, 490)",0.0,0,C:\Users\sthem\OneDrive\Documentos\GitHub\master-2025\3-Datasets\img-lcm\img_dir_annotated\train\uninfected\2022_03_21_11_03_08_43_cell0014.png,0,transpose,4774,ok,0,0.0,0
train,2022_03_21_11_03_08_43,15,"(777, 818, 848, 877)",0.8941212680824869,1,C:\Users\sthem\OneDrive\Documentos\GitHub\master-2025\3-Datasets\img-lcm\img_dir_annotated\train\infected\2022_03_21_11_03_08_43_cell0015.png,0,transpose,4774,ok,1,0.8519933158271664,3569
train,2022_03_21_11_03_08_43,16,"(866, 34, 939, 95)",0.0,0,C:\Users\sthem\OneDrive\Documentos\GitHub\master-2025\3-Datasets\img-lcm\img_dir_annotated\train\uninfected\2022_03_21_11_03_08_43_cell0016.png,0,transpose,4774,ok,0,0.0,0
train,2022_03_21_11_03_08_43,17,"(891, 520, 980, 596)",0.0,0,C:\Users\sthem\OneDrive\Documentos\GitHub\master-2025\3-Datasets\img-lcm\img_dir_annotated\train\uninfected\2022_03_21_11_03_08_43_cell0017.png,0,transpose,4774,ok,0,0.0,0
train,2022_03_21_11_03_08_43,18,"(990, 1809, 1061, 1865)",0.0,0,C:\Users\sthem\OneDrive\Documentos\GitHub\master-2025\3-Datasets\img-lcm\img_dir_annotated\train\uninfected\2022_03_21_11_03_08_43_cell0018.png,0,transpose,4774,ok,0,0.0,0
train,2022_03_21_11_03_08_50,1,"(3, 1743, 71, 1787)",0.0,0,C:\Users\sthem\OneDrive\Documentos\GitHub\master-2025\3-Datasets\img-lcm\img_dir_annotated\train\uninfected\2022_03_21_11_03_08_50_cell0001.png,0,transpose,6702,ok,0,0.0,0
train,2022_03_21_11_03_08_50,2,"(48, 522, 130, 599)",0.0,0,C:\Users\sthem\OneDrive\Documentos\GitHub\master-2025\3-Datasets\img-lcm\img_dir_annotated\train\uninfected\2022_03_21_11_03_08_50_cell0002.png,0,transpose,6702,ok,0,0.0,0
train,2022_03_21_11_03_08_50,3,"(80, 718, 156, 793)",0.0,0,C:\Users\sthem\OneDrive\Documentos\GitHub\master-2025\3-Datasets\img-lcm\img_dir_annotated\train\uninfected\2022_03_21_11_03_08_50_cell0003.png,0,transpose,6702,ok,0,0.0,0
train,2022_03_21_11_03_08_50,4,"(84, 1861, 154, 1935)",0.9476744186046512,1,C:\Users\sthem\OneDrive\Documentos\GitHub\master-2025\3-Datasets\img-lcm\img_dir_annotated\train\infected\2022_03_21_11_03_08_50_cell0004.png,0,transpose,6702,ok,1,0.8907335907335907,4614
train,2022_03_21_11_03_08_50,5,"(193, 527, 289, 602)",0.0,0,C:\Users\sthem\OneDrive\Documentos\GitHub\master-2025\3-Datasets\img-lcm\img_dir_annotated\train\uninfected\2022_03_21_11_03_08_50_cell0005.png,0,transpose,6702,ok,0,0.0,0
train,2022_03_21_11_03_08_50,6,"(214, 1637, 286, 1716)",0.0,0,C:\Users\sthem\OneDrive\Documentos\GitHub\master-2025\3-Datasets\img-lcm\img_dir_annotated\train\uninfected\2022_03_21_11_03_08_50_cell0006.png,0,transpose,6702,ok,0,0.0,0
train,2022_03_21_11_03_08_50,7,"(255, 411, 334, 485)",0.0,0,C:\Users\sthem\OneDrive\Documentos\GitHub\master-2025\3-Datasets\img-lcm\img_dir_annotated\train\uninfected\2022_03_21_11_03_08_50_cell0007.png,0,transpose,6702,ok,0,0.0,0
train,2022_03_21_11_03_08_50,8,"(327, 992, 402, 1056)",0.0,0,C:\Users\sthem\OneDrive\Documentos\GitHub\master-2025\3-Datasets\img-lcm\img_dir_annotated\train\uninfected\2022_03_21_11_03_08_50_cell0008.png,0,transpose,6702,ok,0,0.0,0
train,2022_03_21_11_03_08_50,9,"(406, 1940, 472, 1971)",0.0,0,C:\Users\sthem\OneDrive\Documentos\GitHub\master-2025\3-Datasets\img-lcm\img_dir_annotated\train\uninfected\2022_03_21_11_03_08_50_cell0009.png,0,transpose,6702,ok,0,0.0,0
train,2022_03_21_11_03_08_50,10,"(435, 1717, 502, 1767)",0.0,0,C:\Users\sthem\OneDrive\Documentos\GitHub\master-2025\3-Datasets\img-lcm\img_dir_annotated\train\uninfected\2022_03_21_11_03_08_50_cell0010.png,0,transpose,6702,ok,0,0.0,0
train,2022_03_21_11_03_08_50,11,"(459, 937, 521, 998)",0.0,0,C:\Users\sthem\OneDrive\Documentos\GitHub\master-2025\3-Datasets\img-lcm\img_dir_annotated\train\uninfected\2022_03_21_11_03_08_50_cell0011.png,0,transpose,6702,ok,0,0.0,0
train,2022_03_21_11_03_08_50,12,"(514, 436, 601, 496)",0.0,0,C:\Users\sthem\OneDrive\Documentos\GitHub\master-2025\3-Datasets\img-lcm\img_dir_annotated\train\uninfected\2022_03_21_11_03_08_50_cell0012.png,0,transpose,6702,ok,0,0.0,0
train,2022_03_21_11_03_08_50,13,"(516, 727, 569, 780)",0.0,0,C:\Users\sthem\OneDrive\Documentos\GitHub\master-2025\3-Datasets\img-lcm\img_dir_annotated\train\uninfected\2022_03_21_11_03_08_50_cell0013.png,0,transpose,6702,ok,0,0.0,0
train,2022_03_21_11_03_08_50,14,"(671, 1626, 738, 1667)",0.3227315247895229,1,C:\Users\sthem\OneDrive\Documentos\GitHub\master-2025\3-Datasets\img-lcm\img_dir_annotated\train\infected\2022_03_21_11_03_08_50_cell0014.png,0,transpose,6702,ok,1,0.39752457226064797,1092
train,2022_03_21_11_03_08_50,15,"(672, 0, 732, 35)",0.0,0,C:\Users\sthem\OneDrive\Documentos\GitHub\master-2025\3-Datasets\img-lcm\img_dir_annotated\train\uninfected\2022_03_21_11_03_08_50_cell0015.png,0,transpose,6702,ok,0,0.0,0
train,2022_03_21_11_03_08_50,16,"(681, 893, 735, 939)",0.0,0,C:\Users\sthem\OneDrive\Documentos\GitHub\master-2025\3-Datasets\img-lcm\img_dir_annotated\train\uninfected\2022_03_21_11_03_08_50_cell0016.png,0,transpose,6702,ok,0,0.0,0
train,2022_03_21_11_03_08_50,17,"(820, 1246, 891, 1319)",0.0,0,C:\Users\sthem\OneDrive\Documentos\GitHub\master-2025\3-Datasets\img-lcm\img_dir_annotated\train\uninfected\2022_03_21_11_03_08_50_cell0017.png,0,transpose,6702,ok,0,0.0,0
train,2022_03_21_11_03_08_50,18,"(823, 1013, 892, 1056)",0.0,0,C:\Users\sthem\OneDrive\Documentos\GitHub\master-2025\3-Datasets\img-lcm\img_dir_annotated\train\uninfected\2022_03_21_11_03_08_50_cell0018.png,0,transpose,6702,ok,0,0.0,0
train,2022_03_21_11_03_08_50,19,"(841, 300, 900, 360)",0.8895440251572327,1,C:\Users\sthem\OneDrive\Documentos\GitHub\master-2025\3-Datasets\img-lcm\img_dir_annotated\train\infected\2022_03_21_11_03_08_50_cell0019.png,0,transpose,6702,ok,1,0.885593220338983,3135
train,2022_03_21_11_03_08_50,20,"(979, 560, 1041, 618)",0.0,0,C:\Users\sthem\OneDrive\Documentos\GitHub\master-2025\3-Datasets\img-lcm\img_dir_annotated\train\uninfected\2022_03_21_11_03_08_50_cell0020.png,0,transpose,6702,ok,0,0.0,0
train,2022_03_21_11_03_08_67,1,"(0, 436, 36, 501)",0.0,0,C:\Users\sthem\OneDrive\Documentos\GitHub\master-2025\3-Datasets\img-lcm\img_dir_annotated\train\uninfected\2022_03_21_11_03_08_67_cell0001.png,0,transpose,3717,ok,0,0.0,0
train,2022_03_21_11_03_08_67,2,"(69, 1858, 145, 1927)",0.0,0,C:\Users\sthem\OneDrive\Documentos\GitHub\master-2025\3-Datasets\img-lcm\img_dir_annotated\train\uninfected\2022_03_21_11_03_08_67_cell0002.png,0,transpose,3717,ok,0,0.0,0
train,2022_03_21_11_03_08_67,3,"(127, 637, 245, 726)",0.0,0,C:\Users\sthem\OneDrive\Documentos\GitHub\master-2025\3-Datasets\img-lcm\img_dir_annotated\train\uninfected\2022_03_21_11_03_08_67_cell0003.png,0,transpose,3717,ok,0,0.0,0
train,2022_03_21_11_03_08_67,4,"(235, 1704, 283, 1786)",0.0,0,C:\Users\sthem\OneDrive\Documentos\GitHub\master-2025\3-Datasets\img-lcm\img_dir_annotated\train\uninfected\2022_03_21_11_03_08_67_cell0004.png,0,transpose,3717,ok,0,0.0,0
train,2022_03_21_11_03_08_67,5,"(250, 1591, 304, 1671)",0.4481298517995766,1,C:\Users\sthem\OneDrive\Documentos\GitHub\master-2025\3-Datasets\img-lcm\img_dir_annotated\train\infected\2022_03_21_11_03_08_67_cell0005.png,0,transpose,3717,ok,1,0.425462962962963,1838
train,2022_03_21_11_03_08_67,6,"(304, 1852, 346, 1932)",0.4990114669829972,1,C:\Users\sthem\OneDrive\Documentos\GitHub\master-2025\3-Datasets\img-lcm\img_dir_annotated\train\infected\2022_03_21_11_03_08_67_cell0006.png,0,transpose,3717,ok,1,0.5142857142857142,1728
train,2022_03_21_11_03_08_67,7,"(421, 1372, 468, 1428)",0.0,0,C:\Users\sthem\OneDrive\Documentos\GitHub\master-2025\3-Datasets\img-lcm\img_dir_annotated\train\uninfected\2022_03_21_11_03_08_67_cell0007.png,0,transpose,3717,ok,0,0.0,0
train,2022_03_21_11_03_08_67,8,"(421, 1724, 498, 1794)",0.0,0,C:\Users\sthem\OneDrive\Documentos\GitHub\master-2025\3-Datasets\img-lcm\img_dir_annotated\train\uninfected\2022_03_21_11_03_08_67_cell0008.png,0,transpose,3717,ok,0,0.0,0
train,2022_03_21_11_03_08_67,9,"(458, 1294, 505, 1348)",0.0,0,C:\Users\sthem\OneDrive\Documentos\GitHub\master-2025\3-Datasets\img-lcm\img_dir_annotated\train\uninfected\2022_03_21_11_03_08_67_cell0009.png,0,transpose,3717,ok,0,0.0,0
train,2022_03_21_11_03_08_67,10,"(569, 1984, 610, 2045)",0.0,0,C:\Users\sthem\OneDrive\Documentos\GitHub\master-2025\3-Datasets\img-lcm\img_dir_annotated\train\uninfected\2022_03_21_11_03_08_67_cell0010.png,0,transpose,3717,ok,0,0.0,0
train,2022_03_21_11_03_08_67,11,"(626, 1131, 636, 1141)",0.0,0,C:\Users\sthem\OneDrive\Documentos\GitHub\master-2025\3-Datasets\img-lcm\img_dir_annotated\train\uninfected\2022_03_21_11_03_08_67_cell0011.png,0,transpose,3717,ok,0,0.0,0
train,2022_03_21_11_03_08_67,12,"(648, 359, 694, 421)",0.0,0,C:\Users\sthem\OneDrive\Documentos\GitHub\master-2025\3-Datasets\img-lcm\img_dir_annotated\train\uninfected\2022_03_21_11_03_08_67_cell0012.png,0,transpose,3717,ok,0,0.0,0
train,2022_03_21_11_03_08_67,13,"(787, 1006, 854, 1075)",0.0,0,C:\Users\sthem\OneDrive\Documentos\GitHub\master-2025\3-Datasets\img-lcm\img_dir_annotated\train\uninfected\2022_03_21_11_03_08_67_cell0013.png,0,transpose,3717,ok,0,0.0,0
train,2022_03_21_11_03_08_67,14,"(809, 504, 856, 580)",0.0,0,C:\Users\sthem\OneDrive\Documentos\GitHub\master-2025\3-Datasets\img-lcm\img_dir_annotated\train\uninfected\2022_03_21_11_03_08_67_cell0014.png,0,transpose,3717,ok,0,0.0,0
train,2022_03_21_11_03_08_67,15,"(810, 290, 864, 328)",0.7852882703777336,1,C:\Users\sthem\OneDrive\Documentos\GitHub\master-2025\3-Datasets\img-lcm\img_dir_annotated\train\infected\2022_03_21_11_03_08_67_cell0015.png,0,transpose,3717,ok,1,0.7919103313840156,1625
train,2022_03_21_11_03_08_67,16,"(887, 1488, 954, 1554)",0.0,0,C:\Users\sthem\OneDrive\Documentos\GitHub\master-2025\3-Datasets\img-lcm\img_dir_annotated\train\uninfected\2022_03_21_11_03_08_67_cell0016.png,0,transpose,3717,ok,0,0.0,0
train,2022_03_21_11_03_08_92,1,"(0, 1715, 63, 1795)",0.0,0,C:\Users\sthem\OneDrive\Documentos\GitHub\master-2025\3-Datasets\img-lcm\img_dir_annotated\train\uninfected\2022_03_21_11_03_08_92_cell0001.png,0,transpose,6637,ok,0,0.0,0
train,2022_03_21_11_03_08_92,2,"(1, 1313, 13, 1343)",0.0,0,C:\Users\sthem\OneDrive\Documentos\GitHub\master-2025\3-Datasets\img-lcm\img_dir_annotated\train\uninfected\2022_03_21_11_03_08_92_cell0002.png,0,transpose,6637,ok,0,0.0,0
train,2022_03_21_11_03_08_92,3,"(3, 665, 71, 723)",0.0,0,C:\Users\sthem\OneDrive\Documentos\GitHub\master-2025\3-Datasets\img-lcm\img_dir_annotated\train\uninfected\2022_03_21_11_03_08_92_cell0003.png,0,transpose,6637,ok,0,0.0,0
train,2022_03_21_11_03_08_92,4,"(196, 0, 258, 36)",0.0,0,C:\Users\sthem\OneDrive\Documentos\GitHub\master-2025\3-Datasets\img-lcm\img_dir_annotated\train\uninfected\2022_03_21_11_03_08_92_cell0004.png,0,transpose,6637,ok,0,0.0,0
train,2022_03_21_11_03_08_92,5,"(351, 1175, 414, 1227)",0.6400778210116731,1,C:\Users\sthem\OneDrive\Documentos\GitHub\master-2025\3-Datasets\img-lcm\img_dir_annotated\train\infected\2022_03_21_11_03_08_92_cell0005.png,0,transpose,6637,ok,1,0.6581196581196581,2156
train,2022_03_21_11_03_08_92,6,"(479, 953, 532, 992)",0.0,0,C:\Users\sthem\OneDrive\Documentos\GitHub\master-2025\3-Datasets\img-lcm\img_dir_annotated\train\uninfected\2022_03_21_11_03_08_92_cell0006.png,0,transpose,6637,ok,0,0.0,0
train,2022_03_21_11_03_08_92,7,"(513, 1621, 579, 1685)",0.0,0,C:\Users\sthem\OneDrive\Documentos\GitHub\master-2025\3-Datasets\img-lcm\img_dir_annotated\train\uninfected\2022_03_21_11_03_08_92_cell0007.png,0,transpose,6637,ok,0,0.0,0
train,2022_03_21_11_03_08_92,8,"(564, 1858, 627, 1923)",0.0,0,C:\Users\sthem\OneDrive\Documentos\GitHub\master-2025\3-Datasets\img-lcm\img_dir_annotated\train\uninfected\2022_03_21_11_03_08_92_cell0008.png,0,transpose,6637,ok,0,0.0,0
train,2022_03_21_11_03_08_92,9,"(580, 348, 660, 409)",0.0,0,C:\Users\sthem\OneDrive\Documentos\GitHub\master-2025\3-Datasets\img-lcm\img_dir_annotated\train\uninfected\2022_03_21_11_03_08_92_cell0009.png,0,transpose,6637,ok,0,0.0,0
train,2022_03_21_11_03_08_92,10,"(587, 575, 658, 623)",0.0,0,C:\Users\sthem\OneDrive\Documentos\GitHub\master-2025\3-Datasets\img-lcm\img_dir_annotated\train\uninfected\2022_03_21_11_03_08_92_cell0010.png,0,transpose,6637,ok,0,0.0,0
train,2022_03_21_11_03_08_92,11,"(600, 1642, 666, 1710)",0.0,0,C:\Users\sthem\OneDrive\Documentos\GitHub\master-2025\3-Datasets\img-lcm\img_dir_annotated\train\uninfected\2022_03_21_11_03_08_92_cell0011.png,0,transpose,6637,ok,0,0.0,0
train,2022_03_21_11_03_08_92,12,"(687, 760, 749, 822)",0.549185667752443,1,C:\Users\sthem\OneDrive\Documentos\GitHub\master-2025\3-Datasets\img-lcm\img_dir_annotated\train\infected\2022_03_21_11_03_08_92_cell0012.png,0,transpose,6637,ok,1,0.5962539021852237,2292
train,2022_03_21_11_03_08_92,13,"(699, 1112, 775, 1179)",0.4310926550739683,1,C:\Users\sthem\OneDrive\Documentos\GitHub\master-2025\3-Datasets\img-lcm\img_dir_annotated\train\infected\2022_03_21_11_03_08_92_cell0013.png,0,transpose,6637,ok,1,0.44167321288295364,2249
train,2022_03_21_11_03_08_92,14,"(705, 452, 789, 510)",0.0,0,C:\Users\sthem\OneDrive\Documentos\GitHub\master-2025\3-Datasets\img-lcm\img_dir_annotated\train\uninfected\2022_03_21_11_03_08_92_cell0014.png,0,transpose,6637,ok,0,0.0,0
train,2022_03_21_11_03_08_92,15,"(756, 1986, 826, 2043)",0.0,0,C:\Users\sthem\OneDrive\Documentos\GitHub\master-2025\3-Datasets\img-lcm\img_dir_annotated\train\uninfected\2022_03_21_11_03_08_92_cell0015.png,0,transpose,6637,ok,0,0.0,0
train,2022_03_21_11_03_08_92,16,"(833, 829, 900, 890)",0.5189274447949527,1,C:\Users\sthem\OneDrive\Documentos\GitHub\master-2025\3-Datasets\img-lcm\img_dir_annotated\train\infected\2022_03_21_11_03_08_92_cell0016.png,0,transpose,6637,ok,1,0.5463665280156594,2233
train,2022_03_21_11_03_08_92,17,"(921, 1027, 992, 1078)",0.0,0,C:\Users\sthem\OneDrive\Documentos\GitHub\master-2025\3-Datasets\img-lcm\img_dir_annotated\train\uninfected\2022_03_21_11_03_08_92_cell0017.png,0,transpose,6637,ok,0,0.0,0
train,2022_03_21_11_03_08_92,18,"(950, 1097, 1010, 1158)",0.0,0,C:\Users\sthem\OneDrive\Documentos\GitHub\master-2025\3-Datasets\img-lcm\img_dir_annotated\train\uninfected\2022_03_21_11_03_08_92_cell0018.png,0,transpose,6637,ok,0,0.0,0
train,2022_03_21_11_03_08_92,19,"(969, 1691, 1043, 1757)",0.0,0,C:\Users\sthem\OneDrive\Documentos\GitHub\master-2025\3-Datasets\img-lcm\img_dir_annotated\train\uninfected\2022_03_21_11_03_08_92_cell0019.png,0,transpose,6637,ok,0,0.0,0
train,2022_03_21_11_03_08_92,20,"(1072, 1597, 1088, 1641)",0.0,0,C:\Users\sthem\OneDrive\Documentos\GitHub\master-2025\3-Datasets\img-lcm\img_dir_annotated\train\uninfected\2022_03_21_11_03_08_92_cell0020.png,0,transpose,6637,ok,0,0.0,0
train,2022_03_21_11_03_09_01,1,"(152, 1904, 213, 1966)",0.0,0,C:\Users\sthem\OneDrive\Documentos\GitHub\master-2025\3-Datasets\img-lcm\img_dir_annotated\train\uninfected\2022_03_21_11_03_09_01_cell0001.png,0,transpose,12671,ok,0,0.0,0
train,2022_03_21_11_03_09_01,2,"(164, 309, 229, 393)",0.0,0,C:\Users\sthem\OneDrive\Documentos\GitHub\master-2025\3-Datasets\img-lcm\img_dir_annotated\train\uninfected\2022_03_21_11_03_09_01_cell0002.png,0,transpose,12671,ok,0,0.0,0
train,2022_03_21_11_03_09_01,3,"(180, 803, 239, 854)",0.9685863874345548,1,C:\Users\sthem\OneDrive\Documentos\GitHub\master-2025\3-Datasets\img-lcm\img_dir_annotated\train\infected\2022_03_21_11_03_09_01_cell0003.png,0,transpose,12671,ok,1,0.9680957128614157,2913
train,2022_03_21_11_03_09_01,4,"(219, 1214, 286, 1260)",0.0,0,C:\Users\sthem\OneDrive\Documentos\GitHub\master-2025\3-Datasets\img-lcm\img_dir_annotated\train\uninfected\2022_03_21_11_03_09_01_cell0004.png,0,transpose,12671,ok,0,0.0,0
train,2022_03_21_11_03_09_01,5,"(239, 1156, 305, 1218)",0.0,0,C:\Users\sthem\OneDrive\Documentos\GitHub\master-2025\3-Datasets\img-lcm\img_dir_annotated\train\uninfected\2022_03_21_11_03_09_01_cell0005.png,0,transpose,12671,ok,0,0.0,0
train,2022_03_21_11_03_09_01,6,"(246, 576, 301, 640)",0.837129840546697,1,C:\Users\sthem\OneDrive\Documentos\GitHub\master-2025\3-Datasets\img-lcm\img_dir_annotated\train\infected\2022_03_21_11_03_09_01_cell0006.png,0,transpose,12671,ok,1,0.8409090909090909,2960
train,2022_03_21_11_03_09_01,7,"(288, 1020, 355, 1085)",0.0,0,C:\Users\sthem\OneDrive\Documentos\GitHub\master-2025\3-Datasets\img-lcm\img_dir_annotated\train\uninfected\2022_03_21_11_03_09_01_cell0007.png,0,transpose,12671,ok,0,0.0,0
train,2022_03_21_11_03_09_01,8,"(308, 1531, 355, 1597)",1.0,1,C:\Users\sthem\OneDrive\Documentos\GitHub\master-2025\3-Datasets\img-lcm\img_dir_annotated\train\infected\2022_03_21_11_03_09_01_cell0008.png,0,transpose,12671,ok,1,0.9970986460348162,3093
train,2022_03_21_11_03_09_01,9,"(370, 127, 379, 137)",0.0,0,C:\Users\sthem\OneDrive\Documentos\GitHub\master-2025\3-Datasets\img-lcm\img_dir_annotated\train\uninfected\2022_03_21_11_03_09_01_cell0009.png,0,transpose,12671,ok,0,0.0,0
train,2022_03_21_11_03_09_01,10,"(398, 1939, 467, 2000)",1.0,1,C:\Users\sthem\OneDrive\Documentos\GitHub\master-2025\3-Datasets\img-lcm\img_dir_annotated\train\infected\2022_03_21_11_03_09_01_cell0010.png,0,transpose,12671,ok,1,0.9824186267521977,4135
train,2022_03_21_11_03_09_01,11,"(415, 98, 424, 108)",0.0,0,C:\Users\sthem\OneDrive\Documentos\GitHub\master-2025\3-Datasets\img-lcm\img_dir_annotated\train\uninfected\2022_03_21_11_03_09_01_cell0011.png,0,transpose,12671,ok,0,0.0,0
train,2022_03_21_11_03_09_01,12,"(513, 391, 570, 447)",0.0,0,C:\Users\sthem\OneDrive\Documentos\GitHub\master-2025\3-Datasets\img-lcm\img_dir_annotated\train\uninfected\2022_03_21_11_03_09_01_cell0012.png,0,transpose,12671,ok,0,0.0,0
train,2022_03_21_11_03_09_01,13,"(568, 937, 629, 1005)",0.0,0,C:\Users\sthem\OneDrive\Documentos\GitHub\master-2025\3-Datasets\img-lcm\img_dir_annotated\train\uninfected\2022_03_21_11_03_09_01_cell0013.png,0,transpose,12671,ok,0,0.0,0
train,2022_03_21_11_03_09_01,14,"(675, 1610, 747, 1669)",0.0,0,C:\Users\sthem\OneDrive\Documentos\GitHub\master-2025\3-Datasets\img-lcm\img_dir_annotated\train\uninfected\2022_03_21_11_03_09_01_cell0014.png,0,transpose,12671,ok,0,0.0,0
train,2022_03_21_11_03_09_01,15,"(760, 558, 833, 620)",0.0,0,C:\Users\sthem\OneDrive\Documentos\GitHub\master-2025\3-Datasets\img-lcm\img_dir_annotated\train\uninfected\2022_03_21_11_03_09_01_cell0015.png,0,transpose,12671,ok,0,0.0,0
train,2022_03_21_11_03_09_01,16,"(778, 1060, 840, 1113)",0.0,0,C:\Users\sthem\OneDrive\Documentos\GitHub\master-2025\3-Datasets\img-lcm\img_dir_annotated\train\uninfected\2022_03_21_11_03_09_01_cell0016.png,0,transpose,12671,ok,0,0.0,0
train,2022_03_21_11_03_09_01,17,"(825, 541, 904, 604)",0.0,0,C:\Users\sthem\OneDrive\Documentos\GitHub\master-2025\3-Datasets\img-lcm\img_dir_annotated\train\uninfected\2022_03_21_11_03_09_01_cell0017.png,0,transpose,12671,ok,0,0.0,0
train,2022_03_21_11_03_09_01,18,"(971, 907, 1034, 974)",0.0,0,C:\Users\sthem\OneDrive\Documentos\GitHub\master-2025\3-Datasets\img-lcm\img_dir_annotated\train\uninfected\2022_03_21_11_03_09_01_cell0018.png,0,transpose,12671,ok,0,0.0,0
train,2022_03_21_11_03_09_01,19,"(974, 1720, 1031, 1772)",0.0,0,C:\Users\sthem\OneDrive\Documentos\GitHub\master-2025\3-Datasets\img-lcm\img_dir_annotated\train\uninfected\2022_03_21_11_03_09_01_cell0019.png,0,transpose,12671,ok,0,0.0,0
train,2022_03_21_11_03_09_01,20,"(975, 289, 1034, 355)",0.9087926509186351,1,C:\Users\sthem\OneDrive\Documentos\GitHub\master-2025\3-Datasets\img-lcm\img_dir_annotated\train\infected\2022_03_21_11_03_09_01_cell0020.png,0,transpose,12671,ok,1,0.901386748844376,3510
train,2022_03_21_11_03_09_01,21,"(1014, 1408, 1082, 1462)",0.0,0,C:\Users\sthem\OneDrive\Documentos\GitHub\master-2025\3-Datasets\img-lcm\img_dir_annotated\train\uninfected\2022_03_21_11_03_09_01_cell0021.png,0,transpose,12671,ok,0,0.0,0
train,2022_03_21_11_03_09_09,1,"(5, 852, 50, 900)",0.0,0,C:\Users\sthem\OneDrive\Documentos\GitHub\master-2025\3-Datasets\img-lcm\img_dir_annotated\train\uninfected\2022_03_21_11_03_09_09_cell0001.png,0,transpose,5361,ok,0,0.0,0
train,2022_03_21_11_03_09_09,2,"(18, 271, 72, 343)",0.0,0,C:\Users\sthem\OneDrive\Documentos\GitHub\master-2025\3-Datasets\img-lcm\img_dir_annotated\train\uninfected\2022_03_21_11_03_09_09_cell0002.png,0,transpose,5361,ok,0,0.0,0
train,2022_03_21_11_03_09_09,3,"(168, 942, 229, 1010)",0.0,0,C:\Users\sthem\OneDrive\Documentos\GitHub\master-2025\3-Datasets\img-lcm\img_dir_annotated\train\uninfected\2022_03_21_11_03_09_09_cell0003.png,0,transpose,5361,ok,0,0.0,0
train,2022_03_21_11_03_09_09,4,"(243, 1656, 303, 1747)",0.0,0,C:\Users\sthem\OneDrive\Documentos\GitHub\master-2025\3-Datasets\img-lcm\img_dir_annotated\train\uninfected\2022_03_21_11_03_09_09_cell0004.png,0,transpose,5361,ok,0,0.0,0
train,2022_03_21_11_03_09_09,5,"(257, 475, 306, 508)",0.0,0,C:\Users\sthem\OneDrive\Documentos\GitHub\master-2025\3-Datasets\img-lcm\img_dir_annotated\train\uninfected\2022_03_21_11_03_09_09_cell0005.png,0,transpose,5361,ok,0,0.0,0
train,2022_03_21_11_03_09_09,6,"(385, 317, 444, 372)",0.0,0,C:\Users\sthem\OneDrive\Documentos\GitHub\master-2025\3-Datasets\img-lcm\img_dir_annotated\train\uninfected\2022_03_21_11_03_09_09_cell0006.png,0,transpose,5361,ok,0,0.0,0
train,2022_03_21_11_03_09_09,7,"(416, 457, 496, 533)",0.0,0,C:\Users\sthem\OneDrive\Documentos\GitHub\master-2025\3-Datasets\img-lcm\img_dir_annotated\train\uninfected\2022_03_21_11_03_09_09_cell0007.png,0,transpose,5361,ok,0,0.0,0
train,2022_03_21_11_03_09_09,8,"(612, 1760, 692, 1822)",0.0,0,C:\Users\sthem\OneDrive\Documentos\GitHub\master-2025\3-Datasets\img-lcm\img_dir_annotated\train\uninfected\2022_03_21_11_03_09_09_cell0008.png,0,transpose,5361,ok,0,0.0,0
train,2022_03_21_11_03_09_09,9,"(627, 1131, 636, 1140)",0.0,0,C:\Users\sthem\OneDrive\Documentos\GitHub\master-2025\3-Datasets\img-lcm\img_dir_annotated\train\uninfected\2022_03_21_11_03_09_09_cell0009.png,0,transpose,5361,ok,0,0.0,0
train,2022_03_21_11_03_09_09,10,"(672, 1334, 737, 1396)",0.8820315011250401,1,C:\Users\sthem\OneDrive\Documentos\GitHub\master-2025\3-Datasets\img-lcm\img_dir_annotated\train\infected\2022_03_21_11_03_09_09_cell0010.png,0,transpose,5361,ok,1,0.8642679900744417,3483
train,2022_03_21_11_03_09_09,11,"(686, 656, 764, 729)",0.0,0,C:\Users\sthem\OneDrive\Documentos\GitHub\master-2025\3-Datasets\img-lcm\img_dir_annotated\train\uninfected\2022_03_21_11_03_09_09_cell0011.png,0,transpose,5361,ok,0,0.0,0
train,2022_03_21_11_03_09_09,12,"(722, 1382, 784, 1441)",0.0,0,C:\Users\sthem\OneDrive\Documentos\GitHub\master-2025\3-Datasets\img-lcm\img_dir_annotated\train\uninfected\2022_03_21_11_03_09_09_cell0012.png,0,transpose,5361,ok,0,0.06943685073810825,254
train,2022_03_21_11_03_09_09,13,"(870, 303, 883, 319)",0.0,0,C:\Users\sthem\OneDrive\Documentos\GitHub\master-2025\3-Datasets\img-lcm\img_dir_annotated\train\uninfected\2022_03_21_11_03_09_09_cell0013.png,0,transpose,5361,ok,0,0.0,0
train,2022_03_21_11_03_09_09,14,"(873, 1023, 942, 1075)",0.0,0,C:\Users\sthem\OneDrive\Documentos\GitHub\master-2025\3-Datasets\img-lcm\img_dir_annotated\train\uninfected\2022_03_21_11_03_09_09_cell0014.png,0,transpose,5361,ok,0,0.0,0
train,2022_03_21_11_03_09_09,15,"(894, 1900, 962, 1966)",0.0,0,C:\Users\sthem\OneDrive\Documentos\GitHub\master-2025\3-Datasets\img-lcm\img_dir_annotated\train\uninfected\2022_03_21_11_03_09_09_cell0015.png,0,transpose,5361,ok,0,0.0,0
train,2022_03_21_11_03_09_09,16,"(956, 1237, 1029, 1312)",0.0,0,C:\Users\sthem\OneDrive\Documentos\GitHub\master-2025\3-Datasets\img-lcm\img_dir_annotated\train\uninfected\2022_03_21_11_03_09_09_cell0016.png,0,transpose,5361,ok,0,0.0,0
train,2022_03_21_11_03_09_09,17,"(978, 1542, 1051, 1600)",0.0,0,C:\Users\sthem\OneDrive\Documentos\GitHub\master-2025\3-Datasets\img-lcm\img_dir_annotated\train\uninfected\2022_03_21_11_03_09_09_cell0017.png,0,transpose,5361,ok,0,0.0,0
train,2022_03_21_11_03_09_09,18,"(992, 1855, 1051, 1929)",0.7978658536585366,1,C:\Users\sthem\OneDrive\Documentos\GitHub\master-2025\3-Datasets\img-lcm\img_dir_annotated\train\infected\2022_03_21_11_03_09_09_cell0018.png,0,transpose,5361,ok,1,0.7970682546953733,3480
train,2022_03_21_11_03_09_09,19,"(1046, 1305, 1087, 1365)",0.0,0,C:\Users\sthem\OneDrive\Documentos\GitHub\master-2025\3-Datasets\img-lcm\img_dir_annotated\train\uninfected\2022_03_21_11_03_09_09_cell0019.png,0,transpose,5361,ok,0,0.0,0
train,2022_03_21_11_03_09_17,1,"(28, 8, 110, 94)",0.0,0,C:\Users\sthem\OneDrive\Documentos\GitHub\master-2025\3-Datasets\img-lcm\img_dir_annotated\train\uninfected\2022_03_21_11_03_09_17_cell0001.png,0,transpose,8177,ok,0,0.0,0
train,2022_03_21_11_03_09_17,2,"(130, 1810, 194, 1870)",0.0,0,C:\Users\sthem\OneDrive\Documentos\GitHub\master-2025\3-Datasets\img-lcm\img_dir_annotated\train\uninfected\2022_03_21_11_03_09_17_cell0002.png,0,transpose,8177,ok,0,0.0,0
train,2022_03_21_11_03_09_17,3,"(181, 1027, 254, 1091)",0.0,0,C:\Users\sthem\OneDrive\Documentos\GitHub\master-2025\3-Datasets\img-lcm\img_dir_annotated\train\uninfected\2022_03_21_11_03_09_17_cell0003.png,0,transpose,8177,ok,0,0.0,0
train,2022_03_21_11_03_09_17,4,"(234, 1544, 296, 1598)",0.4585040983606557,1,C:\Users\sthem\OneDrive\Documentos\GitHub\master-2025\3-Datasets\img-lcm\img_dir_annotated\train\infected\2022_03_21_11_03_09_17_cell0004.png,0,transpose,8177,ok,1,0.42054958183990443,1408
train,2022_03_21_11_03_09_17,5,"(248, 826, 326, 891)",0.6884288747346072,1,C:\Users\sthem\OneDrive\Documentos\GitHub\master-2025\3-Datasets\img-lcm\img_dir_annotated\train\infected\2022_03_21_11_03_09_17_cell0005.png,0,transpose,8177,ok,1,0.6781065088757396,3438
train,2022_03_21_11_03_09_17,6,"(302, 1887, 384, 1958)",0.0,0,C:\Users\sthem\OneDrive\Documentos\GitHub\master-2025\3-Datasets\img-lcm\img_dir_annotated\train\uninfected\2022_03_21_11_03_09_17_cell0006.png,0,transpose,8177,ok,0,0.0,0
train,2022_03_21_11_03_09_17,7,"(369, 1485, 412, 1554)",0.0,0,C:\Users\sthem\OneDrive\Documentos\GitHub\master-2025\3-Datasets\img-lcm\img_dir_annotated\train\uninfected\2022_03_21_11_03_09_17_cell0007.png,0,transpose,8177,ok,0,0.0,0
train,2022_03_21_11_03_09_17,8,"(382, 1897, 428, 1942)",0.0,0,C:\Users\sthem\OneDrive\Documentos\GitHub\master-2025\3-Datasets\img-lcm\img_dir_annotated\train\uninfected\2022_03_21_11_03_09_17_cell0008.png,0,transpose,8177,ok,0,0.0,0
train,2022_03_21_11_03_09_17,9,"(415, 456, 477, 527)",0.4199404761904762,1,C:\Users\sthem\OneDrive\Documentos\GitHub\master-2025\3-Datasets\img-lcm\img_dir_annotated\train\infected\2022_03_21_11_03_09_17_cell0009.png,0,transpose,8177,ok,1,0.4459336665152204,1963
train,2022_03_21_11_03_09_17,10,"(454, 874, 520, 936)",0.0,0,C:\Users\sthem\OneDrive\Documentos\GitHub\master-2025\3-Datasets\img-lcm\img_dir_annotated\train\uninfected\2022_03_21_11_03_09_17_cell0010.png,0,transpose,8177,ok,0,0.0,0
train,2022_03_21_11_03_09_17,11,"(460, 1885, 509, 1947)",0.0,0,C:\Users\sthem\OneDrive\Documentos\GitHub\master-2025\3-Datasets\img-lcm\img_dir_annotated\train\uninfected\2022_03_21_11_03_09_17_cell0011.png,0,transpose,8177,ok,0,0.0,0
train,2022_03_21_11_03_09_17,12,"(499, 1140, 556, 1210)",0.0,0,C:\Users\sthem\OneDrive\Documentos\GitHub\master-2025\3-Datasets\img-lcm\img_dir_annotated\train\uninfected\2022_03_21_11_03_09_17_cell0012.png,0,transpose,8177,ok,0,0.0,0
train,2022_03_21_11_03_09_17,13,"(531, 417, 623, 501)",0.0,0,C:\Users\sthem\OneDrive\Documentos\GitHub\master-2025\3-Datasets\img-lcm\img_dir_annotated\train\uninfected\2022_03_21_11_03_09_17_cell0013.png,0,transpose,8177,ok,0,0.0,0
train,2022_03_21_11_03_09_17,14,"(622, 2014, 677, 2047)",0.0,0,C:\Users\sthem\OneDrive\Documentos\GitHub\master-2025\3-Datasets\img-lcm\img_dir_annotated\train\uninfected\2022_03_21_11_03_09_17_cell0014.png,0,transpose,8177,ok,0,0.0,0
train,2022_03_21_11_03_09_17,15,"(640, 1247, 704, 1309)",0.542726679712981,1,C:\Users\sthem\OneDrive\Documentos\GitHub\master-2025\3-Datasets\img-lcm\img_dir_annotated\train\infected\2022_03_21_11_03_09_17_cell0015.png,0,transpose,8177,ok,1,0.5720766129032258,2270
train,2022_03_21_11_03_09_17,16,"(692, 1848, 755, 1916)",0.0,0,C:\Users\sthem\OneDrive\Documentos\GitHub\master-2025\3-Datasets\img-lcm\img_dir_annotated\train\uninfected\2022_03_21_11_03_09_17_cell0016.png,0,transpose,8177,ok,0,0.0,0
train,2022_03_21_11_03_09_17,17,"(747, 228, 807, 292)",0.0,0,C:\Users\sthem\OneDrive\Documentos\GitHub\master-2025\3-Datasets\img-lcm\img_dir_annotated\train\uninfected\2022_03_21_11_03_09_17_cell0017.png,0,transpose,8177,ok,0,0.0,0
train,2022_03_21_11_03_09_17,18,"(797, 692, 855, 755)",0.6305707584050039,1,C:\Users\sthem\OneDrive\Documentos\GitHub\master-2025\3-Datasets\img-lcm\img_dir_annotated\train\infected\2022_03_21_11_03_09_17_cell0018.png,0,transpose,8177,ok,1,0.6102900930487137,2230
train,2022_03_21_11_03_09_17,19,"(858, 1010, 936, 1063)",0.0,0,C:\Users\sthem\OneDrive\Documentos\GitHub\master-2025\3-Datasets\img-lcm\img_dir_annotated\train\uninfected\2022_03_21_11_03_09_17_cell0019.png,0,transpose,8177,ok,0,0.0,0
train,2022_03_21_11_03_09_17,20,"(926, 1492, 988, 1564)",0.0,0,C:\Users\sthem\OneDrive\Documentos\GitHub\master-2025\3-Datasets\img-lcm\img_dir_annotated\train\uninfected\2022_03_21_11_03_09_17_cell0020.png,0,transpose,8177,ok,0,0.0,0
train,2022_03_21_11_03_09_17,21,"(928, 1769, 988, 1829)",0.0,0,C:\Users\sthem\OneDrive\Documentos\GitHub\master-2025\3-Datasets\img-lcm\img_dir_annotated\train\uninfected\2022_03_21_11_03_09_17_cell0021.png,0,transpose,8177,ok,0,0.0,0
train,2022_03_21_11_03_09_17,22,"(961, 1396, 1042, 1454)",0.0,0,C:\Users\sthem\OneDrive\Documentos\GitHub\master-2025\3-Datasets\img-lcm\img_dir_annotated\train\uninfected\2022_03_21_11_03_09_17_cell0022.png,0,transpose,8177,ok,0,0.0,0
train,2022_03_21_11_03_09_35,1,"(0, 639, 70, 697)",0.0,0,C:\Users\sthem\OneDrive\Documentos\GitHub\master-2025\3-Datasets\img-lcm\img_dir_annotated\train\uninfected\2022_03_21_11_03_09_35_cell0001.png,0,transpose,5968,ok,0,0.0,0
train,2022_03_21_11_03_09_35,2,"(77, 877, 152, 923)",0.5978304539975894,1,C:\Users\sthem\OneDrive\Documentos\GitHub\master-2025\3-Datasets\img-lcm\img_dir_annotated\train\infected\2022_03_21_11_03_09_35_cell0002.png,0,transpose,5968,ok,1,0.5747826086956521,1983
train,2022_03_21_11_03_09_35,3,"(94, 182, 190, 266)",0.0,0,C:\Users\sthem\OneDrive\Documentos\GitHub\master-2025\3-Datasets\img-lcm\img_dir_annotated\train\uninfected\2022_03_21_11_03_09_35_cell0003.png,0,transpose,5968,ok,0,0.0,0
train,2022_03_21_11_03_09_35,4,"(318, 1247, 386, 1314)",0.0,0,C:\Users\sthem\OneDrive\Documentos\GitHub\master-2025\3-Datasets\img-lcm\img_dir_annotated\train\uninfected\2022_03_21_11_03_09_35_cell0004.png,0,transpose,5968,ok,0,0.0,0
train,2022_03_21_11_03_09_35,5,"(403, 1993, 455, 2035)",0.0,0,C:\Users\sthem\OneDrive\Documentos\GitHub\master-2025\3-Datasets\img-lcm\img_dir_annotated\train\uninfected\2022_03_21_11_03_09_35_cell0005.png,0,transpose,5968,ok,0,0.0,0
train,2022_03_21_11_03_09_35,6,"(431, 1106, 563, 1169)",0.0,0,C:\Users\sthem\OneDrive\Documentos\GitHub\master-2025\3-Datasets\img-lcm\img_dir_annotated\train\uninfected\2022_03_21_11_03_09_35_cell0006.png,0,transpose,5968,ok,0,0.0,0
train,2022_03_21_11_03_09_35,7,"(452, 1987, 512, 2039)",0.5867112411199331,1,C:\Users\sthem\OneDrive\Documentos\GitHub\master-2025\3-Datasets\img-lcm\img_dir_annotated\train\infected\2022_03_21_11_03_09_35_cell0007.png,0,transpose,5968,ok,1,0.6288461538461538,1962
train,2022_03_21_11_03_09_35,8,"(528, 495, 596, 550)",0.6081404628890662,1,C:\Users\sthem\OneDrive\Documentos\GitHub\master-2025\3-Datasets\img-lcm\img_dir_annotated\train\infected\2022_03_21_11_03_09_35_cell0008.png,0,transpose,5968,ok,1,0.6232620320855615,2331
train,2022_03_21_11_03_09_35,9,"(554, 1145, 624, 1224)",0.0,0,C:\Users\sthem\OneDrive\Documentos\GitHub\master-2025\3-Datasets\img-lcm\img_dir_annotated\train\uninfected\2022_03_21_11_03_09_35_cell0009.png,0,transpose,5968,ok,0,0.0,0
train,2022_03_21_11_03_09_35,10,"(569, 793, 619, 845)",0.7567040468064359,1,C:\Users\sthem\OneDrive\Documentos\GitHub\master-2025\3-Datasets\img-lcm\img_dir_annotated\train\infected\2022_03_21_11_03_09_35_cell0010.png,0,transpose,5968,ok,1,0.7634615384615384,1985
train,2022_03_21_11_03_09_35,11,"(630, 1041, 698, 1106)",0.0,0,C:\Users\sthem\OneDrive\Documentos\GitHub\master-2025\3-Datasets\img-lcm\img_dir_annotated\train\uninfected\2022_03_21_11_03_09_35_cell0011.png,0,transpose,5968,ok,0,0.0,0
train,2022_03_21_11_03_09_35,12,"(657, 1770, 709, 1824)",0.0,0,C:\Users\sthem\OneDrive\Documentos\GitHub\master-2025\3-Datasets\img-lcm\img_dir_annotated\train\uninfected\2022_03_21_11_03_09_35_cell0012.png,0,transpose,5968,ok,0,0.0,0
train,2022_03_21_11_03_09_35,13,"(698, 1350, 749, 1396)",0.0,0,C:\Users\sthem\OneDrive\Documentos\GitHub\master-2025\3-Datasets\img-lcm\img_dir_annotated\train\uninfected\2022_03_21_11_03_09_35_cell0013.png,0,transpose,5968,ok,0,0.0,0
train,2022_03_21_11_03_09_35,14,"(742, 1073, 840, 1152)",0.0,0,C:\Users\sthem\OneDrive\Documentos\GitHub\master-2025\3-Datasets\img-lcm\img_dir_annotated\train\uninfected\2022_03_21_11_03_09_35_cell0014.png,0,transpose,5968,ok,0,0.0,0
train,2022_03_21_11_03_09_35,15,"(869, 303, 883, 319)",0.0,0,C:\Users\sthem\OneDrive\Documentos\GitHub\master-2025\3-Datasets\img-lcm\img_dir_annotated\train\uninfected\2022_03_21_11_03_09_35_cell0015.png,0,transpose,5968,ok,0,0.0,0
train,2022_03_21_11_03_09_35,16,"(926, 544, 994, 600)",0.0,0,C:\Users\sthem\OneDrive\Documentos\GitHub\master-2025\3-Datasets\img-lcm\img_dir_annotated\train\uninfected\2022_03_21_11_03_09_35_cell0016.png,0,transpose,5968,ok,0,0.0,0
train,2022_03_21_11_03_09_35,17,"(969, 1575, 1040, 1648)",0.0,0,C:\Users\sthem\OneDrive\Documentos\GitHub\master-2025\3-Datasets\img-lcm\img_dir_annotated\train\uninfected\2022_03_21_11_03_09_35_cell0017.png,0,transpose,5968,ok,0,0.0,0
train,2022_03_21_11_03_09_35,18,"(997, 1108, 1078, 1173)",0.0,0,C:\Users\sthem\OneDrive\Documentos\GitHub\master-2025\3-Datasets\img-lcm\img_dir_annotated\train\uninfected\2022_03_21_11_03_09_35_cell0018.png,0,transpose,5968,ok,0,0.0,0
train,2022_03_21_11_03_09_35,19,"(1012, 127, 1069, 175)",0.0,0,C:\Users\sthem\OneDrive\Documentos\GitHub\master-2025\3-Datasets\img-lcm\img_dir_annotated\train\uninfected\2022_03_21_11_03_09_35_cell0019.png,0,transpose,5968,ok,0,0.0,0
train,2022_03_21_11_03_09_43,1,"(1, 1844, 47, 1889)",0.0,0,C:\Users\sthem\OneDrive\Documentos\GitHub\master-2025\3-Datasets\img-lcm\img_dir_annotated\train\uninfected\2022_03_21_11_03_09_43_cell0001.png,0,transpose,5373,ok,0,0.0,0
train,2022_03_21_11_03_09_43,2,"(12, 1337, 82, 1398)",0.0,0,C:\Users\sthem\OneDrive\Documentos\GitHub\master-2025\3-Datasets\img-lcm\img_dir_annotated\train\uninfected\2022_03_21_11_03_09_43_cell0002.png,0,transpose,5373,ok,0,0.0,0
train,2022_03_21_11_03_09_43,3,"(25, 639, 97, 687)",0.0,0,C:\Users\sthem\OneDrive\Documentos\GitHub\master-2025\3-Datasets\img-lcm\img_dir_annotated\train\uninfected\2022_03_21_11_03_09_43_cell0003.png,0,transpose,5373,ok,0,0.0,0
train,2022_03_21_11_03_09_43,4,"(71, 1, 130, 25)",0.0,0,C:\Users\sthem\OneDrive\Documentos\GitHub\master-2025\3-Datasets\img-lcm\img_dir_annotated\train\uninfected\2022_03_21_11_03_09_43_cell0004.png,0,transpose,5373,ok,0,0.0,0
train,2022_03_21_11_03_09_43,5,"(88, 449, 149, 544)",0.0,0,C:\Users\sthem\OneDrive\Documentos\GitHub\master-2025\3-Datasets\img-lcm\img_dir_annotated\train\uninfected\2022_03_21_11_03_09_43_cell0005.png,0,transpose,5373,ok,0,0.0,0
train,2022_03_21_11_03_09_43,6,"(135, 585, 227, 688)",0.0,0,C:\Users\sthem\OneDrive\Documentos\GitHub\master-2025\3-Datasets\img-lcm\img_dir_annotated\train\uninfected\2022_03_21_11_03_09_43_cell0006.png,0,transpose,5373,ok,0,0.0,0
train,2022_03_21_11_03_09_43,7,"(173, 706, 253, 768)",0.0,0,C:\Users\sthem\OneDrive\Documentos\GitHub\master-2025\3-Datasets\img-lcm\img_dir_annotated\train\uninfected\2022_03_21_11_03_09_43_cell0007.png,0,transpose,5373,ok,0,0.0,0
train,2022_03_21_11_03_09_43,8,"(263, 793, 366, 858)",0.0,0,C:\Users\sthem\OneDrive\Documentos\GitHub\master-2025\3-Datasets\img-lcm\img_dir_annotated\train\uninfected\2022_03_21_11_03_09_43_cell0008.png,0,transpose,5373,ok,0,0.0,0
train,2022_03_21_11_03_09_43,9,"(297, 1825, 357, 1871)",0.0,0,C:\Users\sthem\OneDrive\Documentos\GitHub\master-2025\3-Datasets\img-lcm\img_dir_annotated\train\uninfected\2022_03_21_11_03_09_43_cell0009.png,0,transpose,5373,ok,0,0.0,0
train,2022_03_21_11_03_09_43,10,"(375, 1274, 445, 1335)",0.0,0,C:\Users\sthem\OneDrive\Documentos\GitHub\master-2025\3-Datasets\img-lcm\img_dir_annotated\train\uninfected\2022_03_21_11_03_09_43_cell0010.png,0,transpose,5373,ok,0,0.0,0
train,2022_03_21_11_03_09_43,11,"(412, 323, 420, 332)",0.0,0,C:\Users\sthem\OneDrive\Documentos\GitHub\master-2025\3-Datasets\img-lcm\img_dir_annotated\train\uninfected\2022_03_21_11_03_09_43_cell0011.png,0,transpose,5373,ok,0,0.0,0
train,2022_03_21_11_03_09_43,12,"(436, 1629, 488, 1668)",0.0,0,C:\Users\sthem\OneDrive\Documentos\GitHub\master-2025\3-Datasets\img-lcm\img_dir_annotated\train\uninfected\2022_03_21_11_03_09_43_cell0012.png,0,transpose,5373,ok,0,0.0,0
train,2022_03_21_11_03_09_43,13,"(440, 1897, 505, 1965)",0.0,0,C:\Users\sthem\OneDrive\Documentos\GitHub\master-2025\3-Datasets\img-lcm\img_dir_annotated\train\uninfected\2022_03_21_11_03_09_43_cell0013.png,0,transpose,5373,ok,0,0.0,0
train,2022_03_21_11_03_09_43,14,"(460, 1779, 530, 1842)",0.0,0,C:\Users\sthem\OneDrive\Documentos\GitHub\master-2025\3-Datasets\img-lcm\img_dir_annotated\train\uninfected\2022_03_21_11_03_09_43_cell0014.png,0,transpose,5373,ok,0,0.0,0
train,2022_03_21_11_03_09_43,15,"(603, 218, 671, 285)",0.5505296306899513,1,C:\Users\sthem\OneDrive\Documentos\GitHub\master-2025\3-Datasets\img-lcm\img_dir_annotated\train\infected\2022_03_21_11_03_09_43_cell0015.png,0,transpose,5373,ok,1,0.5590430201931519,2547
train,2022_03_21_11_03_09_43,16,"(650, 1490, 726, 1538)",0.0,0,C:\Users\sthem\OneDrive\Documentos\GitHub\master-2025\3-Datasets\img-lcm\img_dir_annotated\train\uninfected\2022_03_21_11_03_09_43_cell0016.png,0,transpose,5373,ok,0,0.0,0
train,2022_03_21_11_03_09_43,17,"(650, 1940, 704, 2014)",0.0,0,C:\Users\sthem\OneDrive\Documentos\GitHub\master-2025\3-Datasets\img-lcm\img_dir_annotated\train\uninfected\2022_03_21_11_03_09_43_cell0017.png,0,transpose,5373,ok,0,0.0,0
train,2022_03_21_11_03_09_43,18,"(684, 1666, 745, 1710)",0.0,0,C:\Users\sthem\OneDrive\Documentos\GitHub\master-2025\3-Datasets\img-lcm\img_dir_annotated\train\uninfected\2022_03_21_11_03_09_43_cell0018.png,0,transpose,5373,ok,0,0.0,0
train,2022_03_21_11_03_09_43,19,"(690, 517, 746, 585)",0.0,0,C:\Users\sthem\OneDrive\Documentos\GitHub\master-2025\3-Datasets\img-lcm\img_dir_annotated\train\uninfected\2022_03_21_11_03_09_43_cell0019.png,0,transpose,5373,ok,0,0.0,0
train,2022_03_21_11_03_09_43,20,"(709, 660, 770, 737)",0.0,0,C:\Users\sthem\OneDrive\Documentos\GitHub\master-2025\3-Datasets\img-lcm\img_dir_annotated\train\uninfected\2022_03_21_11_03_09_43_cell0020.png,0,transpose,5373,ok,0,0.0,0
train,2022_03_21_11_03_09_43,21,"(758, 542, 861, 639)",0.0,0,C:\Users\sthem\OneDrive\Documentos\GitHub\master-2025\3-Datasets\img-lcm\img_dir_annotated\train\uninfected\2022_03_21_11_03_09_43_cell0021.png,0,transpose,5373,ok,0,0.0,0
train,2022_03_21_11_03_09_43,22,"(773, 1758, 846, 1812)",0.0,0,C:\Users\sthem\OneDrive\Documentos\GitHub\master-2025\3-Datasets\img-lcm\img_dir_annotated\train\uninfected\2022_03_21_11_03_09_43_cell0022.png,0,transpose,5373,ok,0,0.0,0
train,2022_03_21_11_03_09_43,23,"(806, 1041, 861, 1123)",0.0,0,C:\Users\sthem\OneDrive\Documentos\GitHub\master-2025\3-Datasets\img-lcm\img_dir_annotated\train\uninfected\2022_03_21_11_03_09_43_cell0023.png,0,transpose,5373,ok,0,0.0,0
train,2022_03_21_11_03_09_43,24,"(816, 923, 890, 980)",0.0,0,C:\Users\sthem\OneDrive\Documentos\GitHub\master-2025\3-Datasets\img-lcm\img_dir_annotated\train\uninfected\2022_03_21_11_03_09_43_cell0024.png,0,transpose,5373,ok,0,0.0,0
train,2022_03_21_11_03_09_43,25,"(910, 2002, 973, 2047)",0.0,0,C:\Users\sthem\OneDrive\Documentos\GitHub\master-2025\3-Datasets\img-lcm\img_dir_annotated\train\uninfected\2022_03_21_11_03_09_43_cell0025.png,0,transpose,5373,ok,0,0.0,0
train,2022_03_21_11_03_09_43,26,"(927, 1580, 987, 1618)",0.867655447803765,1,C:\Users\sthem\OneDrive\Documentos\GitHub\master-2025\3-Datasets\img-lcm\img_dir_annotated\train\infected\2022_03_21_11_03_09_43_cell0026.png,0,transpose,5373,ok,1,0.8719298245614036,1988
train,2022_03_21_11_03_09_43,27,"(954, 1186, 1022, 1246)",0.6102499209111041,1,C:\Users\sthem\OneDrive\Documentos\GitHub\master-2025\3-Datasets\img-lcm\img_dir_annotated\train\infected\2022_03_21_11_03_09_43_cell0027.png,0,transpose,5373,ok,1,0.6257352941176471,2553
train,2022_03_21_11_03_09_43,28,"(1013, 2006, 1081, 2047)",0.0,0,C:\Users\sthem\OneDrive\Documentos\GitHub\master-2025\3-Datasets\img-lcm\img_dir_annotated\train\uninfected\2022_03_21_11_03_09_43_cell0028.png,0,transpose,5373,ok,0,0.0,0
train,2022_03_21_11_03_09_51,1,"(46, 885, 119, 959)",0.4156656656656656,1,C:\Users\sthem\OneDrive\Documentos\GitHub\master-2025\3-Datasets\img-lcm\img_dir_annotated\train\infected\2022_03_21_11_03_09_51_cell0001.png,0,transpose,5733,ok,1,0.4163272861902999,2249
train,2022_03_21_11_03_09_51,2,"(249, 1730, 312, 1790)",0.5585070611970411,1,C:\Users\sthem\OneDrive\Documentos\GitHub\master-2025\3-Datasets\img-lcm\img_dir_annotated\train\infected\2022_03_21_11_03_09_51_cell0002.png,0,transpose,5733,ok,1,0.5949735449735449,2249
train,2022_03_21_11_03_09_51,3,"(263, 1273, 335, 1345)",0.0,0,C:\Users\sthem\OneDrive\Documentos\GitHub\master-2025\3-Datasets\img-lcm\img_dir_annotated\train\uninfected\2022_03_21_11_03_09_51_cell0003.png,0,transpose,5733,ok,0,0.0,0
train,2022_03_21_11_03_09_51,4,"(297, 1559, 334, 1630)",0.0,0,C:\Users\sthem\OneDrive\Documentos\GitHub\master-2025\3-Datasets\img-lcm\img_dir_annotated\train\uninfected\2022_03_21_11_03_09_51_cell0004.png,0,transpose,5733,ok,0,0.0,0
train,2022_03_21_11_03_09_51,5,"(393, 0, 442, 31)",0.0,0,C:\Users\sthem\OneDrive\Documentos\GitHub\master-2025\3-Datasets\img-lcm\img_dir_annotated\train\uninfected\2022_03_21_11_03_09_51_cell0005.png,0,transpose,5733,ok,0,0.0,0
train,2022_03_21_11_03_09_51,6,"(471, 1634, 560, 1717)",0.0,0,C:\Users\sthem\OneDrive\Documentos\GitHub\master-2025\3-Datasets\img-lcm\img_dir_annotated\train\uninfected\2022_03_21_11_03_09_51_cell0006.png,0,transpose,5733,ok,0,0.0,0
train,2022_03_21_11_03_09_51,7,"(494, 1395, 557, 1449)",0.9395946999220576,1,C:\Users\sthem\OneDrive\Documentos\GitHub\master-2025\3-Datasets\img-lcm\img_dir_annotated\train\infected\2022_03_21_11_03_09_51_cell0007.png,0,transpose,5733,ok,1,0.9071134626690183,3086
train,2022_03_21_11_03_09_51,8,"(576, 1658, 658, 1743)",0.0,0,C:\Users\sthem\OneDrive\Documentos\GitHub\master-2025\3-Datasets\img-lcm\img_dir_annotated\train\uninfected\2022_03_21_11_03_09_51_cell0008.png,0,transpose,5733,ok,0,0.0,0
train,2022_03_21_11_03_09_51,9,"(673, 1918, 730, 1979)",0.0,0,C:\Users\sthem\OneDrive\Documentos\GitHub\master-2025\3-Datasets\img-lcm\img_dir_annotated\train\uninfected\2022_03_21_11_03_09_51_cell0009.png,0,transpose,5733,ok,0,0.0,0
train,2022_03_21_11_03_09_51,10,"(687, 61, 751, 144)",0.0,0,C:\Users\sthem\OneDrive\Documentos\GitHub\master-2025\3-Datasets\img-lcm\img_dir_annotated\train\uninfected\2022_03_21_11_03_09_51_cell0010.png,0,transpose,5733,ok,0,0.0,0
train,2022_03_21_11_03_09_51,11,"(750, 1705, 837, 1784)",0.0,0,C:\Users\sthem\OneDrive\Documentos\GitHub\master-2025\3-Datasets\img-lcm\img_dir_annotated\train\uninfected\2022_03_21_11_03_09_51_cell0011.png,0,transpose,5733,ok,0,0.0,0
train,2022_03_21_11_03_09_51,12,"(781, 1324, 839, 1396)",0.0,0,C:\Users\sthem\OneDrive\Documentos\GitHub\master-2025\3-Datasets\img-lcm\img_dir_annotated\train\uninfected\2022_03_21_11_03_09_51_cell0012.png,0,transpose,5733,ok,0,0.0,0
train,2022_03_21_11_03_09_51,13,"(787, 1798, 845, 1876)",0.0,0,C:\Users\sthem\OneDrive\Documentos\GitHub\master-2025\3-Datasets\img-lcm\img_dir_annotated\train\uninfected\2022_03_21_11_03_09_51_cell0013.png,0,transpose,5733,ok,0,0.0,0
train,2022_03_21_11_03_09_51,14,"(917, 1717, 984, 1792)",0.0,0,C:\Users\sthem\OneDrive\Documentos\GitHub\master-2025\3-Datasets\img-lcm\img_dir_annotated\train\uninfected\2022_03_21_11_03_09_51_cell0014.png,0,transpose,5733,ok,0,0.0,0
train,2022_03_21_11_03_09_60,1,"(0, 1662, 49, 1680)",0.0,0,C:\Users\sthem\OneDrive\Documentos\GitHub\master-2025\3-Datasets\img-lcm\img_dir_annotated\train\uninfected\2022_03_21_11_03_09_60_cell0001.png,0,transpose,7974,ok,0,0.0,0
train,2022_03_21_11_03_09_60,2,"(173, 575, 232, 638)",0.0,0,C:\Users\sthem\OneDrive\Documentos\GitHub\master-2025\3-Datasets\img-lcm\img_dir_annotated\train\uninfected\2022_03_21_11_03_09_60_cell0002.png,0,transpose,7974,ok,0,0.0,0
train,2022_03_21_11_03_09_60,3,"(201, 873, 260, 923)",0.0,0,C:\Users\sthem\OneDrive\Documentos\GitHub\master-2025\3-Datasets\img-lcm\img_dir_annotated\train\uninfected\2022_03_21_11_03_09_60_cell0003.png,0,transpose,7974,ok,0,0.0,0
train,2022_03_21_11_03_09_60,4,"(204, 443, 288, 491)",0.0,0,C:\Users\sthem\OneDrive\Documentos\GitHub\master-2025\3-Datasets\img-lcm\img_dir_annotated\train\uninfected\2022_03_21_11_03_09_60_cell0004.png,0,transpose,7974,ok,0,0.0,0
train,2022_03_21_11_03_09_60,5,"(310, 1392, 377, 1460)",0.0,0,C:\Users\sthem\OneDrive\Documentos\GitHub\master-2025\3-Datasets\img-lcm\img_dir_annotated\train\uninfected\2022_03_21_11_03_09_60_cell0005.png,0,transpose,7974,ok,0,0.0,0
train,2022_03_21_11_03_09_60,6,"(310, 1460, 379, 1514)",0.0,0,C:\Users\sthem\OneDrive\Documentos\GitHub\master-2025\3-Datasets\img-lcm\img_dir_annotated\train\uninfected\2022_03_21_11_03_09_60_cell0006.png,0,transpose,7974,ok,0,0.0,0
train,2022_03_21_11_03_09_60,7,"(406, 658, 463, 703)",0.7802030456852792,1,C:\Users\sthem\OneDrive\Documentos\GitHub\master-2025\3-Datasets\img-lcm\img_dir_annotated\train\infected\2022_03_21_11_03_09_60_cell0007.png,0,transpose,7974,ok,1,0.7859649122807018,2016
train,2022_03_21_11_03_09_60,8,"(419, 238, 486, 311)",0.0,0,C:\Users\sthem\OneDrive\Documentos\GitHub\master-2025\3-Datasets\img-lcm\img_dir_annotated\train\uninfected\2022_03_21_11_03_09_60_cell0008.png,0,transpose,7974,ok,0,0.0,0
train,2022_03_21_11_03_09_60,9,"(526, 878, 642, 983)",0.0,0,C:\Users\sthem\OneDrive\Documentos\GitHub\master-2025\3-Datasets\img-lcm\img_dir_annotated\train\uninfected\2022_03_21_11_03_09_60_cell0009.png,0,transpose,7974,ok,0,0.0,0
train,2022_03_21_11_03_09_60,10,"(577, 636, 691, 754)",0.0,0,C:\Users\sthem\OneDrive\Documentos\GitHub\master-2025\3-Datasets\img-lcm\img_dir_annotated\train\uninfected\2022_03_21_11_03_09_60_cell0010.png,0,transpose,7974,ok,0,0.0,0
train,2022_03_21_11_03_09_60,11,"(582, 146, 663, 206)",0.581621906266456,1,C:\Users\sthem\OneDrive\Documentos\GitHub\master-2025\3-Datasets\img-lcm\img_dir_annotated\train\infected\2022_03_21_11_03_09_60_cell0011.png,0,transpose,7974,ok,1,0.5901234567901235,2868
train,2022_03_21_11_03_09_60,12,"(622, 1424, 682, 1488)",0.7365269461077845,1,C:\Users\sthem\OneDrive\Documentos\GitHub\master-2025\3-Datasets\img-lcm\img_dir_annotated\train\infected\2022_03_21_11_03_09_60_cell0012.png,0,transpose,7974,ok,1,0.7395833333333334,2840
train,2022_03_21_11_03_09_60,13,"(622, 2013, 677, 2047)",0.0,0,C:\Users\sthem\OneDrive\Documentos\GitHub\master-2025\3-Datasets\img-lcm\img_dir_annotated\train\uninfected\2022_03_21_11_03_09_60_cell0013.png,0,transpose,7974,ok,0,0.0,0
train,2022_03_21_11_03_09_60,14,"(708, 1620, 772, 1671)",0.0,0,C:\Users\sthem\OneDrive\Documentos\GitHub\master-2025\3-Datasets\img-lcm\img_dir_annotated\train\uninfected\2022_03_21_11_03_09_60_cell0014.png,0,transpose,7974,ok,0,0.0,0
train,2022_03_21_11_03_09_60,15,"(741, 542, 804, 583)",0.0,0,C:\Users\sthem\OneDrive\Documentos\GitHub\master-2025\3-Datasets\img-lcm\img_dir_annotated\train\uninfected\2022_03_21_11_03_09_60_cell0015.png,0,transpose,7974,ok,0,0.0,0
train,2022_03_21_11_03_09_60,16,"(745, 342, 820, 404)",0.0,0,C:\Users\sthem\OneDrive\Documentos\GitHub\master-2025\3-Datasets\img-lcm\img_dir_annotated\train\uninfected\2022_03_21_11_03_09_60_cell0016.png,0,transpose,7974,ok,0,0.0,0
train,2022_03_21_11_03_09_60,17,"(799, 2004, 867, 2048)",0.0,0,C:\Users\sthem\OneDrive\Documentos\GitHub\master-2025\3-Datasets\img-lcm\img_dir_annotated\train\uninfected\2022_03_21_11_03_09_60_cell0017.png,0,transpose,7974,ok,0,0.0,0
train,2022_03_21_11_03_09_60,18,"(999, 1230, 1062, 1299)",0.0,0,C:\Users\sthem\OneDrive\Documentos\GitHub\master-2025\3-Datasets\img-lcm\img_dir_annotated\train\uninfected\2022_03_21_11_03_09_60_cell0018.png,0,transpose,7974,ok,0,0.0,0
train,2022_03_21_11_03_09_60,19,"(1032, 890, 1088, 942)",0.849789029535865,1,C:\Users\sthem\OneDrive\Documentos\GitHub\master-2025\3-Datasets\img-lcm\img_dir_annotated\train\infected\2022_03_21_11_03_09_60_cell0019.png,0,transpose,7974,ok,1,0.8413461538461539,2450
train,2022_03_21_11_03_09_68,1,"(0, 1391, 52, 1436)",0.0,0,C:\Users\sthem\OneDrive\Documentos\GitHub\master-2025\3-Datasets\img-lcm\img_dir_annotated\train\uninfected\2022_03_21_11_03_09_68_cell0001.png,0,transpose,9706,ok,0,0.0,0
train,2022_03_21_11_03_09_68,2,"(50, 1240, 130, 1311)",0.0,0,C:\Users\sthem\OneDrive\Documentos\GitHub\master-2025\3-Datasets\img-lcm\img_dir_annotated\train\uninfected\2022_03_21_11_03_09_68_cell0002.png,0,transpose,9706,ok,0,0.0,0
train,2022_03_21_11_03_09_68,3,"(132, 615, 208, 693)",0.0,0,C:\Users\sthem\OneDrive\Documentos\GitHub\master-2025\3-Datasets\img-lcm\img_dir_annotated\train\uninfected\2022_03_21_11_03_09_68_cell0003.png,0,transpose,9706,ok,0,0.0,0
train,2022_03_21_11_03_09_68,4,"(174, 1108, 239, 1170)",0.0,0,C:\Users\sthem\OneDrive\Documentos\GitHub\master-2025\3-Datasets\img-lcm\img_dir_annotated\train\uninfected\2022_03_21_11_03_09_68_cell0004.png,0,transpose,9706,ok,0,0.0,0
train,2022_03_21_11_03_09_68,5,"(248, 1862, 297, 1931)",0.0,0,C:\Users\sthem\OneDrive\Documentos\GitHub\master-2025\3-Datasets\img-lcm\img_dir_annotated\train\uninfected\2022_03_21_11_03_09_68_cell0005.png,0,transpose,9706,ok,0,0.0,0
train,2022_03_21_11_03_09_68,6,"(259, 581, 344, 653)",0.7152075715207572,1,C:\Users\sthem\OneDrive\Documentos\GitHub\master-2025\3-Datasets\img-lcm\img_dir_annotated\train\infected\2022_03_21_11_03_09_68_cell0006.png,0,transpose,9706,ok,1,0.6784313725490196,4152
train,2022_03_21_11_03_09_68,7,"(297, 1942, 372, 2040)",0.0,0,C:\Users\sthem\OneDrive\Documentos\GitHub\master-2025\3-Datasets\img-lcm\img_dir_annotated\train\uninfected\2022_03_21_11_03_09_68_cell0007.png,0,transpose,9706,ok,0,0.0,0
train,2022_03_21_11_03_09_68,8,"(371, 128, 379, 136)",0.0,0,C:\Users\sthem\OneDrive\Documentos\GitHub\master-2025\3-Datasets\img-lcm\img_dir_annotated\train\uninfected\2022_03_21_11_03_09_68_cell0008.png,0,transpose,9706,ok,0,0.0,0
train,2022_03_21_11_03_09_68,9,"(372, 828, 462, 941)",0.0,0,C:\Users\sthem\OneDrive\Documentos\GitHub\master-2025\3-Datasets\img-lcm\img_dir_annotated\train\uninfected\2022_03_21_11_03_09_68_cell0009.png,0,transpose,9706,ok,0,0.0,0
train,2022_03_21_11_03_09_68,10,"(395, 1084, 455, 1156)",0.0,0,C:\Users\sthem\OneDrive\Documentos\GitHub\master-2025\3-Datasets\img-lcm\img_dir_annotated\train\uninfected\2022_03_21_11_03_09_68_cell0010.png,0,transpose,9706,ok,0,0.0,0
train,2022_03_21_11_03_09_68,11,"(411, 322, 421, 333)",0.0,0,C:\Users\sthem\OneDrive\Documentos\GitHub\master-2025\3-Datasets\img-lcm\img_dir_annotated\train\uninfected\2022_03_21_11_03_09_68_cell0011.png,0,transpose,9706,ok,0,0.0,0
train,2022_03_21_11_03_09_68,12,"(415, 99, 424, 107)",0.0,0,C:\Users\sthem\OneDrive\Documentos\GitHub\master-2025\3-Datasets\img-lcm\img_dir_annotated\train\uninfected\2022_03_21_11_03_09_68_cell0012.png,0,transpose,9706,ok,0,0.0,0
train,2022_03_21_11_03_09_68,13,"(694, 187, 753, 252)",0.943363446838082,1,C:\Users\sthem\OneDrive\Documentos\GitHub\master-2025\3-Datasets\img-lcm\img_dir_annotated\train\infected\2022_03_21_11_03_09_68_cell0013.png,0,transpose,9706,ok,1,0.9374185136897001,3595
train,2022_03_21_11_03_09_68,14,"(697, 776, 762, 843)",0.9264354066985646,1,C:\Users\sthem\OneDrive\Documentos\GitHub\master-2025\3-Datasets\img-lcm\img_dir_annotated\train\infected\2022_03_21_11_03_09_68_cell0014.png,0,transpose,9706,ok,1,0.896211251435132,3903
train,2022_03_21_11_03_09_68,15,"(721, 1225, 777, 1273)",0.0,0,C:\Users\sthem\OneDrive\Documentos\GitHub\master-2025\3-Datasets\img-lcm\img_dir_annotated\train\uninfected\2022_03_21_11_03_09_68_cell0015.png,0,transpose,9706,ok,0,0.0,0
train,2022_03_21_11_03_09_68,16,"(723, 276, 769, 329)",0.0,0,C:\Users\sthem\OneDrive\Documentos\GitHub\master-2025\3-Datasets\img-lcm\img_dir_annotated\train\uninfected\2022_03_21_11_03_09_68_cell0016.png,0,transpose,9706,ok,0,0.0,0
train,2022_03_21_11_03_09_68,17,"(753, 458, 827, 539)",0.0,0,C:\Users\sthem\OneDrive\Documentos\GitHub\master-2025\3-Datasets\img-lcm\img_dir_annotated\train\uninfected\2022_03_21_11_03_09_68_cell0017.png,0,transpose,9706,ok,0,0.0,0
train,2022_03_21_11_03_09_68,18,"(766, 1041, 821, 1110)",0.0,0,C:\Users\sthem\OneDrive\Documentos\GitHub\master-2025\3-Datasets\img-lcm\img_dir_annotated\train\uninfected\2022_03_21_11_03_09_68_cell0018.png,0,transpose,9706,ok,0,0.0,0
train,2022_03_21_11_03_09_68,19,"(771, 846, 833, 922)",0.0,0,C:\Users\sthem\OneDrive\Documentos\GitHub\master-2025\3-Datasets\img-lcm\img_dir_annotated\train\uninfected\2022_03_21_11_03_09_68_cell0019.png,0,transpose,9706,ok,0,0.0,0
train,2022_03_21_11_03_09_68,20,"(782, 1710, 846, 1744)",0.0,0,C:\Users\sthem\OneDrive\Documentos\GitHub\master-2025\3-Datasets\img-lcm\img_dir_annotated\train\uninfected\2022_03_21_11_03_09_68_cell0020.png,0,transpose,9706,ok,0,0.0,0
train,2022_03_21_11_03_09_68,21,"(1029, 1233, 1087, 1301)",0.0,0,C:\Users\sthem\OneDrive\Documentos\GitHub\master-2025\3-Datasets\img-lcm\img_dir_annotated\train\uninfected\2022_03_21_11_03_09_68_cell0021.png,0,transpose,9706,ok,0,0.0,0
train,2022_03_21_11_03_09_68,22,"(1054, 847, 1088, 903)",0.3676375404530744,1,C:\Users\sthem\OneDrive\Documentos\GitHub\master-2025\3-Datasets\img-lcm\img_dir_annotated\train\infected\2022_03_21_11_03_09_68_cell0022.png,0,transpose,9706,ok,1,0.4275210084033613,814
train,2022_03_21_11_03_09_85,1,"(11, 1747, 70, 1805)",0.0,0,C:\Users\sthem\OneDrive\Documentos\GitHub\master-2025\3-Datasets\img-lcm\img_dir_annotated\train\uninfected\2022_03_21_11_03_09_85_cell0001.png,0,transpose,7619,ok,0,0.0,0
train,2022_03_21_11_03_09_85,2,"(24, 1934, 104, 1999)",0.0,0,C:\Users\sthem\OneDrive\Documentos\GitHub\master-2025\3-Datasets\img-lcm\img_dir_annotated\train\uninfected\2022_03_21_11_03_09_85_cell0002.png,0,transpose,7619,ok,0,0.0,0
train,2022_03_21_11_03_09_85,3,"(65, 1716, 130, 1783)",0.0,0,C:\Users\sthem\OneDrive\Documentos\GitHub\master-2025\3-Datasets\img-lcm\img_dir_annotated\train\uninfected\2022_03_21_11_03_09_85_cell0003.png,0,transpose,7619,ok,0,0.0,0
train,2022_03_21_11_03_09_85,4,"(220, 448, 291, 509)",0.0,0,C:\Users\sthem\OneDrive\Documentos\GitHub\master-2025\3-Datasets\img-lcm\img_dir_annotated\train\uninfected\2022_03_21_11_03_09_85_cell0004.png,0,transpose,7619,ok,0,0.0,0
train,2022_03_21_11_03_09_85,5,"(370, 127, 380, 137)",0.0,0,C:\Users\sthem\OneDrive\Documentos\GitHub\master-2025\3-Datasets\img-lcm\img_dir_annotated\train\uninfected\2022_03_21_11_03_09_85_cell0005.png,0,transpose,7619,ok,0,0.0,0
train,2022_03_21_11_03_09_85,6,"(389, 920, 481, 1007)",0.0,0,C:\Users\sthem\OneDrive\Documentos\GitHub\master-2025\3-Datasets\img-lcm\img_dir_annotated\train\uninfected\2022_03_21_11_03_09_85_cell0006.png,0,transpose,7619,ok,0,0.0,0
train,2022_03_21_11_03_09_85,7,"(403, 1047, 471, 1109)",0.4769736842105263,1,C:\Users\sthem\OneDrive\Documentos\GitHub\master-2025\3-Datasets\img-lcm\img_dir_annotated\train\infected\2022_03_21_11_03_09_85_cell0007.png,0,transpose,7619,ok,1,0.514943074003795,2171
train,2022_03_21_11_03_09_85,8,"(415, 98, 425, 108)",0.0,0,C:\Users\sthem\OneDrive\Documentos\GitHub\master-2025\3-Datasets\img-lcm\img_dir_annotated\train\uninfected\2022_03_21_11_03_09_85_cell0008.png,0,transpose,7619,ok,0,0.0,0
train,2022_03_21_11_03_09_85,9,"(456, 62, 465, 71)",0.0,0,C:\Users\sthem\OneDrive\Documentos\GitHub\master-2025\3-Datasets\img-lcm\img_dir_annotated\train\uninfected\2022_03_21_11_03_09_85_cell0009.png,0,transpose,7619,ok,0,0.0,0
train,2022_03_21_11_03_09_85,10,"(472, 1174, 533, 1236)",0.6953488372093023,1,C:\Users\sthem\OneDrive\Documentos\GitHub\master-2025\3-Datasets\img-lcm\img_dir_annotated\train\infected\2022_03_21_11_03_09_85_cell0010.png,0,transpose,7619,ok,1,0.709941829719725,2685
train,2022_03_21_11_03_09_85,11,"(529, 886, 594, 939)",0.0,0,C:\Users\sthem\OneDrive\Documentos\GitHub\master-2025\3-Datasets\img-lcm\img_dir_annotated\train\uninfected\2022_03_21_11_03_09_85_cell0011.png,0,transpose,7619,ok,0,0.0,0
train,2022_03_21_11_03_09_85,12,"(648, 1786, 722, 1834)",0.0,0,C:\Users\sthem\OneDrive\Documentos\GitHub\master-2025\3-Datasets\img-lcm\img_dir_annotated\train\uninfected\2022_03_21_11_03_09_85_cell0012.png,0,transpose,7619,ok,0,0.0,0
train,2022_03_21_11_03_09_85,13,"(650, 1574, 733, 1631)",0.4281835460222644,1,C:\Users\sthem\OneDrive\Documentos\GitHub\master-2025\3-Datasets\img-lcm\img_dir_annotated\train\infected\2022_03_21_11_03_09_85_cell0013.png,0,transpose,7619,ok,1,0.43775100401606426,2071
train,2022_03_21_11_03_09_85,14,"(668, 1453, 757, 1531)",0.0,0,C:\Users\sthem\OneDrive\Documentos\GitHub\master-2025\3-Datasets\img-lcm\img_dir_annotated\train\uninfected\2022_03_21_11_03_09_85_cell0014.png,0,transpose,7619,ok,0,0.0,0
train,2022_03_21_11_03_09_85,15,"(669, 259, 740, 318)",0.0,0,C:\Users\sthem\OneDrive\Documentos\GitHub\master-2025\3-Datasets\img-lcm\img_dir_annotated\train\uninfected\2022_03_21_11_03_09_85_cell0015.png,0,transpose,7619,ok,0,0.0,0
train,2022_03_21_11_03_09_85,16,"(722, 95, 787, 157)",0.7595998709261051,1,C:\Users\sthem\OneDrive\Documentos\GitHub\master-2025\3-Datasets\img-lcm\img_dir_annotated\train\infected\2022_03_21_11_03_09_85_cell0016.png,0,transpose,7619,ok,1,0.7424317617866005,2992
train,2022_03_21_11_03_09_85,17,"(844, 1587, 901, 1643)",0.0,0,C:\Users\sthem\OneDrive\Documentos\GitHub\master-2025\3-Datasets\img-lcm\img_dir_annotated\train\uninfected\2022_03_21_11_03_09_85_cell0017.png,0,transpose,7619,ok,0,0.0,0
train,2022_03_21_11_03_09_85,18,"(897, 143, 978, 223)",0.0,0,C:\Users\sthem\OneDrive\Documentos\GitHub\master-2025\3-Datasets\img-lcm\img_dir_annotated\train\uninfected\2022_03_21_11_03_09_85_cell0018.png,0,transpose,7619,ok,0,0.0,0
train,2022_03_21_11_03_09_85,19,"(897, 1477, 966, 1551)",0.0,0,C:\Users\sthem\OneDrive\Documentos\GitHub\master-2025\3-Datasets\img-lcm\img_dir_annotated\train\uninfected\2022_03_21_11_03_09_85_cell0019.png,0,transpose,7619,ok,0,0.0,0
train,2022_03_21_11_03_09_85,20,"(927, 1890, 991, 1948)",0.0,0,C:\Users\sthem\OneDrive\Documentos\GitHub\master-2025\3-Datasets\img-lcm\img_dir_annotated\train\uninfected\2022_03_21_11_03_09_85_cell0020.png,0,transpose,7619,ok,0,0.0,0
train,2022_03_21_11_03_09_85,21,"(961, 0, 1014, 64)",0.0,0,C:\Users\sthem\OneDrive\Documentos\GitHub\master-2025\3-Datasets\img-lcm\img_dir_annotated\train\uninfected\2022_03_21_11_03_09_85_cell0021.png,0,transpose,7619,ok,0,0.0,0
train,2022_03_21_11_03_09_85,22,"(986, 1253, 1041, 1306)",0.0,0,C:\Users\sthem\OneDrive\Documentos\GitHub\master-2025\3-Datasets\img-lcm\img_dir_annotated\train\uninfected\2022_03_21_11_03_09_85_cell0022.png,0,transpose,7619,ok,0,0.0,0
train,2022_03_21_11_03_09_93,1,"(0, 974, 97, 1069)",0.0,0,C:\Users\sthem\OneDrive\Documentos\GitHub\master-2025\3-Datasets\img-lcm\img_dir_annotated\train\uninfected\2022_03_21_11_03_09_93_cell0001.png,0,transpose,2875,ok,0,0.0,0
train,2022_03_21_11_03_09_93,2,"(24, 1391, 79, 1449)",0.0,0,C:\Users\sthem\OneDrive\Documentos\GitHub\master-2025\3-Datasets\img-lcm\img_dir_annotated\train\uninfected\2022_03_21_11_03_09_93_cell0002.png,0,transpose,2875,ok,0,0.0,0
train,2022_03_21_11_03_09_93,3,"(40, 20, 104, 80)",0.0,0,C:\Users\sthem\OneDrive\Documentos\GitHub\master-2025\3-Datasets\img-lcm\img_dir_annotated\train\uninfected\2022_03_21_11_03_09_93_cell0003.png,0,transpose,2875,ok,0,0.0,0
train,2022_03_21_11_03_09_93,4,"(92, 1104, 162, 1171)",0.0,0,C:\Users\sthem\OneDrive\Documentos\GitHub\master-2025\3-Datasets\img-lcm\img_dir_annotated\train\uninfected\2022_03_21_11_03_09_93_cell0004.png,0,transpose,2875,ok,0,0.0,0
train,2022_03_21_11_03_09_93,5,"(104, 505, 164, 580)",0.0,0,C:\Users\sthem\OneDrive\Documentos\GitHub\master-2025\3-Datasets\img-lcm\img_dir_annotated\train\uninfected\2022_03_21_11_03_09_93_cell0005.png,0,transpose,2875,ok,0,0.0,0
train,2022_03_21_11_03_09_93,6,"(119, 1936, 177, 1992)",0.0,0,C:\Users\sthem\OneDrive\Documentos\GitHub\master-2025\3-Datasets\img-lcm\img_dir_annotated\train\uninfected\2022_03_21_11_03_09_93_cell0006.png,0,transpose,2875,ok,0,0.0,0
train,2022_03_21_11_03_09_93,7,"(122, 353, 185, 430)",0.0,0,C:\Users\sthem\OneDrive\Documentos\GitHub\master-2025\3-Datasets\img-lcm\img_dir_annotated\train\uninfected\2022_03_21_11_03_09_93_cell0007.png,0,transpose,2875,ok,0,0.0,0
train,2022_03_21_11_03_09_93,8,"(256, 998, 318, 1066)",0.0,0,C:\Users\sthem\OneDrive\Documentos\GitHub\master-2025\3-Datasets\img-lcm\img_dir_annotated\train\uninfected\2022_03_21_11_03_09_93_cell0008.png,0,transpose,2875,ok,0,0.0,0
train,2022_03_21_11_03_09_93,9,"(361, 1719, 438, 1781)",0.0,0,C:\Users\sthem\OneDrive\Documentos\GitHub\master-2025\3-Datasets\img-lcm\img_dir_annotated\train\uninfected\2022_03_21_11_03_09_93_cell0009.png,0,transpose,2875,ok,0,0.0,0
train,2022_03_21_11_03_09_93,10,"(412, 323, 420, 332)",0.0,0,C:\Users\sthem\OneDrive\Documentos\GitHub\master-2025\3-Datasets\img-lcm\img_dir_annotated\train\uninfected\2022_03_21_11_03_09_93_cell0010.png,0,transpose,2875,ok,0,0.0,0
train,2022_03_21_11_03_09_93,11,"(415, 99, 424, 108)",0.0,0,C:\Users\sthem\OneDrive\Documentos\GitHub\master-2025\3-Datasets\img-lcm\img_dir_annotated\train\uninfected\2022_03_21_11_03_09_93_cell0011.png,0,transpose,2875,ok,0,0.0,0
train,2022_03_21_11_03_09_93,12,"(457, 62, 464, 70)",0.0,0,C:\Users\sthem\OneDrive\Documentos\GitHub\master-2025\3-Datasets\img-lcm\img_dir_annotated\train\uninfected\2022_03_21_11_03_09_93_cell0012.png,0,transpose,2875,ok,0,0.0,0
train,2022_03_21_11_03_09_93,13,"(579, 658, 704, 780)",0.0,0,C:\Users\sthem\OneDrive\Documentos\GitHub\master-2025\3-Datasets\img-lcm\img_dir_annotated\train\uninfected\2022_03_21_11_03_09_93_cell0013.png,0,transpose,2875,ok,0,0.0,0
train,2022_03_21_11_03_09_93,14,"(778, 1446, 833, 1527)",0.8873456790123457,1,C:\Users\sthem\OneDrive\Documentos\GitHub\master-2025\3-Datasets\img-lcm\img_dir_annotated\train\infected\2022_03_21_11_03_09_93_cell0014.png,0,transpose,2875,ok,1,0.8790123456790123,3916
train,2022_03_21_11_03_09_93,15,"(778, 1936, 842, 2006)",0.0,0,C:\Users\sthem\OneDrive\Documentos\GitHub\master-2025\3-Datasets\img-lcm\img_dir_annotated\train\uninfected\2022_03_21_11_03_09_93_cell0015.png,0,transpose,2875,ok,0,0.0,0
train,2022_03_21_11_03_09_93,16,"(814, 1875, 883, 1949)",0.0,0,C:\Users\sthem\OneDrive\Documentos\GitHub\master-2025\3-Datasets\img-lcm\img_dir_annotated\train\uninfected\2022_03_21_11_03_09_93_cell0016.png,0,transpose,2875,ok,0,0.0,0
train,2022_03_21_11_03_09_93,17,"(830, 1603, 895, 1667)",0.0,0,C:\Users\sthem\OneDrive\Documentos\GitHub\master-2025\3-Datasets\img-lcm\img_dir_annotated\train\uninfected\2022_03_21_11_03_09_93_cell0017.png,0,transpose,2875,ok,0,0.0,0
train,2022_03_21_11_03_09_93,18,"(897, 1220, 961, 1285)",0.0,0,C:\Users\sthem\OneDrive\Documentos\GitHub\master-2025\3-Datasets\img-lcm\img_dir_annotated\train\uninfected\2022_03_21_11_03_09_93_cell0018.png,0,transpose,2875,ok,0,0.0,0
train,2022_03_21_11_03_09_93,19,"(929, 0, 979, 47)",0.0,0,C:\Users\sthem\OneDrive\Documentos\GitHub\master-2025\3-Datasets\img-lcm\img_dir_annotated\train\uninfected\2022_03_21_11_03_09_93_cell0019.png,0,transpose,2875,ok,0,0.0,0
train,2022_03_21_11_03_09_93,20,"(1058, 1606, 1088, 1653)",0.0,0,C:\Users\sthem\OneDrive\Documentos\GitHub\master-2025\3-Datasets\img-lcm\img_dir_annotated\train\uninfected\2022_03_21_11_03_09_93_cell0020.png,0,transpose,2875,ok,0,0.0,0
train,2022_03_21_11_03_09_93,21,"(1059, 284, 1088, 343)",0.0,0,C:\Users\sthem\OneDrive\Documentos\GitHub\master-2025\3-Datasets\img-lcm\img_dir_annotated\train\uninfected\2022_03_21_11_03_09_93_cell0021.png,0,transpose,2875,ok,0,0.0,0
train,2022_03_21_11_03_10_01,1,"(16, 1748, 79, 1787)",0.5450913242009132,1,C:\Users\sthem\OneDrive\Documentos\GitHub\master-2025\3-Datasets\img-lcm\img_dir_annotated\train\infected\2022_03_21_11_03_10_01_cell0001.png,0,transpose,2707,ok,1,0.5636955636955637,1385
train,2022_03_21_11_03_10_01,2,"(219, 2006, 276, 2047)",0.0,0,C:\Users\sthem\OneDrive\Documentos\GitHub\master-2025\3-Datasets\img-lcm\img_dir_annotated\train\uninfected\2022_03_21_11_03_10_01_cell0002.png,0,transpose,2707,ok,0,0.0,0
train,2022_03_21_11_03_10_01,3,"(435, 217, 495, 260)",0.0,0,C:\Users\sthem\OneDrive\Documentos\GitHub\master-2025\3-Datasets\img-lcm\img_dir_annotated\train\uninfected\2022_03_21_11_03_10_01_cell0003.png,0,transpose,2707,ok,0,0.0,0
train,2022_03_21_11_03_10_01,4,"(507, 890, 567, 949)",0.0,0,C:\Users\sthem\OneDrive\Documentos\GitHub\master-2025\3-Datasets\img-lcm\img_dir_annotated\train\uninfected\2022_03_21_11_03_10_01_cell0004.png,0,transpose,2707,ok,0,0.0,0
train,2022_03_21_11_03_10_01,5,"(601, 209, 651, 283)",0.0,0,C:\Users\sthem\OneDrive\Documentos\GitHub\master-2025\3-Datasets\img-lcm\img_dir_annotated\train\uninfected\2022_03_21_11_03_10_01_cell0005.png,0,transpose,2707,ok,0,0.0,0
train,2022_03_21_11_03_10_01,6,"(612, 626, 670, 690)",0.0,0,C:\Users\sthem\OneDrive\Documentos\GitHub\master-2025\3-Datasets\img-lcm\img_dir_annotated\train\uninfected\2022_03_21_11_03_10_01_cell0006.png,0,transpose,2707,ok,0,0.0,0
train,2022_03_21_11_03_10_01,7,"(620, 2012, 688, 2047)",0.0,0,C:\Users\sthem\OneDrive\Documentos\GitHub\master-2025\3-Datasets\img-lcm\img_dir_annotated\train\uninfected\2022_03_21_11_03_10_01_cell0007.png,0,transpose,2707,ok,0,0.0,0
train,2022_03_21_11_03_10_01,8,"(772, 1713, 863, 1800)",0.0,0,C:\Users\sthem\OneDrive\Documentos\GitHub\master-2025\3-Datasets\img-lcm\img_dir_annotated\train\uninfected\2022_03_21_11_03_10_01_cell0008.png,0,transpose,2707,ok,0,0.0,0
train,2022_03_21_11_03_10_01,9,"(833, 437, 884, 491)",0.8244705882352941,1,C:\Users\sthem\OneDrive\Documentos\GitHub\master-2025\3-Datasets\img-lcm\img_dir_annotated\train\infected\2022_03_21_11_03_10_01_cell0009.png,0,transpose,2707,ok,1,0.8278867102396514,2280
train,2022_03_21_11_03_10_01,10,"(1048, 58, 1087, 117)",0.0,0,C:\Users\sthem\OneDrive\Documentos\GitHub\master-2025\3-Datasets\img-lcm\img_dir_annotated\train\uninfected\2022_03_21_11_03_10_01_cell0010.png,0,transpose,2707,ok,0,0.0,0
train,2022_03_21_11_03_10_01,11,"(1066, 265, 1086, 324)",0.0,0,C:\Users\sthem\OneDrive\Documentos\GitHub\master-2025\3-Datasets\img-lcm\img_dir_annotated\train\uninfected\2022_03_21_11_03_10_01_cell0011.png,0,transpose,2707,ok,0,0.0,0
train,2022_03_21_11_03_10_10,1,"(3, 788, 79, 844)",0.0,0,C:\Users\sthem\OneDrive\Documentos\GitHub\master-2025\3-Datasets\img-lcm\img_dir_annotated\train\uninfected\2022_03_21_11_03_10_10_cell0001.png,0,transpose,2160,ok,0,0.0,0
train,2022_03_21_11_03_10_10,2,"(40, 1015, 113, 1096)",0.0,0,C:\Users\sthem\OneDrive\Documentos\GitHub\master-2025\3-Datasets\img-lcm\img_dir_annotated\train\uninfected\2022_03_21_11_03_10_10_cell0002.png,0,transpose,2160,ok,0,0.0,0
train,2022_03_21_11_03_10_10,3,"(61, 1337, 138, 1407)",0.0,0,C:\Users\sthem\OneDrive\Documentos\GitHub\master-2025\3-Datasets\img-lcm\img_dir_annotated\train\uninfected\2022_03_21_11_03_10_10_cell0003.png,0,transpose,2160,ok,0,0.0,0
train,2022_03_21_11_03_10_10,4,"(70, 529, 144, 600)",0.0,0,C:\Users\sthem\OneDrive\Documentos\GitHub\master-2025\3-Datasets\img-lcm\img_dir_annotated\train\uninfected\2022_03_21_11_03_10_10_cell0004.png,0,transpose,2160,ok,0,0.0,0
train,2022_03_21_11_03_10_10,5,"(130, 203, 183, 293)",0.0,0,C:\Users\sthem\OneDrive\Documentos\GitHub\master-2025\3-Datasets\img-lcm\img_dir_annotated\train\uninfected\2022_03_21_11_03_10_10_cell0005.png,0,transpose,2160,ok,0,0.0,0
train,2022_03_21_11_03_10_10,6,"(268, 965, 327, 1026)",0.0,0,C:\Users\sthem\OneDrive\Documentos\GitHub\master-2025\3-Datasets\img-lcm\img_dir_annotated\train\uninfected\2022_03_21_11_03_10_10_cell0006.png,0,transpose,2160,ok,0,0.0,0
train,2022_03_21_11_03_10_10,7,"(370, 703, 453, 747)",0.7834602829162133,1,C:\Users\sthem\OneDrive\Documentos\GitHub\master-2025\3-Datasets\img-lcm\img_dir_annotated\train\infected\2022_03_21_11_03_10_10_cell0007.png,0,transpose,2160,ok,1,0.764512595837897,2792
train,2022_03_21_11_03_10_10,8,"(377, 482, 432, 565)",0.0,0,C:\Users\sthem\OneDrive\Documentos\GitHub\master-2025\3-Datasets\img-lcm\img_dir_annotated\train\uninfected\2022_03_21_11_03_10_10_cell0008.png,0,transpose,2160,ok,0,0.0,0
train,2022_03_21_11_03_10_10,9,"(416, 99, 424, 107)",0.0,0,C:\Users\sthem\OneDrive\Documentos\GitHub\master-2025\3-Datasets\img-lcm\img_dir_annotated\train\uninfected\2022_03_21_11_03_10_10_cell0009.png,0,transpose,2160,ok,0,0.0,0
train,2022_03_21_11_03_10_10,10,"(504, 1780, 552, 1847)",0.0,0,C:\Users\sthem\OneDrive\Documentos\GitHub\master-2025\3-Datasets\img-lcm\img_dir_annotated\train\uninfected\2022_03_21_11_03_10_10_cell0010.png,0,transpose,2160,ok,0,0.0,0
train,2022_03_21_11_03_10_10,11,"(623, 2015, 679, 2046)",0.0,0,C:\Users\sthem\OneDrive\Documentos\GitHub\master-2025\3-Datasets\img-lcm\img_dir_annotated\train\uninfected\2022_03_21_11_03_10_10_cell0011.png,0,transpose,2160,ok,0,0.0,0
train,2022_03_21_11_03_10_10,12,"(655, 567, 719, 614)",0.0,0,C:\Users\sthem\OneDrive\Documentos\GitHub\master-2025\3-Datasets\img-lcm\img_dir_annotated\train\uninfected\2022_03_21_11_03_10_10_cell0012.png,0,transpose,2160,ok,0,0.0,0
train,2022_03_21_11_03_10_10,13,"(829, 1443, 892, 1508)",0.0,0,C:\Users\sthem\OneDrive\Documentos\GitHub\master-2025\3-Datasets\img-lcm\img_dir_annotated\train\uninfected\2022_03_21_11_03_10_10_cell0013.png,0,transpose,2160,ok,0,0.0,0
train,2022_03_21_11_03_10_10,14,"(834, 1522, 901, 1593)",0.0,0,C:\Users\sthem\OneDrive\Documentos\GitHub\master-2025\3-Datasets\img-lcm\img_dir_annotated\train\uninfected\2022_03_21_11_03_10_10_cell0014.png,0,transpose,2160,ok,0,0.0,0
train,2022_03_21_11_03_10_10,15,"(869, 302, 883, 320)",0.0,0,C:\Users\sthem\OneDrive\Documentos\GitHub\master-2025\3-Datasets\img-lcm\img_dir_annotated\train\uninfected\2022_03_21_11_03_10_10_cell0015.png,0,transpose,2160,ok,0,0.0,0
train,2022_03_21_11_03_10_10,16,"(948, 1144, 997, 1212)",0.0,0,C:\Users\sthem\OneDrive\Documentos\GitHub\master-2025\3-Datasets\img-lcm\img_dir_annotated\train\uninfected\2022_03_21_11_03_10_10_cell0016.png,0,transpose,2160,ok,0,0.0,0
train,2022_03_21_11_03_10_18,1,"(26, 1787, 90, 1859)",0.6788885706101404,1,C:\Users\sthem\OneDrive\Documentos\GitHub\master-2025\3-Datasets\img-lcm\img_dir_annotated\train\uninfected\2022_03_21_11_03_10_18_cell0001.png,0,id,2370,ok,0,0.0,0
train,2022_03_21_11_03_10_18,2,"(27, 794, 92, 864)",0.0,0,C:\Users\sthem\OneDrive\Documentos\GitHub\master-2025\3-Datasets\img-lcm\img_dir_annotated\train\uninfected\2022_03_21_11_03_10_18_cell0002.png,0,id,2370,ok,0,0.0,0
train,2022_03_21_11_03_10_18,3,"(38, 520, 103, 583)",0.0,0,C:\Users\sthem\OneDrive\Documentos\GitHub\master-2025\3-Datasets\img-lcm\img_dir_annotated\train\uninfected\2022_03_21_11_03_10_18_cell0003.png,0,id,2370,ok,0,0.0,0
train,2022_03_21_11_03_10_18,4,"(93, 1491, 153, 1542)",0.0,0,C:\Users\sthem\OneDrive\Documentos\GitHub\master-2025\3-Datasets\img-lcm\img_dir_annotated\train\infected\2022_03_21_11_03_10_18_cell0004.png,0,id,2370,ok,1,0.5352941176470588,1638
train,2022_03_21_11_03_10_18,5,"(121, 115, 190, 186)",0.0,0,C:\Users\sthem\OneDrive\Documentos\GitHub\master-2025\3-Datasets\img-lcm\img_dir_annotated\train\uninfected\2022_03_21_11_03_10_18_cell0005.png,0,id,2370,ok,0,0.0,0
train,2022_03_21_11_03_10_18,6,"(127, 620, 182, 673)",0.0,0,C:\Users\sthem\OneDrive\Documentos\GitHub\master-2025\3-Datasets\img-lcm\img_dir_annotated\train\uninfected\2022_03_21_11_03_10_18_cell0006.png,0,id,2370,ok,0,0.0,0
train,2022_03_21_11_03_10_18,7,"(130, 1059, 187, 1113)",0.0,0,C:\Users\sthem\OneDrive\Documentos\GitHub\master-2025\3-Datasets\img-lcm\img_dir_annotated\train\uninfected\2022_03_21_11_03_10_18_cell0007.png,0,id,2370,ok,0,0.0,0
train,2022_03_21_11_03_10_18,8,"(239, 513, 315, 592)",0.0,0,C:\Users\sthem\OneDrive\Documentos\GitHub\master-2025\3-Datasets\img-lcm\img_dir_annotated\train\uninfected\2022_03_21_11_03_10_18_cell0008.png,0,id,2370,ok,0,0.0,0
train,2022_03_21_11_03_10_18,9,"(266, 159, 334, 223)",0.0,0,C:\Users\sthem\OneDrive\Documentos\GitHub\master-2025\3-Datasets\img-lcm\img_dir_annotated\train\uninfected\2022_03_21_11_03_10_18_cell0009.png,0,id,2370,ok,0,0.0,0
train,2022_03_21_11_03_10_18,10,"(293, 773, 357, 849)",0.0,0,C:\Users\sthem\OneDrive\Documentos\GitHub\master-2025\3-Datasets\img-lcm\img_dir_annotated\train\uninfected\2022_03_21_11_03_10_18_cell0010.png,0,id,2370,ok,0,0.0,0
train,2022_03_21_11_03_10_18,11,"(462, 1696, 534, 1758)",0.0,0,C:\Users\sthem\OneDrive\Documentos\GitHub\master-2025\3-Datasets\img-lcm\img_dir_annotated\train\uninfected\2022_03_21_11_03_10_18_cell0011.png,0,id,2370,ok,0,0.0,0
train,2022_03_21_11_03_10_18,12,"(467, 1203, 533, 1257)",0.0,0,C:\Users\sthem\OneDrive\Documentos\GitHub\master-2025\3-Datasets\img-lcm\img_dir_annotated\train\uninfected\2022_03_21_11_03_10_18_cell0012.png,0,id,2370,ok,0,0.0,0
train,2022_03_21_11_03_10_18,13,"(498, 258, 566, 316)",0.0,0,C:\Users\sthem\OneDrive\Documentos\GitHub\master-2025\3-Datasets\img-lcm\img_dir_annotated\train\uninfected\2022_03_21_11_03_10_18_cell0013.png,0,id,2370,ok,0,0.0,0
train,2022_03_21_11_03_10_18,14,"(513, 686, 578, 748)",0.0,0,C:\Users\sthem\OneDrive\Documentos\GitHub\master-2025\3-Datasets\img-lcm\img_dir_annotated\train\uninfected\2022_03_21_11_03_10_18_cell0014.png,0,id,2370,ok,0,0.0,0
train,2022_03_21_11_03_10_18,15,"(570, 544, 644, 604)",0.0,0,C:\Users\sthem\OneDrive\Documentos\GitHub\master-2025\3-Datasets\img-lcm\img_dir_annotated\train\uninfected\2022_03_21_11_03_10_18_cell0015.png,0,id,2370,ok,0,0.0,0
train,2022_03_21_11_03_10_18,16,"(647, 1615, 713, 1678)",0.0,0,C:\Users\sthem\OneDrive\Documentos\GitHub\master-2025\3-Datasets\img-lcm\img_dir_annotated\train\uninfected\2022_03_21_11_03_10_18_cell0016.png,0,id,2370,ok,0,0.0,0
train,2022_03_21_11_03_10_18,17,"(789, 578, 852, 628)",0.0,0,C:\Users\sthem\OneDrive\Documentos\GitHub\master-2025\3-Datasets\img-lcm\img_dir_annotated\train\uninfected\2022_03_21_11_03_10_18_cell0017.png,0,id,2370,ok,0,0.0,0
train,2022_03_21_11_03_10_18,18,"(805, 0, 863, 49)",0.0,0,C:\Users\sthem\OneDrive\Documentos\GitHub\master-2025\3-Datasets\img-lcm\img_dir_annotated\train\uninfected\2022_03_21_11_03_10_18_cell0018.png,0,id,2370,ok,0,0.0,0
train,2022_03_21_11_03_10_18,19,"(1025, 101, 1080, 161)",0.0,0,C:\Users\sthem\OneDrive\Documentos\GitHub\master-2025\3-Datasets\img-lcm\img_dir_annotated\train\uninfected\2022_03_21_11_03_10_18_cell0019.png,0,id,2370,ok,0,0.0,0
train,2022_03_21_11_03_10_26,1,"(58, 1824, 123, 1879)",0.0,0,C:\Users\sthem\OneDrive\Documentos\GitHub\master-2025\3-Datasets\img-lcm\img_dir_annotated\train\uninfected\2022_03_21_11_03_10_26_cell0001.png,0,transpose,7326,ok,0,0.0,0
train,2022_03_21_11_03_10_26,2,"(107, 1383, 182, 1430)",0.0,0,C:\Users\sthem\OneDrive\Documentos\GitHub\master-2025\3-Datasets\img-lcm\img_dir_annotated\train\uninfected\2022_03_21_11_03_10_26_cell0002.png,0,transpose,7326,ok,0,0.0,0
train,2022_03_21_11_03_10_26,3,"(122, 451, 189, 508)",0.4953611663353214,1,C:\Users\sthem\OneDrive\Documentos\GitHub\master-2025\3-Datasets\img-lcm\img_dir_annotated\train\infected\2022_03_21_11_03_10_26_cell0003.png,0,transpose,7326,ok,1,0.5260539408222048,2009
train,2022_03_21_11_03_10_26,4,"(229, 1106, 301, 1162)",0.0,0,C:\Users\sthem\OneDrive\Documentos\GitHub\master-2025\3-Datasets\img-lcm\img_dir_annotated\train\uninfected\2022_03_21_11_03_10_26_cell0004.png,0,transpose,7326,ok,0,0.0,0
train,2022_03_21_11_03_10_26,5,"(262, 30, 312, 62)",0.0,0,C:\Users\sthem\OneDrive\Documentos\GitHub\master-2025\3-Datasets\img-lcm\img_dir_annotated\train\uninfected\2022_03_21_11_03_10_26_cell0005.png,0,transpose,7326,ok,0,0.0,0
train,2022_03_21_11_03_10_26,6,"(301, 1580, 370, 1646)",0.738944365192582,1,C:\Users\sthem\OneDrive\Documentos\GitHub\master-2025\3-Datasets\img-lcm\img_dir_annotated\train\infected\2022_03_21_11_03_10_26_cell0006.png,0,transpose,7326,ok,1,0.7206851119894598,3282
train,2022_03_21_11_03_10_26,7,"(328, 569, 396, 629)",0.0,0,C:\Users\sthem\OneDrive\Documentos\GitHub\master-2025\3-Datasets\img-lcm\img_dir_annotated\train\uninfected\2022_03_21_11_03_10_26_cell0007.png,0,transpose,7326,ok,0,0.0,0
train,2022_03_21_11_03_10_26,8,"(377, 208, 445, 260)",0.7410387710314558,1,C:\Users\sthem\OneDrive\Documentos\GitHub\master-2025\3-Datasets\img-lcm\img_dir_annotated\train\infected\2022_03_21_11_03_10_26_cell0008.png,0,transpose,7326,ok,1,0.7316176470588235,2587
train,2022_03_21_11_03_10_26,9,"(518, 124, 577, 189)",0.0,0,C:\Users\sthem\OneDrive\Documentos\GitHub\master-2025\3-Datasets\img-lcm\img_dir_annotated\train\uninfected\2022_03_21_11_03_10_26_cell0009.png,0,transpose,7326,ok,0,0.0,0
train,2022_03_21_11_03_10_26,10,"(544, 1130, 608, 1168)",0.6351280710925248,1,C:\Users\sthem\OneDrive\Documentos\GitHub\master-2025\3-Datasets\img-lcm\img_dir_annotated\train\infected\2022_03_21_11_03_10_26_cell0010.png,0,transpose,7326,ok,1,0.6883223684210527,1674
train,2022_03_21_11_03_10_26,11,"(580, 1380, 640, 1422)",0.0,0,C:\Users\sthem\OneDrive\Documentos\GitHub\master-2025\3-Datasets\img-lcm\img_dir_annotated\train\uninfected\2022_03_21_11_03_10_26_cell0011.png,0,transpose,7326,ok,0,0.0,0
train,2022_03_21_11_03_10_26,12,"(725, 45, 796, 113)",0.0,0,C:\Users\sthem\OneDrive\Documentos\GitHub\master-2025\3-Datasets\img-lcm\img_dir_annotated\train\uninfected\2022_03_21_11_03_10_26_cell0012.png,0,transpose,7326,ok,0,0.0,0
train,2022_03_21_11_03_10_26,13,"(773, 1533, 838, 1597)",0.0,0,C:\Users\sthem\OneDrive\Documentos\GitHub\master-2025\3-Datasets\img-lcm\img_dir_annotated\train\uninfected\2022_03_21_11_03_10_26_cell0013.png,0,transpose,7326,ok,0,0.0,0
train,2022_03_21_11_03_10_26,14,"(794, 941, 856, 994)",0.0,0,C:\Users\sthem\OneDrive\Documentos\GitHub\master-2025\3-Datasets\img-lcm\img_dir_annotated\train\uninfected\2022_03_21_11_03_10_26_cell0014.png,0,transpose,7326,ok,0,0.0,0
train,2022_03_21_11_03_10_26,15,"(795, 1427, 862, 1491)",0.0,0,C:\Users\sthem\OneDrive\Documentos\GitHub\master-2025\3-Datasets\img-lcm\img_dir_annotated\train\uninfected\2022_03_21_11_03_10_26_cell0015.png,0,transpose,7326,ok,0,0.0,0
train,2022_03_21_11_03_10_26,16,"(869, 1220, 939, 1284)",0.0,0,C:\Users\sthem\OneDrive\Documentos\GitHub\master-2025\3-Datasets\img-lcm\img_dir_annotated\train\uninfected\2022_03_21_11_03_10_26_cell0016.png,0,transpose,7326,ok,0,0.0,0
train,2022_03_21_11_03_10_26,17,"(887, 176, 971, 229)",0.0,0,C:\Users\sthem\OneDrive\Documentos\GitHub\master-2025\3-Datasets\img-lcm\img_dir_annotated\train\uninfected\2022_03_21_11_03_10_26_cell0017.png,0,transpose,7326,ok,0,0.0,0
train,2022_03_21_11_03_10_26,18,"(1017, 1731, 1088, 1793)",0.0,0,C:\Users\sthem\OneDrive\Documentos\GitHub\master-2025\3-Datasets\img-lcm\img_dir_annotated\train\uninfected\2022_03_21_11_03_10_26_cell0018.png,0,transpose,7326,ok,0,0.0,0
train,2022_03_21_11_03_10_35,1,"(120, 359, 186, 419)",0.0,0,C:\Users\sthem\OneDrive\Documentos\GitHub\master-2025\3-Datasets\img-lcm\img_dir_annotated\train\uninfected\2022_03_21_11_03_10_35_cell0001.png,0,transpose,1112,ok,0,0.0,0
train,2022_03_21_11_03_10_35,2,"(338, 899, 408, 962)",0.0,0,C:\Users\sthem\OneDrive\Documentos\GitHub\master-2025\3-Datasets\img-lcm\img_dir_annotated\train\uninfected\2022_03_21_11_03_10_35_cell0002.png,0,transpose,1112,ok,0,0.0,0
train,2022_03_21_11_03_10_35,3,"(352, 1295, 407, 1352)",0.4424990051730998,1,C:\Users\sthem\OneDrive\Documentos\GitHub\master-2025\3-Datasets\img-lcm\img_dir_annotated\train\infected\2022_03_21_11_03_10_35_cell0003.png,0,transpose,1112,ok,1,0.5043062200956938,1581
train,2022_03_21_11_03_10_35,4,"(412, 323, 420, 332)",0.0,0,C:\Users\sthem\OneDrive\Documentos\GitHub\master-2025\3-Datasets\img-lcm\img_dir_annotated\train\uninfected\2022_03_21_11_03_10_35_cell0004.png,0,transpose,1112,ok,0,0.0,0
train,2022_03_21_11_03_10_35,5,"(453, 1169, 515, 1213)",0.0,0,C:\Users\sthem\OneDrive\Documentos\GitHub\master-2025\3-Datasets\img-lcm\img_dir_annotated\train\uninfected\2022_03_21_11_03_10_35_cell0005.png,0,transpose,1112,ok,0,0.0,0
train,2022_03_21_11_03_10_35,6,"(461, 1315, 515, 1382)",0.0,0,C:\Users\sthem\OneDrive\Documentos\GitHub\master-2025\3-Datasets\img-lcm\img_dir_annotated\train\uninfected\2022_03_21_11_03_10_35_cell0006.png,0,transpose,1112,ok,0,0.0,0
train,2022_03_21_11_03_10_35,7,"(481, 812, 541, 887)",0.0,0,C:\Users\sthem\OneDrive\Documentos\GitHub\master-2025\3-Datasets\img-lcm\img_dir_annotated\train\uninfected\2022_03_21_11_03_10_35_cell0007.png,0,transpose,1112,ok,0,0.0,0
train,2022_03_21_11_03_10_35,8,"(500, 1600, 565, 1650)",0.0,0,C:\Users\sthem\OneDrive\Documentos\GitHub\master-2025\3-Datasets\img-lcm\img_dir_annotated\train\uninfected\2022_03_21_11_03_10_35_cell0008.png,0,transpose,1112,ok,0,0.0,0
train,2022_03_21_11_03_10_35,9,"(617, 2011, 688, 2047)",0.0,0,C:\Users\sthem\OneDrive\Documentos\GitHub\master-2025\3-Datasets\img-lcm\img_dir_annotated\train\uninfected\2022_03_21_11_03_10_35_cell0009.png,0,transpose,1112,ok,0,0.0,0
train,2022_03_21_11_03_10_35,10,"(871, 304, 882, 318)",0.0,0,C:\Users\sthem\OneDrive\Documentos\GitHub\master-2025\3-Datasets\img-lcm\img_dir_annotated\train\uninfected\2022_03_21_11_03_10_35_cell0010.png,0,transpose,1112,ok,0,0.0,0
train,2022_03_21_11_03_10_43,1,"(20, 1767, 75, 1815)",0.2840236686390532,1,C:\Users\sthem\OneDrive\Documentos\GitHub\master-2025\3-Datasets\img-lcm\img_dir_annotated\train\infected\2022_03_21_11_03_10_43_cell0001.png,0,transpose,4251,ok,1,0.35189393939393937,929
train,2022_03_21_11_03_10_43,2,"(33, 1649, 101, 1708)",0.1959130716834252,1,C:\Users\sthem\OneDrive\Documentos\GitHub\master-2025\3-Datasets\img-lcm\img_dir_annotated\train\infected\2022_03_21_11_03_10_43_cell0002.png,0,transpose,4251,ok,1,0.24177467597208374,970
train,2022_03_21_11_03_10_43,3,"(48, 470, 102, 541)",0.0,0,C:\Users\sthem\OneDrive\Documentos\GitHub\master-2025\3-Datasets\img-lcm\img_dir_annotated\train\uninfected\2022_03_21_11_03_10_43_cell0003.png,0,transpose,4251,ok,0,0.0,0
train,2022_03_21_11_03_10_43,4,"(254, 354, 284, 383)",0.0,0,C:\Users\sthem\OneDrive\Documentos\GitHub\master-2025\3-Datasets\img-lcm\img_dir_annotated\train\uninfected\2022_03_21_11_03_10_43_cell0004.png,0,transpose,4251,ok,0,0.0,0
train,2022_03_21_11_03_10_43,5,"(282, 1632, 334, 1706)",0.0,0,C:\Users\sthem\OneDrive\Documentos\GitHub\master-2025\3-Datasets\img-lcm\img_dir_annotated\train\uninfected\2022_03_21_11_03_10_43_cell0005.png,0,transpose,4251,ok,0,0.0,0
train,2022_03_21_11_03_10_43,6,"(392, 85, 481, 149)",0.0,0,C:\Users\sthem\OneDrive\Documentos\GitHub\master-2025\3-Datasets\img-lcm\img_dir_annotated\train\uninfected\2022_03_21_11_03_10_43_cell0006.png,0,transpose,4251,ok,0,0.0,0
train,2022_03_21_11_03_10_43,7,"(413, 156, 482, 211)",0.0,0,C:\Users\sthem\OneDrive\Documentos\GitHub\master-2025\3-Datasets\img-lcm\img_dir_annotated\train\uninfected\2022_03_21_11_03_10_43_cell0007.png,0,transpose,4251,ok,0,0.0,0
train,2022_03_21_11_03_10_43,8,"(529, 0, 586, 46)",0.0,0,C:\Users\sthem\OneDrive\Documentos\GitHub\master-2025\3-Datasets\img-lcm\img_dir_annotated\train\uninfected\2022_03_21_11_03_10_43_cell0008.png,0,transpose,4251,ok,0,0.0,0
train,2022_03_21_11_03_10_43,9,"(554, 273, 609, 320)",0.7722826086956521,1,C:\Users\sthem\OneDrive\Documentos\GitHub\master-2025\3-Datasets\img-lcm\img_dir_annotated\train\infected\2022_03_21_11_03_10_43_cell0009.png,0,transpose,4251,ok,1,0.795357833655706,2056
train,2022_03_21_11_03_10_43,10,"(569, 1482, 631, 1543)",0.0,0,C:\Users\sthem\OneDrive\Documentos\GitHub\master-2025\3-Datasets\img-lcm\img_dir_annotated\train\uninfected\2022_03_21_11_03_10_43_cell0010.png,0,transpose,4251,ok,0,0.0,0
train,2022_03_21_11_03_10_43,11,"(573, 1622, 642, 1672)",0.0,0,C:\Users\sthem\OneDrive\Documentos\GitHub\master-2025\3-Datasets\img-lcm\img_dir_annotated\train\uninfected\2022_03_21_11_03_10_43_cell0011.png,0,transpose,4251,ok,0,0.0,0
train,2022_03_21_11_03_10_43,12,"(589, 961, 656, 1022)",0.5206689807510255,1,C:\Users\sthem\OneDrive\Documentos\GitHub\master-2025\3-Datasets\img-lcm\img_dir_annotated\train\infected\2022_03_21_11_03_10_43_cell0012.png,0,transpose,4251,ok,1,0.5515047712258381,2254
train,2022_03_21_11_03_10_43,13,"(603, 859, 671, 912)",0.0,0,C:\Users\sthem\OneDrive\Documentos\GitHub\master-2025\3-Datasets\img-lcm\img_dir_annotated\train\uninfected\2022_03_21_11_03_10_43_cell0013.png,0,transpose,4251,ok,0,0.0,0
train,2022_03_21_11_03_10_43,14,"(701, 1547, 761, 1614)",0.0,0,C:\Users\sthem\OneDrive\Documentos\GitHub\master-2025\3-Datasets\img-lcm\img_dir_annotated\train\uninfected\2022_03_21_11_03_10_43_cell0014.png,0,transpose,4251,ok,0,0.0,0
train,2022_03_21_11_03_10_43,15,"(722, 1915, 791, 1993)",0.0,0,C:\Users\sthem\OneDrive\Documentos\GitHub\master-2025\3-Datasets\img-lcm\img_dir_annotated\train\uninfected\2022_03_21_11_03_10_43_cell0015.png,0,transpose,4251,ok,0,0.0,0
train,2022_03_21_11_03_10_43,16,"(735, 1426, 794, 1495)",0.0,0,C:\Users\sthem\OneDrive\Documentos\GitHub\master-2025\3-Datasets\img-lcm\img_dir_annotated\train\uninfected\2022_03_21_11_03_10_43_cell0016.png,0,transpose,4251,ok,0,0.0,0
train,2022_03_21_11_03_10_43,17,"(932, 165, 1003, 194)",0.0,0,C:\Users\sthem\OneDrive\Documentos\GitHub\master-2025\3-Datasets\img-lcm\img_dir_annotated\train\uninfected\2022_03_21_11_03_10_43_cell0017.png,0,transpose,4251,ok,0,0.0,0
train,2022_03_21_11_03_10_43,18,"(934, 79, 998, 145)",0.0,0,C:\Users\sthem\OneDrive\Documentos\GitHub\master-2025\3-Datasets\img-lcm\img_dir_annotated\train\uninfected\2022_03_21_11_03_10_43_cell0018.png,0,transpose,4251,ok,0,0.0,0
train,2022_03_21_11_03_10_43,19,"(958, 1658, 1019, 1710)",0.0,0,C:\Users\sthem\OneDrive\Documentos\GitHub\master-2025\3-Datasets\img-lcm\img_dir_annotated\train\uninfected\2022_03_21_11_03_10_43_cell0019.png,0,transpose,4251,ok,0,0.0,0
train,2022_03_21_11_03_10_58,1,"(4, 1303, 59, 1364)",0.0,0,C:\Users\sthem\OneDrive\Documentos\GitHub\master-2025\3-Datasets\img-lcm\img_dir_annotated\train\uninfected\2022_03_21_11_03_10_58_cell0001.png,0,transpose,4953,ok,0,0.0,0
train,2022_03_21_11_03_10_58,2,"(9, 822, 67, 881)",0.6531881804043546,1,C:\Users\sthem\OneDrive\Documentos\GitHub\master-2025\3-Datasets\img-lcm\img_dir_annotated\train\infected\2022_03_21_11_03_10_58_cell0002.png,0,transpose,4953,ok,1,0.6759205143191116,2313
train,2022_03_21_11_03_10_58,3,"(489, 254, 548, 320)",0.5577702702702703,1,C:\Users\sthem\OneDrive\Documentos\GitHub\master-2025\3-Datasets\img-lcm\img_dir_annotated\train\infected\2022_03_21_11_03_10_58_cell0003.png,0,transpose,4953,ok,1,0.576271186440678,2244
train,2022_03_21_11_03_10_58,4,"(596, 1575, 686, 1652)",0.0,0,C:\Users\sthem\OneDrive\Documentos\GitHub\master-2025\3-Datasets\img-lcm\img_dir_annotated\train\uninfected\2022_03_21_11_03_10_58_cell0004.png,0,transpose,4953,ok,0,0.0,0
train,2022_03_21_11_03_10_58,5,"(617, 2011, 681, 2047)",0.0,0,C:\Users\sthem\OneDrive\Documentos\GitHub\master-2025\3-Datasets\img-lcm\img_dir_annotated\train\uninfected\2022_03_21_11_03_10_58_cell0005.png,0,transpose,4953,ok,0,0.0,0
train,2022_03_21_11_03_10_58,6,"(646, 1505, 740, 1617)",0.0,0,C:\Users\sthem\OneDrive\Documentos\GitHub\master-2025\3-Datasets\img-lcm\img_dir_annotated\train\uninfected\2022_03_21_11_03_10_58_cell0006.png,0,transpose,4953,ok,0,0.0,0
train,2022_03_21_11_03_10_58,7,"(659, 948, 726, 1013)",0.4928593132786387,1,C:\Users\sthem\OneDrive\Documentos\GitHub\master-2025\3-Datasets\img-lcm\img_dir_annotated\train\infected\2022_03_21_11_03_10_58_cell0007.png,0,transpose,4953,ok,1,0.5134328358208955,2236
train,2022_03_21_11_03_10_58,8,"(733, 1401, 838, 1520)",0.0,0,C:\Users\sthem\OneDrive\Documentos\GitHub\master-2025\3-Datasets\img-lcm\img_dir_annotated\train\uninfected\2022_03_21_11_03_10_58_cell0008.png,0,transpose,4953,ok,0,0.0,0
train,2022_03_21_11_03_10_58,9,"(756, 499, 816, 563)",0.0,0,C:\Users\sthem\OneDrive\Documentos\GitHub\master-2025\3-Datasets\img-lcm\img_dir_annotated\train\uninfected\2022_03_21_11_03_10_58_cell0009.png,0,transpose,4953,ok,0,0.0,0
train,2022_03_21_11_03_10_58,10,"(850, 1965, 914, 2027)",0.0,0,C:\Users\sthem\OneDrive\Documentos\GitHub\master-2025\3-Datasets\img-lcm\img_dir_annotated\train\uninfected\2022_03_21_11_03_10_58_cell0010.png,0,transpose,4953,ok,0,0.0,0
train,2022_03_21_11_03_10_58,11,"(872, 1672, 932, 1738)",0.0,0,C:\Users\sthem\OneDrive\Documentos\GitHub\master-2025\3-Datasets\img-lcm\img_dir_annotated\train\uninfected\2022_03_21_11_03_10_58_cell0011.png,0,transpose,4953,ok,0,0.0,0
train,2022_03_21_11_03_10_58,12,"(916, 1430, 976, 1498)",0.0,0,C:\Users\sthem\OneDrive\Documentos\GitHub\master-2025\3-Datasets\img-lcm\img_dir_annotated\train\uninfected\2022_03_21_11_03_10_58_cell0012.png,0,transpose,4953,ok,0,0.0,0
train,2022_03_21_11_03_10_58,13,"(928, 428, 989, 503)",0.0,0,C:\Users\sthem\OneDrive\Documentos\GitHub\master-2025\3-Datasets\img-lcm\img_dir_annotated\train\uninfected\2022_03_21_11_03_10_58_cell0013.png,0,transpose,4953,ok,0,0.0,0
train,2022_03_21_11_03_10_58,14,"(1000, 1986, 1052, 2047)",0.0,0,C:\Users\sthem\OneDrive\Documentos\GitHub\master-2025\3-Datasets\img-lcm\img_dir_annotated\train\uninfected\2022_03_21_11_03_10_58_cell0014.png,0,transpose,4953,ok,0,0.0,0
train,2022_03_21_11_03_10_58,15,"(1029, 320, 1076, 391)",0.0,0,C:\Users\sthem\OneDrive\Documentos\GitHub\master-2025\3-Datasets\img-lcm\img_dir_annotated\train\uninfected\2022_03_21_11_03_10_58_cell0015.png,0,transpose,4953,ok,0,0.0,0
train,2022_03_21_11_03_10_58,16,"(1071, 1936, 1087, 1995)",0.0,0,C:\Users\sthem\OneDrive\Documentos\GitHub\master-2025\3-Datasets\img-lcm\img_dir_annotated\train\uninfected\2022_03_21_11_03_10_58_cell0016.png,0,transpose,4953,ok,0,0.0,0
train,2022_03_21_11_03_10_65,1,"(23, 1907, 83, 1968)",0.0,0,C:\Users\sthem\OneDrive\Documentos\GitHub\master-2025\3-Datasets\img-lcm\img_dir_annotated\train\uninfected\2022_03_21_11_03_10_65_cell0001.png,0,transpose,9923,ok,0,0.0,0
train,2022_03_21_11_03_10_65,2,"(57, 950, 136, 1004)",0.0,0,C:\Users\sthem\OneDrive\Documentos\GitHub\master-2025\3-Datasets\img-lcm\img_dir_annotated\train\uninfected\2022_03_21_11_03_10_65_cell0002.png,0,transpose,9923,ok,0,0.0,0
train,2022_03_21_11_03_10_65,3,"(57, 1396, 119, 1453)",0.0,0,C:\Users\sthem\OneDrive\Documentos\GitHub\master-2025\3-Datasets\img-lcm\img_dir_annotated\train\uninfected\2022_03_21_11_03_10_65_cell0003.png,0,transpose,9923,ok,0,0.0,0
train,2022_03_21_11_03_10_65,4,"(126, 1102, 181, 1153)",0.0,0,C:\Users\sthem\OneDrive\Documentos\GitHub\master-2025\3-Datasets\img-lcm\img_dir_annotated\train\uninfected\2022_03_21_11_03_10_65_cell0004.png,0,transpose,9923,ok,0,0.0,0
train,2022_03_21_11_03_10_65,5,"(257, 68, 325, 122)",0.8845623707787733,1,C:\Users\sthem\OneDrive\Documentos\GitHub\master-2025\3-Datasets\img-lcm\img_dir_annotated\train\infected\2022_03_21_11_03_10_65_cell0005.png,0,transpose,9923,ok,1,0.8700980392156863,3195
train,2022_03_21_11_03_10_65,6,"(359, 169, 429, 236)",0.8051409618573798,1,C:\Users\sthem\OneDrive\Documentos\GitHub\master-2025\3-Datasets\img-lcm\img_dir_annotated\train\infected\2022_03_21_11_03_10_65_cell0006.png,0,transpose,9923,ok,1,0.7816631130063966,3666
train,2022_03_21_11_03_10_65,7,"(368, 691, 425, 736)",0.8864337101747174,1,C:\Users\sthem\OneDrive\Documentos\GitHub\master-2025\3-Datasets\img-lcm\img_dir_annotated\train\infected\2022_03_21_11_03_10_65_cell0007.png,0,transpose,9923,ok,1,0.8939571150097466,2293
train,2022_03_21_11_03_10_65,8,"(370, 1812, 429, 1878)",0.0,0,C:\Users\sthem\OneDrive\Documentos\GitHub\master-2025\3-Datasets\img-lcm\img_dir_annotated\train\uninfected\2022_03_21_11_03_10_65_cell0008.png,0,transpose,9923,ok,0,0.0,0
train,2022_03_21_11_03_10_65,9,"(374, 1101, 442, 1155)",0.0,0,C:\Users\sthem\OneDrive\Documentos\GitHub\master-2025\3-Datasets\img-lcm\img_dir_annotated\train\uninfected\2022_03_21_11_03_10_65_cell0009.png,0,transpose,9923,ok,0,0.0,0
train,2022_03_21_11_03_10_65,10,"(617, 2010, 689, 2048)",0.0,0,C:\Users\sthem\OneDrive\Documentos\GitHub\master-2025\3-Datasets\img-lcm\img_dir_annotated\train\uninfected\2022_03_21_11_03_10_65_cell0010.png,0,transpose,9923,ok,0,0.0,0
train,2022_03_21_11_03_10_65,11,"(627, 1131, 636, 1140)",0.0,0,C:\Users\sthem\OneDrive\Documentos\GitHub\master-2025\3-Datasets\img-lcm\img_dir_annotated\train\uninfected\2022_03_21_11_03_10_65_cell0011.png,0,transpose,9923,ok,0,0.0,0
train,2022_03_21_11_03_10_65,12,"(715, 171, 776, 231)",0.0,0,C:\Users\sthem\OneDrive\Documentos\GitHub\master-2025\3-Datasets\img-lcm\img_dir_annotated\train\uninfected\2022_03_21_11_03_10_65_cell0012.png,0,transpose,9923,ok,0,0.0,0
train,2022_03_21_11_03_10_65,13,"(742, 1237, 807, 1323)",0.0,0,C:\Users\sthem\OneDrive\Documentos\GitHub\master-2025\3-Datasets\img-lcm\img_dir_annotated\train\uninfected\2022_03_21_11_03_10_65_cell0013.png,0,transpose,9923,ok,0,0.0,0
train,2022_03_21_11_03_10_65,14,"(788, 1617, 848, 1683)",0.0,0,C:\Users\sthem\OneDrive\Documentos\GitHub\master-2025\3-Datasets\img-lcm\img_dir_annotated\train\uninfected\2022_03_21_11_03_10_65_cell0014.png,0,transpose,9923,ok,0,0.0,0
train,2022_03_21_11_03_10_65,15,"(798, 1724, 861, 1782)",0.0,0,C:\Users\sthem\OneDrive\Documentos\GitHub\master-2025\3-Datasets\img-lcm\img_dir_annotated\train\uninfected\2022_03_21_11_03_10_65_cell0015.png,0,transpose,9923,ok,0,0.0,0
train,2022_03_21_11_03_10_65,16,"(809, 1201, 872, 1288)",0.0,0,C:\Users\sthem\OneDrive\Documentos\GitHub\master-2025\3-Datasets\img-lcm\img_dir_annotated\train\uninfected\2022_03_21_11_03_10_65_cell0016.png,0,transpose,9923,ok,0,0.0,0
train,2022_03_21_11_03_10_65,17,"(917, 534, 980, 592)",0.9587301587301588,1,C:\Users\sthem\OneDrive\Documentos\GitHub\master-2025\3-Datasets\img-lcm\img_dir_annotated\train\infected\2022_03_21_11_03_10_65_cell0017.png,0,transpose,9923,ok,1,0.9395183360700602,3433
train,2022_03_21_11_03_10_71,1,"(9, 1136, 72, 1187)",0.8139980824544583,1,C:\Users\sthem\OneDrive\Documentos\GitHub\master-2025\3-Datasets\img-lcm\img_dir_annotated\train\infected\2022_03_21_11_03_10_71_cell0001.png,0,transpose,6188,ok,1,0.8148148148148148,2618
train,2022_03_21_11_03_10_71,2,"(12, 1241, 81, 1318)",0.0,0,C:\Users\sthem\OneDrive\Documentos\GitHub\master-2025\3-Datasets\img-lcm\img_dir_annotated\train\uninfected\2022_03_21_11_03_10_71_cell0002.png,0,transpose,6188,ok,0,0.0,0
train,2022_03_21_11_03_10_71,3,"(50, 635, 114, 701)",0.8506139154160982,1,C:\Users\sthem\OneDrive\Documentos\GitHub\master-2025\3-Datasets\img-lcm\img_dir_annotated\train\infected\2022_03_21_11_03_10_71_cell0003.png,0,transpose,6188,ok,1,0.8404356060606061,3550
train,2022_03_21_11_03_10_71,4,"(93, 923, 153, 982)",0.0,0,C:\Users\sthem\OneDrive\Documentos\GitHub\master-2025\3-Datasets\img-lcm\img_dir_annotated\train\uninfected\2022_03_21_11_03_10_71_cell0004.png,0,transpose,6188,ok,0,0.0,0
train,2022_03_21_11_03_10_71,5,"(102, 1336, 176, 1416)",0.0,0,C:\Users\sthem\OneDrive\Documentos\GitHub\master-2025\3-Datasets\img-lcm\img_dir_annotated\train\uninfected\2022_03_21_11_03_10_71_cell0005.png,0,transpose,6188,ok,0,0.0,0
train,2022_03_21_11_03_10_71,6,"(209, 696, 273, 743)",0.0,0,C:\Users\sthem\OneDrive\Documentos\GitHub\master-2025\3-Datasets\img-lcm\img_dir_annotated\train\uninfected\2022_03_21_11_03_10_71_cell0006.png,0,transpose,6188,ok,0,0.0,0
train,2022_03_21_11_03_10_71,7,"(248, 1024, 310, 1098)",0.0,0,C:\Users\sthem\OneDrive\Documentos\GitHub\master-2025\3-Datasets\img-lcm\img_dir_annotated\train\uninfected\2022_03_21_11_03_10_71_cell0007.png,0,transpose,6188,ok,0,0.0,0
train,2022_03_21_11_03_10_71,8,"(371, 128, 379, 136)",0.0,0,C:\Users\sthem\OneDrive\Documentos\GitHub\master-2025\3-Datasets\img-lcm\img_dir_annotated\train\uninfected\2022_03_21_11_03_10_71_cell0008.png,0,transpose,6188,ok,0,0.0,0
train,2022_03_21_11_03_10_71,9,"(411, 322, 421, 333)",0.0,0,C:\Users\sthem\OneDrive\Documentos\GitHub\master-2025\3-Datasets\img-lcm\img_dir_annotated\train\uninfected\2022_03_21_11_03_10_71_cell0009.png,0,transpose,6188,ok,0,0.0,0
train,2022_03_21_11_03_10_71,10,"(415, 98, 425, 108)",0.0,0,C:\Users\sthem\OneDrive\Documentos\GitHub\master-2025\3-Datasets\img-lcm\img_dir_annotated\train\uninfected\2022_03_21_11_03_10_71_cell0010.png,0,transpose,6188,ok,0,0.0,0
train,2022_03_21_11_03_10_71,11,"(420, 1771, 485, 1836)",0.0,0,C:\Users\sthem\OneDrive\Documentos\GitHub\master-2025\3-Datasets\img-lcm\img_dir_annotated\train\uninfected\2022_03_21_11_03_10_71_cell0011.png,0,transpose,6188,ok,0,0.0,0
train,2022_03_21_11_03_10_71,12,"(457, 62, 464, 70)",0.0,0,C:\Users\sthem\OneDrive\Documentos\GitHub\master-2025\3-Datasets\img-lcm\img_dir_annotated\train\uninfected\2022_03_21_11_03_10_71_cell0012.png,0,transpose,6188,ok,0,0.0,0
train,2022_03_21_11_03_10_71,13,"(621, 2013, 685, 2047)",0.0,0,C:\Users\sthem\OneDrive\Documentos\GitHub\master-2025\3-Datasets\img-lcm\img_dir_annotated\train\uninfected\2022_03_21_11_03_10_71_cell0013.png,0,transpose,6188,ok,0,0.0,0
train,2022_03_21_11_03_10_71,14,"(631, 558, 695, 655)",0.0,0,C:\Users\sthem\OneDrive\Documentos\GitHub\master-2025\3-Datasets\img-lcm\img_dir_annotated\train\uninfected\2022_03_21_11_03_10_71_cell0014.png,0,transpose,6188,ok,0,0.0,0
train,2022_03_21_11_03_10_71,15,"(638, 338, 701, 393)",0.0,0,C:\Users\sthem\OneDrive\Documentos\GitHub\master-2025\3-Datasets\img-lcm\img_dir_annotated\train\uninfected\2022_03_21_11_03_10_71_cell0015.png,0,transpose,6188,ok,0,0.0,0
train,2022_03_21_11_03_10_71,16,"(709, 1578, 764, 1635)",0.868959512407488,1,C:\Users\sthem\OneDrive\Documentos\GitHub\master-2025\3-Datasets\img-lcm\img_dir_annotated\train\infected\2022_03_21_11_03_10_71_cell0016.png,0,transpose,6188,ok,1,0.887719298245614,2783
train,2022_03_21_11_03_10_71,17,"(779, 1034, 856, 1106)",0.0,0,C:\Users\sthem\OneDrive\Documentos\GitHub\master-2025\3-Datasets\img-lcm\img_dir_annotated\train\uninfected\2022_03_21_11_03_10_71_cell0017.png,0,transpose,6188,ok,0,0.0,0
train,2022_03_21_11_03_10_71,18,"(779, 1120, 868, 1215)",0.0,0,C:\Users\sthem\OneDrive\Documentos\GitHub\master-2025\3-Datasets\img-lcm\img_dir_annotated\train\uninfected\2022_03_21_11_03_10_71_cell0018.png,0,transpose,6188,ok,0,0.0,0
train,2022_03_21_11_03_10_71,19,"(809, 1, 897, 71)",0.0,0,C:\Users\sthem\OneDrive\Documentos\GitHub\master-2025\3-Datasets\img-lcm\img_dir_annotated\train\uninfected\2022_03_21_11_03_10_71_cell0019.png,0,transpose,6188,ok,0,0.0,0
train,2022_03_21_11_03_10_71,20,"(854, 1753, 922, 1821)",0.0,0,C:\Users\sthem\OneDrive\Documentos\GitHub\master-2025\3-Datasets\img-lcm\img_dir_annotated\train\uninfected\2022_03_21_11_03_10_71_cell0020.png,0,transpose,6188,ok,0,0.0,0
train,2022_03_21_11_03_10_71,21,"(917, 1431, 979, 1542)",0.0,0,C:\Users\sthem\OneDrive\Documentos\GitHub\master-2025\3-Datasets\img-lcm\img_dir_annotated\train\uninfected\2022_03_21_11_03_10_71_cell0021.png,0,transpose,6188,ok,0,0.0,0
train,2022_03_21_11_03_10_78,1,"(156, 156, 225, 223)",0.0,0,C:\Users\sthem\OneDrive\Documentos\GitHub\master-2025\3-Datasets\img-lcm\img_dir_annotated\train\uninfected\2022_03_21_11_03_10_78_cell0001.png,0,transpose,4957,ok,0,0.0,0
train,2022_03_21_11_03_10_78,2,"(158, 1160, 214, 1218)",0.0,0,C:\Users\sthem\OneDrive\Documentos\GitHub\master-2025\3-Datasets\img-lcm\img_dir_annotated\train\uninfected\2022_03_21_11_03_10_78_cell0002.png,0,transpose,4957,ok,0,0.0,0
train,2022_03_21_11_03_10_78,3,"(174, 398, 226, 460)",0.0,0,C:\Users\sthem\OneDrive\Documentos\GitHub\master-2025\3-Datasets\img-lcm\img_dir_annotated\train\uninfected\2022_03_21_11_03_10_78_cell0003.png,0,transpose,4957,ok,0,0.0,0
train,2022_03_21_11_03_10_78,4,"(200, 2006, 259, 2048)",0.0,0,C:\Users\sthem\OneDrive\Documentos\GitHub\master-2025\3-Datasets\img-lcm\img_dir_annotated\train\uninfected\2022_03_21_11_03_10_78_cell0004.png,0,transpose,4957,ok,0,0.0,0
train,2022_03_21_11_03_10_78,5,"(354, 794, 415, 852)",0.0,0,C:\Users\sthem\OneDrive\Documentos\GitHub\master-2025\3-Datasets\img-lcm\img_dir_annotated\train\uninfected\2022_03_21_11_03_10_78_cell0005.png,0,transpose,4957,ok,0,0.0,0
train,2022_03_21_11_03_10_78,6,"(390, 1144, 451, 1207)",0.0,0,C:\Users\sthem\OneDrive\Documentos\GitHub\master-2025\3-Datasets\img-lcm\img_dir_annotated\train\uninfected\2022_03_21_11_03_10_78_cell0006.png,0,transpose,4957,ok,0,0.0,0
train,2022_03_21_11_03_10_78,7,"(427, 1712, 487, 1790)",0.7528687377553877,1,C:\Users\sthem\OneDrive\Documentos\GitHub\master-2025\3-Datasets\img-lcm\img_dir_annotated\train\infected\2022_03_21_11_03_10_78_cell0007.png,0,transpose,4957,ok,1,0.7228632478632478,3383
train,2022_03_21_11_03_10_78,8,"(454, 1824, 524, 1901)",0.0,0,C:\Users\sthem\OneDrive\Documentos\GitHub\master-2025\3-Datasets\img-lcm\img_dir_annotated\train\uninfected\2022_03_21_11_03_10_78_cell0008.png,0,transpose,4957,ok,0,0.0,0
train,2022_03_21_11_03_10_78,9,"(517, 894, 616, 997)",0.0,0,C:\Users\sthem\OneDrive\Documentos\GitHub\master-2025\3-Datasets\img-lcm\img_dir_annotated\train\uninfected\2022_03_21_11_03_10_78_cell0009.png,0,transpose,4957,ok,0,0.0,0
train,2022_03_21_11_03_10_78,10,"(565, 704, 620, 779)",0.0,0,C:\Users\sthem\OneDrive\Documentos\GitHub\master-2025\3-Datasets\img-lcm\img_dir_annotated\train\uninfected\2022_03_21_11_03_10_78_cell0010.png,0,transpose,4957,ok,0,0.0,0
train,2022_03_21_11_03_10_78,11,"(634, 641, 689, 711)",0.0,0,C:\Users\sthem\OneDrive\Documentos\GitHub\master-2025\3-Datasets\img-lcm\img_dir_annotated\train\uninfected\2022_03_21_11_03_10_78_cell0011.png,0,transpose,4957,ok,0,0.0,0
train,2022_03_21_11_03_10_78,12,"(661, 958, 735, 1015)",0.0,0,C:\Users\sthem\OneDrive\Documentos\GitHub\master-2025\3-Datasets\img-lcm\img_dir_annotated\train\uninfected\2022_03_21_11_03_10_78_cell0012.png,0,transpose,4957,ok,0,0.0,0
train,2022_03_21_11_03_10_78,13,"(669, 1838, 741, 1901)",0.0,0,C:\Users\sthem\OneDrive\Documentos\GitHub\master-2025\3-Datasets\img-lcm\img_dir_annotated\train\uninfected\2022_03_21_11_03_10_78_cell0013.png,0,transpose,4957,ok,0,0.0,0
train,2022_03_21_11_03_10_78,14,"(747, 621, 811, 689)",0.0,0,C:\Users\sthem\OneDrive\Documentos\GitHub\master-2025\3-Datasets\img-lcm\img_dir_annotated\train\uninfected\2022_03_21_11_03_10_78_cell0014.png,0,transpose,4957,ok,0,0.0,0
train,2022_03_21_11_03_10_78,15,"(790, 1612, 847, 1679)",0.0,0,C:\Users\sthem\OneDrive\Documentos\GitHub\master-2025\3-Datasets\img-lcm\img_dir_annotated\train\uninfected\2022_03_21_11_03_10_78_cell0015.png,0,transpose,4957,ok,0,0.0,0
train,2022_03_21_11_03_10_78,16,"(896, 1619, 951, 1681)",0.8399407187847351,1,C:\Users\sthem\OneDrive\Documentos\GitHub\master-2025\3-Datasets\img-lcm\img_dir_annotated\train\infected\2022_03_21_11_03_10_78_cell0016.png,0,transpose,4957,ok,1,0.8457478005865102,2884
train,2022_03_21_11_03_10_78,17,"(948, 1260, 1015, 1322)",0.0,0,C:\Users\sthem\OneDrive\Documentos\GitHub\master-2025\3-Datasets\img-lcm\img_dir_annotated\train\uninfected\2022_03_21_11_03_10_78_cell0017.png,0,transpose,4957,ok,0,0.0,0
train,2022_03_21_11_03_10_78,18,"(1032, 87, 1088, 154)",0.0,0,C:\Users\sthem\OneDrive\Documentos\GitHub\master-2025\3-Datasets\img-lcm\img_dir_annotated\train\uninfected\2022_03_21_11_03_10_78_cell0018.png,0,transpose,4957,ok,0,0.0,0
train,2022_03_21_11_03_10_85,1,"(6, 838, 76, 899)",0.0,0,C:\Users\sthem\OneDrive\Documentos\GitHub\master-2025\3-Datasets\img-lcm\img_dir_annotated\train\uninfected\2022_03_21_11_03_10_85_cell0001.png,0,transpose,2716,ok,0,0.0,0
train,2022_03_21_11_03_10_85,2,"(35, 732, 114, 806)",0.0,0,C:\Users\sthem\OneDrive\Documentos\GitHub\master-2025\3-Datasets\img-lcm\img_dir_annotated\train\uninfected\2022_03_21_11_03_10_85_cell0002.png,0,transpose,2716,ok,0,0.0,0
train,2022_03_21_11_03_10_85,3,"(84, 475, 116, 544)",0.0,0,C:\Users\sthem\OneDrive\Documentos\GitHub\master-2025\3-Datasets\img-lcm\img_dir_annotated\train\uninfected\2022_03_21_11_03_10_85_cell0003.png,0,transpose,2716,ok,0,0.0,0
train,2022_03_21_11_03_10_85,4,"(148, 145, 187, 193)",0.0,0,C:\Users\sthem\OneDrive\Documentos\GitHub\master-2025\3-Datasets\img-lcm\img_dir_annotated\train\uninfected\2022_03_21_11_03_10_85_cell0004.png,0,transpose,2716,ok,0,0.0,0
train,2022_03_21_11_03_10_85,5,"(241, 1460, 284, 1508)",0.0,0,C:\Users\sthem\OneDrive\Documentos\GitHub\master-2025\3-Datasets\img-lcm\img_dir_annotated\train\uninfected\2022_03_21_11_03_10_85_cell0005.png,0,transpose,2716,ok,0,0.0,0
train,2022_03_21_11_03_10_85,6,"(411, 323, 421, 333)",0.0,0,C:\Users\sthem\OneDrive\Documentos\GitHub\master-2025\3-Datasets\img-lcm\img_dir_annotated\train\uninfected\2022_03_21_11_03_10_85_cell0006.png,0,transpose,2716,ok,0,0.0,0
train,2022_03_21_11_03_10_85,7,"(415, 98, 425, 108)",0.0,0,C:\Users\sthem\OneDrive\Documentos\GitHub\master-2025\3-Datasets\img-lcm\img_dir_annotated\train\uninfected\2022_03_21_11_03_10_85_cell0007.png,0,transpose,2716,ok,0,0.0,0
train,2022_03_21_11_03_10_85,8,"(456, 62, 465, 70)",0.0,0,C:\Users\sthem\OneDrive\Documentos\GitHub\master-2025\3-Datasets\img-lcm\img_dir_annotated\train\uninfected\2022_03_21_11_03_10_85_cell0008.png,0,transpose,2716,ok,0,0.0,0
train,2022_03_21_11_03_10_85,9,"(491, 1100, 546, 1178)",0.0,0,C:\Users\sthem\OneDrive\Documentos\GitHub\master-2025\3-Datasets\img-lcm\img_dir_annotated\train\uninfected\2022_03_21_11_03_10_85_cell0009.png,0,transpose,2716,ok,0,0.0,0
train,2022_03_21_11_03_10_85,10,"(506, 1732, 599, 1800)",0.0,0,C:\Users\sthem\OneDrive\Documentos\GitHub\master-2025\3-Datasets\img-lcm\img_dir_annotated\train\uninfected\2022_03_21_11_03_10_85_cell0010.png,0,transpose,2716,ok,0,0.0,0
train,2022_03_21_11_03_10_85,11,"(549, 1447, 593, 1505)",0.0,0,C:\Users\sthem\OneDrive\Documentos\GitHub\master-2025\3-Datasets\img-lcm\img_dir_annotated\train\uninfected\2022_03_21_11_03_10_85_cell0011.png,0,transpose,2716,ok,0,0.0,0
train,2022_03_21_11_03_10_85,12,"(558, 1011, 630, 1076)",0.0,0,C:\Users\sthem\OneDrive\Documentos\GitHub\master-2025\3-Datasets\img-lcm\img_dir_annotated\train\uninfected\2022_03_21_11_03_10_85_cell0012.png,0,transpose,2716,ok,0,0.0,0
train,2022_03_21_11_03_10_85,13,"(672, 1047, 740, 1107)",0.0,0,C:\Users\sthem\OneDrive\Documentos\GitHub\master-2025\3-Datasets\img-lcm\img_dir_annotated\train\uninfected\2022_03_21_11_03_10_85_cell0013.png,0,transpose,2716,ok,0,0.0,0
train,2022_03_21_11_03_10_85,14,"(704, 973, 772, 1032)",0.0,0,C:\Users\sthem\OneDrive\Documentos\GitHub\master-2025\3-Datasets\img-lcm\img_dir_annotated\train\uninfected\2022_03_21_11_03_10_85_cell0014.png,0,transpose,2716,ok,0,0.0,0
train,2022_03_21_11_03_10_85,15,"(834, 1169, 886, 1221)",0.0,0,C:\Users\sthem\OneDrive\Documentos\GitHub\master-2025\3-Datasets\img-lcm\img_dir_annotated\train\uninfected\2022_03_21_11_03_10_85_cell0015.png,0,transpose,2716,ok,0,0.0,0
train,2022_03_21_11_03_10_85,16,"(835, 707, 917, 794)",0.0,0,C:\Users\sthem\OneDrive\Documentos\GitHub\master-2025\3-Datasets\img-lcm\img_dir_annotated\train\uninfected\2022_03_21_11_03_10_85_cell0016.png,0,transpose,2716,ok,0,0.0,0
train,2022_03_21_11_03_10_85,17,"(962, 1896, 1018, 1951)",0.0,0,C:\Users\sthem\OneDrive\Documentos\GitHub\master-2025\3-Datasets\img-lcm\img_dir_annotated\train\uninfected\2022_03_21_11_03_10_85_cell0017.png,0,transpose,2716,ok,0,0.0,0
train,2022_03_21_11_03_10_85,18,"(993, 635, 1061, 715)",0.6399622997172478,1,C:\Users\sthem\OneDrive\Documentos\GitHub\master-2025\3-Datasets\img-lcm\img_dir_annotated\train\infected\2022_03_21_11_03_10_85_cell0018.png,0,transpose,2716,ok,1,0.6279411764705882,3416
train,2022_03_21_11_03_10_85,19,"(1044, 716, 1087, 778)",0.0,0,C:\Users\sthem\OneDrive\Documentos\GitHub\master-2025\3-Datasets\img-lcm\img_dir_annotated\train\uninfected\2022_03_21_11_03_10_85_cell0019.png,0,transpose,2716,ok,0,0.0,0
train,2022_03_21_11_03_11_01,1,"(0, 534, 41, 608)",0.0,0,C:\Users\sthem\OneDrive\Documentos\GitHub\master-2025\3-Datasets\img-lcm\img_dir_annotated\train\uninfected\2022_03_21_11_03_11_01_cell0001.png,0,transpose,3829,ok,0,0.0,0
train,2022_03_21_11_03_11_01,2,"(0, 1196, 26, 1250)",0.0,0,C:\Users\sthem\OneDrive\Documentos\GitHub\master-2025\3-Datasets\img-lcm\img_dir_annotated\train\uninfected\2022_03_21_11_03_11_01_cell0002.png,0,transpose,3829,ok,0,0.0,0
train,2022_03_21_11_03_11_01,3,"(2, 1716, 57, 1762)",0.5596330275229358,1,C:\Users\sthem\OneDrive\Documentos\GitHub\master-2025\3-Datasets\img-lcm\img_dir_annotated\train\infected\2022_03_21_11_03_11_01_cell0003.png,0,transpose,3829,ok,1,0.6213438735177865,1572
train,2022_03_21_11_03_11_01,4,"(33, 641, 113, 741)",0.0,0,C:\Users\sthem\OneDrive\Documentos\GitHub\master-2025\3-Datasets\img-lcm\img_dir_annotated\train\uninfected\2022_03_21_11_03_11_01_cell0004.png,0,transpose,3829,ok,0,0.0,0
train,2022_03_21_11_03_11_01,5,"(114, 553, 162, 604)",0.0,0,C:\Users\sthem\OneDrive\Documentos\GitHub\master-2025\3-Datasets\img-lcm\img_dir_annotated\train\uninfected\2022_03_21_11_03_11_01_cell0005.png,0,transpose,3829,ok,0,0.0,0
train,2022_03_21_11_03_11_01,6,"(140, 0, 199, 56)",0.0,0,C:\Users\sthem\OneDrive\Documentos\GitHub\master-2025\3-Datasets\img-lcm\img_dir_annotated\train\uninfected\2022_03_21_11_03_11_01_cell0006.png,0,transpose,3829,ok,0,0.0,0
train,2022_03_21_11_03_11_01,7,"(195, 445, 254, 527)",0.0,0,C:\Users\sthem\OneDrive\Documentos\GitHub\master-2025\3-Datasets\img-lcm\img_dir_annotated\train\uninfected\2022_03_21_11_03_11_01_cell0007.png,0,transpose,3829,ok,0,0.0,0
train,2022_03_21_11_03_11_01,8,"(199, 574, 260, 640)",0.0,0,C:\Users\sthem\OneDrive\Documentos\GitHub\master-2025\3-Datasets\img-lcm\img_dir_annotated\train\uninfected\2022_03_21_11_03_11_01_cell0008.png,0,transpose,3829,ok,0,0.0,0
train,2022_03_21_11_03_11_01,9,"(215, 755, 261, 825)",0.0,0,C:\Users\sthem\OneDrive\Documentos\GitHub\master-2025\3-Datasets\img-lcm\img_dir_annotated\train\uninfected\2022_03_21_11_03_11_01_cell0009.png,0,transpose,3829,ok,0,0.0,0
train,2022_03_21_11_03_11_01,10,"(229, 1048, 293, 1107)",0.9629760225669958,1,C:\Users\sthem\OneDrive\Documentos\GitHub\master-2025\3-Datasets\img-lcm\img_dir_annotated\train\infected\2022_03_21_11_03_11_01_cell0010.png,0,transpose,3829,ok,1,0.9247881355932204,3492
train,2022_03_21_11_03_11_01,11,"(280, 150, 331, 215)",0.0,0,C:\Users\sthem\OneDrive\Documentos\GitHub\master-2025\3-Datasets\img-lcm\img_dir_annotated\train\uninfected\2022_03_21_11_03_11_01_cell0011.png,0,transpose,3829,ok,0,0.0,0
train,2022_03_21_11_03_11_01,12,"(330, 1122, 400, 1178)",0.0,0,C:\Users\sthem\OneDrive\Documentos\GitHub\master-2025\3-Datasets\img-lcm\img_dir_annotated\train\uninfected\2022_03_21_11_03_11_01_cell0012.png,0,transpose,3829,ok,0,0.0,0
train,2022_03_21_11_03_11_01,13,"(569, 698, 631, 764)",0.0,0,C:\Users\sthem\OneDrive\Documentos\GitHub\master-2025\3-Datasets\img-lcm\img_dir_annotated\train\uninfected\2022_03_21_11_03_11_01_cell0013.png,0,transpose,3829,ok,0,0.0,0
train,2022_03_21_11_03_11_01,14,"(581, 1687, 649, 1773)",0.0,0,C:\Users\sthem\OneDrive\Documentos\GitHub\master-2025\3-Datasets\img-lcm\img_dir_annotated\train\uninfected\2022_03_21_11_03_11_01_cell0014.png,0,transpose,3829,ok,0,0.0,0
train,2022_03_21_11_03_11_01,15,"(627, 1131, 636, 1140)",0.0,0,C:\Users\sthem\OneDrive\Documentos\GitHub\master-2025\3-Datasets\img-lcm\img_dir_annotated\train\uninfected\2022_03_21_11_03_11_01_cell0015.png,0,transpose,3829,ok,0,0.0,0
train,2022_03_21_11_03_11_01,16,"(674, 473, 739, 540)",0.0,0,C:\Users\sthem\OneDrive\Documentos\GitHub\master-2025\3-Datasets\img-lcm\img_dir_annotated\train\uninfected\2022_03_21_11_03_11_01_cell0016.png,0,transpose,3829,ok,0,0.0,0
train,2022_03_21_11_03_11_01,17,"(698, 1946, 708, 1955)",0.0,0,C:\Users\sthem\OneDrive\Documentos\GitHub\master-2025\3-Datasets\img-lcm\img_dir_annotated\train\uninfected\2022_03_21_11_03_11_01_cell0017.png,0,transpose,3829,ok,0,0.0,0
train,2022_03_21_11_03_11_01,18,"(723, 1351, 783, 1414)",0.0,0,C:\Users\sthem\OneDrive\Documentos\GitHub\master-2025\3-Datasets\img-lcm\img_dir_annotated\train\uninfected\2022_03_21_11_03_11_01_cell0018.png,0,transpose,3829,ok,0,0.0,0
train,2022_03_21_11_03_11_01,19,"(867, 986, 907, 1044)",0.0,0,C:\Users\sthem\OneDrive\Documentos\GitHub\master-2025\3-Datasets\img-lcm\img_dir_annotated\train\uninfected\2022_03_21_11_03_11_01_cell0019.png,0,transpose,3829,ok,0,0.0,0
train,2022_03_21_11_03_11_01,20,"(876, 1405, 940, 1460)",0.0,0,C:\Users\sthem\OneDrive\Documentos\GitHub\master-2025\3-Datasets\img-lcm\img_dir_annotated\train\uninfected\2022_03_21_11_03_11_01_cell0020.png,0,transpose,3829,ok,0,0.0,0
train,2022_03_21_11_03_11_01,21,"(997, 1069, 1058, 1121)",0.0,0,C:\Users\sthem\OneDrive\Documentos\GitHub\master-2025\3-Datasets\img-lcm\img_dir_annotated\train\uninfected\2022_03_21_11_03_11_01_cell0021.png,0,transpose,3829,ok,0,0.0,0
train,2022_03_21_11_03_11_09,1,"(0, 527, 55, 596)",0.0,0,C:\Users\sthem\OneDrive\Documentos\GitHub\master-2025\3-Datasets\img-lcm\img_dir_annotated\train\uninfected\2022_03_21_11_03_11_09_cell0001.png,0,transpose,1657,ok,0,0.0,0
train,2022_03_21_11_03_11_09,2,"(1, 19, 79, 122)",0.0,0,C:\Users\sthem\OneDrive\Documentos\GitHub\master-2025\3-Datasets\img-lcm\img_dir_annotated\train\uninfected\2022_03_21_11_03_11_09_cell0002.png,0,transpose,1657,ok,0,0.0,0
train,2022_03_21_11_03_11_09,3,"(1, 908, 46, 989)",0.0,0,C:\Users\sthem\OneDrive\Documentos\GitHub\master-2025\3-Datasets\img-lcm\img_dir_annotated\train\uninfected\2022_03_21_11_03_11_09_cell0003.png,0,transpose,1657,ok,0,0.0,0
train,2022_03_21_11_03_11_09,4,"(37, 2018, 90, 2047)",0.0,0,C:\Users\sthem\OneDrive\Documentos\GitHub\master-2025\3-Datasets\img-lcm\img_dir_annotated\train\uninfected\2022_03_21_11_03_11_09_cell0004.png,0,transpose,1657,ok,0,0.0,0
train,2022_03_21_11_03_11_09,5,"(65, 662, 135, 697)",0.0,0,C:\Users\sthem\OneDrive\Documentos\GitHub\master-2025\3-Datasets\img-lcm\img_dir_annotated\train\uninfected\2022_03_21_11_03_11_09_cell0005.png,0,transpose,1657,ok,0,0.0,0
train,2022_03_21_11_03_11_09,6,"(120, 878, 205, 962)",0.0,0,C:\Users\sthem\OneDrive\Documentos\GitHub\master-2025\3-Datasets\img-lcm\img_dir_annotated\train\uninfected\2022_03_21_11_03_11_09_cell0006.png,0,transpose,1657,ok,0,0.0,0
train,2022_03_21_11_03_11_09,7,"(245, 702, 311, 763)",0.0,0,C:\Users\sthem\OneDrive\Documentos\GitHub\master-2025\3-Datasets\img-lcm\img_dir_annotated\train\uninfected\2022_03_21_11_03_11_09_cell0007.png,0,transpose,1657,ok,0,0.0,0
train,2022_03_21_11_03_11_09,8,"(290, 1635, 362, 1703)",0.4431666220914683,1,C:\Users\sthem\OneDrive\Documentos\GitHub\master-2025\3-Datasets\img-lcm\img_dir_annotated\train\infected\2022_03_21_11_03_11_09_cell0008.png,0,transpose,1657,ok,1,0.4585375816993464,2245
train,2022_03_21_11_03_11_09,9,"(408, 499, 433, 537)",0.0,0,C:\Users\sthem\OneDrive\Documentos\GitHub\master-2025\3-Datasets\img-lcm\img_dir_annotated\train\uninfected\2022_03_21_11_03_11_09_cell0009.png,0,transpose,1657,ok,0,0.0,0
train,2022_03_21_11_03_11_09,10,"(620, 2013, 687, 2047)",0.0,0,C:\Users\sthem\OneDrive\Documentos\GitHub\master-2025\3-Datasets\img-lcm\img_dir_annotated\train\uninfected\2022_03_21_11_03_11_09_cell0010.png,0,transpose,1657,ok,0,0.0,0
train,2022_03_21_11_03_11_09,11,"(626, 1131, 636, 1141)",0.0,0,C:\Users\sthem\OneDrive\Documentos\GitHub\master-2025\3-Datasets\img-lcm\img_dir_annotated\train\uninfected\2022_03_21_11_03_11_09_cell0011.png,0,transpose,1657,ok,0,0.0,0
train,2022_03_21_11_03_11_09,12,"(684, 360, 739, 407)",0.0,0,C:\Users\sthem\OneDrive\Documentos\GitHub\master-2025\3-Datasets\img-lcm\img_dir_annotated\train\uninfected\2022_03_21_11_03_11_09_cell0012.png,0,transpose,1657,ok,0,0.0,0
train,2022_03_21_11_03_11_09,13,"(713, 866, 798, 938)",0.0,0,C:\Users\sthem\OneDrive\Documentos\GitHub\master-2025\3-Datasets\img-lcm\img_dir_annotated\train\uninfected\2022_03_21_11_03_11_09_cell0013.png,0,transpose,1657,ok,0,0.0,0
train,2022_03_21_11_03_11_09,14,"(791, 128, 835, 178)",0.0,0,C:\Users\sthem\OneDrive\Documentos\GitHub\master-2025\3-Datasets\img-lcm\img_dir_annotated\train\uninfected\2022_03_21_11_03_11_09_cell0014.png,0,transpose,1657,ok,0,0.0,0
train,2022_03_21_11_03_11_09,15,"(817, 1718, 881, 1778)",0.0,0,C:\Users\sthem\OneDrive\Documentos\GitHub\master-2025\3-Datasets\img-lcm\img_dir_annotated\train\uninfected\2022_03_21_11_03_11_09_cell0015.png,0,transpose,1657,ok,0,0.0,0
train,2022_03_21_11_03_11_09,16,"(832, 123, 887, 176)",0.0,0,C:\Users\sthem\OneDrive\Documentos\GitHub\master-2025\3-Datasets\img-lcm\img_dir_annotated\train\uninfected\2022_03_21_11_03_11_09_cell0016.png,0,transpose,1657,ok,0,0.0,0
train,2022_03_21_11_03_11_09,17,"(878, 71, 942, 134)",0.0,0,C:\Users\sthem\OneDrive\Documentos\GitHub\master-2025\3-Datasets\img-lcm\img_dir_annotated\train\uninfected\2022_03_21_11_03_11_09_cell0017.png,0,transpose,1657,ok,0,0.0,0
train,2022_03_21_11_03_11_09,18,"(1046, 23, 1087, 101)",0.0,0,C:\Users\sthem\OneDrive\Documentos\GitHub\master-2025\3-Datasets\img-lcm\img_dir_annotated\train\uninfected\2022_03_21_11_03_11_09_cell0018.png,0,transpose,1657,ok,0,0.0,0
train,2022_03_21_11_03_11_18,1,"(0, 1912, 41, 1967)",0.0,0,C:\Users\sthem\OneDrive\Documentos\GitHub\master-2025\3-Datasets\img-lcm\img_dir_annotated\train\uninfected\2022_03_21_11_03_11_18_cell0001.png,0,transpose,6500,ok,0,0.0,0
train,2022_03_21_11_03_11_18,2,"(1, 2031, 49, 2047)",0.0,0,C:\Users\sthem\OneDrive\Documentos\GitHub\master-2025\3-Datasets\img-lcm\img_dir_annotated\train\uninfected\2022_03_21_11_03_11_18_cell0002.png,0,transpose,6500,ok,0,0.0,0
train,2022_03_21_11_03_11_18,3,"(4, 832, 72, 908)",0.0,0,C:\Users\sthem\OneDrive\Documentos\GitHub\master-2025\3-Datasets\img-lcm\img_dir_annotated\train\uninfected\2022_03_21_11_03_11_18_cell0003.png,0,transpose,6500,ok,0,0.0,0
train,2022_03_21_11_03_11_18,4,"(28, 1155, 107, 1211)",0.0,0,C:\Users\sthem\OneDrive\Documentos\GitHub\master-2025\3-Datasets\img-lcm\img_dir_annotated\train\uninfected\2022_03_21_11_03_11_18_cell0004.png,0,transpose,6500,ok,0,0.0,0
train,2022_03_21_11_03_11_18,5,"(41, 39, 51, 51)",0.0,0,C:\Users\sthem\OneDrive\Documentos\GitHub\master-2025\3-Datasets\img-lcm\img_dir_annotated\train\uninfected\2022_03_21_11_03_11_18_cell0005.png,0,transpose,6500,ok,0,0.0,0
train,2022_03_21_11_03_11_18,6,"(88, 1451, 186, 1558)",0.0,0,C:\Users\sthem\OneDrive\Documentos\GitHub\master-2025\3-Datasets\img-lcm\img_dir_annotated\train\uninfected\2022_03_21_11_03_11_18_cell0006.png,0,transpose,6500,ok,0,0.0,0
train,2022_03_21_11_03_11_18,7,"(253, 1305, 314, 1378)",0.8974504249291785,1,C:\Users\sthem\OneDrive\Documentos\GitHub\master-2025\3-Datasets\img-lcm\img_dir_annotated\train\infected\2022_03_21_11_03_11_18_cell0007.png,0,transpose,6500,ok,1,0.8785088704244329,3912
train,2022_03_21_11_03_11_18,8,"(286, 741, 348, 798)",0.6348659003831417,1,C:\Users\sthem\OneDrive\Documentos\GitHub\master-2025\3-Datasets\img-lcm\img_dir_annotated\train\infected\2022_03_21_11_03_11_18_cell0008.png,0,transpose,6500,ok,1,0.6375212224108658,2253
train,2022_03_21_11_03_11_18,9,"(318, 1845, 362, 1891)",0.0,0,C:\Users\sthem\OneDrive\Documentos\GitHub\master-2025\3-Datasets\img-lcm\img_dir_annotated\train\uninfected\2022_03_21_11_03_11_18_cell0009.png,0,transpose,6500,ok,0,0.0,0
train,2022_03_21_11_03_11_18,10,"(353, 550, 397, 595)",0.0,0,C:\Users\sthem\OneDrive\Documentos\GitHub\master-2025\3-Datasets\img-lcm\img_dir_annotated\train\uninfected\2022_03_21_11_03_11_18_cell0010.png,0,transpose,6500,ok,0,0.0,0
train,2022_03_21_11_03_11_18,11,"(477, 623, 550, 685)",0.0,0,C:\Users\sthem\OneDrive\Documentos\GitHub\master-2025\3-Datasets\img-lcm\img_dir_annotated\train\uninfected\2022_03_21_11_03_11_18_cell0011.png,0,transpose,6500,ok,0,0.0,0
train,2022_03_21_11_03_11_18,12,"(478, 1203, 549, 1269)",0.0,0,C:\Users\sthem\OneDrive\Documentos\GitHub\master-2025\3-Datasets\img-lcm\img_dir_annotated\train\uninfected\2022_03_21_11_03_11_18_cell0012.png,0,transpose,6500,ok,0,0.0,0
train,2022_03_21_11_03_11_18,13,"(549, 112, 604, 160)",0.0,0,C:\Users\sthem\OneDrive\Documentos\GitHub\master-2025\3-Datasets\img-lcm\img_dir_annotated\train\uninfected\2022_03_21_11_03_11_18_cell0013.png,0,transpose,6500,ok,0,0.0,0
train,2022_03_21_11_03_11_18,14,"(561, 1357, 630, 1417)",0.0,0,C:\Users\sthem\OneDrive\Documentos\GitHub\master-2025\3-Datasets\img-lcm\img_dir_annotated\train\uninfected\2022_03_21_11_03_11_18_cell0014.png,0,transpose,6500,ok,0,0.0,0
train,2022_03_21_11_03_11_18,15,"(576, 1216, 644, 1278)",0.5242566510172144,1,C:\Users\sthem\OneDrive\Documentos\GitHub\master-2025\3-Datasets\img-lcm\img_dir_annotated\train\infected\2022_03_21_11_03_11_18_cell0015.png,0,transpose,6500,ok,1,0.5249051233396584,2213
train,2022_03_21_11_03_11_18,16,"(661, 290, 725, 354)",0.0,0,C:\Users\sthem\OneDrive\Documentos\GitHub\master-2025\3-Datasets\img-lcm\img_dir_annotated\train\uninfected\2022_03_21_11_03_11_18_cell0016.png,0,transpose,6500,ok,0,0.0,0
train,2022_03_21_11_03_11_18,17,"(697, 1945, 708, 1957)",0.0,0,C:\Users\sthem\OneDrive\Documentos\GitHub\master-2025\3-Datasets\img-lcm\img_dir_annotated\train\uninfected\2022_03_21_11_03_11_18_cell0017.png,0,transpose,6500,ok,0,0.0,0
train,2022_03_21_11_03_11_18,18,"(718, 1229, 789, 1290)",0.0,0,C:\Users\sthem\OneDrive\Documentos\GitHub\master-2025\3-Datasets\img-lcm\img_dir_annotated\train\uninfected\2022_03_21_11_03_11_18_cell0018.png,0,transpose,6500,ok,0,0.0,0
train,2022_03_21_11_03_11_18,19,"(749, 137, 806, 203)",0.0,0,C:\Users\sthem\OneDrive\Documentos\GitHub\master-2025\3-Datasets\img-lcm\img_dir_annotated\train\uninfected\2022_03_21_11_03_11_18_cell0019.png,0,transpose,6500,ok,0,0.0,0
train,2022_03_21_11_03_11_18,20,"(850, 1606, 933, 1685)",0.0,0,C:\Users\sthem\OneDrive\Documentos\GitHub\master-2025\3-Datasets\img-lcm\img_dir_annotated\train\uninfected\2022_03_21_11_03_11_18_cell0020.png,0,transpose,6500,ok,0,0.0,0
train,2022_03_21_11_03_11_18,21,"(949, 1597, 1033, 1675)",0.0,0,C:\Users\sthem\OneDrive\Documentos\GitHub\master-2025\3-Datasets\img-lcm\img_dir_annotated\train\uninfected\2022_03_21_11_03_11_18_cell0021.png,0,transpose,6500,ok,0,0.0,0
train,2022_03_21_11_03_11_18,22,"(1012, 1863, 1073, 1926)",0.0,0,C:\Users\sthem\OneDrive\Documentos\GitHub\master-2025\3-Datasets\img-lcm\img_dir_annotated\train\uninfected\2022_03_21_11_03_11_18_cell0022.png,0,transpose,6500,ok,0,0.0,0
train,2022_03_21_11_03_11_35,1,"(23, 1818, 79, 1869)",1.0,1,C:\Users\sthem\OneDrive\Documentos\GitHub\master-2025\3-Datasets\img-lcm\img_dir_annotated\train\infected\2022_03_21_11_03_11_35_cell0001.png,0,id,35122,ok,1,1.0,2856
train,2022_03_21_11_03_11_35,2,"(99, 97, 159, 158)",1.0,1,C:\Users\sthem\OneDrive\Documentos\GitHub\master-2025\3-Datasets\img-lcm\img_dir_annotated\train\infected\2022_03_21_11_03_11_35_cell0002.png,0,id,35122,ok,1,1.0,3660
train,2022_03_21_11_03_11_35,3,"(175, 834, 248, 907)",1.0,1,C:\Users\sthem\OneDrive\Documentos\GitHub\master-2025\3-Datasets\img-lcm\img_dir_annotated\train\infected\2022_03_21_11_03_11_35_cell0003.png,0,id,35122,ok,1,1.0,5329
train,2022_03_21_11_03_11_35,4,"(226, 1195, 293, 1241)",1.0,1,C:\Users\sthem\OneDrive\Documentos\GitHub\master-2025\3-Datasets\img-lcm\img_dir_annotated\train\infected\2022_03_21_11_03_11_35_cell0004.png,0,id,35122,ok,1,1.0,3082
train,2022_03_21_11_03_11_35,5,"(572, 294, 638, 385)",1.0,1,C:\Users\sthem\OneDrive\Documentos\GitHub\master-2025\3-Datasets\img-lcm\img_dir_annotated\train\infected\2022_03_21_11_03_11_35_cell0005.png,0,id,35122,ok,1,1.0,6006
train,2022_03_21_11_03_11_35,6,"(581, 1181, 634, 1250)",1.0,1,C:\Users\sthem\OneDrive\Documentos\GitHub\master-2025\3-Datasets\img-lcm\img_dir_annotated\train\infected\2022_03_21_11_03_11_35_cell0006.png,0,id,35122,ok,1,1.0,3657
train,2022_03_21_11_03_11_35,7,"(604, 271, 683, 333)",1.0,1,C:\Users\sthem\OneDrive\Documentos\GitHub\master-2025\3-Datasets\img-lcm\img_dir_annotated\train\infected\2022_03_21_11_03_11_35_cell0007.png,0,id,35122,ok,1,1.0,4898
train,2022_03_21_11_03_11_35,8,"(767, 268, 853, 347)",1.0,1,C:\Users\sthem\OneDrive\Documentos\GitHub\master-2025\3-Datasets\img-lcm\img_dir_annotated\train\infected\2022_03_21_11_03_11_35_cell0008.png,0,id,35122,ok,1,1.0,6794
train,2022_03_21_11_03_11_35,9,"(814, 155, 902, 226)",1.0,1,C:\Users\sthem\OneDrive\Documentos\GitHub\master-2025\3-Datasets\img-lcm\img_dir_annotated\train\infected\2022_03_21_11_03_11_35_cell0009.png,0,id,35122,ok,1,1.0,6248
train,2022_03_21_11_03_11_35,10,"(875, 1596, 937, 1660)",1.0,1,C:\Users\sthem\OneDrive\Documentos\GitHub\master-2025\3-Datasets\img-lcm\img_dir_annotated\train\infected\2022_03_21_11_03_11_35_cell0010.png,0,id,35122,ok,1,1.0,3968
train,2022_03_21_11_03_11_35,11,"(1067, 1653, 1088, 1716)",1.0,1,C:\Users\sthem\OneDrive\Documentos\GitHub\master-2025\3-Datasets\img-lcm\img_dir_annotated\train\infected\2022_03_21_11_03_11_35_cell0011.png,0,id,35122,ok,1,1.0,1323
train,2022_03_21_11_03_11_51,1,"(15, 1810, 81, 1875)",0.4383731760322881,1,C:\Users\sthem\OneDrive\Documentos\GitHub\master-2025\3-Datasets\img-lcm\img_dir_annotated\train\infected\2022_03_21_11_03_11_51_cell0001.png,0,transpose,4563,ok,1,0.4578088578088578,1964
train,2022_03_21_11_03_11_51,2,"(73, 109, 118, 170)",0.0,0,C:\Users\sthem\OneDrive\Documentos\GitHub\master-2025\3-Datasets\img-lcm\img_dir_annotated\train\uninfected\2022_03_21_11_03_11_51_cell0002.png,0,transpose,4563,ok,0,0.0,0
train,2022_03_21_11_03_11_51,3,"(191, 540, 273, 614)",0.0,0,C:\Users\sthem\OneDrive\Documentos\GitHub\master-2025\3-Datasets\img-lcm\img_dir_annotated\train\uninfected\2022_03_21_11_03_11_51_cell0003.png,0,transpose,4563,ok,0,0.0,0
train,2022_03_21_11_03_11_51,4,"(308, 1454, 362, 1501)",0.0,0,C:\Users\sthem\OneDrive\Documentos\GitHub\master-2025\3-Datasets\img-lcm\img_dir_annotated\train\uninfected\2022_03_21_11_03_11_51_cell0004.png,0,transpose,4563,ok,0,0.0,0
train,2022_03_21_11_03_11_51,5,"(318, 836, 392, 905)",0.0,0,C:\Users\sthem\OneDrive\Documentos\GitHub\master-2025\3-Datasets\img-lcm\img_dir_annotated\train\uninfected\2022_03_21_11_03_11_51_cell0005.png,0,transpose,4563,ok,0,0.0,0
train,2022_03_21_11_03_11_51,6,"(351, 1908, 400, 1982)",0.0,0,C:\Users\sthem\OneDrive\Documentos\GitHub\master-2025\3-Datasets\img-lcm\img_dir_annotated\train\uninfected\2022_03_21_11_03_11_51_cell0006.png,0,transpose,4563,ok,0,0.0,0
train,2022_03_21_11_03_11_51,7,"(430, 1396, 500, 1461)",0.4057142857142857,1,C:\Users\sthem\OneDrive\Documentos\GitHub\master-2025\3-Datasets\img-lcm\img_dir_annotated\train\infected\2022_03_21_11_03_11_51_cell0007.png,0,transpose,4563,ok,1,0.43340659340659343,1972
train,2022_03_21_11_03_11_51,8,"(449, 518, 515, 582)",0.0,0,C:\Users\sthem\OneDrive\Documentos\GitHub\master-2025\3-Datasets\img-lcm\img_dir_annotated\train\uninfected\2022_03_21_11_03_11_51_cell0008.png,0,transpose,4563,ok,0,0.0,0
train,2022_03_21_11_03_11_51,9,"(475, 1509, 544, 1575)",0.0,0,C:\Users\sthem\OneDrive\Documentos\GitHub\master-2025\3-Datasets\img-lcm\img_dir_annotated\train\uninfected\2022_03_21_11_03_11_51_cell0009.png,0,transpose,4563,ok,0,0.0,0
train,2022_03_21_11_03_11_51,10,"(605, 1070, 681, 1140)",0.4519582245430809,1,C:\Users\sthem\OneDrive\Documentos\GitHub\master-2025\3-Datasets\img-lcm\img_dir_annotated\train\infected\2022_03_21_11_03_11_51_cell0010.png,0,transpose,4563,ok,1,0.4381578947368421,2331
train,2022_03_21_11_03_11_51,11,"(621, 2014, 685, 2048)",0.0,0,C:\Users\sthem\OneDrive\Documentos\GitHub\master-2025\3-Datasets\img-lcm\img_dir_annotated\train\uninfected\2022_03_21_11_03_11_51_cell0011.png,0,transpose,4563,ok,0,0.0,0
train,2022_03_21_11_03_11_51,12,"(641, 219, 724, 274)",0.0,0,C:\Users\sthem\OneDrive\Documentos\GitHub\master-2025\3-Datasets\img-lcm\img_dir_annotated\train\uninfected\2022_03_21_11_03_11_51_cell0012.png,0,transpose,4563,ok,0,0.0,0
train,2022_03_21_11_03_11_51,13,"(725, 1154, 793, 1222)",0.0,0,C:\Users\sthem\OneDrive\Documentos\GitHub\master-2025\3-Datasets\img-lcm\img_dir_annotated\train\uninfected\2022_03_21_11_03_11_51_cell0013.png,0,transpose,4563,ok,0,0.0,0
train,2022_03_21_11_03_11_51,14,"(743, 117, 812, 191)",0.0,0,C:\Users\sthem\OneDrive\Documentos\GitHub\master-2025\3-Datasets\img-lcm\img_dir_annotated\train\uninfected\2022_03_21_11_03_11_51_cell0014.png,0,transpose,4563,ok,0,0.0,0
train,2022_03_21_11_03_11_51,15,"(873, 1804, 940, 1869)",0.0,0,C:\Users\sthem\OneDrive\Documentos\GitHub\master-2025\3-Datasets\img-lcm\img_dir_annotated\train\uninfected\2022_03_21_11_03_11_51_cell0015.png,0,transpose,4563,ok,0,0.0,0
train,2022_03_21_11_03_11_51,16,"(884, 1452, 970, 1528)",0.0,0,C:\Users\sthem\OneDrive\Documentos\GitHub\master-2025\3-Datasets\img-lcm\img_dir_annotated\train\uninfected\2022_03_21_11_03_11_51_cell0016.png,0,transpose,4563,ok,0,0.0,0
train,2022_03_21_11_03_11_51,17,"(895, 256, 963, 321)",0.0,0,C:\Users\sthem\OneDrive\Documentos\GitHub\master-2025\3-Datasets\img-lcm\img_dir_annotated\train\uninfected\2022_03_21_11_03_11_51_cell0017.png,0,transpose,4563,ok,0,0.0,0
train,2022_03_21_11_03_11_51,18,"(947, 477, 1001, 559)",0.0,0,C:\Users\sthem\OneDrive\Documentos\GitHub\master-2025\3-Datasets\img-lcm\img_dir_annotated\train\uninfected\2022_03_21_11_03_11_51_cell0018.png,0,transpose,4563,ok,0,0.0,0
train,2022_03_21_11_03_11_51,19,"(983, 1272, 1049, 1330)",0.0,0,C:\Users\sthem\OneDrive\Documentos\GitHub\master-2025\3-Datasets\img-lcm\img_dir_annotated\train\uninfected\2022_03_21_11_03_11_51_cell0019.png,0,transpose,4563,ok,0,0.0,0
train,2022_03_21_11_03_11_51,20,"(1002, 1535, 1079, 1604)",0.0,0,C:\Users\sthem\OneDrive\Documentos\GitHub\master-2025\3-Datasets\img-lcm\img_dir_annotated\train\uninfected\2022_03_21_11_03_11_51_cell0020.png,0,transpose,4563,ok,0,0.0,0
train,2022_03_21_11_03_11_60,1,"(2, 1046, 41, 1107)",0.0,0,C:\Users\sthem\OneDrive\Documentos\GitHub\master-2025\3-Datasets\img-lcm\img_dir_annotated\train\uninfected\2022_03_21_11_03_11_60_cell0001.png,0,transpose,7405,ok,0,0.0,0
train,2022_03_21_11_03_11_60,2,"(32, 732, 105, 793)",0.0,0,C:\Users\sthem\OneDrive\Documentos\GitHub\master-2025\3-Datasets\img-lcm\img_dir_annotated\train\uninfected\2022_03_21_11_03_11_60_cell0002.png,0,transpose,7405,ok,0,0.0,0
train,2022_03_21_11_03_11_60,3,"(72, 1331, 136, 1401)",0.0,0,C:\Users\sthem\OneDrive\Documentos\GitHub\master-2025\3-Datasets\img-lcm\img_dir_annotated\train\uninfected\2022_03_21_11_03_11_60_cell0003.png,0,transpose,7405,ok,0,0.0,0
train,2022_03_21_11_03_11_60,4,"(132, 916, 186, 969)",0.0,0,C:\Users\sthem\OneDrive\Documentos\GitHub\master-2025\3-Datasets\img-lcm\img_dir_annotated\train\uninfected\2022_03_21_11_03_11_60_cell0004.png,0,transpose,7405,ok,0,0.0,0
train,2022_03_21_11_03_11_60,5,"(178, 1702, 245, 1765)",0.9023006618342264,1,C:\Users\sthem\OneDrive\Documentos\GitHub\master-2025\3-Datasets\img-lcm\img_dir_annotated\train\infected\2022_03_21_11_03_11_60_cell0005.png,0,transpose,7405,ok,1,0.8841506751954513,3732
train,2022_03_21_11_03_11_60,6,"(186, 1884, 289, 2007)",0.0,0,C:\Users\sthem\OneDrive\Documentos\GitHub\master-2025\3-Datasets\img-lcm\img_dir_annotated\train\uninfected\2022_03_21_11_03_11_60_cell0006.png,0,transpose,7405,ok,0,0.0,0
train,2022_03_21_11_03_11_60,7,"(247, 1078, 305, 1142)",0.0,0,C:\Users\sthem\OneDrive\Documentos\GitHub\master-2025\3-Datasets\img-lcm\img_dir_annotated\train\uninfected\2022_03_21_11_03_11_60_cell0007.png,0,transpose,7405,ok,0,0.0,0
train,2022_03_21_11_03_11_60,8,"(254, 601, 307, 657)",0.0,0,C:\Users\sthem\OneDrive\Documentos\GitHub\master-2025\3-Datasets\img-lcm\img_dir_annotated\train\uninfected\2022_03_21_11_03_11_60_cell0008.png,0,transpose,7405,ok,0,0.0,0
train,2022_03_21_11_03_11_60,9,"(256, 641, 315, 705)",0.0,0,C:\Users\sthem\OneDrive\Documentos\GitHub\master-2025\3-Datasets\img-lcm\img_dir_annotated\train\uninfected\2022_03_21_11_03_11_60_cell0009.png,0,transpose,7405,ok,0,0.0,0
train,2022_03_21_11_03_11_60,10,"(286, 1325, 338, 1373)",0.0,0,C:\Users\sthem\OneDrive\Documentos\GitHub\master-2025\3-Datasets\img-lcm\img_dir_annotated\train\uninfected\2022_03_21_11_03_11_60_cell0010.png,0,transpose,7405,ok,0,0.0,0
train,2022_03_21_11_03_11_60,11,"(463, 1949, 503, 1999)",0.0,0,C:\Users\sthem\OneDrive\Documentos\GitHub\master-2025\3-Datasets\img-lcm\img_dir_annotated\train\uninfected\2022_03_21_11_03_11_60_cell0011.png,0,transpose,7405,ok,0,0.0,0
train,2022_03_21_11_03_11_60,12,"(488, 1259, 541, 1313)",0.0,0,C:\Users\sthem\OneDrive\Documentos\GitHub\master-2025\3-Datasets\img-lcm\img_dir_annotated\train\uninfected\2022_03_21_11_03_11_60_cell0012.png,0,transpose,7405,ok,0,0.0,0
train,2022_03_21_11_03_11_60,13,"(521, 685, 590, 750)",0.6124645892351275,1,C:\Users\sthem\OneDrive\Documentos\GitHub\master-2025\3-Datasets\img-lcm\img_dir_annotated\train\infected\2022_03_21_11_03_11_60_cell0013.png,0,transpose,7405,ok,1,0.6138238573021182,2753
train,2022_03_21_11_03_11_60,14,"(598, 835, 688, 926)",0.0,0,C:\Users\sthem\OneDrive\Documentos\GitHub\master-2025\3-Datasets\img-lcm\img_dir_annotated\train\uninfected\2022_03_21_11_03_11_60_cell0014.png,0,transpose,7405,ok,0,0.0,0
train,2022_03_21_11_03_11_60,15,"(620, 2013, 685, 2047)",0.0,0,C:\Users\sthem\OneDrive\Documentos\GitHub\master-2025\3-Datasets\img-lcm\img_dir_annotated\train\uninfected\2022_03_21_11_03_11_60_cell0015.png,0,transpose,7405,ok,0,0.0,0
train,2022_03_21_11_03_11_60,16,"(716, 615, 778, 673)",0.8307155322862129,1,C:\Users\sthem\OneDrive\Documentos\GitHub\master-2025\3-Datasets\img-lcm\img_dir_annotated\train\infected\2022_03_21_11_03_11_60_cell0016.png,0,transpose,7405,ok,1,0.8264738598442715,2972
train,2022_03_21_11_03_11_60,17,"(746, 1041, 824, 1099)",0.0,0,C:\Users\sthem\OneDrive\Documentos\GitHub\master-2025\3-Datasets\img-lcm\img_dir_annotated\train\uninfected\2022_03_21_11_03_11_60_cell0017.png,0,transpose,7405,ok,0,0.0,0
train,2022_03_21_11_03_11_60,18,"(759, 1429, 860, 1510)",0.0,0,C:\Users\sthem\OneDrive\Documentos\GitHub\master-2025\3-Datasets\img-lcm\img_dir_annotated\train\uninfected\2022_03_21_11_03_11_60_cell0018.png,0,transpose,7405,ok,0,0.0,0
train,2022_03_21_11_03_11_60,19,"(807, 1069, 886, 1126)",0.0,0,C:\Users\sthem\OneDrive\Documentos\GitHub\master-2025\3-Datasets\img-lcm\img_dir_annotated\train\uninfected\2022_03_21_11_03_11_60_cell0019.png,0,transpose,7405,ok,0,0.0,0
train,2022_03_21_11_03_11_60,20,"(909, 586, 997, 680)",0.0,0,C:\Users\sthem\OneDrive\Documentos\GitHub\master-2025\3-Datasets\img-lcm\img_dir_annotated\train\uninfected\2022_03_21_11_03_11_60_cell0020.png,0,transpose,7405,ok,0,0.0,0
train,2022_03_21_11_03_11_60,21,"(995, 636, 1071, 720)",0.0,0,C:\Users\sthem\OneDrive\Documentos\GitHub\master-2025\3-Datasets\img-lcm\img_dir_annotated\train\uninfected\2022_03_21_11_03_11_60_cell0021.png,0,transpose,7405,ok,0,0.0,0
train,2022_03_21_11_03_11_68,1,"(0, 0, 36, 60)",0.0,0,C:\Users\sthem\OneDrive\Documentos\GitHub\master-2025\3-Datasets\img-lcm\img_dir_annotated\train\uninfected\2022_03_21_11_03_11_68_cell0001.png,0,transpose,8612,ok,0,0.0,0
train,2022_03_21_11_03_11_68,2,"(0, 544, 43, 575)",0.0,0,C:\Users\sthem\OneDrive\Documentos\GitHub\master-2025\3-Datasets\img-lcm\img_dir_annotated\train\uninfected\2022_03_21_11_03_11_68_cell0002.png,0,transpose,8612,ok,0,0.0,0
train,2022_03_21_11_03_11_68,3,"(0, 803, 35, 858)",0.0,0,C:\Users\sthem\OneDrive\Documentos\GitHub\master-2025\3-Datasets\img-lcm\img_dir_annotated\train\uninfected\2022_03_21_11_03_11_68_cell0003.png,0,transpose,8612,ok,0,0.0,0
train,2022_03_21_11_03_11_68,4,"(0, 1372, 42, 1427)",0.0,0,C:\Users\sthem\OneDrive\Documentos\GitHub\master-2025\3-Datasets\img-lcm\img_dir_annotated\train\uninfected\2022_03_21_11_03_11_68_cell0004.png,0,transpose,8612,ok,0,0.0,0
train,2022_03_21_11_03_11_68,5,"(37, 763, 101, 825)",0.0,0,C:\Users\sthem\OneDrive\Documentos\GitHub\master-2025\3-Datasets\img-lcm\img_dir_annotated\train\uninfected\2022_03_21_11_03_11_68_cell0005.png,0,transpose,8612,ok,0,0.0,0
train,2022_03_21_11_03_11_68,6,"(231, 1143, 293, 1200)",0.0,0,C:\Users\sthem\OneDrive\Documentos\GitHub\master-2025\3-Datasets\img-lcm\img_dir_annotated\train\uninfected\2022_03_21_11_03_11_68_cell0006.png,0,transpose,8612,ok,0,0.0,0
train,2022_03_21_11_03_11_68,7,"(285, 1363, 352, 1422)",0.9372754001960144,1,C:\Users\sthem\OneDrive\Documentos\GitHub\master-2025\3-Datasets\img-lcm\img_dir_annotated\train\infected\2022_03_21_11_03_11_68_cell0007.png,0,transpose,8612,ok,1,0.935997976220592,3700
train,2022_03_21_11_03_11_68,8,"(400, 1453, 455, 1510)",0.0,0,C:\Users\sthem\OneDrive\Documentos\GitHub\master-2025\3-Datasets\img-lcm\img_dir_annotated\train\uninfected\2022_03_21_11_03_11_68_cell0008.png,0,transpose,8612,ok,0,0.0,0
train,2022_03_21_11_03_11_68,9,"(533, 234, 588, 331)",0.0,0,C:\Users\sthem\OneDrive\Documentos\GitHub\master-2025\3-Datasets\img-lcm\img_dir_annotated\train\uninfected\2022_03_21_11_03_11_68_cell0009.png,0,transpose,8612,ok,0,0.0,0
train,2022_03_21_11_03_11_68,10,"(559, 324, 628, 395)",0.0,0,C:\Users\sthem\OneDrive\Documentos\GitHub\master-2025\3-Datasets\img-lcm\img_dir_annotated\train\uninfected\2022_03_21_11_03_11_68_cell0010.png,0,transpose,8612,ok,0,0.0,0
train,2022_03_21_11_03_11_68,11,"(567, 0, 608, 37)",0.0,0,C:\Users\sthem\OneDrive\Documentos\GitHub\master-2025\3-Datasets\img-lcm\img_dir_annotated\train\uninfected\2022_03_21_11_03_11_68_cell0011.png,0,transpose,8612,ok,0,0.0,0
train,2022_03_21_11_03_11_68,12,"(622, 2014, 683, 2047)",0.0,0,C:\Users\sthem\OneDrive\Documentos\GitHub\master-2025\3-Datasets\img-lcm\img_dir_annotated\train\uninfected\2022_03_21_11_03_11_68_cell0012.png,0,transpose,8612,ok,0,0.0,0
train,2022_03_21_11_03_11_68,13,"(665, 777, 729, 842)",0.9502205419029616,1,C:\Users\sthem\OneDrive\Documentos\GitHub\master-2025\3-Datasets\img-lcm\img_dir_annotated\train\infected\2022_03_21_11_03_11_68_cell0013.png,0,transpose,8612,ok,1,0.9338942307692307,3885
train,2022_03_21_11_03_11_68,14,"(694, 7, 788, 88)",0.0,0,C:\Users\sthem\OneDrive\Documentos\GitHub\master-2025\3-Datasets\img-lcm\img_dir_annotated\train\uninfected\2022_03_21_11_03_11_68_cell0014.png,0,transpose,8612,ok,0,0.0,0
train,2022_03_21_11_03_11_68,15,"(715, 510, 749, 565)",0.0,0,C:\Users\sthem\OneDrive\Documentos\GitHub\master-2025\3-Datasets\img-lcm\img_dir_annotated\train\uninfected\2022_03_21_11_03_11_68_cell0015.png,0,transpose,8612,ok,0,0.0,0
train,2022_03_21_11_03_11_68,16,"(918, 1941, 976, 2008)",0.0,0,C:\Users\sthem\OneDrive\Documentos\GitHub\master-2025\3-Datasets\img-lcm\img_dir_annotated\train\uninfected\2022_03_21_11_03_11_68_cell0016.png,0,transpose,8612,ok,0,0.0,0
train,2022_03_21_11_03_11_68,17,"(921, 557, 985, 615)",0.0,0,C:\Users\sthem\OneDrive\Documentos\GitHub\master-2025\3-Datasets\img-lcm\img_dir_annotated\train\uninfected\2022_03_21_11_03_11_68_cell0017.png,0,transpose,8612,ok,0,0.0,0
train,2022_03_21_11_03_11_68,18,"(943, 1640, 1009, 1699)",0.909606404269513,1,C:\Users\sthem\OneDrive\Documentos\GitHub\master-2025\3-Datasets\img-lcm\img_dir_annotated\train\infected\2022_03_21_11_03_11_68_cell0018.png,0,transpose,8612,ok,1,0.8959938366718028,3489
train,2022_03_21_11_03_11_77,1,"(0, 475, 78, 559)",0.0,0,C:\Users\sthem\OneDrive\Documentos\GitHub\master-2025\3-Datasets\img-lcm\img_dir_annotated\train\uninfected\2022_03_21_11_03_11_77_cell0001.png,0,transpose,2926,ok,0,0.0,0
train,2022_03_21_11_03_11_77,2,"(93, 1016, 160, 1077)",0.0,0,C:\Users\sthem\OneDrive\Documentos\GitHub\master-2025\3-Datasets\img-lcm\img_dir_annotated\train\uninfected\2022_03_21_11_03_11_77_cell0002.png,0,transpose,2926,ok,0,0.0,0
train,2022_03_21_11_03_11_77,3,"(135, 1984, 210, 2039)",0.0,0,C:\Users\sthem\OneDrive\Documentos\GitHub\master-2025\3-Datasets\img-lcm\img_dir_annotated\train\uninfected\2022_03_21_11_03_11_77_cell0003.png,0,transpose,2926,ok,0,0.0,0
train,2022_03_21_11_03_11_77,4,"(154, 1492, 212, 1549)",0.0,0,C:\Users\sthem\OneDrive\Documentos\GitHub\master-2025\3-Datasets\img-lcm\img_dir_annotated\train\uninfected\2022_03_21_11_03_11_77_cell0004.png,0,transpose,2926,ok,0,0.0,0
train,2022_03_21_11_03_11_77,5,"(238, 880, 297, 951)",0.0,0,C:\Users\sthem\OneDrive\Documentos\GitHub\master-2025\3-Datasets\img-lcm\img_dir_annotated\train\uninfected\2022_03_21_11_03_11_77_cell0005.png,0,transpose,2926,ok,0,0.0,0
train,2022_03_21_11_03_11_77,6,"(303, 569, 369, 623)",0.0,0,C:\Users\sthem\OneDrive\Documentos\GitHub\master-2025\3-Datasets\img-lcm\img_dir_annotated\train\uninfected\2022_03_21_11_03_11_77_cell0006.png,0,transpose,2926,ok,0,0.0,0
train,2022_03_21_11_03_11_77,7,"(370, 1385, 436, 1440)",0.0,0,C:\Users\sthem\OneDrive\Documentos\GitHub\master-2025\3-Datasets\img-lcm\img_dir_annotated\train\uninfected\2022_03_21_11_03_11_77_cell0007.png,0,transpose,2926,ok,0,0.0,0
train,2022_03_21_11_03_11_77,8,"(415, 99, 424, 107)",0.0,0,C:\Users\sthem\OneDrive\Documentos\GitHub\master-2025\3-Datasets\img-lcm\img_dir_annotated\train\uninfected\2022_03_21_11_03_11_77_cell0008.png,0,transpose,2926,ok,0,0.0,0
train,2022_03_21_11_03_11_77,9,"(543, 2006, 624, 2041)",0.0,0,C:\Users\sthem\OneDrive\Documentos\GitHub\master-2025\3-Datasets\img-lcm\img_dir_annotated\train\uninfected\2022_03_21_11_03_11_77_cell0009.png,0,transpose,2926,ok,0,0.0,0
train,2022_03_21_11_03_11_77,10,"(627, 1131, 636, 1140)",0.0,0,C:\Users\sthem\OneDrive\Documentos\GitHub\master-2025\3-Datasets\img-lcm\img_dir_annotated\train\uninfected\2022_03_21_11_03_11_77_cell0010.png,0,transpose,2926,ok,0,0.0,0
train,2022_03_21_11_03_11_77,11,"(704, 2023, 760, 2047)",0.0,0,C:\Users\sthem\OneDrive\Documentos\GitHub\master-2025\3-Datasets\img-lcm\img_dir_annotated\train\uninfected\2022_03_21_11_03_11_77_cell0011.png,0,transpose,2926,ok,0,0.0,0
train,2022_03_21_11_03_11_77,12,"(949, 1827, 1010, 1893)",0.9518542615484712,1,C:\Users\sthem\OneDrive\Documentos\GitHub\master-2025\3-Datasets\img-lcm\img_dir_annotated\train\infected\2022_03_21_11_03_11_77_cell0012.png,0,transpose,2926,ok,1,0.9090909090909091,3660
train,2022_03_21_11_03_11_85,1,"(0, 1085, 63, 1152)",0.0,0,C:\Users\sthem\OneDrive\Documentos\GitHub\master-2025\3-Datasets\img-lcm\img_dir_annotated\train\uninfected\2022_03_21_11_03_11_85_cell0001.png,0,transpose,3667,ok,0,0.0,0
train,2022_03_21_11_03_11_85,2,"(0, 1702, 48, 1761)",0.0,0,C:\Users\sthem\OneDrive\Documentos\GitHub\master-2025\3-Datasets\img-lcm\img_dir_annotated\train\uninfected\2022_03_21_11_03_11_85_cell0002.png,0,transpose,3667,ok,0,0.0,0
train,2022_03_21_11_03_11_85,3,"(0, 1763, 32, 1822)",0.0,0,C:\Users\sthem\OneDrive\Documentos\GitHub\master-2025\3-Datasets\img-lcm\img_dir_annotated\train\uninfected\2022_03_21_11_03_11_85_cell0003.png,0,transpose,3667,ok,0,0.0,0
train,2022_03_21_11_03_11_85,4,"(8, 1941, 65, 2005)",0.6176368072499129,1,C:\Users\sthem\OneDrive\Documentos\GitHub\master-2025\3-Datasets\img-lcm\img_dir_annotated\train\infected\2022_03_21_11_03_11_85_cell0004.png,0,transpose,3667,ok,1,0.6584429824561403,2402
train,2022_03_21_11_03_11_85,5,"(182, 1359, 224, 1406)",0.0,0,C:\Users\sthem\OneDrive\Documentos\GitHub\master-2025\3-Datasets\img-lcm\img_dir_annotated\train\uninfected\2022_03_21_11_03_11_85_cell0005.png,0,transpose,3667,ok,0,0.0,0
train,2022_03_21_11_03_11_85,6,"(340, 1937, 399, 1998)",0.0,0,C:\Users\sthem\OneDrive\Documentos\GitHub\master-2025\3-Datasets\img-lcm\img_dir_annotated\train\uninfected\2022_03_21_11_03_11_85_cell0006.png,0,transpose,3667,ok,0,0.0,0
train,2022_03_21_11_03_11_85,7,"(370, 159, 382, 170)",0.0,0,C:\Users\sthem\OneDrive\Documentos\GitHub\master-2025\3-Datasets\img-lcm\img_dir_annotated\train\uninfected\2022_03_21_11_03_11_85_cell0007.png,0,transpose,3667,ok,0,0.0,0
train,2022_03_21_11_03_11_85,8,"(449, 953, 504, 1012)",0.0,0,C:\Users\sthem\OneDrive\Documentos\GitHub\master-2025\3-Datasets\img-lcm\img_dir_annotated\train\uninfected\2022_03_21_11_03_11_85_cell0008.png,0,transpose,3667,ok,0,0.0,0
train,2022_03_21_11_03_11_85,9,"(488, 0, 537, 50)",0.9536990437846,1,C:\Users\sthem\OneDrive\Documentos\GitHub\master-2025\3-Datasets\img-lcm\img_dir_annotated\train\infected\2022_03_21_11_03_11_85_cell0009.png,0,transpose,3667,ok,1,0.9583673469387755,2348
train,2022_03_21_11_03_11_85,10,"(500, 630, 624, 729)",0.0,0,C:\Users\sthem\OneDrive\Documentos\GitHub\master-2025\3-Datasets\img-lcm\img_dir_annotated\train\uninfected\2022_03_21_11_03_11_85_cell0010.png,0,transpose,3667,ok,0,0.0,0
train,2022_03_21_11_03_11_85,11,"(598, 788, 681, 875)",0.0,0,C:\Users\sthem\OneDrive\Documentos\GitHub\master-2025\3-Datasets\img-lcm\img_dir_annotated\train\uninfected\2022_03_21_11_03_11_85_cell0011.png,0,transpose,3667,ok,0,0.0,0
train,2022_03_21_11_03_11_85,12,"(604, 1448, 674, 1509)",0.0,0,C:\Users\sthem\OneDrive\Documentos\GitHub\master-2025\3-Datasets\img-lcm\img_dir_annotated\train\uninfected\2022_03_21_11_03_11_85_cell0012.png,0,transpose,3667,ok,0,0.0,0
train,2022_03_21_11_03_11_85,13,"(698, 1945, 708, 1956)",0.0,0,C:\Users\sthem\OneDrive\Documentos\GitHub\master-2025\3-Datasets\img-lcm\img_dir_annotated\train\uninfected\2022_03_21_11_03_11_85_cell0013.png,0,transpose,3667,ok,0,0.0,0
train,2022_03_21_11_03_11_85,14,"(707, 516, 774, 561)",0.0,0,C:\Users\sthem\OneDrive\Documentos\GitHub\master-2025\3-Datasets\img-lcm\img_dir_annotated\train\uninfected\2022_03_21_11_03_11_85_cell0014.png,0,transpose,3667,ok,0,0.0,0
train,2022_03_21_11_03_11_85,15,"(772, 876, 851, 949)",0.0,0,C:\Users\sthem\OneDrive\Documentos\GitHub\master-2025\3-Datasets\img-lcm\img_dir_annotated\train\uninfected\2022_03_21_11_03_11_85_cell0015.png,0,transpose,3667,ok,0,0.0,0
train,2022_03_21_11_03_11_85,16,"(805, 1586, 873, 1649)",0.0,0,C:\Users\sthem\OneDrive\Documentos\GitHub\master-2025\3-Datasets\img-lcm\img_dir_annotated\train\uninfected\2022_03_21_11_03_11_85_cell0016.png,0,transpose,3667,ok,0,0.0,0
train,2022_03_21_11_03_11_85,17,"(894, 1441, 951, 1501)",0.0,0,C:\Users\sthem\OneDrive\Documentos\GitHub\master-2025\3-Datasets\img-lcm\img_dir_annotated\train\uninfected\2022_03_21_11_03_11_85_cell0017.png,0,transpose,3667,ok,0,0.0,0
train,2022_03_21_11_03_11_93,1,"(4, 403, 66, 457)",0.5681381957773513,1,C:\Users\sthem\OneDrive\Documentos\GitHub\master-2025\3-Datasets\img-lcm\img_dir_annotated\train\infected\2022_03_21_11_03_11_93_cell0001.png,0,transpose,6281,ok,1,0.5890083632019116,1972
train,2022_03_21_11_03_11_93,2,"(35, 209, 98, 278)",0.0,0,C:\Users\sthem\OneDrive\Documentos\GitHub\master-2025\3-Datasets\img-lcm\img_dir_annotated\train\uninfected\2022_03_21_11_03_11_93_cell0002.png,0,transpose,6281,ok,0,0.0,0
train,2022_03_21_11_03_11_93,3,"(119, 355, 162, 402)",0.0,0,C:\Users\sthem\OneDrive\Documentos\GitHub\master-2025\3-Datasets\img-lcm\img_dir_annotated\train\uninfected\2022_03_21_11_03_11_93_cell0003.png,0,transpose,6281,ok,0,0.0,0
train,2022_03_21_11_03_11_93,4,"(163, 1989, 227, 2048)",0.0,0,C:\Users\sthem\OneDrive\Documentos\GitHub\master-2025\3-Datasets\img-lcm\img_dir_annotated\train\uninfected\2022_03_21_11_03_11_93_cell0004.png,0,transpose,6281,ok,0,0.0,0
train,2022_03_21_11_03_11_93,5,"(208, 1877, 267, 1943)",0.4539877300613497,1,C:\Users\sthem\OneDrive\Documentos\GitHub\master-2025\3-Datasets\img-lcm\img_dir_annotated\train\infected\2022_03_21_11_03_11_93_cell0005.png,0,transpose,6281,ok,1,0.5028248587570622,1958
train,2022_03_21_11_03_11_93,6,"(240, 1740, 304, 1801)",0.0,0,C:\Users\sthem\OneDrive\Documentos\GitHub\master-2025\3-Datasets\img-lcm\img_dir_annotated\train\uninfected\2022_03_21_11_03_11_93_cell0006.png,0,transpose,6281,ok,0,0.0,0
train,2022_03_21_11_03_11_93,7,"(314, 961, 396, 1055)",0.0,0,C:\Users\sthem\OneDrive\Documentos\GitHub\master-2025\3-Datasets\img-lcm\img_dir_annotated\train\uninfected\2022_03_21_11_03_11_93_cell0007.png,0,transpose,6281,ok,0,0.0,0
train,2022_03_21_11_03_11_93,8,"(371, 1973, 425, 2015)",0.0,0,C:\Users\sthem\OneDrive\Documentos\GitHub\master-2025\3-Datasets\img-lcm\img_dir_annotated\train\uninfected\2022_03_21_11_03_11_93_cell0008.png,0,transpose,6281,ok,0,0.0,0
train,2022_03_21_11_03_11_93,9,"(383, 187, 437, 236)",0.0,0,C:\Users\sthem\OneDrive\Documentos\GitHub\master-2025\3-Datasets\img-lcm\img_dir_annotated\train\uninfected\2022_03_21_11_03_11_93_cell0009.png,0,transpose,6281,ok,0,0.0,0
train,2022_03_21_11_03_11_93,10,"(383, 1003, 443, 1063)",0.0,0,C:\Users\sthem\OneDrive\Documentos\GitHub\master-2025\3-Datasets\img-lcm\img_dir_annotated\train\uninfected\2022_03_21_11_03_11_93_cell0010.png,0,transpose,6281,ok,0,0.0,0
train,2022_03_21_11_03_11_93,11,"(400, 1619, 465, 1668)",0.0,0,C:\Users\sthem\OneDrive\Documentos\GitHub\master-2025\3-Datasets\img-lcm\img_dir_annotated\train\uninfected\2022_03_21_11_03_11_93_cell0011.png,0,transpose,6281,ok,0,0.0,0
train,2022_03_21_11_03_11_93,12,"(554, 1473, 618, 1546)",0.0,0,C:\Users\sthem\OneDrive\Documentos\GitHub\master-2025\3-Datasets\img-lcm\img_dir_annotated\train\uninfected\2022_03_21_11_03_11_93_cell0012.png,0,transpose,6281,ok,0,0.0,0
train,2022_03_21_11_03_11_93,13,"(619, 2011, 684, 2048)",0.0,0,C:\Users\sthem\OneDrive\Documentos\GitHub\master-2025\3-Datasets\img-lcm\img_dir_annotated\train\uninfected\2022_03_21_11_03_11_93_cell0013.png,0,transpose,6281,ok,0,0.0,0
train,2022_03_21_11_03_11_93,14,"(642, 1, 697, 57)",0.4969794603302456,1,C:\Users\sthem\OneDrive\Documentos\GitHub\master-2025\3-Datasets\img-lcm\img_dir_annotated\train\infected\2022_03_21_11_03_11_93_cell0014.png,0,transpose,6281,ok,1,0.5662337662337662,1744
train,2022_03_21_11_03_11_93,15,"(646, 1275, 705, 1364)",0.0,0,C:\Users\sthem\OneDrive\Documentos\GitHub\master-2025\3-Datasets\img-lcm\img_dir_annotated\train\uninfected\2022_03_21_11_03_11_93_cell0015.png,0,transpose,6281,ok,0,0.0,0
train,2022_03_21_11_03_11_93,16,"(692, 457, 761, 520)",0.0,0,C:\Users\sthem\OneDrive\Documentos\GitHub\master-2025\3-Datasets\img-lcm\img_dir_annotated\train\uninfected\2022_03_21_11_03_11_93_cell0016.png,0,transpose,6281,ok,0,0.0,0
train,2022_03_21_11_03_11_93,17,"(700, 1210, 749, 1286)",0.414844030118322,1,C:\Users\sthem\OneDrive\Documentos\GitHub\master-2025\3-Datasets\img-lcm\img_dir_annotated\train\infected\2022_03_21_11_03_11_93_cell0017.png,0,transpose,6281,ok,1,0.4460257787325457,1661
train,2022_03_21_11_03_11_93,18,"(764, 1978, 829, 2044)",0.0,0,C:\Users\sthem\OneDrive\Documentos\GitHub\master-2025\3-Datasets\img-lcm\img_dir_annotated\train\uninfected\2022_03_21_11_03_11_93_cell0018.png,0,transpose,6281,ok,0,0.0,0
train,2022_03_21_11_03_11_93,19,"(847, 1076, 920, 1148)",0.0,0,C:\Users\sthem\OneDrive\Documentos\GitHub\master-2025\3-Datasets\img-lcm\img_dir_annotated\train\uninfected\2022_03_21_11_03_11_93_cell0019.png,0,transpose,6281,ok,0,0.0,0
train,2022_03_21_11_03_11_93,20,"(867, 1906, 941, 1985)",0.0,0,C:\Users\sthem\OneDrive\Documentos\GitHub\master-2025\3-Datasets\img-lcm\img_dir_annotated\train\uninfected\2022_03_21_11_03_11_93_cell0020.png,0,transpose,6281,ok,0,0.0,0
train,2022_03_21_11_03_11_93,21,"(894, 1695, 944, 1760)",0.0,0,C:\Users\sthem\OneDrive\Documentos\GitHub\master-2025\3-Datasets\img-lcm\img_dir_annotated\train\uninfected\2022_03_21_11_03_11_93_cell0021.png,0,transpose,6281,ok,0,0.0,0
train,2022_03_21_11_03_11_93,22,"(919, 1467, 969, 1508)",0.7409594095940959,1,C:\Users\sthem\OneDrive\Documentos\GitHub\master-2025\3-Datasets\img-lcm\img_dir_annotated\train\infected\2022_03_21_11_03_11_93_cell0022.png,0,transpose,6281,ok,1,0.7619512195121951,1562
train,2022_03_21_11_03_11_93,23,"(1016, 512, 1055, 583)",0.0,0,C:\Users\sthem\OneDrive\Documentos\GitHub\master-2025\3-Datasets\img-lcm\img_dir_annotated\train\uninfected\2022_03_21_11_03_11_93_cell0023.png,0,transpose,6281,ok,0,0.0,0
train,2022_03_21_11_03_12_02,1,"(0, 0, 19, 32)",0.0,0,C:\Users\sthem\OneDrive\Documentos\GitHub\master-2025\3-Datasets\img-lcm\img_dir_annotated\train\uninfected\2022_03_21_11_03_12_02_cell0001.png,0,transpose,6179,ok,0,0.0,0
train,2022_03_21_11_03_12_02,2,"(212, 1176, 258, 1244)",0.0,0,C:\Users\sthem\OneDrive\Documentos\GitHub\master-2025\3-Datasets\img-lcm\img_dir_annotated\train\uninfected\2022_03_21_11_03_12_02_cell0002.png,0,transpose,6179,ok,0,0.0,0
train,2022_03_21_11_03_12_02,3,"(353, 1960, 415, 1992)",0.0,0,C:\Users\sthem\OneDrive\Documentos\GitHub\master-2025\3-Datasets\img-lcm\img_dir_annotated\train\uninfected\2022_03_21_11_03_12_02_cell0003.png,0,transpose,6179,ok,0,0.0,0
train,2022_03_21_11_03_12_02,4,"(360, 918, 420, 975)",0.0,0,C:\Users\sthem\OneDrive\Documentos\GitHub\master-2025\3-Datasets\img-lcm\img_dir_annotated\train\uninfected\2022_03_21_11_03_12_02_cell0004.png,0,transpose,6179,ok,0,0.0,0
train,2022_03_21_11_03_12_02,5,"(400, 1528, 459, 1594)",0.0,0,C:\Users\sthem\OneDrive\Documentos\GitHub\master-2025\3-Datasets\img-lcm\img_dir_annotated\train\uninfected\2022_03_21_11_03_12_02_cell0005.png,0,transpose,6179,ok,0,0.0,0
train,2022_03_21_11_03_12_02,6,"(432, 273, 492, 333)",1.0,1,C:\Users\sthem\OneDrive\Documentos\GitHub\master-2025\3-Datasets\img-lcm\img_dir_annotated\train\infected\2022_03_21_11_03_12_02_cell0006.png,0,transpose,6179,ok,1,0.9958333333333333,3585
train,2022_03_21_11_03_12_02,7,"(534, 1960, 580, 2003)",0.0,0,C:\Users\sthem\OneDrive\Documentos\GitHub\master-2025\3-Datasets\img-lcm\img_dir_annotated\train\uninfected\2022_03_21_11_03_12_02_cell0007.png,0,transpose,6179,ok,0,0.0,0
train,2022_03_21_11_03_12_02,8,"(556, 1991, 621, 2048)",0.0,0,C:\Users\sthem\OneDrive\Documentos\GitHub\master-2025\3-Datasets\img-lcm\img_dir_annotated\train\uninfected\2022_03_21_11_03_12_02_cell0008.png,0,transpose,6179,ok,0,0.0,0
train,2022_03_21_11_03_12_02,9,"(580, 545, 625, 607)",0.0,0,C:\Users\sthem\OneDrive\Documentos\GitHub\master-2025\3-Datasets\img-lcm\img_dir_annotated\train\uninfected\2022_03_21_11_03_12_02_cell0009.png,0,transpose,6179,ok,0,0.0,0
train,2022_03_21_11_03_12_02,10,"(598, 991, 665, 1048)",0.0,0,C:\Users\sthem\OneDrive\Documentos\GitHub\master-2025\3-Datasets\img-lcm\img_dir_annotated\train\uninfected\2022_03_21_11_03_12_02_cell0010.png,0,transpose,6179,ok,0,0.0,0
train,2022_03_21_11_03_12_02,11,"(640, 1669, 704, 1725)",0.0,0,C:\Users\sthem\OneDrive\Documentos\GitHub\master-2025\3-Datasets\img-lcm\img_dir_annotated\train\uninfected\2022_03_21_11_03_12_02_cell0011.png,0,transpose,6179,ok,0,0.0,0
train,2022_03_21_11_03_12_02,12,"(718, 1522, 793, 1621)",0.0,0,C:\Users\sthem\OneDrive\Documentos\GitHub\master-2025\3-Datasets\img-lcm\img_dir_annotated\train\uninfected\2022_03_21_11_03_12_02_cell0012.png,0,transpose,6179,ok,0,0.0,0
train,2022_03_21_11_03_12_02,13,"(860, 575, 924, 647)",0.0,0,C:\Users\sthem\OneDrive\Documentos\GitHub\master-2025\3-Datasets\img-lcm\img_dir_annotated\train\uninfected\2022_03_21_11_03_12_02_cell0013.png,0,transpose,6179,ok,0,0.0,0
train,2022_03_21_11_03_12_02,14,"(960, 709, 1012, 793)",0.9492836676217764,1,C:\Users\sthem\OneDrive\Documentos\GitHub\master-2025\3-Datasets\img-lcm\img_dir_annotated\train\infected\2022_03_21_11_03_12_02_cell0014.png,0,transpose,6179,ok,1,0.9262820512820513,4046
train,2022_03_21_11_03_12_11,1,"(3, 1310, 59, 1386)",0.0,0,C:\Users\sthem\OneDrive\Documentos\GitHub\master-2025\3-Datasets\img-lcm\img_dir_annotated\train\uninfected\2022_03_21_11_03_12_11_cell0001.png,0,transpose,7023,ok,0,0.0,0
train,2022_03_21_11_03_12_11,2,"(101, 1718, 146, 1790)",0.0,0,C:\Users\sthem\OneDrive\Documentos\GitHub\master-2025\3-Datasets\img-lcm\img_dir_annotated\train\uninfected\2022_03_21_11_03_12_11_cell0002.png,0,transpose,7023,ok,0,0.0,0
train,2022_03_21_11_03_12_11,3,"(210, 211, 268, 290)",0.4384356859150626,1,C:\Users\sthem\OneDrive\Documentos\GitHub\master-2025\3-Datasets\img-lcm\img_dir_annotated\train\infected\2022_03_21_11_03_12_11_cell0003.png,0,transpose,7023,ok,1,0.4349628982976866,1993
train,2022_03_21_11_03_12_11,4,"(224, 967, 309, 1028)",0.0,0,C:\Users\sthem\OneDrive\Documentos\GitHub\master-2025\3-Datasets\img-lcm\img_dir_annotated\train\uninfected\2022_03_21_11_03_12_11_cell0004.png,0,transpose,7023,ok,0,0.0,0
train,2022_03_21_11_03_12_11,5,"(252, 684, 309, 731)",0.7855297157622739,1,C:\Users\sthem\OneDrive\Documentos\GitHub\master-2025\3-Datasets\img-lcm\img_dir_annotated\train\infected\2022_03_21_11_03_12_11_cell0005.png,0,transpose,7023,ok,1,0.7868607689436357,2108
train,2022_03_21_11_03_12_11,6,"(253, 1042, 349, 1147)",0.0,0,C:\Users\sthem\OneDrive\Documentos\GitHub\master-2025\3-Datasets\img-lcm\img_dir_annotated\train\uninfected\2022_03_21_11_03_12_11_cell0006.png,0,transpose,7023,ok,0,0.0,0
train,2022_03_21_11_03_12_11,7,"(306, 1723, 389, 1791)",0.0,0,C:\Users\sthem\OneDrive\Documentos\GitHub\master-2025\3-Datasets\img-lcm\img_dir_annotated\train\uninfected\2022_03_21_11_03_12_11_cell0007.png,0,transpose,7023,ok,0,0.0,0
train,2022_03_21_11_03_12_11,8,"(415, 99, 424, 107)",0.0,0,C:\Users\sthem\OneDrive\Documentos\GitHub\master-2025\3-Datasets\img-lcm\img_dir_annotated\train\uninfected\2022_03_21_11_03_12_11_cell0008.png,0,transpose,7023,ok,0,0.0,0
train,2022_03_21_11_03_12_11,9,"(429, 858, 485, 927)",0.0,0,C:\Users\sthem\OneDrive\Documentos\GitHub\master-2025\3-Datasets\img-lcm\img_dir_annotated\train\uninfected\2022_03_21_11_03_12_11_cell0009.png,0,transpose,7023,ok,0,0.0,0
train,2022_03_21_11_03_12_11,10,"(577, 907, 647, 990)",0.0,0,C:\Users\sthem\OneDrive\Documentos\GitHub\master-2025\3-Datasets\img-lcm\img_dir_annotated\train\uninfected\2022_03_21_11_03_12_11_cell0010.png,0,transpose,7023,ok,0,0.0,0
train,2022_03_21_11_03_12_11,11,"(656, 1479, 705, 1527)",0.0,0,C:\Users\sthem\OneDrive\Documentos\GitHub\master-2025\3-Datasets\img-lcm\img_dir_annotated\train\uninfected\2022_03_21_11_03_12_11_cell0011.png,0,transpose,7023,ok,0,0.0,0
train,2022_03_21_11_03_12_11,12,"(759, 1002, 827, 1070)",0.0,0,C:\Users\sthem\OneDrive\Documentos\GitHub\master-2025\3-Datasets\img-lcm\img_dir_annotated\train\uninfected\2022_03_21_11_03_12_11_cell0012.png,0,transpose,7023,ok,0,0.0,0
train,2022_03_21_11_03_12_11,13,"(821, 1461, 886, 1523)",0.813953488372093,1,C:\Users\sthem\OneDrive\Documentos\GitHub\master-2025\3-Datasets\img-lcm\img_dir_annotated\train\infected\2022_03_21_11_03_12_11_cell0013.png,0,transpose,7023,ok,1,0.8166253101736972,3291
train,2022_03_21_11_03_12_11,14,"(829, 856, 880, 910)",0.7431924882629108,1,C:\Users\sthem\OneDrive\Documentos\GitHub\master-2025\3-Datasets\img-lcm\img_dir_annotated\train\infected\2022_03_21_11_03_12_11_cell0014.png,0,transpose,7023,ok,1,0.7672476397966594,2113
train,2022_03_21_11_03_12_11,15,"(870, 303, 883, 319)",0.0,0,C:\Users\sthem\OneDrive\Documentos\GitHub\master-2025\3-Datasets\img-lcm\img_dir_annotated\train\uninfected\2022_03_21_11_03_12_11_cell0015.png,0,transpose,7023,ok,0,0.0,0
train,2022_03_21_11_03_12_11,16,"(962, 1229, 1082, 1359)",0.0,0,C:\Users\sthem\OneDrive\Documentos\GitHub\master-2025\3-Datasets\img-lcm\img_dir_annotated\train\uninfected\2022_03_21_11_03_12_11_cell0016.png,0,transpose,7023,ok,0,0.0,0
train,2022_03_21_11_03_12_11,17,"(1027, 466, 1086, 574)",0.0,0,C:\Users\sthem\OneDrive\Documentos\GitHub\master-2025\3-Datasets\img-lcm\img_dir_annotated\train\uninfected\2022_03_21_11_03_12_11_cell0017.png,0,transpose,7023,ok,0,0.0,0
train,2022_03_21_11_03_12_19,1,"(1, 1115, 59, 1180)",0.0,0,C:\Users\sthem\OneDrive\Documentos\GitHub\master-2025\3-Datasets\img-lcm\img_dir_annotated\train\uninfected\2022_03_21_11_03_12_19_cell0001.png,0,transpose,5117,ok,0,0.0,0
train,2022_03_21_11_03_12_19,2,"(8, 1914, 73, 1990)",0.0,0,C:\Users\sthem\OneDrive\Documentos\GitHub\master-2025\3-Datasets\img-lcm\img_dir_annotated\train\uninfected\2022_03_21_11_03_12_19_cell0002.png,0,transpose,5117,ok,0,0.0,0
train,2022_03_21_11_03_12_19,3,"(47, 851, 127, 930)",0.0,0,C:\Users\sthem\OneDrive\Documentos\GitHub\master-2025\3-Datasets\img-lcm\img_dir_annotated\train\uninfected\2022_03_21_11_03_12_19_cell0003.png,0,transpose,5117,ok,0,0.0,0
train,2022_03_21_11_03_12_19,4,"(93, 1014, 149, 1083)",0.0,0,C:\Users\sthem\OneDrive\Documentos\GitHub\master-2025\3-Datasets\img-lcm\img_dir_annotated\train\uninfected\2022_03_21_11_03_12_19_cell0004.png,0,transpose,5117,ok,0,0.0,0
train,2022_03_21_11_03_12_19,5,"(119, 1416, 171, 1498)",0.0,0,C:\Users\sthem\OneDrive\Documentos\GitHub\master-2025\3-Datasets\img-lcm\img_dir_annotated\train\uninfected\2022_03_21_11_03_12_19_cell0005.png,0,transpose,5117,ok,0,0.0,0
train,2022_03_21_11_03_12_19,6,"(150, 438, 215, 507)",0.0,0,C:\Users\sthem\OneDrive\Documentos\GitHub\master-2025\3-Datasets\img-lcm\img_dir_annotated\train\uninfected\2022_03_21_11_03_12_19_cell0006.png,0,transpose,5117,ok,0,0.0,0
train,2022_03_21_11_03_12_19,7,"(167, 937, 226, 1005)",0.0,0,C:\Users\sthem\OneDrive\Documentos\GitHub\master-2025\3-Datasets\img-lcm\img_dir_annotated\train\uninfected\2022_03_21_11_03_12_19_cell0007.png,0,transpose,5117,ok,0,0.0,0
train,2022_03_21_11_03_12_19,8,"(224, 1108, 275, 1175)",0.0,0,C:\Users\sthem\OneDrive\Documentos\GitHub\master-2025\3-Datasets\img-lcm\img_dir_annotated\train\uninfected\2022_03_21_11_03_12_19_cell0008.png,0,transpose,5117,ok,0,0.0,0
train,2022_03_21_11_03_12_19,9,"(247, 1853, 316, 1926)",0.0,0,C:\Users\sthem\OneDrive\Documentos\GitHub\master-2025\3-Datasets\img-lcm\img_dir_annotated\train\uninfected\2022_03_21_11_03_12_19_cell0009.png,0,transpose,5117,ok,0,0.0,0
train,2022_03_21_11_03_12_19,10,"(360, 1854, 425, 1921)",0.0,0,C:\Users\sthem\OneDrive\Documentos\GitHub\master-2025\3-Datasets\img-lcm\img_dir_annotated\train\uninfected\2022_03_21_11_03_12_19_cell0010.png,0,transpose,5117,ok,0,0.0,0
train,2022_03_21_11_03_12_19,11,"(371, 128, 379, 136)",0.0,0,C:\Users\sthem\OneDrive\Documentos\GitHub\master-2025\3-Datasets\img-lcm\img_dir_annotated\train\uninfected\2022_03_21_11_03_12_19_cell0011.png,0,transpose,5117,ok,0,0.0,0
train,2022_03_21_11_03_12_19,12,"(412, 1211, 480, 1277)",0.0,0,C:\Users\sthem\OneDrive\Documentos\GitHub\master-2025\3-Datasets\img-lcm\img_dir_annotated\train\uninfected\2022_03_21_11_03_12_19_cell0012.png,0,transpose,5117,ok,0,0.0,0
train,2022_03_21_11_03_12_19,13,"(415, 99, 424, 107)",0.0,0,C:\Users\sthem\OneDrive\Documentos\GitHub\master-2025\3-Datasets\img-lcm\img_dir_annotated\train\uninfected\2022_03_21_11_03_12_19_cell0013.png,0,transpose,5117,ok,0,0.0,0
train,2022_03_21_11_03_12_19,14,"(554, 995, 620, 1066)",0.0,0,C:\Users\sthem\OneDrive\Documentos\GitHub\master-2025\3-Datasets\img-lcm\img_dir_annotated\train\uninfected\2022_03_21_11_03_12_19_cell0014.png,0,transpose,5117,ok,0,0.0,0
train,2022_03_21_11_03_12_19,15,"(687, 533, 737, 603)",0.0,0,C:\Users\sthem\OneDrive\Documentos\GitHub\master-2025\3-Datasets\img-lcm\img_dir_annotated\train\uninfected\2022_03_21_11_03_12_19_cell0015.png,0,transpose,5117,ok,0,0.0,0
train,2022_03_21_11_03_12_19,16,"(693, 1383, 759, 1465)",0.0,0,C:\Users\sthem\OneDrive\Documentos\GitHub\master-2025\3-Datasets\img-lcm\img_dir_annotated\train\uninfected\2022_03_21_11_03_12_19_cell0016.png,0,transpose,5117,ok,0,0.0,0
train,2022_03_21_11_03_12_19,17,"(698, 1863, 751, 1917)",0.9234275296262534,1,C:\Users\sthem\OneDrive\Documentos\GitHub\master-2025\3-Datasets\img-lcm\img_dir_annotated\train\infected\2022_03_21_11_03_12_19_cell0017.png,0,transpose,5117,ok,1,0.9136967155835081,2615
train,2022_03_21_11_03_12_19,18,"(879, 1149, 941, 1194)",0.0,0,C:\Users\sthem\OneDrive\Documentos\GitHub\master-2025\3-Datasets\img-lcm\img_dir_annotated\train\uninfected\2022_03_21_11_03_12_19_cell0018.png,0,transpose,5117,ok,0,0.0,0
train,2022_03_21_11_03_12_19,19,"(906, 987, 952, 1044)",0.9276044732195408,1,C:\Users\sthem\OneDrive\Documentos\GitHub\master-2025\3-Datasets\img-lcm\img_dir_annotated\train\infected\2022_03_21_11_03_12_19_cell0019.png,0,transpose,5117,ok,1,0.9481311975591151,2486
train,2022_03_21_11_03_12_19,20,"(948, 320, 1016, 378)",0.4965585054080629,1,C:\Users\sthem\OneDrive\Documentos\GitHub\master-2025\3-Datasets\img-lcm\img_dir_annotated\train\infected\2022_03_21_11_03_12_19_cell0020.png,0,transpose,5117,ok,1,0.5301724137931034,2091
train,2022_03_21_11_03_12_19,21,"(989, 1661, 1068, 1759)",0.0,0,C:\Users\sthem\OneDrive\Documentos\GitHub\master-2025\3-Datasets\img-lcm\img_dir_annotated\train\uninfected\2022_03_21_11_03_12_19_cell0021.png,0,transpose,5117,ok,0,0.0,0
train,2022_03_21_11_03_12_27,1,"(0, 724, 71, 815)",0.0,0,C:\Users\sthem\OneDrive\Documentos\GitHub\master-2025\3-Datasets\img-lcm\img_dir_annotated\train\uninfected\2022_03_21_11_03_12_27_cell0001.png,0,transpose,6883,ok,0,0.0,0
train,2022_03_21_11_03_12_27,2,"(20, 1780, 75, 1845)",0.5293286219081272,1,C:\Users\sthem\OneDrive\Documentos\GitHub\master-2025\3-Datasets\img-lcm\img_dir_annotated\train\infected\2022_03_21_11_03_12_27_cell0002.png,0,transpose,6883,ok,1,0.5544055944055944,1982
train,2022_03_21_11_03_12_27,3,"(61, 0, 144, 47)",0.0,0,C:\Users\sthem\OneDrive\Documentos\GitHub\master-2025\3-Datasets\img-lcm\img_dir_annotated\train\uninfected\2022_03_21_11_03_12_27_cell0003.png,0,transpose,6883,ok,0,0.0,0
train,2022_03_21_11_03_12_27,4,"(103, 1265, 169, 1331)",0.0,0,C:\Users\sthem\OneDrive\Documentos\GitHub\master-2025\3-Datasets\img-lcm\img_dir_annotated\train\uninfected\2022_03_21_11_03_12_27_cell0004.png,0,transpose,6883,ok,0,0.0,0
train,2022_03_21_11_03_12_27,5,"(169, 1365, 230, 1422)",0.0,0,C:\Users\sthem\OneDrive\Documentos\GitHub\master-2025\3-Datasets\img-lcm\img_dir_annotated\train\uninfected\2022_03_21_11_03_12_27_cell0005.png,0,transpose,6883,ok,0,0.0,0
train,2022_03_21_11_03_12_27,6,"(197, 1791, 243, 1858)",0.0,0,C:\Users\sthem\OneDrive\Documentos\GitHub\master-2025\3-Datasets\img-lcm\img_dir_annotated\train\uninfected\2022_03_21_11_03_12_27_cell0006.png,0,transpose,6883,ok,0,0.0,0
train,2022_03_21_11_03_12_27,7,"(241, 297, 304, 376)",0.0,0,C:\Users\sthem\OneDrive\Documentos\GitHub\master-2025\3-Datasets\img-lcm\img_dir_annotated\train\uninfected\2022_03_21_11_03_12_27_cell0007.png,0,transpose,6883,ok,0,0.0,0
train,2022_03_21_11_03_12_27,8,"(300, 1615, 353, 1689)",0.0,0,C:\Users\sthem\OneDrive\Documentos\GitHub\master-2025\3-Datasets\img-lcm\img_dir_annotated\train\uninfected\2022_03_21_11_03_12_27_cell0008.png,0,transpose,6883,ok,0,0.0,0
train,2022_03_21_11_03_12_27,9,"(383, 824, 450, 897)",0.0,0,C:\Users\sthem\OneDrive\Documentos\GitHub\master-2025\3-Datasets\img-lcm\img_dir_annotated\train\uninfected\2022_03_21_11_03_12_27_cell0009.png,0,transpose,6883,ok,0,0.0,0
train,2022_03_21_11_03_12_27,10,"(413, 2015, 467, 2048)",0.0,0,C:\Users\sthem\OneDrive\Documentos\GitHub\master-2025\3-Datasets\img-lcm\img_dir_annotated\train\uninfected\2022_03_21_11_03_12_27_cell0010.png,0,transpose,6883,ok,0,0.0,0
train,2022_03_21_11_03_12_27,11,"(468, 844, 542, 938)",0.3080798656465758,1,C:\Users\sthem\OneDrive\Documentos\GitHub\master-2025\3-Datasets\img-lcm\img_dir_annotated\train\infected\2022_03_21_11_03_12_27_cell0011.png,0,transpose,6883,ok,1,0.32360552041403107,2251
train,2022_03_21_11_03_12_27,12,"(621, 1286, 668, 1359)",0.6193203512791141,1,C:\Users\sthem\OneDrive\Documentos\GitHub\master-2025\3-Datasets\img-lcm\img_dir_annotated\train\infected\2022_03_21_11_03_12_27_cell0012.png,0,transpose,6883,ok,1,0.6248907024191198,2144
train,2022_03_21_11_03_12_27,13,"(634, 177, 697, 225)",0.5685071574642127,1,C:\Users\sthem\OneDrive\Documentos\GitHub\master-2025\3-Datasets\img-lcm\img_dir_annotated\train\infected\2022_03_21_11_03_12_27_cell0013.png,0,transpose,6883,ok,1,0.5714285714285714,1728
train,2022_03_21_11_03_12_27,14,"(671, 266, 737, 301)",0.0,0,C:\Users\sthem\OneDrive\Documentos\GitHub\master-2025\3-Datasets\img-lcm\img_dir_annotated\train\uninfected\2022_03_21_11_03_12_27_cell0014.png,0,transpose,6883,ok,0,0.0,0
train,2022_03_21_11_03_12_27,15,"(704, 515, 790, 595)",0.0,0,C:\Users\sthem\OneDrive\Documentos\GitHub\master-2025\3-Datasets\img-lcm\img_dir_annotated\train\uninfected\2022_03_21_11_03_12_27_cell0015.png,0,transpose,6883,ok,0,0.0,0
train,2022_03_21_11_03_12_27,16,"(715, 1196, 789, 1261)",0.0,0,C:\Users\sthem\OneDrive\Documentos\GitHub\master-2025\3-Datasets\img-lcm\img_dir_annotated\train\uninfected\2022_03_21_11_03_12_27_cell0016.png,0,transpose,6883,ok,0,0.0,0
train,2022_03_21_11_03_12_27,17,"(726, 1910, 780, 1968)",0.4020908725371934,1,C:\Users\sthem\OneDrive\Documentos\GitHub\master-2025\3-Datasets\img-lcm\img_dir_annotated\train\infected\2022_03_21_11_03_12_27_cell0017.png,0,transpose,6883,ok,1,0.4706257982120051,1474
train,2022_03_21_11_03_12_27,18,"(991, 1552, 1070, 1622)",0.0,0,C:\Users\sthem\OneDrive\Documentos\GitHub\master-2025\3-Datasets\img-lcm\img_dir_annotated\train\uninfected\2022_03_21_11_03_12_27_cell0018.png,0,transpose,6883,ok,0,0.0,0
train,2022_03_21_11_03_12_36,1,"(0, 1038, 36, 1104)",0.377090724784592,1,C:\Users\sthem\OneDrive\Documentos\GitHub\master-2025\3-Datasets\img-lcm\img_dir_annotated\train\infected\2022_03_21_11_03_12_36_cell0001.png,0,transpose,6325,ok,1,0.4793771043771044,1139
train,2022_03_21_11_03_12_36,2,"(35, 1030, 83, 1088)",0.7092134831460675,1,C:\Users\sthem\OneDrive\Documentos\GitHub\master-2025\3-Datasets\img-lcm\img_dir_annotated\train\infected\2022_03_21_11_03_12_36_cell0002.png,0,transpose,6325,ok,1,0.7790948275862069,2169
train,2022_03_21_11_03_12_36,3,"(41, 797, 98, 839)",0.0,0,C:\Users\sthem\OneDrive\Documentos\GitHub\master-2025\3-Datasets\img-lcm\img_dir_annotated\train\uninfected\2022_03_21_11_03_12_36_cell0003.png,0,transpose,6325,ok,0,0.0,0
train,2022_03_21_11_03_12_36,4,"(65, 527, 120, 587)",0.0,0,C:\Users\sthem\OneDrive\Documentos\GitHub\master-2025\3-Datasets\img-lcm\img_dir_annotated\train\uninfected\2022_03_21_11_03_12_36_cell0004.png,0,transpose,6325,ok,0,0.0,0
train,2022_03_21_11_03_12_36,5,"(84, 692, 147, 756)",0.5414239482200647,1,C:\Users\sthem\OneDrive\Documentos\GitHub\master-2025\3-Datasets\img-lcm\img_dir_annotated\train\infected\2022_03_21_11_03_12_36_cell0005.png,0,transpose,6325,ok,1,0.5607638888888888,2261
train,2022_03_21_11_03_12_36,6,"(155, 16, 215, 81)",0.0,0,C:\Users\sthem\OneDrive\Documentos\GitHub\master-2025\3-Datasets\img-lcm\img_dir_annotated\train\uninfected\2022_03_21_11_03_12_36_cell0006.png,0,transpose,6325,ok,0,0.0,0
train,2022_03_21_11_03_12_36,7,"(176, 1624, 231, 1672)",0.7456521739130435,1,C:\Users\sthem\OneDrive\Documentos\GitHub\master-2025\3-Datasets\img-lcm\img_dir_annotated\train\infected\2022_03_21_11_03_12_36_cell0007.png,0,transpose,6325,ok,1,0.7257575757575757,1916
train,2022_03_21_11_03_12_36,8,"(248, 4, 305, 64)",0.0,0,C:\Users\sthem\OneDrive\Documentos\GitHub\master-2025\3-Datasets\img-lcm\img_dir_annotated\train\uninfected\2022_03_21_11_03_12_36_cell0008.png,0,transpose,6325,ok,0,0.0,0
train,2022_03_21_11_03_12_36,9,"(294, 1612, 358, 1667)",0.0,0,C:\Users\sthem\OneDrive\Documentos\GitHub\master-2025\3-Datasets\img-lcm\img_dir_annotated\train\uninfected\2022_03_21_11_03_12_36_cell0009.png,0,transpose,6325,ok,0,0.0,0
train,2022_03_21_11_03_12_36,10,"(415, 98, 424, 108)",0.0,0,C:\Users\sthem\OneDrive\Documentos\GitHub\master-2025\3-Datasets\img-lcm\img_dir_annotated\train\uninfected\2022_03_21_11_03_12_36_cell0010.png,0,transpose,6325,ok,0,0.0,0
train,2022_03_21_11_03_12_36,11,"(496, 1132, 566, 1205)",0.0,0,C:\Users\sthem\OneDrive\Documentos\GitHub\master-2025\3-Datasets\img-lcm\img_dir_annotated\train\uninfected\2022_03_21_11_03_12_36_cell0011.png,0,transpose,6325,ok,0,0.0,0
train,2022_03_21_11_03_12_36,12,"(549, 103, 579, 131)",0.0,0,C:\Users\sthem\OneDrive\Documentos\GitHub\master-2025\3-Datasets\img-lcm\img_dir_annotated\train\uninfected\2022_03_21_11_03_12_36_cell0012.png,0,transpose,6325,ok,0,0.0,0
train,2022_03_21_11_03_12_36,13,"(660, 1025, 718, 1096)",0.0,0,C:\Users\sthem\OneDrive\Documentos\GitHub\master-2025\3-Datasets\img-lcm\img_dir_annotated\train\uninfected\2022_03_21_11_03_12_36_cell0013.png,0,transpose,6325,ok,0,0.0,0
train,2022_03_21_11_03_12_36,14,"(691, 716, 736, 770)",0.0,0,C:\Users\sthem\OneDrive\Documentos\GitHub\master-2025\3-Datasets\img-lcm\img_dir_annotated\train\uninfected\2022_03_21_11_03_12_36_cell0014.png,0,transpose,6325,ok,0,0.0,0
train,2022_03_21_11_03_12_36,15,"(746, 17, 822, 87)",0.0,0,C:\Users\sthem\OneDrive\Documentos\GitHub\master-2025\3-Datasets\img-lcm\img_dir_annotated\train\uninfected\2022_03_21_11_03_12_36_cell0015.png,0,transpose,6325,ok,0,0.0,0
train,2022_03_21_11_03_12_36,16,"(798, 1177, 830, 1242)",0.6148908857509627,1,C:\Users\sthem\OneDrive\Documentos\GitHub\master-2025\3-Datasets\img-lcm\img_dir_annotated\train\infected\2022_03_21_11_03_12_36_cell0016.png,0,transpose,6325,ok,1,0.6615384615384615,1376
train,2022_03_21_11_03_12_36,17,"(866, 1551, 916, 1607)",0.0,0,C:\Users\sthem\OneDrive\Documentos\GitHub\master-2025\3-Datasets\img-lcm\img_dir_annotated\train\uninfected\2022_03_21_11_03_12_36_cell0017.png,0,transpose,6325,ok,0,0.0,0
train,2022_03_21_11_03_12_36,18,"(867, 471, 917, 524)",0.0,0,C:\Users\sthem\OneDrive\Documentos\GitHub\master-2025\3-Datasets\img-lcm\img_dir_annotated\train\uninfected\2022_03_21_11_03_12_36_cell0018.png,0,transpose,6325,ok,0,0.0,0
train,2022_03_21_11_03_12_36,19,"(916, 778, 1004, 836)",0.0,0,C:\Users\sthem\OneDrive\Documentos\GitHub\master-2025\3-Datasets\img-lcm\img_dir_annotated\train\uninfected\2022_03_21_11_03_12_36_cell0019.png,0,transpose,6325,ok,0,0.0,0
train,2022_03_21_11_03_12_36,20,"(926, 1104, 977, 1157)",0.0,0,C:\Users\sthem\OneDrive\Documentos\GitHub\master-2025\3-Datasets\img-lcm\img_dir_annotated\train\uninfected\2022_03_21_11_03_12_36_cell0020.png,0,transpose,6325,ok,0,0.0,0
train,2022_03_21_11_03_12_36,21,"(945, 998, 1010, 1067)",0.0,0,C:\Users\sthem\OneDrive\Documentos\GitHub\master-2025\3-Datasets\img-lcm\img_dir_annotated\train\uninfected\2022_03_21_11_03_12_36_cell0021.png,0,transpose,6325,ok,0,0.0,0
train,2022_03_21_11_03_12_36,22,"(984, 1534, 1042, 1598)",0.0,0,C:\Users\sthem\OneDrive\Documentos\GitHub\master-2025\3-Datasets\img-lcm\img_dir_annotated\train\uninfected\2022_03_21_11_03_12_36_cell0022.png,0,transpose,6325,ok,0,0.0,0
train,2022_03_21_11_03_12_44,1,"(83, 869, 170, 974)",0.0,0,C:\Users\sthem\OneDrive\Documentos\GitHub\master-2025\3-Datasets\img-lcm\img_dir_annotated\train\uninfected\2022_03_21_11_03_12_44_cell0001.png,0,transpose,12179,ok,0,0.0,0
train,2022_03_21_11_03_12_44,2,"(96, 1877, 171, 1957)",0.0,0,C:\Users\sthem\OneDrive\Documentos\GitHub\master-2025\3-Datasets\img-lcm\img_dir_annotated\train\uninfected\2022_03_21_11_03_12_44_cell0002.png,0,transpose,12179,ok,0,0.015333333333333332,92
train,2022_03_21_11_03_12_44,3,"(133, 1807, 205, 1880)",0.8161401776900297,1,C:\Users\sthem\OneDrive\Documentos\GitHub\master-2025\3-Datasets\img-lcm\img_dir_annotated\train\infected\2022_03_21_11_03_12_44_cell0003.png,0,transpose,12179,ok,1,0.773972602739726,4068
train,2022_03_21_11_03_12_44,4,"(140, 338, 195, 400)",0.9610673665791776,1,C:\Users\sthem\OneDrive\Documentos\GitHub\master-2025\3-Datasets\img-lcm\img_dir_annotated\train\infected\2022_03_21_11_03_12_44_cell0004.png,0,transpose,12179,ok,1,0.9683284457478006,3302
train,2022_03_21_11_03_12_44,5,"(194, 2031, 232, 2046)",0.0,0,C:\Users\sthem\OneDrive\Documentos\GitHub\master-2025\3-Datasets\img-lcm\img_dir_annotated\train\uninfected\2022_03_21_11_03_12_44_cell0005.png,0,transpose,12179,ok,0,0.0,0
train,2022_03_21_11_03_12_44,6,"(249, 1157, 313, 1223)",0.9978781448923916,1,C:\Users\sthem\OneDrive\Documentos\GitHub\master-2025\3-Datasets\img-lcm\img_dir_annotated\train\infected\2022_03_21_11_03_12_44_cell0006.png,0,transpose,12179,ok,1,0.9623579545454546,4065
train,2022_03_21_11_03_12_44,7,"(303, 1924, 366, 1988)",0.0,0,C:\Users\sthem\OneDrive\Documentos\GitHub\master-2025\3-Datasets\img-lcm\img_dir_annotated\train\uninfected\2022_03_21_11_03_12_44_cell0007.png,0,transpose,12179,ok,0,0.0,0
train,2022_03_21_11_03_12_44,8,"(415, 98, 425, 108)",0.0,0,C:\Users\sthem\OneDrive\Documentos\GitHub\master-2025\3-Datasets\img-lcm\img_dir_annotated\train\uninfected\2022_03_21_11_03_12_44_cell0008.png,0,transpose,12179,ok,0,0.0,0
train,2022_03_21_11_03_12_44,9,"(500, 909, 556, 976)",0.0,0,C:\Users\sthem\OneDrive\Documentos\GitHub\master-2025\3-Datasets\img-lcm\img_dir_annotated\train\uninfected\2022_03_21_11_03_12_44_cell0009.png,0,transpose,12179,ok,0,0.0,0
train,2022_03_21_11_03_12_44,10,"(534, 820, 592, 869)",0.0,0,C:\Users\sthem\OneDrive\Documentos\GitHub\master-2025\3-Datasets\img-lcm\img_dir_annotated\train\uninfected\2022_03_21_11_03_12_44_cell0010.png,0,transpose,12179,ok,0,0.0,0
train,2022_03_21_11_03_12_44,11,"(534, 1914, 592, 1980)",0.0,0,C:\Users\sthem\OneDrive\Documentos\GitHub\master-2025\3-Datasets\img-lcm\img_dir_annotated\train\uninfected\2022_03_21_11_03_12_44_cell0011.png,0,transpose,12179,ok,0,0.0,0
train,2022_03_21_11_03_12_44,12,"(608, 142, 673, 213)",0.0,0,C:\Users\sthem\OneDrive\Documentos\GitHub\master-2025\3-Datasets\img-lcm\img_dir_annotated\train\uninfected\2022_03_21_11_03_12_44_cell0012.png,0,transpose,12179,ok,0,0.0,0
train,2022_03_21_11_03_12_44,13,"(665, 254, 757, 351)",0.0,0,C:\Users\sthem\OneDrive\Documentos\GitHub\master-2025\3-Datasets\img-lcm\img_dir_annotated\train\uninfected\2022_03_21_11_03_12_44_cell0013.png,0,transpose,12179,ok,0,0.0,0
train,2022_03_21_11_03_12_44,14,"(799, 1830, 868, 1890)",0.0,0,C:\Users\sthem\OneDrive\Documentos\GitHub\master-2025\3-Datasets\img-lcm\img_dir_annotated\train\uninfected\2022_03_21_11_03_12_44_cell0014.png,0,transpose,12179,ok,0,0.0,0
train,2022_03_21_11_03_12_44,15,"(1013, 1070, 1088, 1130)",0.9492143658810326,1,C:\Users\sthem\OneDrive\Documentos\GitHub\master-2025\3-Datasets\img-lcm\img_dir_annotated\train\infected\2022_03_21_11_03_12_44_cell0015.png,0,transpose,12179,ok,1,0.9122222222222223,4105
train,2022_03_21_11_03_12_52,1,"(67, 304, 143, 385)",0.0,0,C:\Users\sthem\OneDrive\Documentos\GitHub\master-2025\3-Datasets\img-lcm\img_dir_annotated\train\uninfected\2022_03_21_11_03_12_52_cell0001.png,0,transpose,5271,ok,0,0.0,0
train,2022_03_21_11_03_12_52,2,"(138, 544, 233, 623)",0.0,0,C:\Users\sthem\OneDrive\Documentos\GitHub\master-2025\3-Datasets\img-lcm\img_dir_annotated\train\uninfected\2022_03_21_11_03_12_52_cell0002.png,0,transpose,5271,ok,0,0.0,0
train,2022_03_21_11_03_12_52,3,"(140, 1264, 194, 1332)",0.0,0,C:\Users\sthem\OneDrive\Documentos\GitHub\master-2025\3-Datasets\img-lcm\img_dir_annotated\train\uninfected\2022_03_21_11_03_12_52_cell0003.png,0,transpose,5271,ok,0,0.0,0
train,2022_03_21_11_03_12_52,4,"(146, 303, 205, 372)",0.0,0,C:\Users\sthem\OneDrive\Documentos\GitHub\master-2025\3-Datasets\img-lcm\img_dir_annotated\train\uninfected\2022_03_21_11_03_12_52_cell0004.png,0,transpose,5271,ok,0,0.0,0
train,2022_03_21_11_03_12_52,5,"(159, 2013, 216, 2046)",0.0,0,C:\Users\sthem\OneDrive\Documentos\GitHub\master-2025\3-Datasets\img-lcm\img_dir_annotated\train\uninfected\2022_03_21_11_03_12_52_cell0005.png,0,transpose,5271,ok,0,0.0,0
train,2022_03_21_11_03_12_52,6,"(250, 1898, 320, 1964)",0.7068862275449102,1,C:\Users\sthem\OneDrive\Documentos\GitHub\master-2025\3-Datasets\img-lcm\img_dir_annotated\train\infected\2022_03_21_11_03_12_52_cell0006.png,0,transpose,5271,ok,1,0.6952380952380952,3212
train,2022_03_21_11_03_12_52,7,"(415, 98, 424, 108)",0.0,0,C:\Users\sthem\OneDrive\Documentos\GitHub\master-2025\3-Datasets\img-lcm\img_dir_annotated\train\uninfected\2022_03_21_11_03_12_52_cell0007.png,0,transpose,5271,ok,0,0.0,0
train,2022_03_21_11_03_12_52,8,"(457, 62, 464, 70)",0.0,0,C:\Users\sthem\OneDrive\Documentos\GitHub\master-2025\3-Datasets\img-lcm\img_dir_annotated\train\uninfected\2022_03_21_11_03_12_52_cell0008.png,0,transpose,5271,ok,0,0.0,0
train,2022_03_21_11_03_12_52,9,"(468, 1612, 532, 1670)",0.0,0,C:\Users\sthem\OneDrive\Documentos\GitHub\master-2025\3-Datasets\img-lcm\img_dir_annotated\train\uninfected\2022_03_21_11_03_12_52_cell0009.png,0,transpose,5271,ok,0,0.0,0
train,2022_03_21_11_03_12_52,10,"(546, 1938, 599, 1993)",0.0,0,C:\Users\sthem\OneDrive\Documentos\GitHub\master-2025\3-Datasets\img-lcm\img_dir_annotated\train\uninfected\2022_03_21_11_03_12_52_cell0010.png,0,transpose,5271,ok,0,0.0,0
train,2022_03_21_11_03_12_52,11,"(579, 679, 656, 769)",0.0,0,C:\Users\sthem\OneDrive\Documentos\GitHub\master-2025\3-Datasets\img-lcm\img_dir_annotated\train\uninfected\2022_03_21_11_03_12_52_cell0011.png,0,transpose,5271,ok,0,0.0,0
train,2022_03_21_11_03_12_52,12,"(644, 670, 716, 741)",0.0,0,C:\Users\sthem\OneDrive\Documentos\GitHub\master-2025\3-Datasets\img-lcm\img_dir_annotated\train\uninfected\2022_03_21_11_03_12_52_cell0012.png,0,transpose,5271,ok,0,0.0,0
train,2022_03_21_11_03_12_52,13,"(763, 173, 828, 211)",0.0,0,C:\Users\sthem\OneDrive\Documentos\GitHub\master-2025\3-Datasets\img-lcm\img_dir_annotated\train\uninfected\2022_03_21_11_03_12_52_cell0013.png,0,transpose,5271,ok,0,0.0,0
train,2022_03_21_11_03_12_52,14,"(770, 570, 842, 635)",0.0,0,C:\Users\sthem\OneDrive\Documentos\GitHub\master-2025\3-Datasets\img-lcm\img_dir_annotated\train\uninfected\2022_03_21_11_03_12_52_cell0014.png,0,transpose,5271,ok,0,0.0,0
train,2022_03_21_11_03_12_52,15,"(836, 369, 898, 440)",0.8863844045080719,1,C:\Users\sthem\OneDrive\Documentos\GitHub\master-2025\3-Datasets\img-lcm\img_dir_annotated\train\infected\2022_03_21_11_03_12_52_cell0015.png,0,transpose,5271,ok,1,0.8091776465243071,3562
train,2022_03_21_11_03_12_52,16,"(891, 1415, 943, 1468)",0.0,0,C:\Users\sthem\OneDrive\Documentos\GitHub\master-2025\3-Datasets\img-lcm\img_dir_annotated\train\uninfected\2022_03_21_11_03_12_52_cell0016.png,0,transpose,5271,ok,0,0.0,0
train,2022_03_21_11_03_12_52,17,"(1023, 1904, 1084, 1967)",0.0,0,C:\Users\sthem\OneDrive\Documentos\GitHub\master-2025\3-Datasets\img-lcm\img_dir_annotated\train\uninfected\2022_03_21_11_03_12_52_cell0017.png,0,transpose,5271,ok,0,0.0,0
train,2022_03_21_11_03_12_74,1,"(109, 1411, 181, 1454)",0.0,0,C:\Users\sthem\OneDrive\Documentos\GitHub\master-2025\3-Datasets\img-lcm\img_dir_annotated\train\uninfected\2022_03_21_11_03_12_74_cell0001.png,0,transpose,4082,ok,0,0.0,0
train,2022_03_21_11_03_12_74,2,"(127, 1306, 186, 1369)",0.7326836059867734,1,C:\Users\sthem\OneDrive\Documentos\GitHub\master-2025\3-Datasets\img-lcm\img_dir_annotated\train\infected\2022_03_21_11_03_12_74_cell0002.png,0,transpose,4082,ok,1,0.7245090126446059,2693
train,2022_03_21_11_03_12_74,3,"(179, 1945, 251, 1983)",0.0,0,C:\Users\sthem\OneDrive\Documentos\GitHub\master-2025\3-Datasets\img-lcm\img_dir_annotated\train\uninfected\2022_03_21_11_03_12_74_cell0003.png,0,transpose,4082,ok,0,0.0,0
train,2022_03_21_11_03_12_74,4,"(254, 936, 303, 981)",0.0,0,C:\Users\sthem\OneDrive\Documentos\GitHub\master-2025\3-Datasets\img-lcm\img_dir_annotated\train\uninfected\2022_03_21_11_03_12_74_cell0004.png,0,transpose,4082,ok,0,0.0,0
train,2022_03_21_11_03_12_74,5,"(371, 128, 379, 136)",0.0,0,C:\Users\sthem\OneDrive\Documentos\GitHub\master-2025\3-Datasets\img-lcm\img_dir_annotated\train\uninfected\2022_03_21_11_03_12_74_cell0005.png,0,transpose,4082,ok,0,0.0,0
train,2022_03_21_11_03_12_74,6,"(405, 845, 465, 903)",0.0,0,C:\Users\sthem\OneDrive\Documentos\GitHub\master-2025\3-Datasets\img-lcm\img_dir_annotated\train\uninfected\2022_03_21_11_03_12_74_cell0006.png,0,transpose,4082,ok,0,0.0,0
train,2022_03_21_11_03_12_74,7,"(407, 1048, 476, 1115)",0.0,0,C:\Users\sthem\OneDrive\Documentos\GitHub\master-2025\3-Datasets\img-lcm\img_dir_annotated\train\uninfected\2022_03_21_11_03_12_74_cell0007.png,0,transpose,4082,ok,0,0.0,0
train,2022_03_21_11_03_12_74,8,"(411, 322, 421, 333)",0.0,0,C:\Users\sthem\OneDrive\Documentos\GitHub\master-2025\3-Datasets\img-lcm\img_dir_annotated\train\uninfected\2022_03_21_11_03_12_74_cell0008.png,0,transpose,4082,ok,0,0.0,0
train,2022_03_21_11_03_12_74,9,"(416, 99, 424, 107)",0.0,0,C:\Users\sthem\OneDrive\Documentos\GitHub\master-2025\3-Datasets\img-lcm\img_dir_annotated\train\uninfected\2022_03_21_11_03_12_74_cell0009.png,0,transpose,4082,ok,0,0.0,0
train,2022_03_21_11_03_12_74,10,"(573, 641, 633, 693)",0.0,0,C:\Users\sthem\OneDrive\Documentos\GitHub\master-2025\3-Datasets\img-lcm\img_dir_annotated\train\uninfected\2022_03_21_11_03_12_74_cell0010.png,0,transpose,4082,ok,0,0.0,0
train,2022_03_21_11_03_12_74,11,"(603, 1554, 684, 1598)",0.0,0,C:\Users\sthem\OneDrive\Documentos\GitHub\master-2025\3-Datasets\img-lcm\img_dir_annotated\train\uninfected\2022_03_21_11_03_12_74_cell0011.png,0,transpose,4082,ok,0,0.0,0
train,2022_03_21_11_03_12_74,12,"(662, 910, 685, 981)",0.0,0,C:\Users\sthem\OneDrive\Documentos\GitHub\master-2025\3-Datasets\img-lcm\img_dir_annotated\train\uninfected\2022_03_21_11_03_12_74_cell0012.png,0,transpose,4082,ok,0,0.0,0
train,2022_03_21_11_03_12_74,13,"(705, 1511, 763, 1570)",0.7914331465172137,1,C:\Users\sthem\OneDrive\Documentos\GitHub\master-2025\3-Datasets\img-lcm\img_dir_annotated\train\infected\2022_03_21_11_03_12_74_cell0013.png,0,transpose,4082,ok,1,0.7635885447106955,2613
train,2022_03_21_11_03_12_74,14,"(807, 1408, 852, 1433)",0.0,0,C:\Users\sthem\OneDrive\Documentos\GitHub\master-2025\3-Datasets\img-lcm\img_dir_annotated\train\uninfected\2022_03_21_11_03_12_74_cell0014.png,0,transpose,4082,ok,0,0.0,0
train,2022_03_21_11_03_12_74,15,"(928, 1666, 1000, 1737)",0.0,0,C:\Users\sthem\OneDrive\Documentos\GitHub\master-2025\3-Datasets\img-lcm\img_dir_annotated\train\uninfected\2022_03_21_11_03_12_74_cell0015.png,0,transpose,4082,ok,0,0.0,0
train,2022_03_21_11_03_12_74,16,"(954, 1340, 1013, 1396)",0.0,0,C:\Users\sthem\OneDrive\Documentos\GitHub\master-2025\3-Datasets\img-lcm\img_dir_annotated\train\uninfected\2022_03_21_11_03_12_74_cell0016.png,0,transpose,4082,ok,0,0.0,0
train,2022_03_21_11_03_12_80,1,"(0, 359, 58, 425)",0.9244444444444444,1,C:\Users\sthem\OneDrive\Documentos\GitHub\master-2025\3-Datasets\img-lcm\img_dir_annotated\train\infected\2022_03_21_11_03_12_80_cell0001.png,0,transpose,9136,ok,1,0.959508881922675,3673
train,2022_03_21_11_03_12_80,2,"(0, 1401, 40, 1463)",0.0,0,C:\Users\sthem\OneDrive\Documentos\GitHub\master-2025\3-Datasets\img-lcm\img_dir_annotated\train\uninfected\2022_03_21_11_03_12_80_cell0002.png,0,transpose,9136,ok,0,0.0,0
train,2022_03_21_11_03_12_80,3,"(68, 1348, 132, 1406)",0.0,0,C:\Users\sthem\OneDrive\Documentos\GitHub\master-2025\3-Datasets\img-lcm\img_dir_annotated\train\uninfected\2022_03_21_11_03_12_80_cell0003.png,0,transpose,9136,ok,0,0.0,0
train,2022_03_21_11_03_12_80,4,"(172, 1440, 235, 1509)",0.0,0,C:\Users\sthem\OneDrive\Documentos\GitHub\master-2025\3-Datasets\img-lcm\img_dir_annotated\train\uninfected\2022_03_21_11_03_12_80_cell0004.png,0,transpose,9136,ok,0,0.0,0
train,2022_03_21_11_03_12_80,5,"(293, 851, 391, 935)",0.0,0,C:\Users\sthem\OneDrive\Documentos\GitHub\master-2025\3-Datasets\img-lcm\img_dir_annotated\train\uninfected\2022_03_21_11_03_12_80_cell0005.png,0,transpose,9136,ok,0,0.0,0
train,2022_03_21_11_03_12_80,6,"(357, 1356, 419, 1415)",0.9684061057862976,1,C:\Users\sthem\OneDrive\Documentos\GitHub\master-2025\3-Datasets\img-lcm\img_dir_annotated\train\infected\2022_03_21_11_03_12_80_cell0006.png,0,transpose,9136,ok,1,0.9155276107162383,3349
train,2022_03_21_11_03_12_80,7,"(359, 1997, 430, 2047)",0.0,0,C:\Users\sthem\OneDrive\Documentos\GitHub\master-2025\3-Datasets\img-lcm\img_dir_annotated\train\uninfected\2022_03_21_11_03_12_80_cell0007.png,0,transpose,9136,ok,0,0.0,0
train,2022_03_21_11_03_12_80,8,"(375, 954, 459, 1033)",0.0,0,C:\Users\sthem\OneDrive\Documentos\GitHub\master-2025\3-Datasets\img-lcm\img_dir_annotated\train\uninfected\2022_03_21_11_03_12_80_cell0008.png,0,transpose,9136,ok,0,0.0,0
train,2022_03_21_11_03_12_80,9,"(404, 868, 486, 945)",0.7829787234042553,1,C:\Users\sthem\OneDrive\Documentos\GitHub\master-2025\3-Datasets\img-lcm\img_dir_annotated\train\infected\2022_03_21_11_03_12_80_cell0009.png,0,transpose,9136,ok,1,0.720145707950586,4547
train,2022_03_21_11_03_12_80,10,"(432, 1543, 508, 1606)",0.0,0,C:\Users\sthem\OneDrive\Documentos\GitHub\master-2025\3-Datasets\img-lcm\img_dir_annotated\train\uninfected\2022_03_21_11_03_12_80_cell0010.png,0,transpose,9136,ok,0,0.0,0
train,2022_03_21_11_03_12_80,11,"(462, 1609, 525, 1675)",0.0,0,C:\Users\sthem\OneDrive\Documentos\GitHub\master-2025\3-Datasets\img-lcm\img_dir_annotated\train\uninfected\2022_03_21_11_03_12_80_cell0011.png,0,transpose,9136,ok,0,0.0,0
train,2022_03_21_11_03_12_80,12,"(514, 2015, 568, 2047)",0.0,0,C:\Users\sthem\OneDrive\Documentos\GitHub\master-2025\3-Datasets\img-lcm\img_dir_annotated\train\uninfected\2022_03_21_11_03_12_80_cell0012.png,0,transpose,9136,ok,0,0.0,0
train,2022_03_21_11_03_12_80,13,"(618, 2011, 687, 2048)",0.0,0,C:\Users\sthem\OneDrive\Documentos\GitHub\master-2025\3-Datasets\img-lcm\img_dir_annotated\train\uninfected\2022_03_21_11_03_12_80_cell0013.png,0,transpose,9136,ok,0,0.0,0
train,2022_03_21_11_03_12_80,14,"(634, 742, 688, 806)",0.0,0,C:\Users\sthem\OneDrive\Documentos\GitHub\master-2025\3-Datasets\img-lcm\img_dir_annotated\train\uninfected\2022_03_21_11_03_12_80_cell0014.png,0,transpose,9136,ok,0,0.0,0
train,2022_03_21_11_03_12_80,15,"(750, 1085, 805, 1138)",0.0,0,C:\Users\sthem\OneDrive\Documentos\GitHub\master-2025\3-Datasets\img-lcm\img_dir_annotated\train\uninfected\2022_03_21_11_03_12_80_cell0015.png,0,transpose,9136,ok,0,0.0,0
train,2022_03_21_11_03_12_80,16,"(850, 574, 911, 628)",0.0,0,C:\Users\sthem\OneDrive\Documentos\GitHub\master-2025\3-Datasets\img-lcm\img_dir_annotated\train\uninfected\2022_03_21_11_03_12_80_cell0016.png,0,transpose,9136,ok,0,0.0,0
train,2022_03_21_11_03_12_80,17,"(881, 1459, 1000, 1564)",0.0,0,C:\Users\sthem\OneDrive\Documentos\GitHub\master-2025\3-Datasets\img-lcm\img_dir_annotated\train\uninfected\2022_03_21_11_03_12_80_cell0017.png,0,transpose,9136,ok,0,0.0,0
train,2022_03_21_11_03_12_88,1,"(94, 1536, 169, 1604)",0.0,0,C:\Users\sthem\OneDrive\Documentos\GitHub\master-2025\3-Datasets\img-lcm\img_dir_annotated\train\uninfected\2022_03_21_11_03_12_88_cell0001.png,0,transpose,8410,ok,0,0.0,0
train,2022_03_21_11_03_12_88,2,"(165, 1981, 218, 2044)",0.9388934764657308,1,C:\Users\sthem\OneDrive\Documentos\GitHub\master-2025\3-Datasets\img-lcm\img_dir_annotated\train\infected\2022_03_21_11_03_12_88_cell0002.png,0,transpose,8410,ok,1,0.9116501946690626,3044
train,2022_03_21_11_03_12_88,3,"(198, 1913, 266, 1984)",0.0,0,C:\Users\sthem\OneDrive\Documentos\GitHub\master-2025\3-Datasets\img-lcm\img_dir_annotated\train\uninfected\2022_03_21_11_03_12_88_cell0003.png,0,transpose,8410,ok,0,0.0,0
train,2022_03_21_11_03_12_88,4,"(302, 1141, 365, 1203)",0.0,0,C:\Users\sthem\OneDrive\Documentos\GitHub\master-2025\3-Datasets\img-lcm\img_dir_annotated\train\uninfected\2022_03_21_11_03_12_88_cell0004.png,0,transpose,8410,ok,0,0.0,0
train,2022_03_21_11_03_12_88,5,"(415, 99, 424, 107)",0.0,0,C:\Users\sthem\OneDrive\Documentos\GitHub\master-2025\3-Datasets\img-lcm\img_dir_annotated\train\uninfected\2022_03_21_11_03_12_88_cell0005.png,0,transpose,8410,ok,0,0.0,0
train,2022_03_21_11_03_12_88,6,"(434, 1841, 495, 1912)",0.0,0,C:\Users\sthem\OneDrive\Documentos\GitHub\master-2025\3-Datasets\img-lcm\img_dir_annotated\train\uninfected\2022_03_21_11_03_12_88_cell0006.png,0,transpose,8410,ok,0,0.0,0
train,2022_03_21_11_03_12_88,7,"(441, 685, 508, 738)",0.8094575799721836,1,C:\Users\sthem\OneDrive\Documentos\GitHub\master-2025\3-Datasets\img-lcm\img_dir_annotated\train\infected\2022_03_21_11_03_12_88_cell0007.png,0,transpose,8410,ok,1,0.8113207547169812,2881
train,2022_03_21_11_03_12_88,8,"(705, 1720, 780, 1788)",0.0,0,C:\Users\sthem\OneDrive\Documentos\GitHub\master-2025\3-Datasets\img-lcm\img_dir_annotated\train\uninfected\2022_03_21_11_03_12_88_cell0008.png,0,transpose,8410,ok,0,0.0,0
train,2022_03_21_11_03_12_88,9,"(814, 1105, 848, 1165)",0.0,0,C:\Users\sthem\OneDrive\Documentos\GitHub\master-2025\3-Datasets\img-lcm\img_dir_annotated\train\uninfected\2022_03_21_11_03_12_88_cell0009.png,0,transpose,8410,ok,0,0.0,0
train,2022_03_21_11_03_12_88,10,"(833, 1945, 882, 1995)",0.7852598091198303,1,C:\Users\sthem\OneDrive\Documentos\GitHub\master-2025\3-Datasets\img-lcm\img_dir_annotated\train\infected\2022_03_21_11_03_12_88_cell0010.png,0,transpose,8410,ok,1,0.796734693877551,1952
train,2022_03_21_11_03_12_88,11,"(924, 1352, 985, 1422)",0.7246963562753036,1,C:\Users\sthem\OneDrive\Documentos\GitHub\master-2025\3-Datasets\img-lcm\img_dir_annotated\train\infected\2022_03_21_11_03_12_88_cell0011.png,0,transpose,8410,ok,1,0.685480093676815,2927
train,2022_03_21_11_03_12_88,12,"(996, 1099, 1085, 1173)",0.0,0,C:\Users\sthem\OneDrive\Documentos\GitHub\master-2025\3-Datasets\img-lcm\img_dir_annotated\train\uninfected\2022_03_21_11_03_12_88_cell0012.png,0,transpose,8410,ok,0,0.0,0
train,2022_03_21_11_03_12_97,1,"(0, 932, 61, 1004)",0.0,0,C:\Users\sthem\OneDrive\Documentos\GitHub\master-2025\3-Datasets\img-lcm\img_dir_annotated\train\uninfected\2022_03_21_11_03_12_97_cell0001.png,0,transpose,11736,ok,0,0.0,0
train,2022_03_21_11_03_12_97,2,"(51, 1314, 108, 1367)",0.9139839034205232,1,C:\Users\sthem\OneDrive\Documentos\GitHub\master-2025\3-Datasets\img-lcm\img_dir_annotated\train\infected\2022_03_21_11_03_12_97_cell0002.png,0,transpose,11736,ok,1,0.9026812313803376,2727
train,2022_03_21_11_03_12_97,3,"(114, 532, 166, 594)",0.0,0,C:\Users\sthem\OneDrive\Documentos\GitHub\master-2025\3-Datasets\img-lcm\img_dir_annotated\train\uninfected\2022_03_21_11_03_12_97_cell0003.png,0,transpose,11736,ok,0,0.0,0
train,2022_03_21_11_03_12_97,4,"(262, 925, 320, 975)",0.0405836753305973,0,C:\Users\sthem\OneDrive\Documentos\GitHub\master-2025\3-Datasets\img-lcm\img_dir_annotated\train\infected\2022_03_21_11_03_12_97_cell0004.png,0,transpose,11736,ok,1,0.13793103448275862,400
train,2022_03_21_11_03_12_97,5,"(273, 1063, 331, 1123)",0.0,0,C:\Users\sthem\OneDrive\Documentos\GitHub\master-2025\3-Datasets\img-lcm\img_dir_annotated\train\uninfected\2022_03_21_11_03_12_97_cell0005.png,0,transpose,11736,ok,0,0.0,0
train,2022_03_21_11_03_12_97,6,"(304, 894, 343, 945)",0.9835728952772074,1,C:\Users\sthem\OneDrive\Documentos\GitHub\master-2025\3-Datasets\img-lcm\img_dir_annotated\train\infected\2022_03_21_11_03_12_97_cell0006.png,0,transpose,11736,ok,1,0.9547511312217195,1899
train,2022_03_21_11_03_12_97,7,"(344, 1379, 399, 1437)",0.0,0,C:\Users\sthem\OneDrive\Documentos\GitHub\master-2025\3-Datasets\img-lcm\img_dir_annotated\train\uninfected\2022_03_21_11_03_12_97_cell0007.png,0,transpose,11736,ok,0,0.0,0
train,2022_03_21_11_03_12_97,8,"(425, 1417, 490, 1478)",0.0,0,C:\Users\sthem\OneDrive\Documentos\GitHub\master-2025\3-Datasets\img-lcm\img_dir_annotated\train\uninfected\2022_03_21_11_03_12_97_cell0008.png,0,transpose,11736,ok,0,0.0,0
train,2022_03_21_11_03_12_97,9,"(513, 1111, 589, 1173)",0.7253480278422274,1,C:\Users\sthem\OneDrive\Documentos\GitHub\master-2025\3-Datasets\img-lcm\img_dir_annotated\train\infected\2022_03_21_11_03_12_97_cell0009.png,0,transpose,11736,ok,1,0.7039473684210527,3317
train,2022_03_21_11_03_12_97,10,"(522, 1977, 577, 2035)",0.0,0,C:\Users\sthem\OneDrive\Documentos\GitHub\master-2025\3-Datasets\img-lcm\img_dir_annotated\train\uninfected\2022_03_21_11_03_12_97_cell0010.png,0,transpose,11736,ok,0,0.0,0
train,2022_03_21_11_03_12_97,11,"(524, 664, 608, 732)",0.0,0,C:\Users\sthem\OneDrive\Documentos\GitHub\master-2025\3-Datasets\img-lcm\img_dir_annotated\train\uninfected\2022_03_21_11_03_12_97_cell0011.png,0,transpose,11736,ok,0,0.0,0
train,2022_03_21_11_03_12_97,12,"(544, 360, 593, 408)",0.0,0,C:\Users\sthem\OneDrive\Documentos\GitHub\master-2025\3-Datasets\img-lcm\img_dir_annotated\train\uninfected\2022_03_21_11_03_12_97_cell0012.png,0,transpose,11736,ok,0,0.0,0
train,2022_03_21_11_03_12_97,13,"(604, 484, 661, 566)",0.6775546898411747,1,C:\Users\sthem\OneDrive\Documentos\GitHub\master-2025\3-Datasets\img-lcm\img_dir_annotated\train\infected\2022_03_21_11_03_12_97_cell0013.png,0,transpose,11736,ok,1,0.6482670089858793,3030
train,2022_03_21_11_03_12_97,14,"(609, 50, 666, 103)",0.0,0,C:\Users\sthem\OneDrive\Documentos\GitHub\master-2025\3-Datasets\img-lcm\img_dir_annotated\train\uninfected\2022_03_21_11_03_12_97_cell0014.png,0,transpose,11736,ok,0,0.0,0
train,2022_03_21_11_03_12_97,15,"(632, 1689, 685, 1746)",0.8002936857562408,1,C:\Users\sthem\OneDrive\Documentos\GitHub\master-2025\3-Datasets\img-lcm\img_dir_annotated\train\infected\2022_03_21_11_03_12_97_cell0015.png,0,transpose,11736,ok,1,0.7924528301886793,2394
train,2022_03_21_11_03_12_97,16,"(649, 2017, 707, 2047)",0.0,0,C:\Users\sthem\OneDrive\Documentos\GitHub\master-2025\3-Datasets\img-lcm\img_dir_annotated\train\uninfected\2022_03_21_11_03_12_97_cell0016.png,0,transpose,11736,ok,0,0.0,0
train,2022_03_21_11_03_12_97,17,"(726, 122, 786, 185)",0.0,0,C:\Users\sthem\OneDrive\Documentos\GitHub\master-2025\3-Datasets\img-lcm\img_dir_annotated\train\uninfected\2022_03_21_11_03_12_97_cell0017.png,0,transpose,11736,ok,0,0.0,0
train,2022_03_21_11_03_12_97,18,"(748, 1352, 827, 1446)",0.0,0,C:\Users\sthem\OneDrive\Documentos\GitHub\master-2025\3-Datasets\img-lcm\img_dir_annotated\train\uninfected\2022_03_21_11_03_12_97_cell0018.png,0,transpose,11736,ok,0,0.0,0
train,2022_03_21_11_03_12_97,19,"(809, 20, 873, 74)",0.0,0,C:\Users\sthem\OneDrive\Documentos\GitHub\master-2025\3-Datasets\img-lcm\img_dir_annotated\train\uninfected\2022_03_21_11_03_12_97_cell0019.png,0,transpose,11736,ok,0,0.0,0
train,2022_03_21_11_03_12_97,20,"(992, 1585, 1058, 1648)",0.6673353393513874,1,C:\Users\sthem\OneDrive\Documentos\GitHub\master-2025\3-Datasets\img-lcm\img_dir_annotated\train\infected\2022_03_21_11_03_12_97_cell0020.png,0,transpose,11736,ok,1,0.6531986531986532,2716
train,2022_03_21_11_03_13_05,1,"(18, 38, 106, 136)",0.0,0,C:\Users\sthem\OneDrive\Documentos\GitHub\master-2025\3-Datasets\img-lcm\img_dir_annotated\train\uninfected\2022_03_21_11_03_13_05_cell0001.png,0,transpose,3597,ok,0,0.0,0
train,2022_03_21_11_03_13_05,2,"(108, 1310, 162, 1365)",0.0,0,C:\Users\sthem\OneDrive\Documentos\GitHub\master-2025\3-Datasets\img-lcm\img_dir_annotated\train\uninfected\2022_03_21_11_03_13_05_cell0002.png,0,transpose,3597,ok,0,0.0,0
train,2022_03_21_11_03_13_05,3,"(122, 79, 178, 169)",0.0,0,C:\Users\sthem\OneDrive\Documentos\GitHub\master-2025\3-Datasets\img-lcm\img_dir_annotated\train\uninfected\2022_03_21_11_03_13_05_cell0003.png,0,transpose,3597,ok,0,0.0,0
train,2022_03_21_11_03_13_05,4,"(225, 1850, 327, 1940)",0.0,0,C:\Users\sthem\OneDrive\Documentos\GitHub\master-2025\3-Datasets\img-lcm\img_dir_annotated\train\uninfected\2022_03_21_11_03_13_05_cell0004.png,0,transpose,3597,ok,0,0.0,0
train,2022_03_21_11_03_13_05,5,"(246, 447, 311, 520)",0.0,0,C:\Users\sthem\OneDrive\Documentos\GitHub\master-2025\3-Datasets\img-lcm\img_dir_annotated\train\uninfected\2022_03_21_11_03_13_05_cell0005.png,0,transpose,3597,ok,0,0.0,0
train,2022_03_21_11_03_13_05,6,"(391, 993, 458, 1051)",0.0,0,C:\Users\sthem\OneDrive\Documentos\GitHub\master-2025\3-Datasets\img-lcm\img_dir_annotated\train\uninfected\2022_03_21_11_03_13_05_cell0006.png,0,transpose,3597,ok,0,0.0,0
train,2022_03_21_11_03_13_05,7,"(399, 226, 463, 289)",0.5495682210708117,1,C:\Users\sthem\OneDrive\Documentos\GitHub\master-2025\3-Datasets\img-lcm\img_dir_annotated\train\infected\2022_03_21_11_03_13_05_cell0007.png,0,transpose,3597,ok,1,0.5389384920634921,2173
train,2022_03_21_11_03_13_05,8,"(463, 244, 523, 320)",0.0,0,C:\Users\sthem\OneDrive\Documentos\GitHub\master-2025\3-Datasets\img-lcm\img_dir_annotated\train\uninfected\2022_03_21_11_03_13_05_cell0008.png,0,transpose,3597,ok,0,0.0,0
train,2022_03_21_11_03_13_05,9,"(644, 1020, 700, 1076)",0.0,0,C:\Users\sthem\OneDrive\Documentos\GitHub\master-2025\3-Datasets\img-lcm\img_dir_annotated\train\uninfected\2022_03_21_11_03_13_05_cell0009.png,0,transpose,3597,ok,0,0.0,0
train,2022_03_21_11_03_13_05,10,"(698, 1946, 708, 1955)",0.0,0,C:\Users\sthem\OneDrive\Documentos\GitHub\master-2025\3-Datasets\img-lcm\img_dir_annotated\train\uninfected\2022_03_21_11_03_13_05_cell0010.png,0,transpose,3597,ok,0,0.0,0
train,2022_03_21_11_03_13_05,11,"(722, 334, 794, 413)",0.0,0,C:\Users\sthem\OneDrive\Documentos\GitHub\master-2025\3-Datasets\img-lcm\img_dir_annotated\train\uninfected\2022_03_21_11_03_13_05_cell0011.png,0,transpose,3597,ok,0,0.0,0
train,2022_03_21_11_03_13_05,12,"(771, 1491, 859, 1574)",0.0,0,C:\Users\sthem\OneDrive\Documentos\GitHub\master-2025\3-Datasets\img-lcm\img_dir_annotated\train\uninfected\2022_03_21_11_03_13_05_cell0012.png,0,transpose,3597,ok,0,0.0,0
train,2022_03_21_11_03_13_05,13,"(773, 1738, 867, 1813)",0.0,0,C:\Users\sthem\OneDrive\Documentos\GitHub\master-2025\3-Datasets\img-lcm\img_dir_annotated\train\uninfected\2022_03_21_11_03_13_05_cell0013.png,0,transpose,3597,ok,0,0.0,0
train,2022_03_21_11_03_13_05,14,"(905, 1555, 980, 1643)",0.0,0,C:\Users\sthem\OneDrive\Documentos\GitHub\master-2025\3-Datasets\img-lcm\img_dir_annotated\train\uninfected\2022_03_21_11_03_13_05_cell0014.png,0,transpose,3597,ok,0,0.0,0
train,2022_03_21_11_03_13_05,15,"(967, 830, 1026, 891)",0.0,0,C:\Users\sthem\OneDrive\Documentos\GitHub\master-2025\3-Datasets\img-lcm\img_dir_annotated\train\uninfected\2022_03_21_11_03_13_05_cell0015.png,0,transpose,3597,ok,0,0.0,0
train,2022_03_21_11_03_13_05,16,"(994, 1533, 1079, 1620)",0.0,0,C:\Users\sthem\OneDrive\Documentos\GitHub\master-2025\3-Datasets\img-lcm\img_dir_annotated\train\uninfected\2022_03_21_11_03_13_05_cell0016.png,0,transpose,3597,ok,0,0.0,0
train,2022_03_21_11_03_13_05,17,"(1034, 732, 1087, 794)",0.7294545454545455,1,C:\Users\sthem\OneDrive\Documentos\GitHub\master-2025\3-Datasets\img-lcm\img_dir_annotated\train\infected\2022_03_21_11_03_13_05_cell0017.png,0,transpose,3597,ok,1,0.7693244065733414,2528
train,2022_03_21_11_03_13_05,18,"(1054, 803, 1086, 844)",0.0,0,C:\Users\sthem\OneDrive\Documentos\GitHub\master-2025\3-Datasets\img-lcm\img_dir_annotated\train\uninfected\2022_03_21_11_03_13_05_cell0018.png,0,transpose,3597,ok,0,0.0,0
train,2022_03_21_11_03_13_13,1,"(0, 500, 62, 574)",0.0,0,C:\Users\sthem\OneDrive\Documentos\GitHub\master-2025\3-Datasets\img-lcm\img_dir_annotated\train\uninfected\2022_03_21_11_03_13_13_cell0001.png,0,transpose,9094,ok,0,0.0,0
train,2022_03_21_11_03_13_13,2,"(17, 1233, 86, 1276)",0.9115531104528142,1,C:\Users\sthem\OneDrive\Documentos\GitHub\master-2025\3-Datasets\img-lcm\img_dir_annotated\train\infected\2022_03_21_11_03_13_13_cell0002.png,0,transpose,9094,ok,1,0.918773171553758,2726
train,2022_03_21_11_03_13_13,3,"(72, 1286, 137, 1344)",0.8888888888888888,1,C:\Users\sthem\OneDrive\Documentos\GitHub\master-2025\3-Datasets\img-lcm\img_dir_annotated\train\infected\2022_03_21_11_03_13_13_cell0003.png,0,transpose,9094,ok,1,0.9249336870026525,3487
train,2022_03_21_11_03_13_13,4,"(91, 149, 155, 212)",0.8809269162210339,1,C:\Users\sthem\OneDrive\Documentos\GitHub\master-2025\3-Datasets\img-lcm\img_dir_annotated\train\infected\2022_03_21_11_03_13_13_cell0004.png,0,transpose,9094,ok,1,0.8779761904761905,3540
train,2022_03_21_11_03_13_13,5,"(246, 1117, 363, 1230)",0.0,0,C:\Users\sthem\OneDrive\Documentos\GitHub\master-2025\3-Datasets\img-lcm\img_dir_annotated\train\uninfected\2022_03_21_11_03_13_13_cell0005.png,0,transpose,9094,ok,0,0.0,0
train,2022_03_21_11_03_13_13,6,"(272, 1477, 327, 1549)",0.0,0,C:\Users\sthem\OneDrive\Documentos\GitHub\master-2025\3-Datasets\img-lcm\img_dir_annotated\train\uninfected\2022_03_21_11_03_13_13_cell0006.png,0,transpose,9094,ok,0,0.0,0
train,2022_03_21_11_03_13_13,7,"(415, 98, 425, 108)",0.0,0,C:\Users\sthem\OneDrive\Documentos\GitHub\master-2025\3-Datasets\img-lcm\img_dir_annotated\train\uninfected\2022_03_21_11_03_13_13_cell0007.png,0,transpose,9094,ok,0,0.0,0
train,2022_03_21_11_03_13_13,8,"(431, 464, 504, 530)",0.0,0,C:\Users\sthem\OneDrive\Documentos\GitHub\master-2025\3-Datasets\img-lcm\img_dir_annotated\train\uninfected\2022_03_21_11_03_13_13_cell0008.png,0,transpose,9094,ok,0,0.0,0
train,2022_03_21_11_03_13_13,9,"(457, 62, 464, 70)",0.0,0,C:\Users\sthem\OneDrive\Documentos\GitHub\master-2025\3-Datasets\img-lcm\img_dir_annotated\train\uninfected\2022_03_21_11_03_13_13_cell0009.png,0,transpose,9094,ok,0,0.0,0
train,2022_03_21_11_03_13_13,10,"(457, 1104, 527, 1161)",0.0,0,C:\Users\sthem\OneDrive\Documentos\GitHub\master-2025\3-Datasets\img-lcm\img_dir_annotated\train\uninfected\2022_03_21_11_03_13_13_cell0010.png,0,transpose,9094,ok,0,0.0,0
train,2022_03_21_11_03_13_13,11,"(559, 1833, 623, 1898)",0.0,0,C:\Users\sthem\OneDrive\Documentos\GitHub\master-2025\3-Datasets\img-lcm\img_dir_annotated\train\uninfected\2022_03_21_11_03_13_13_cell0011.png,0,transpose,9094,ok,0,0.0,0
train,2022_03_21_11_03_13_13,12,"(571, 979, 628, 1038)",0.0,0,C:\Users\sthem\OneDrive\Documentos\GitHub\master-2025\3-Datasets\img-lcm\img_dir_annotated\train\uninfected\2022_03_21_11_03_13_13_cell0012.png,0,transpose,9094,ok,0,0.0,0
train,2022_03_21_11_03_13_13,13,"(649, 200, 703, 272)",0.657259435566134,1,C:\Users\sthem\OneDrive\Documentos\GitHub\master-2025\3-Datasets\img-lcm\img_dir_annotated\train\infected\2022_03_21_11_03_13_13_cell0013.png,0,transpose,9094,ok,1,0.6527777777777778,2538
train,2022_03_21_11_03_13_13,14,"(778, 556, 838, 621)",0.0,0,C:\Users\sthem\OneDrive\Documentos\GitHub\master-2025\3-Datasets\img-lcm\img_dir_annotated\train\uninfected\2022_03_21_11_03_13_13_cell0014.png,0,transpose,9094,ok,0,0.0,0
train,2022_03_21_11_03_13_13,15,"(785, 1450, 853, 1533)",0.0,0,C:\Users\sthem\OneDrive\Documentos\GitHub\master-2025\3-Datasets\img-lcm\img_dir_annotated\train\uninfected\2022_03_21_11_03_13_13_cell0015.png,0,transpose,9094,ok,0,0.0,0
train,2022_03_21_11_03_13_13,16,"(891, 1068, 1031, 1188)",0.0,0,C:\Users\sthem\OneDrive\Documentos\GitHub\master-2025\3-Datasets\img-lcm\img_dir_annotated\train\uninfected\2022_03_21_11_03_13_13_cell0016.png,0,transpose,9094,ok,0,0.0,0
train,2022_03_21_11_03_13_13,17,"(946, 1648, 1029, 1713)",0.0,0,C:\Users\sthem\OneDrive\Documentos\GitHub\master-2025\3-Datasets\img-lcm\img_dir_annotated\train\uninfected\2022_03_21_11_03_13_13_cell0017.png,0,transpose,9094,ok,0,0.0,0
train,2022_03_21_11_03_13_13,18,"(998, 1215, 1086, 1370)",0.0,0,C:\Users\sthem\OneDrive\Documentos\GitHub\master-2025\3-Datasets\img-lcm\img_dir_annotated\train\uninfected\2022_03_21_11_03_13_13_cell0018.png,0,transpose,9094,ok,0,0.0,0
train,2022_03_21_11_03_13_13,19,"(1001, 1905, 1087, 2001)",0.0,0,C:\Users\sthem\OneDrive\Documentos\GitHub\master-2025\3-Datasets\img-lcm\img_dir_annotated\train\uninfected\2022_03_21_11_03_13_13_cell0019.png,0,transpose,9094,ok,0,0.0,0
train,2022_03_21_11_03_13_13,20,"(1042, 1037, 1087, 1124)",0.0,0,C:\Users\sthem\OneDrive\Documentos\GitHub\master-2025\3-Datasets\img-lcm\img_dir_annotated\train\uninfected\2022_03_21_11_03_13_13_cell0020.png,0,transpose,9094,ok,0,0.0,0
train,2022_03_21_11_03_13_22,1,"(54, 497, 141, 588)",0.0,0,C:\Users\sthem\OneDrive\Documentos\GitHub\master-2025\3-Datasets\img-lcm\img_dir_annotated\train\uninfected\2022_03_21_11_03_13_22_cell0001.png,0,transpose,11450,ok,0,0.0,0
train,2022_03_21_11_03_13_22,2,"(133, 886, 192, 929)",0.0,0,C:\Users\sthem\OneDrive\Documentos\GitHub\master-2025\3-Datasets\img-lcm\img_dir_annotated\train\uninfected\2022_03_21_11_03_13_22_cell0002.png,0,transpose,11450,ok,0,0.0,0
train,2022_03_21_11_03_13_22,3,"(181, 1984, 252, 2039)",0.0,0,C:\Users\sthem\OneDrive\Documentos\GitHub\master-2025\3-Datasets\img-lcm\img_dir_annotated\train\uninfected\2022_03_21_11_03_13_22_cell0003.png,0,transpose,11450,ok,0,0.0,0
train,2022_03_21_11_03_13_22,4,"(213, 411, 305, 477)",0.0,0,C:\Users\sthem\OneDrive\Documentos\GitHub\master-2025\3-Datasets\img-lcm\img_dir_annotated\train\uninfected\2022_03_21_11_03_13_22_cell0004.png,0,transpose,11450,ok,0,0.0,0
train,2022_03_21_11_03_13_22,5,"(237, 1694, 296, 1760)",0.8651252408477842,1,C:\Users\sthem\OneDrive\Documentos\GitHub\master-2025\3-Datasets\img-lcm\img_dir_annotated\train\infected\2022_03_21_11_03_13_22_cell0005.png,0,transpose,11450,ok,1,0.8577298407806883,3340
train,2022_03_21_11_03_13_22,6,"(292, 1537, 347, 1596)",0.0,0,C:\Users\sthem\OneDrive\Documentos\GitHub\master-2025\3-Datasets\img-lcm\img_dir_annotated\train\uninfected\2022_03_21_11_03_13_22_cell0006.png,0,transpose,11450,ok,0,0.0,0
train,2022_03_21_11_03_13_22,7,"(317, 453, 409, 548)",0.0,0,C:\Users\sthem\OneDrive\Documentos\GitHub\master-2025\3-Datasets\img-lcm\img_dir_annotated\train\uninfected\2022_03_21_11_03_13_22_cell0007.png,0,transpose,11450,ok,0,0.0,0
train,2022_03_21_11_03_13_22,8,"(370, 127, 379, 136)",0.0,0,C:\Users\sthem\OneDrive\Documentos\GitHub\master-2025\3-Datasets\img-lcm\img_dir_annotated\train\uninfected\2022_03_21_11_03_13_22_cell0008.png,0,transpose,11450,ok,0,0.0,0
train,2022_03_21_11_03_13_22,9,"(392, 1246, 452, 1299)",0.0,0,C:\Users\sthem\OneDrive\Documentos\GitHub\master-2025\3-Datasets\img-lcm\img_dir_annotated\train\uninfected\2022_03_21_11_03_13_22_cell0009.png,0,transpose,11450,ok,0,0.0,0
train,2022_03_21_11_03_13_22,10,"(415, 99, 424, 108)",0.0,0,C:\Users\sthem\OneDrive\Documentos\GitHub\master-2025\3-Datasets\img-lcm\img_dir_annotated\train\uninfected\2022_03_21_11_03_13_22_cell0010.png,0,transpose,11450,ok,0,0.0,0
train,2022_03_21_11_03_13_22,11,"(448, 1973, 529, 2033)",0.0,0,C:\Users\sthem\OneDrive\Documentos\GitHub\master-2025\3-Datasets\img-lcm\img_dir_annotated\train\uninfected\2022_03_21_11_03_13_22_cell0011.png,0,transpose,11450,ok,0,0.0,0
train,2022_03_21_11_03_13_22,12,"(505, 524, 569, 587)",0.0,0,C:\Users\sthem\OneDrive\Documentos\GitHub\master-2025\3-Datasets\img-lcm\img_dir_annotated\train\uninfected\2022_03_21_11_03_13_22_cell0012.png,0,transpose,11450,ok,0,0.0,0
train,2022_03_21_11_03_13_22,13,"(507, 1224, 569, 1283)",0.9356643356643356,1,C:\Users\sthem\OneDrive\Documentos\GitHub\master-2025\3-Datasets\img-lcm\img_dir_annotated\train\infected\2022_03_21_11_03_13_22_cell0013.png,0,transpose,11450,ok,1,0.9155276107162383,3349
train,2022_03_21_11_03_13_22,14,"(536, 1826, 582, 1894)",0.0,0,C:\Users\sthem\OneDrive\Documentos\GitHub\master-2025\3-Datasets\img-lcm\img_dir_annotated\train\uninfected\2022_03_21_11_03_13_22_cell0014.png,0,transpose,11450,ok,0,0.0,0
train,2022_03_21_11_03_13_22,15,"(555, 570, 616, 634)",0.0,0,C:\Users\sthem\OneDrive\Documentos\GitHub\master-2025\3-Datasets\img-lcm\img_dir_annotated\train\uninfected\2022_03_21_11_03_13_22_cell0015.png,0,transpose,11450,ok,0,0.0,0
train,2022_03_21_11_03_13_22,16,"(619, 2013, 686, 2047)",0.0,0,C:\Users\sthem\OneDrive\Documentos\GitHub\master-2025\3-Datasets\img-lcm\img_dir_annotated\train\uninfected\2022_03_21_11_03_13_22_cell0016.png,0,transpose,11450,ok,0,0.0,0
train,2022_03_21_11_03_13_22,17,"(665, 421, 724, 473)",0.0,0,C:\Users\sthem\OneDrive\Documentos\GitHub\master-2025\3-Datasets\img-lcm\img_dir_annotated\train\uninfected\2022_03_21_11_03_13_22_cell0017.png,0,transpose,11450,ok,0,0.0,0
train,2022_03_21_11_03_13_22,18,"(682, 1074, 743, 1141)",0.0,0,C:\Users\sthem\OneDrive\Documentos\GitHub\master-2025\3-Datasets\img-lcm\img_dir_annotated\train\uninfected\2022_03_21_11_03_13_22_cell0018.png,0,transpose,11450,ok,0,0.0,0
train,2022_03_21_11_03_13_22,19,"(793, 240, 867, 310)",0.7409182643794148,1,C:\Users\sthem\OneDrive\Documentos\GitHub\master-2025\3-Datasets\img-lcm\img_dir_annotated\train\infected\2022_03_21_11_03_13_22_cell0019.png,0,transpose,11450,ok,1,0.7034749034749035,3644
train,2022_03_21_11_03_13_22,20,"(865, 1603, 922, 1668)",0.0,0,C:\Users\sthem\OneDrive\Documentos\GitHub\master-2025\3-Datasets\img-lcm\img_dir_annotated\train\uninfected\2022_03_21_11_03_13_22_cell0020.png,0,transpose,11450,ok,0,0.0,0
train,2022_03_21_11_03_13_22,21,"(881, 310, 955, 380)",0.7875219243297419,1,C:\Users\sthem\OneDrive\Documentos\GitHub\master-2025\3-Datasets\img-lcm\img_dir_annotated\train\infected\2022_03_21_11_03_13_22_cell0021.png,0,transpose,11450,ok,1,0.7596525096525096,3935
train,2022_03_21_11_03_13_30,1,"(0, 1305, 56, 1359)",0.0,0,C:\Users\sthem\OneDrive\Documentos\GitHub\master-2025\3-Datasets\img-lcm\img_dir_annotated\train\uninfected\2022_03_21_11_03_13_30_cell0001.png,0,transpose,7415,ok,0,0.0,0
train,2022_03_21_11_03_13_30,2,"(16, 920, 82, 979)",0.0,0,C:\Users\sthem\OneDrive\Documentos\GitHub\master-2025\3-Datasets\img-lcm\img_dir_annotated\train\uninfected\2022_03_21_11_03_13_30_cell0002.png,0,transpose,7415,ok,0,0.0,0
train,2022_03_21_11_03_13_30,3,"(22, 0, 75, 24)",0.0,0,C:\Users\sthem\OneDrive\Documentos\GitHub\master-2025\3-Datasets\img-lcm\img_dir_annotated\train\uninfected\2022_03_21_11_03_13_30_cell0003.png,0,transpose,7415,ok,0,0.0,0
train,2022_03_21_11_03_13_30,4,"(46, 60, 105, 127)",0.0,0,C:\Users\sthem\OneDrive\Documentos\GitHub\master-2025\3-Datasets\img-lcm\img_dir_annotated\train\uninfected\2022_03_21_11_03_13_30_cell0004.png,0,transpose,7415,ok,0,0.0,0
train,2022_03_21_11_03_13_30,5,"(98, 660, 156, 728)",0.6136512083605487,1,C:\Users\sthem\OneDrive\Documentos\GitHub\master-2025\3-Datasets\img-lcm\img_dir_annotated\train\infected\2022_03_21_11_03_13_30_cell0005.png,0,transpose,7415,ok,1,0.6346348884381339,2503
train,2022_03_21_11_03_13_30,6,"(100, 388, 172, 450)",0.0,0,C:\Users\sthem\OneDrive\Documentos\GitHub\master-2025\3-Datasets\img-lcm\img_dir_annotated\train\uninfected\2022_03_21_11_03_13_30_cell0006.png,0,transpose,7415,ok,0,0.0,0
train,2022_03_21_11_03_13_30,7,"(160, 1351, 222, 1397)",0.0,0,C:\Users\sthem\OneDrive\Documentos\GitHub\master-2025\3-Datasets\img-lcm\img_dir_annotated\train\uninfected\2022_03_21_11_03_13_30_cell0007.png,0,transpose,7415,ok,0,0.0,0
train,2022_03_21_11_03_13_30,8,"(252, 470, 314, 515)",0.0,0,C:\Users\sthem\OneDrive\Documentos\GitHub\master-2025\3-Datasets\img-lcm\img_dir_annotated\train\uninfected\2022_03_21_11_03_13_30_cell0008.png,0,transpose,7415,ok,0,0.0,0
train,2022_03_21_11_03_13_30,9,"(270, 1178, 329, 1242)",0.8751673360107095,1,C:\Users\sthem\OneDrive\Documentos\GitHub\master-2025\3-Datasets\img-lcm\img_dir_annotated\train\infected\2022_03_21_11_03_13_30_cell0009.png,0,transpose,7415,ok,1,0.8691737288135594,3282
train,2022_03_21_11_03_13_30,10,"(374, 556, 437, 626)",0.0,0,C:\Users\sthem\OneDrive\Documentos\GitHub\master-2025\3-Datasets\img-lcm\img_dir_annotated\train\uninfected\2022_03_21_11_03_13_30_cell0010.png,0,transpose,7415,ok,0,0.0,0
train,2022_03_21_11_03_13_30,11,"(415, 99, 424, 107)",0.0,0,C:\Users\sthem\OneDrive\Documentos\GitHub\master-2025\3-Datasets\img-lcm\img_dir_annotated\train\uninfected\2022_03_21_11_03_13_30_cell0011.png,0,transpose,7415,ok,0,0.0,0
train,2022_03_21_11_03_13_30,12,"(504, 1001, 585, 1059)",0.0,0,C:\Users\sthem\OneDrive\Documentos\GitHub\master-2025\3-Datasets\img-lcm\img_dir_annotated\train\uninfected\2022_03_21_11_03_13_30_cell0012.png,0,transpose,7415,ok,0,0.0,0
train,2022_03_21_11_03_13_30,13,"(718, 1006, 792, 1072)",0.7583073727933541,1,C:\Users\sthem\OneDrive\Documentos\GitHub\master-2025\3-Datasets\img-lcm\img_dir_annotated\train\infected\2022_03_21_11_03_13_30_cell0013.png,0,transpose,7415,ok,1,0.7440622440622441,3634
train,2022_03_21_11_03_13_47,1,"(0, 1385, 44, 1427)",0.0,0,C:\Users\sthem\OneDrive\Documentos\GitHub\master-2025\3-Datasets\img-lcm\img_dir_annotated\train\uninfected\2022_03_21_11_03_13_47_cell0001.png,0,transpose,5017,ok,0,0.0,0
train,2022_03_21_11_03_13_47,2,"(92, 1018, 153, 1082)",0.9993315508021392,1,C:\Users\sthem\OneDrive\Documentos\GitHub\master-2025\3-Datasets\img-lcm\img_dir_annotated\train\infected\2022_03_21_11_03_13_47_cell0002.png,0,transpose,5017,ok,1,0.9851434426229508,3846
train,2022_03_21_11_03_13_47,3,"(305, 673, 374, 746)",0.0,0,C:\Users\sthem\OneDrive\Documentos\GitHub\master-2025\3-Datasets\img-lcm\img_dir_annotated\train\uninfected\2022_03_21_11_03_13_47_cell0003.png,0,transpose,5017,ok,0,0.0,0
train,2022_03_21_11_03_13_47,4,"(393, 1954, 455, 2019)",0.0,0,C:\Users\sthem\OneDrive\Documentos\GitHub\master-2025\3-Datasets\img-lcm\img_dir_annotated\train\uninfected\2022_03_21_11_03_13_47_cell0004.png,0,transpose,5017,ok,0,0.0,0
train,2022_03_21_11_03_13_47,5,"(403, 822, 467, 882)",0.0,0,C:\Users\sthem\OneDrive\Documentos\GitHub\master-2025\3-Datasets\img-lcm\img_dir_annotated\train\uninfected\2022_03_21_11_03_13_47_cell0005.png,0,transpose,5017,ok,0,0.0,0
train,2022_03_21_11_03_13_47,6,"(411, 323, 420, 332)",0.0,0,C:\Users\sthem\OneDrive\Documentos\GitHub\master-2025\3-Datasets\img-lcm\img_dir_annotated\train\uninfected\2022_03_21_11_03_13_47_cell0006.png,0,transpose,5017,ok,0,0.0,0
train,2022_03_21_11_03_13_47,7,"(521, 1718, 589, 1790)",0.0,0,C:\Users\sthem\OneDrive\Documentos\GitHub\master-2025\3-Datasets\img-lcm\img_dir_annotated\train\uninfected\2022_03_21_11_03_13_47_cell0007.png,0,transpose,5017,ok,0,0.0,0
train,2022_03_21_11_03_13_47,8,"(645, 1637, 709, 1704)",0.0,0,C:\Users\sthem\OneDrive\Documentos\GitHub\master-2025\3-Datasets\img-lcm\img_dir_annotated\train\uninfected\2022_03_21_11_03_13_47_cell0008.png,0,transpose,5017,ok,0,0.0,0
train,2022_03_21_11_03_13_47,9,"(688, 160, 749, 216)",0.0,0,C:\Users\sthem\OneDrive\Documentos\GitHub\master-2025\3-Datasets\img-lcm\img_dir_annotated\train\uninfected\2022_03_21_11_03_13_47_cell0009.png,0,transpose,5017,ok,0,0.0,0
train,2022_03_21_11_03_13_47,10,"(763, 448, 819, 524)",0.0,0,C:\Users\sthem\OneDrive\Documentos\GitHub\master-2025\3-Datasets\img-lcm\img_dir_annotated\train\uninfected\2022_03_21_11_03_13_47_cell0010.png,0,transpose,5017,ok,0,0.0,0
train,2022_03_21_11_03_13_47,11,"(790, 1848, 851, 1897)",0.9985221674876849,1,C:\Users\sthem\OneDrive\Documentos\GitHub\master-2025\3-Datasets\img-lcm\img_dir_annotated\train\infected\2022_03_21_11_03_13_47_cell0011.png,0,transpose,5017,ok,1,0.9852793576446972,2945
train,2022_03_21_11_03_13_47,12,"(873, 1513, 968, 1598)",0.0,0,C:\Users\sthem\OneDrive\Documentos\GitHub\master-2025\3-Datasets\img-lcm\img_dir_annotated\train\uninfected\2022_03_21_11_03_13_47_cell0012.png,0,transpose,5017,ok,0,0.0,0
train,2022_03_21_11_03_13_47,13,"(876, 1252, 930, 1316)",0.0,0,C:\Users\sthem\OneDrive\Documentos\GitHub\master-2025\3-Datasets\img-lcm\img_dir_annotated\train\uninfected\2022_03_21_11_03_13_47_cell0013.png,0,transpose,5017,ok,0,0.0,0
train,2022_03_21_11_03_13_47,14,"(1025, 1871, 1088, 1939)",0.0,0,C:\Users\sthem\OneDrive\Documentos\GitHub\master-2025\3-Datasets\img-lcm\img_dir_annotated\train\uninfected\2022_03_21_11_03_13_47_cell0014.png,0,transpose,5017,ok,0,0.0,0
train,2022_03_21_11_03_13_55,1,"(12, 135, 108, 219)",0.0,0,C:\Users\sthem\OneDrive\Documentos\GitHub\master-2025\3-Datasets\img-lcm\img_dir_annotated\train\uninfected\2022_03_21_11_03_13_55_cell0001.png,0,transpose,9538,ok,0,0.0,0
train,2022_03_21_11_03_13_55,2,"(49, 1236, 111, 1300)",0.9885459751829462,1,C:\Users\sthem\OneDrive\Documentos\GitHub\master-2025\3-Datasets\img-lcm\img_dir_annotated\train\infected\2022_03_21_11_03_13_55_cell0002.png,0,transpose,9538,ok,1,0.9586693548387096,3804
train,2022_03_21_11_03_13_55,3,"(73, 870, 157, 956)",0.0,0,C:\Users\sthem\OneDrive\Documentos\GitHub\master-2025\3-Datasets\img-lcm\img_dir_annotated\train\uninfected\2022_03_21_11_03_13_55_cell0003.png,0,transpose,9538,ok,0,0.0,0
train,2022_03_21_11_03_13_55,4,"(373, 1764, 411, 1811)",0.7604501607717041,1,C:\Users\sthem\OneDrive\Documentos\GitHub\master-2025\3-Datasets\img-lcm\img_dir_annotated\train\infected\2022_03_21_11_03_13_55_cell0004.png,0,transpose,9538,ok,1,0.77491601343785,1384
train,2022_03_21_11_03_13_55,5,"(457, 373, 527, 446)",0.0,0,C:\Users\sthem\OneDrive\Documentos\GitHub\master-2025\3-Datasets\img-lcm\img_dir_annotated\train\uninfected\2022_03_21_11_03_13_55_cell0005.png,0,transpose,9538,ok,0,0.0,0
train,2022_03_21_11_03_13_55,6,"(465, 1505, 522, 1560)",0.0,0,C:\Users\sthem\OneDrive\Documentos\GitHub\master-2025\3-Datasets\img-lcm\img_dir_annotated\train\uninfected\2022_03_21_11_03_13_55_cell0006.png,0,transpose,9538,ok,0,0.0,0
train,2022_03_21_11_03_13_55,7,"(491, 838, 577, 911)",0.0,0,C:\Users\sthem\OneDrive\Documentos\GitHub\master-2025\3-Datasets\img-lcm\img_dir_annotated\train\uninfected\2022_03_21_11_03_13_55_cell0007.png,0,transpose,9538,ok,0,0.0,0
train,2022_03_21_11_03_13_55,8,"(594, 76, 644, 120)",0.5841414717626925,1,C:\Users\sthem\OneDrive\Documentos\GitHub\master-2025\3-Datasets\img-lcm\img_dir_annotated\train\infected\2022_03_21_11_03_13_55_cell0008.png,0,transpose,9538,ok,1,0.6654545454545454,1464
train,2022_03_21_11_03_13_55,9,"(691, 2017, 752, 2048)",0.0,0,C:\Users\sthem\OneDrive\Documentos\GitHub\master-2025\3-Datasets\img-lcm\img_dir_annotated\train\uninfected\2022_03_21_11_03_13_55_cell0009.png,0,transpose,9538,ok,0,0.0,0
train,2022_03_21_11_03_13_55,10,"(703, 1711, 818, 1805)",0.0,0,C:\Users\sthem\OneDrive\Documentos\GitHub\master-2025\3-Datasets\img-lcm\img_dir_annotated\train\uninfected\2022_03_21_11_03_13_55_cell0010.png,0,transpose,9538,ok,0,0.0,0
train,2022_03_21_11_03_13_55,11,"(730, 575, 795, 627)",0.0,0,C:\Users\sthem\OneDrive\Documentos\GitHub\master-2025\3-Datasets\img-lcm\img_dir_annotated\train\uninfected\2022_03_21_11_03_13_55_cell0011.png,0,transpose,9538,ok,0,0.0,0
train,2022_03_21_11_03_13_55,12,"(755, 1161, 815, 1227)",0.5373572593800979,1,C:\Users\sthem\OneDrive\Documentos\GitHub\master-2025\3-Datasets\img-lcm\img_dir_annotated\train\infected\2022_03_21_11_03_13_55_cell0012.png,0,transpose,9538,ok,1,0.5643939393939394,2235
train,2022_03_21_11_03_13_55,13,"(911, 1, 945, 13)",0.0,0,C:\Users\sthem\OneDrive\Documentos\GitHub\master-2025\3-Datasets\img-lcm\img_dir_annotated\train\uninfected\2022_03_21_11_03_13_55_cell0013.png,0,transpose,9538,ok,0,0.0,0
train,2022_03_21_11_03_13_55,14,"(1011, 327, 1078, 391)",0.8452988885551217,1,C:\Users\sthem\OneDrive\Documentos\GitHub\master-2025\3-Datasets\img-lcm\img_dir_annotated\train\infected\2022_03_21_11_03_13_55_cell0014.png,0,transpose,9538,ok,1,0.8465485074626866,3630
train,2022_03_21_11_03_13_63,1,"(77, 633, 132, 690)",0.8939455505891913,1,C:\Users\sthem\OneDrive\Documentos\GitHub\master-2025\3-Datasets\img-lcm\img_dir_annotated\train\infected\2022_03_21_11_03_13_63_cell0001.png,0,transpose,13642,ok,1,0.8851674641148325,2775
train,2022_03_21_11_03_13_63,2,"(162, 1704, 247, 1767)",0.944760550023708,1,C:\Users\sthem\OneDrive\Documentos\GitHub\master-2025\3-Datasets\img-lcm\img_dir_annotated\train\infected\2022_03_21_11_03_13_63_cell0002.png,0,transpose,13642,ok,1,0.9187675070028011,4920
train,2022_03_21_11_03_13_63,3,"(217, 817, 279, 879)",0.0,0,C:\Users\sthem\OneDrive\Documentos\GitHub\master-2025\3-Datasets\img-lcm\img_dir_annotated\train\uninfected\2022_03_21_11_03_13_63_cell0003.png,0,transpose,13642,ok,0,0.0,0
train,2022_03_21_11_03_13_63,4,"(244, 1368, 294, 1434)",1.0,1,C:\Users\sthem\OneDrive\Documentos\GitHub\master-2025\3-Datasets\img-lcm\img_dir_annotated\train\infected\2022_03_21_11_03_13_63_cell0004.png,0,transpose,13642,ok,1,1.0,3300
train,2022_03_21_11_03_13_63,5,"(317, 1027, 373, 1090)",0.0,0,C:\Users\sthem\OneDrive\Documentos\GitHub\master-2025\3-Datasets\img-lcm\img_dir_annotated\train\uninfected\2022_03_21_11_03_13_63_cell0005.png,0,transpose,13642,ok,0,0.0,0
train,2022_03_21_11_03_13_63,6,"(325, 355, 393, 410)",0.0,0,C:\Users\sthem\OneDrive\Documentos\GitHub\master-2025\3-Datasets\img-lcm\img_dir_annotated\train\uninfected\2022_03_21_11_03_13_63_cell0006.png,0,transpose,13642,ok,0,0.0,0
train,2022_03_21_11_03_13_63,7,"(360, 1606, 419, 1663)",0.0,0,C:\Users\sthem\OneDrive\Documentos\GitHub\master-2025\3-Datasets\img-lcm\img_dir_annotated\train\uninfected\2022_03_21_11_03_13_63_cell0007.png,0,transpose,13642,ok,0,0.0,0
train,2022_03_21_11_03_13_63,8,"(406, 1938, 482, 1999)",0.0,0,C:\Users\sthem\OneDrive\Documentos\GitHub\master-2025\3-Datasets\img-lcm\img_dir_annotated\train\uninfected\2022_03_21_11_03_13_63_cell0008.png,0,transpose,13642,ok,0,0.0,0
train,2022_03_21_11_03_13_63,9,"(416, 99, 424, 107)",0.0,0,C:\Users\sthem\OneDrive\Documentos\GitHub\master-2025\3-Datasets\img-lcm\img_dir_annotated\train\uninfected\2022_03_21_11_03_13_63_cell0009.png,0,transpose,13642,ok,0,0.0,0
train,2022_03_21_11_03_13_63,10,"(436, 947, 502, 1026)",0.0,0,C:\Users\sthem\OneDrive\Documentos\GitHub\master-2025\3-Datasets\img-lcm\img_dir_annotated\train\uninfected\2022_03_21_11_03_13_63_cell0010.png,0,transpose,13642,ok,0,0.0,0
train,2022_03_21_11_03_13_63,11,"(451, 434, 511, 517)",0.0,0,C:\Users\sthem\OneDrive\Documentos\GitHub\master-2025\3-Datasets\img-lcm\img_dir_annotated\train\uninfected\2022_03_21_11_03_13_63_cell0011.png,0,transpose,13642,ok,0,0.0,0
train,2022_03_21_11_03_13_63,12,"(622, 2014, 679, 2047)",0.0,0,C:\Users\sthem\OneDrive\Documentos\GitHub\master-2025\3-Datasets\img-lcm\img_dir_annotated\train\uninfected\2022_03_21_11_03_13_63_cell0012.png,0,transpose,13642,ok,0,0.0,0
train,2022_03_21_11_03_13_63,13,"(714, 562, 793, 634)",0.0,0,C:\Users\sthem\OneDrive\Documentos\GitHub\master-2025\3-Datasets\img-lcm\img_dir_annotated\train\uninfected\2022_03_21_11_03_13_63_cell0013.png,0,transpose,13642,ok,0,0.0,0
train,2022_03_21_11_03_13_63,14,"(767, 34, 859, 126)",0.0,0,C:\Users\sthem\OneDrive\Documentos\GitHub\master-2025\3-Datasets\img-lcm\img_dir_annotated\train\uninfected\2022_03_21_11_03_13_63_cell0014.png,0,transpose,13642,ok,0,0.0,0
train,2022_03_21_11_03_13_63,15,"(822, 1630, 881, 1702)",0.0,0,C:\Users\sthem\OneDrive\Documentos\GitHub\master-2025\3-Datasets\img-lcm\img_dir_annotated\train\uninfected\2022_03_21_11_03_13_63_cell0015.png,0,transpose,13642,ok,0,0.0,0
train,2022_03_21_11_03_13_63,16,"(880, 583, 946, 660)",0.8866133866133866,1,C:\Users\sthem\OneDrive\Documentos\GitHub\master-2025\3-Datasets\img-lcm\img_dir_annotated\train\infected\2022_03_21_11_03_13_63_cell0016.png,0,transpose,13642,ok,1,0.8807556080283353,4476
train,2022_03_21_11_03_13_63,17,"(911, 1287, 1041, 1382)",0.0,0,C:\Users\sthem\OneDrive\Documentos\GitHub\master-2025\3-Datasets\img-lcm\img_dir_annotated\train\uninfected\2022_03_21_11_03_13_63_cell0017.png,0,transpose,13642,ok,0,0.0,0
train,2022_03_21_11_03_13_63,18,"(1017, 1051, 1082, 1119)",0.3921627280885432,1,C:\Users\sthem\OneDrive\Documentos\GitHub\master-2025\3-Datasets\img-lcm\img_dir_annotated\train\infected\2022_03_21_11_03_13_63_cell0018.png,0,transpose,13642,ok,1,0.4160633484162896,1839
train,2022_03_21_11_03_13_63,19,"(1034, 788, 1086, 845)",0.0,0,C:\Users\sthem\OneDrive\Documentos\GitHub\master-2025\3-Datasets\img-lcm\img_dir_annotated\train\uninfected\2022_03_21_11_03_13_63_cell0019.png,0,transpose,13642,ok,0,0.0,0
train,2022_03_21_11_03_13_70,1,"(317, 1868, 358, 1912)",0.0,0,C:\Users\sthem\OneDrive\Documentos\GitHub\master-2025\3-Datasets\img-lcm\img_dir_annotated\train\uninfected\2022_03_21_11_03_13_70_cell0001.png,0,transpose,5007,ok,0,0.0,0
train,2022_03_21_11_03_13_70,2,"(416, 99, 424, 107)",0.0,0,C:\Users\sthem\OneDrive\Documentos\GitHub\master-2025\3-Datasets\img-lcm\img_dir_annotated\train\uninfected\2022_03_21_11_03_13_70_cell0002.png,0,transpose,5007,ok,0,0.0,0
train,2022_03_21_11_03_13_70,3,"(430, 1903, 506, 1957)",0.0,0,C:\Users\sthem\OneDrive\Documentos\GitHub\master-2025\3-Datasets\img-lcm\img_dir_annotated\train\uninfected\2022_03_21_11_03_13_70_cell0003.png,0,transpose,5007,ok,0,0.0,0
train,2022_03_21_11_03_13_70,4,"(438, 1313, 490, 1399)",0.0,0,C:\Users\sthem\OneDrive\Documentos\GitHub\master-2025\3-Datasets\img-lcm\img_dir_annotated\train\uninfected\2022_03_21_11_03_13_70_cell0004.png,0,transpose,5007,ok,0,0.0,0
train,2022_03_21_11_03_13_70,5,"(447, 489, 511, 553)",0.4350961538461538,1,C:\Users\sthem\OneDrive\Documentos\GitHub\master-2025\3-Datasets\img-lcm\img_dir_annotated\train\infected\2022_03_21_11_03_13_70_cell0005.png,0,transpose,5007,ok,1,0.416015625,1704
train,2022_03_21_11_03_13_70,6,"(478, 1846, 547, 1897)",0.7120380534211489,1,C:\Users\sthem\OneDrive\Documentos\GitHub\master-2025\3-Datasets\img-lcm\img_dir_annotated\train\infected\2022_03_21_11_03_13_70_cell0006.png,0,transpose,5007,ok,1,0.73231031543052,2577
train,2022_03_21_11_03_13_70,7,"(491, 410, 543, 470)",0.0,0,C:\Users\sthem\OneDrive\Documentos\GitHub\master-2025\3-Datasets\img-lcm\img_dir_annotated\train\uninfected\2022_03_21_11_03_13_70_cell0007.png,0,transpose,5007,ok,0,0.0,0
train,2022_03_21_11_03_13_70,8,"(539, 296, 647, 385)",0.0,0,C:\Users\sthem\OneDrive\Documentos\GitHub\master-2025\3-Datasets\img-lcm\img_dir_annotated\train\uninfected\2022_03_21_11_03_13_70_cell0008.png,0,transpose,5007,ok,0,0.0,0
train,2022_03_21_11_03_13_70,9,"(626, 1131, 636, 1141)",0.0,0,C:\Users\sthem\OneDrive\Documentos\GitHub\master-2025\3-Datasets\img-lcm\img_dir_annotated\train\uninfected\2022_03_21_11_03_13_70_cell0009.png,0,transpose,5007,ok,0,0.0,0
train,2022_03_21_11_03_13_70,10,"(651, 1880, 715, 1939)",0.0,0,C:\Users\sthem\OneDrive\Documentos\GitHub\master-2025\3-Datasets\img-lcm\img_dir_annotated\train\uninfected\2022_03_21_11_03_13_70_cell0010.png,0,transpose,5007,ok,0,0.0,0
train,2022_03_21_11_03_13_70,11,"(718, 331, 783, 384)",0.8432963279248505,1,C:\Users\sthem\OneDrive\Documentos\GitHub\master-2025\3-Datasets\img-lcm\img_dir_annotated\train\infected\2022_03_21_11_03_13_70_cell0011.png,0,transpose,5007,ok,1,0.8806966618287373,3034
train,2022_03_21_11_03_13_70,12,"(826, 125, 878, 199)",0.0,0,C:\Users\sthem\OneDrive\Documentos\GitHub\master-2025\3-Datasets\img-lcm\img_dir_annotated\train\uninfected\2022_03_21_11_03_13_70_cell0012.png,0,transpose,5007,ok,0,0.0,0
train,2022_03_21_11_03_13_70,13,"(963, 1870, 1034, 1931)",0.0,0,C:\Users\sthem\OneDrive\Documentos\GitHub\master-2025\3-Datasets\img-lcm\img_dir_annotated\train\uninfected\2022_03_21_11_03_13_70_cell0013.png,0,transpose,5007,ok,0,0.0,0
train,2022_03_21_11_03_13_70,14,"(1004, 509, 1076, 577)",0.0,0,C:\Users\sthem\OneDrive\Documentos\GitHub\master-2025\3-Datasets\img-lcm\img_dir_annotated\train\uninfected\2022_03_21_11_03_13_70_cell0014.png,0,transpose,5007,ok,0,0.0,0
train,2022_03_21_11_03_13_70,15,"(1046, 258, 1087, 299)",0.0,0,C:\Users\sthem\OneDrive\Documentos\GitHub\master-2025\3-Datasets\img-lcm\img_dir_annotated\train\uninfected\2022_03_21_11_03_13_70_cell0015.png,0,transpose,5007,ok,0,0.0,0
train,2022_03_21_11_03_13_79,1,"(72, 711, 135, 774)",0.0,0,C:\Users\sthem\OneDrive\Documentos\GitHub\master-2025\3-Datasets\img-lcm\img_dir_annotated\train\uninfected\2022_03_21_11_03_13_79_cell0001.png,0,transpose,6017,ok,0,0.0,0
train,2022_03_21_11_03_13_79,2,"(187, 831, 244, 905)",0.610381679389313,1,C:\Users\sthem\OneDrive\Documentos\GitHub\master-2025\3-Datasets\img-lcm\img_dir_annotated\train\infected\2022_03_21_11_03_13_79_cell0002.png,0,transpose,6017,ok,1,0.6147463252726411,2593
train,2022_03_21_11_03_13_79,3,"(246, 1255, 315, 1312)",0.88,1,C:\Users\sthem\OneDrive\Documentos\GitHub\master-2025\3-Datasets\img-lcm\img_dir_annotated\train\infected\2022_03_21_11_03_13_79_cell0003.png,0,transpose,6017,ok,1,0.8769387236206458,3449
train,2022_03_21_11_03_13_79,4,"(260, 1959, 330, 2038)",0.0,0,C:\Users\sthem\OneDrive\Documentos\GitHub\master-2025\3-Datasets\img-lcm\img_dir_annotated\train\uninfected\2022_03_21_11_03_13_79_cell0004.png,0,transpose,6017,ok,0,0.0,0
train,2022_03_21_11_03_13_79,5,"(349, 653, 412, 704)",0.0,0,C:\Users\sthem\OneDrive\Documentos\GitHub\master-2025\3-Datasets\img-lcm\img_dir_annotated\train\uninfected\2022_03_21_11_03_13_79_cell0005.png,0,transpose,6017,ok,0,0.0,0
train,2022_03_21_11_03_13_79,6,"(370, 127, 379, 137)",0.0,0,C:\Users\sthem\OneDrive\Documentos\GitHub\master-2025\3-Datasets\img-lcm\img_dir_annotated\train\uninfected\2022_03_21_11_03_13_79_cell0006.png,0,transpose,6017,ok,0,0.0,0
train,2022_03_21_11_03_13_79,7,"(415, 99, 424, 107)",0.0,0,C:\Users\sthem\OneDrive\Documentos\GitHub\master-2025\3-Datasets\img-lcm\img_dir_annotated\train\uninfected\2022_03_21_11_03_13_79_cell0007.png,0,transpose,6017,ok,0,0.0,0
train,2022_03_21_11_03_13_79,8,"(457, 1057, 507, 1128)",0.0,0,C:\Users\sthem\OneDrive\Documentos\GitHub\master-2025\3-Datasets\img-lcm\img_dir_annotated\train\uninfected\2022_03_21_11_03_13_79_cell0008.png,0,transpose,6017,ok,0,0.0,0
train,2022_03_21_11_03_13_79,9,"(506, 1703, 563, 1757)",0.0,0,C:\Users\sthem\OneDrive\Documentos\GitHub\master-2025\3-Datasets\img-lcm\img_dir_annotated\train\uninfected\2022_03_21_11_03_13_79_cell0009.png,0,transpose,6017,ok,0,0.0,0
train,2022_03_21_11_03_13_79,10,"(561, 910, 664, 1010)",0.0,0,C:\Users\sthem\OneDrive\Documentos\GitHub\master-2025\3-Datasets\img-lcm\img_dir_annotated\train\uninfected\2022_03_21_11_03_13_79_cell0010.png,0,transpose,6017,ok,0,0.0,0
train,2022_03_21_11_03_13_79,11,"(619, 2011, 684, 2047)",0.0,0,C:\Users\sthem\OneDrive\Documentos\GitHub\master-2025\3-Datasets\img-lcm\img_dir_annotated\train\uninfected\2022_03_21_11_03_13_79_cell0011.png,0,transpose,6017,ok,0,0.0,0
train,2022_03_21_11_03_13_79,12,"(632, 335, 708, 377)",0.0,0,C:\Users\sthem\OneDrive\Documentos\GitHub\master-2025\3-Datasets\img-lcm\img_dir_annotated\train\uninfected\2022_03_21_11_03_13_79_cell0012.png,0,transpose,6017,ok,0,0.0,0
train,2022_03_21_11_03_13_79,13,"(756, 517, 822, 574)",0.588962472406181,1,C:\Users\sthem\OneDrive\Documentos\GitHub\master-2025\3-Datasets\img-lcm\img_dir_annotated\train\infected\2022_03_21_11_03_13_79_cell0013.png,0,transpose,6017,ok,1,0.5414673046251993,2037
train,2022_03_21_11_03_13_79,14,"(858, 293, 907, 355)",0.0,0,C:\Users\sthem\OneDrive\Documentos\GitHub\master-2025\3-Datasets\img-lcm\img_dir_annotated\train\uninfected\2022_03_21_11_03_13_79_cell0014.png,0,transpose,6017,ok,0,0.0,0
train,2022_03_21_11_03_13_79,15,"(878, 1681, 945, 1755)",0.0,0,C:\Users\sthem\OneDrive\Documentos\GitHub\master-2025\3-Datasets\img-lcm\img_dir_annotated\train\uninfected\2022_03_21_11_03_13_79_cell0015.png,0,transpose,6017,ok,0,0.0,0
train,2022_03_21_11_03_13_79,16,"(879, 1844, 910, 1882)",0.0,0,C:\Users\sthem\OneDrive\Documentos\GitHub\master-2025\3-Datasets\img-lcm\img_dir_annotated\train\uninfected\2022_03_21_11_03_13_79_cell0016.png,0,transpose,6017,ok,0,0.0,0
train,2022_03_21_11_03_13_79,17,"(1062, 1633, 1088, 1681)",0.0,0,C:\Users\sthem\OneDrive\Documentos\GitHub\master-2025\3-Datasets\img-lcm\img_dir_annotated\train\uninfected\2022_03_21_11_03_13_79_cell0017.png,0,transpose,6017,ok,0,0.0,0
train,2022_03_21_11_03_15_30,1,"(0, 268, 30, 328)",0.0,0,C:\Users\sthem\OneDrive\Documentos\GitHub\master-2025\3-Datasets\img-lcm\img_dir_annotated\train\uninfected\2022_03_21_11_03_15_30_cell0001.png,0,transpose,9045,ok,0,0.0,0
train,2022_03_21_11_03_15_30,2,"(31, 638, 93, 704)",0.0,0,C:\Users\sthem\OneDrive\Documentos\GitHub\master-2025\3-Datasets\img-lcm\img_dir_annotated\train\uninfected\2022_03_21_11_03_15_30_cell0002.png,0,transpose,9045,ok,0,0.0,0
train,2022_03_21_11_03_15_30,3,"(78, 1341, 139, 1396)",0.9936138241923366,1,C:\Users\sthem\OneDrive\Documentos\GitHub\master-2025\3-Datasets\img-lcm\img_dir_annotated\train\infected\2022_03_21_11_03_15_30_cell0003.png,0,transpose,9045,ok,1,0.9821162444113264,3295
train,2022_03_21_11_03_15_30,4,"(203, 1036, 275, 1101)",0.0,0,C:\Users\sthem\OneDrive\Documentos\GitHub\master-2025\3-Datasets\img-lcm\img_dir_annotated\train\uninfected\2022_03_21_11_03_15_30_cell0004.png,0,transpose,9045,ok,0,0.0,0
train,2022_03_21_11_03_15_30,5,"(207, 1204, 273, 1272)",0.0,0,C:\Users\sthem\OneDrive\Documentos\GitHub\master-2025\3-Datasets\img-lcm\img_dir_annotated\train\uninfected\2022_03_21_11_03_15_30_cell0005.png,0,transpose,9045,ok,0,0.0,0
train,2022_03_21_11_03_15_30,6,"(245, 108, 318, 182)",0.7694157249338783,1,C:\Users\sthem\OneDrive\Documentos\GitHub\master-2025\3-Datasets\img-lcm\img_dir_annotated\train\infected\2022_03_21_11_03_15_30_cell0006.png,0,transpose,9045,ok,1,0.7478711588300629,4040
train,2022_03_21_11_03_15_30,7,"(282, 797, 350, 872)",0.0,0,C:\Users\sthem\OneDrive\Documentos\GitHub\master-2025\3-Datasets\img-lcm\img_dir_annotated\train\uninfected\2022_03_21_11_03_15_30_cell0007.png,0,transpose,9045,ok,0,0.0,0
train,2022_03_21_11_03_15_30,8,"(343, 1365, 405, 1427)",0.0,0,C:\Users\sthem\OneDrive\Documentos\GitHub\master-2025\3-Datasets\img-lcm\img_dir_annotated\train\uninfected\2022_03_21_11_03_15_30_cell0008.png,0,transpose,9045,ok,0,0.0,0
train,2022_03_21_11_03_15_30,9,"(371, 1603, 433, 1668)",0.0,0,C:\Users\sthem\OneDrive\Documentos\GitHub\master-2025\3-Datasets\img-lcm\img_dir_annotated\train\uninfected\2022_03_21_11_03_15_30_cell0009.png,0,transpose,9045,ok,0,0.0,0
train,2022_03_21_11_03_15_30,10,"(412, 184, 477, 247)",0.0,0,C:\Users\sthem\OneDrive\Documentos\GitHub\master-2025\3-Datasets\img-lcm\img_dir_annotated\train\uninfected\2022_03_21_11_03_15_30_cell0010.png,0,transpose,9045,ok,0,0.0,0
train,2022_03_21_11_03_15_30,11,"(423, 1236, 491, 1293)",0.0,0,C:\Users\sthem\OneDrive\Documentos\GitHub\master-2025\3-Datasets\img-lcm\img_dir_annotated\train\uninfected\2022_03_21_11_03_15_30_cell0011.png,0,transpose,9045,ok,0,0.0,0
train,2022_03_21_11_03_15_30,12,"(508, 960, 577, 1031)",0.0,0,C:\Users\sthem\OneDrive\Documentos\GitHub\master-2025\3-Datasets\img-lcm\img_dir_annotated\train\uninfected\2022_03_21_11_03_15_30_cell0012.png,0,transpose,9045,ok,0,0.0,0
train,2022_03_21_11_03_15_30,13,"(520, 1664, 582, 1735)",0.0,0,C:\Users\sthem\OneDrive\Documentos\GitHub\master-2025\3-Datasets\img-lcm\img_dir_annotated\train\uninfected\2022_03_21_11_03_15_30_cell0013.png,0,transpose,9045,ok,0,0.0,0
train,2022_03_21_11_03_15_30,14,"(566, 1326, 673, 1415)",0.0,0,C:\Users\sthem\OneDrive\Documentos\GitHub\master-2025\3-Datasets\img-lcm\img_dir_annotated\train\uninfected\2022_03_21_11_03_15_30_cell0014.png,0,transpose,9045,ok,0,0.0,0
train,2022_03_21_11_03_15_30,15,"(619, 2011, 685, 2047)",0.0,0,C:\Users\sthem\OneDrive\Documentos\GitHub\master-2025\3-Datasets\img-lcm\img_dir_annotated\train\uninfected\2022_03_21_11_03_15_30_cell0015.png,0,transpose,9045,ok,0,0.0,0
train,2022_03_21_11_03_15_30,16,"(670, 187, 738, 256)",0.398927159796725,1,C:\Users\sthem\OneDrive\Documentos\GitHub\master-2025\3-Datasets\img-lcm\img_dir_annotated\train\infected\2022_03_21_11_03_15_30_cell0016.png,0,transpose,9045,ok,1,0.4187979539641944,1965
train,2022_03_21_11_03_15_30,17,"(815, 1604, 883, 1670)",0.53026706231454,1,C:\Users\sthem\OneDrive\Documentos\GitHub\master-2025\3-Datasets\img-lcm\img_dir_annotated\train\infected\2022_03_21_11_03_15_30_cell0017.png,0,transpose,9045,ok,1,0.5318627450980392,2387
train,2022_03_21_11_03_15_30,18,"(833, 36, 899, 97)",0.0,0,C:\Users\sthem\OneDrive\Documentos\GitHub\master-2025\3-Datasets\img-lcm\img_dir_annotated\train\uninfected\2022_03_21_11_03_15_30_cell0018.png,0,transpose,9045,ok,0,0.0,0
train,2022_03_21_11_03_15_30,19,"(837, 1231, 916, 1280)",0.0,0,C:\Users\sthem\OneDrive\Documentos\GitHub\master-2025\3-Datasets\img-lcm\img_dir_annotated\train\uninfected\2022_03_21_11_03_15_30_cell0019.png,0,transpose,9045,ok,0,0.0,0
train,2022_03_21_11_03_15_30,20,"(883, 1891, 944, 1950)",0.0,0,C:\Users\sthem\OneDrive\Documentos\GitHub\master-2025\3-Datasets\img-lcm\img_dir_annotated\train\uninfected\2022_03_21_11_03_15_30_cell0020.png,0,transpose,9045,ok,0,0.0,0
train,2022_03_21_11_03_15_30,21,"(888, 540, 937, 586)",0.0,0,C:\Users\sthem\OneDrive\Documentos\GitHub\master-2025\3-Datasets\img-lcm\img_dir_annotated\train\uninfected\2022_03_21_11_03_15_30_cell0021.png,0,transpose,9045,ok,0,0.0,0
train,2022_03_21_11_03_15_30,22,"(979, 765, 1049, 828)",0.0,0,C:\Users\sthem\OneDrive\Documentos\GitHub\master-2025\3-Datasets\img-lcm\img_dir_annotated\train\uninfected\2022_03_21_11_03_15_30_cell0022.png,0,transpose,9045,ok,0,0.0,0
train,2022_03_21_11_03_21_99,1,"(178, 868, 268, 941)",0.0,0,C:\Users\sthem\OneDrive\Documentos\GitHub\master-2025\3-Datasets\img-lcm\img_dir_annotated\train\uninfected\2022_03_21_11_03_21_99_cell0001.png,0,transpose,5053,ok,0,0.0,0
train,2022_03_21_11_03_21_99,2,"(216, 8, 289, 81)",0.0,0,C:\Users\sthem\OneDrive\Documentos\GitHub\master-2025\3-Datasets\img-lcm\img_dir_annotated\train\uninfected\2022_03_21_11_03_21_99_cell0002.png,0,transpose,5053,ok,0,0.0,0
train,2022_03_21_11_03_21_99,3,"(246, 1818, 311, 1886)",0.0,0,C:\Users\sthem\OneDrive\Documentos\GitHub\master-2025\3-Datasets\img-lcm\img_dir_annotated\train\uninfected\2022_03_21_11_03_21_99_cell0003.png,0,transpose,5053,ok,0,0.0,0
train,2022_03_21_11_03_21_99,4,"(292, 462, 353, 536)",0.0,0,C:\Users\sthem\OneDrive\Documentos\GitHub\master-2025\3-Datasets\img-lcm\img_dir_annotated\train\uninfected\2022_03_21_11_03_21_99_cell0004.png,0,transpose,5053,ok,0,0.0,0
train,2022_03_21_11_03_21_99,5,"(315, 1126, 402, 1206)",0.0,0,C:\Users\sthem\OneDrive\Documentos\GitHub\master-2025\3-Datasets\img-lcm\img_dir_annotated\train\uninfected\2022_03_21_11_03_21_99_cell0005.png,0,transpose,5053,ok,0,0.0,0
train,2022_03_21_11_03_21_99,6,"(470, 1818, 524, 1881)",0.0,0,C:\Users\sthem\OneDrive\Documentos\GitHub\master-2025\3-Datasets\img-lcm\img_dir_annotated\train\uninfected\2022_03_21_11_03_21_99_cell0006.png,0,transpose,5053,ok,0,0.0,0
train,2022_03_21_11_03_21_99,7,"(483, 500, 555, 568)",0.0,0,C:\Users\sthem\OneDrive\Documentos\GitHub\master-2025\3-Datasets\img-lcm\img_dir_annotated\train\uninfected\2022_03_21_11_03_21_99_cell0007.png,0,transpose,5053,ok,0,0.0,0
train,2022_03_21_11_03_21_99,8,"(536, 1044, 643, 1157)",0.0,0,C:\Users\sthem\OneDrive\Documentos\GitHub\master-2025\3-Datasets\img-lcm\img_dir_annotated\train\uninfected\2022_03_21_11_03_21_99_cell0008.png,0,transpose,5053,ok,0,0.0,0
train,2022_03_21_11_03_21_99,9,"(675, 1405, 742, 1461)",0.0,0,C:\Users\sthem\OneDrive\Documentos\GitHub\master-2025\3-Datasets\img-lcm\img_dir_annotated\train\uninfected\2022_03_21_11_03_21_99_cell0009.png,0,transpose,5053,ok,0,0.0,0
train,2022_03_21_11_03_21_99,10,"(704, 270, 779, 345)",0.3699666295884316,1,C:\Users\sthem\OneDrive\Documentos\GitHub\master-2025\3-Datasets\img-lcm\img_dir_annotated\train\infected\2022_03_21_11_03_21_99_cell0010.png,0,transpose,5053,ok,1,0.4023111111111111,2263
train,2022_03_21_11_03_21_99,11,"(764, 901, 829, 975)",0.0,0,C:\Users\sthem\OneDrive\Documentos\GitHub\master-2025\3-Datasets\img-lcm\img_dir_annotated\train\uninfected\2022_03_21_11_03_21_99_cell0011.png,0,transpose,5053,ok,0,0.0,0
train,2022_03_21_11_03_21_99,12,"(779, 957, 851, 1038)",0.0,0,C:\Users\sthem\OneDrive\Documentos\GitHub\master-2025\3-Datasets\img-lcm\img_dir_annotated\train\uninfected\2022_03_21_11_03_21_99_cell0012.png,0,transpose,5053,ok,0,0.0,0
train,2022_03_21_11_03_21_99,13,"(806, 849, 875, 921)",0.0,0,C:\Users\sthem\OneDrive\Documentos\GitHub\master-2025\3-Datasets\img-lcm\img_dir_annotated\train\uninfected\2022_03_21_11_03_21_99_cell0013.png,0,transpose,5053,ok,0,0.0,0
train,2022_03_21_11_03_21_99,14,"(810, 411, 882, 484)",0.0,0,C:\Users\sthem\OneDrive\Documentos\GitHub\master-2025\3-Datasets\img-lcm\img_dir_annotated\train\uninfected\2022_03_21_11_03_21_99_cell0014.png,0,transpose,5053,ok,0,0.0,0
train,2022_03_21_11_03_21_99,15,"(906, 490, 997, 593)",0.0,0,C:\Users\sthem\OneDrive\Documentos\GitHub\master-2025\3-Datasets\img-lcm\img_dir_annotated\train\uninfected\2022_03_21_11_03_21_99_cell0015.png,0,transpose,5053,ok,0,0.0,0
train,2022_03_21_11_03_21_99,16,"(921, 1882, 978, 1946)",0.0,0,C:\Users\sthem\OneDrive\Documentos\GitHub\master-2025\3-Datasets\img-lcm\img_dir_annotated\train\uninfected\2022_03_21_11_03_21_99_cell0016.png,0,transpose,5053,ok,0,0.0,0
train,2022_03_21_11_03_21_99,17,"(940, 1597, 1000, 1655)",0.0,0,C:\Users\sthem\OneDrive\Documentos\GitHub\master-2025\3-Datasets\img-lcm\img_dir_annotated\train\uninfected\2022_03_21_11_03_21_99_cell0017.png,0,transpose,5053,ok,0,0.0,0
train,2022_03_21_11_03_21_99,18,"(977, 88, 1040, 158)",1.0,1,C:\Users\sthem\OneDrive\Documentos\GitHub\master-2025\3-Datasets\img-lcm\img_dir_annotated\train\infected\2022_03_21_11_03_21_99_cell0018.png,0,transpose,5053,ok,1,0.9834467120181406,4337
train,2022_03_21_11_03_21_99,19,"(1015, 1434, 1064, 1484)",0.0,0,C:\Users\sthem\OneDrive\Documentos\GitHub\master-2025\3-Datasets\img-lcm\img_dir_annotated\train\uninfected\2022_03_21_11_03_21_99_cell0019.png,0,transpose,5053,ok,0,0.0,0
train,2022_03_21_11_03_23_67,1,"(78, 977, 143, 1053)",0.0,0,C:\Users\sthem\OneDrive\Documentos\GitHub\master-2025\3-Datasets\img-lcm\img_dir_annotated\train\uninfected\2022_03_21_11_03_23_67_cell0001.png,0,transpose,6140,ok,0,0.0,0
train,2022_03_21_11_03_23_67,2,"(143, 568, 215, 655)",0.0,0,C:\Users\sthem\OneDrive\Documentos\GitHub\master-2025\3-Datasets\img-lcm\img_dir_annotated\train\uninfected\2022_03_21_11_03_23_67_cell0002.png,0,transpose,6140,ok,0,0.0,0
train,2022_03_21_11_03_23_67,3,"(355, 1972, 427, 2041)",0.8353163872363439,1,C:\Users\sthem\OneDrive\Documentos\GitHub\master-2025\3-Datasets\img-lcm\img_dir_annotated\train\infected\2022_03_21_11_03_23_67_cell0003.png,0,transpose,6140,ok,1,0.8111916264090178,4030
train,2022_03_21_11_03_23_67,4,"(370, 127, 380, 137)",0.0,0,C:\Users\sthem\OneDrive\Documentos\GitHub\master-2025\3-Datasets\img-lcm\img_dir_annotated\train\uninfected\2022_03_21_11_03_23_67_cell0004.png,0,transpose,6140,ok,0,0.0,0
train,2022_03_21_11_03_23_67,5,"(382, 564, 441, 629)",0.0,0,C:\Users\sthem\OneDrive\Documentos\GitHub\master-2025\3-Datasets\img-lcm\img_dir_annotated\train\uninfected\2022_03_21_11_03_23_67_cell0005.png,0,transpose,6140,ok,0,0.0,0
train,2022_03_21_11_03_23_67,6,"(415, 98, 425, 108)",0.0,0,C:\Users\sthem\OneDrive\Documentos\GitHub\master-2025\3-Datasets\img-lcm\img_dir_annotated\train\uninfected\2022_03_21_11_03_23_67_cell0006.png,0,transpose,6140,ok,0,0.0,0
train,2022_03_21_11_03_23_67,7,"(454, 835, 500, 892)",0.0,0,C:\Users\sthem\OneDrive\Documentos\GitHub\master-2025\3-Datasets\img-lcm\img_dir_annotated\train\uninfected\2022_03_21_11_03_23_67_cell0007.png,0,transpose,6140,ok,0,0.0,0
train,2022_03_21_11_03_23_67,8,"(456, 62, 465, 70)",0.0,0,C:\Users\sthem\OneDrive\Documentos\GitHub\master-2025\3-Datasets\img-lcm\img_dir_annotated\train\uninfected\2022_03_21_11_03_23_67_cell0008.png,0,transpose,6140,ok,0,0.0,0
train,2022_03_21_11_03_23_67,9,"(581, 1371, 634, 1429)",0.5998267648332611,1,C:\Users\sthem\OneDrive\Documentos\GitHub\master-2025\3-Datasets\img-lcm\img_dir_annotated\train\infected\2022_03_21_11_03_23_67_cell0009.png,0,transpose,6140,ok,1,0.6210149642160052,1909
train,2022_03_21_11_03_23_67,10,"(596, 597, 652, 663)",0.0,0,C:\Users\sthem\OneDrive\Documentos\GitHub\master-2025\3-Datasets\img-lcm\img_dir_annotated\train\uninfected\2022_03_21_11_03_23_67_cell0010.png,0,transpose,6140,ok,0,0.0,0
train,2022_03_21_11_03_23_67,11,"(638, 264, 698, 324)",0.0,0,C:\Users\sthem\OneDrive\Documentos\GitHub\master-2025\3-Datasets\img-lcm\img_dir_annotated\train\uninfected\2022_03_21_11_03_23_67_cell0011.png,0,transpose,6140,ok,0,0.0,0
train,2022_03_21_11_03_23_67,12,"(676, 2, 741, 62)",0.0,0,C:\Users\sthem\OneDrive\Documentos\GitHub\master-2025\3-Datasets\img-lcm\img_dir_annotated\train\uninfected\2022_03_21_11_03_23_67_cell0012.png,0,transpose,6140,ok,0,0.0,0
train,2022_03_21_11_03_23_67,13,"(714, 67, 784, 139)",0.0,0,C:\Users\sthem\OneDrive\Documentos\GitHub\master-2025\3-Datasets\img-lcm\img_dir_annotated\train\uninfected\2022_03_21_11_03_23_67_cell0013.png,0,transpose,6140,ok,0,0.0,0
train,2022_03_21_11_03_23_67,14,"(756, 641, 847, 723)",0.0,0,C:\Users\sthem\OneDrive\Documentos\GitHub\master-2025\3-Datasets\img-lcm\img_dir_annotated\train\uninfected\2022_03_21_11_03_23_67_cell0014.png,0,transpose,6140,ok,0,0.0,0
train,2022_03_21_11_03_23_67,15,"(880, 344, 940, 400)",0.6349085365853658,1,C:\Users\sthem\OneDrive\Documentos\GitHub\master-2025\3-Datasets\img-lcm\img_dir_annotated\train\infected\2022_03_21_11_03_23_67_cell0015.png,0,transpose,6140,ok,1,0.6708333333333333,2254
train,2022_03_21_11_03_23_67,16,"(1039, 1812, 1088, 1868)",0.0,0,C:\Users\sthem\OneDrive\Documentos\GitHub\master-2025\3-Datasets\img-lcm\img_dir_annotated\train\uninfected\2022_03_21_11_03_23_67_cell0016.png,0,transpose,6140,ok,0,0.0,0
train,2022_03_21_11_03_25_34,1,"(0, 1045, 46, 1103)",0.0,0,C:\Users\sthem\OneDrive\Documentos\GitHub\master-2025\3-Datasets\img-lcm\img_dir_annotated\train\uninfected\2022_03_21_11_03_25_34_cell0001.png,0,transpose,4696,ok,0,0.0,0
train,2022_03_21_11_03_25_34,2,"(52, 1019, 129, 1086)",0.0,0,C:\Users\sthem\OneDrive\Documentos\GitHub\master-2025\3-Datasets\img-lcm\img_dir_annotated\train\uninfected\2022_03_21_11_03_25_34_cell0002.png,0,transpose,4696,ok,0,0.0,0
train,2022_03_21_11_03_25_34,3,"(163, 390, 258, 484)",0.0,0,C:\Users\sthem\OneDrive\Documentos\GitHub\master-2025\3-Datasets\img-lcm\img_dir_annotated\train\uninfected\2022_03_21_11_03_25_34_cell0003.png,0,transpose,4696,ok,0,0.0,0
train,2022_03_21_11_03_25_34,4,"(200, 311, 259, 356)",0.0,0,C:\Users\sthem\OneDrive\Documentos\GitHub\master-2025\3-Datasets\img-lcm\img_dir_annotated\train\uninfected\2022_03_21_11_03_25_34_cell0004.png,0,transpose,4696,ok,0,0.0,0
train,2022_03_21_11_03_25_34,5,"(237, 220, 322, 275)",0.0,0,C:\Users\sthem\OneDrive\Documentos\GitHub\master-2025\3-Datasets\img-lcm\img_dir_annotated\train\uninfected\2022_03_21_11_03_25_34_cell0005.png,0,transpose,4696,ok,0,0.0,0
train,2022_03_21_11_03_25_34,6,"(311, 897, 389, 968)",0.0,0,C:\Users\sthem\OneDrive\Documentos\GitHub\master-2025\3-Datasets\img-lcm\img_dir_annotated\train\uninfected\2022_03_21_11_03_25_34_cell0006.png,0,transpose,4696,ok,0,0.0,0
train,2022_03_21_11_03_25_34,7,"(313, 280, 374, 346)",0.0,0,C:\Users\sthem\OneDrive\Documentos\GitHub\master-2025\3-Datasets\img-lcm\img_dir_annotated\train\uninfected\2022_03_21_11_03_25_34_cell0007.png,0,transpose,4696,ok,0,0.0,0
train,2022_03_21_11_03_25_34,8,"(323, 1153, 380, 1212)",0.926463912846119,1,C:\Users\sthem\OneDrive\Documentos\GitHub\master-2025\3-Datasets\img-lcm\img_dir_annotated\train\infected\2022_03_21_11_03_25_34_cell0008.png,0,transpose,4696,ok,1,0.9113886410942611,3065
train,2022_03_21_11_03_25_34,9,"(404, 1068, 458, 1144)",0.0,0,C:\Users\sthem\OneDrive\Documentos\GitHub\master-2025\3-Datasets\img-lcm\img_dir_annotated\train\uninfected\2022_03_21_11_03_25_34_cell0009.png,0,transpose,4696,ok,0,0.0,0
train,2022_03_21_11_03_25_34,10,"(518, 885, 584, 954)",0.0,0,C:\Users\sthem\OneDrive\Documentos\GitHub\master-2025\3-Datasets\img-lcm\img_dir_annotated\train\uninfected\2022_03_21_11_03_25_34_cell0010.png,0,transpose,4696,ok,0,0.0,0
train,2022_03_21_11_03_25_34,11,"(747, 1117, 857, 1211)",0.0,0,C:\Users\sthem\OneDrive\Documentos\GitHub\master-2025\3-Datasets\img-lcm\img_dir_annotated\train\uninfected\2022_03_21_11_03_25_34_cell0011.png,0,transpose,4696,ok,0,0.0,0
train,2022_03_21_11_03_25_34,12,"(809, 1894, 890, 1967)",0.0,0,C:\Users\sthem\OneDrive\Documentos\GitHub\master-2025\3-Datasets\img-lcm\img_dir_annotated\train\uninfected\2022_03_21_11_03_25_34_cell0012.png,0,transpose,4696,ok,0,0.0,0
train,2022_03_21_11_03_25_34,13,"(921, 1403, 982, 1459)",0.0,0,C:\Users\sthem\OneDrive\Documentos\GitHub\master-2025\3-Datasets\img-lcm\img_dir_annotated\train\uninfected\2022_03_21_11_03_25_34_cell0013.png,0,transpose,4696,ok,0,0.0,0
train,2022_03_21_11_03_25_34,14,"(1013, 594, 1074, 661)",0.8134191176470589,1,C:\Users\sthem\OneDrive\Documentos\GitHub\master-2025\3-Datasets\img-lcm\img_dir_annotated\train\infected\2022_03_21_11_03_25_34_cell0014.png,0,transpose,4696,ok,1,0.8071935404942501,3299
train,2022_03_21_11_03_27_01,1,"(58, 1614, 165, 1727)",0.0,0,C:\Users\sthem\OneDrive\Documentos\GitHub\master-2025\3-Datasets\img-lcm\img_dir_annotated\train\uninfected\2022_03_21_11_03_27_01_cell0001.png,0,transpose,10141,ok,0,0.0,0
train,2022_03_21_11_03_27_01,2,"(75, 954, 150, 1034)",0.0,0,C:\Users\sthem\OneDrive\Documentos\GitHub\master-2025\3-Datasets\img-lcm\img_dir_annotated\train\uninfected\2022_03_21_11_03_27_01_cell0002.png,0,transpose,10141,ok,0,0.0,0
train,2022_03_21_11_03_27_01,3,"(176, 440, 233, 495)",0.0,0,C:\Users\sthem\OneDrive\Documentos\GitHub\master-2025\3-Datasets\img-lcm\img_dir_annotated\train\uninfected\2022_03_21_11_03_27_01_cell0003.png,0,transpose,10141,ok,0,0.0,0
train,2022_03_21_11_03_27_01,4,"(180, 1433, 251, 1504)",0.9874444153805912,1,C:\Users\sthem\OneDrive\Documentos\GitHub\master-2025\3-Datasets\img-lcm\img_dir_annotated\train\infected\2022_03_21_11_03_27_01_cell0004.png,0,transpose,10141,ok,1,0.9529855187462805,4804
train,2022_03_21_11_03_27_01,5,"(344, 481, 409, 539)",0.5727084769124742,1,C:\Users\sthem\OneDrive\Documentos\GitHub\master-2025\3-Datasets\img-lcm\img_dir_annotated\train\infected\2022_03_21_11_03_27_01_cell0005.png,0,transpose,10141,ok,1,0.596816976127321,2250
train,2022_03_21_11_03_27_01,6,"(352, 1900, 431, 1968)",0.7780913288866085,1,C:\Users\sthem\OneDrive\Documentos\GitHub\master-2025\3-Datasets\img-lcm\img_dir_annotated\train\infected\2022_03_21_11_03_27_01_cell0006.png,0,transpose,10141,ok,1,0.7090469099032017,3809
train,2022_03_21_11_03_27_01,7,"(415, 99, 424, 107)",0.0,0,C:\Users\sthem\OneDrive\Documentos\GitHub\master-2025\3-Datasets\img-lcm\img_dir_annotated\train\uninfected\2022_03_21_11_03_27_01_cell0007.png,0,transpose,10141,ok,0,0.0,0
train,2022_03_21_11_03_27_01,8,"(430, 1519, 483, 1581)",0.0,0,C:\Users\sthem\OneDrive\Documentos\GitHub\master-2025\3-Datasets\img-lcm\img_dir_annotated\train\uninfected\2022_03_21_11_03_27_01_cell0008.png,0,transpose,10141,ok,0,0.0,0
train,2022_03_21_11_03_27_01,9,"(459, 1243, 512, 1302)",0.0,0,C:\Users\sthem\OneDrive\Documentos\GitHub\master-2025\3-Datasets\img-lcm\img_dir_annotated\train\uninfected\2022_03_21_11_03_27_01_cell0009.png,0,transpose,10141,ok,0,0.0,0
train,2022_03_21_11_03_27_01,10,"(490, 408, 547, 469)",0.0,0,C:\Users\sthem\OneDrive\Documentos\GitHub\master-2025\3-Datasets\img-lcm\img_dir_annotated\train\uninfected\2022_03_21_11_03_27_01_cell0010.png,0,transpose,10141,ok,0,0.0,0
train,2022_03_21_11_03_27_01,11,"(520, 1758, 616, 1823)",0.0,0,C:\Users\sthem\OneDrive\Documentos\GitHub\master-2025\3-Datasets\img-lcm\img_dir_annotated\train\uninfected\2022_03_21_11_03_27_01_cell0011.png,0,transpose,10141,ok,0,0.0,0
train,2022_03_21_11_03_27_01,12,"(536, 646, 682, 801)",0.0,0,C:\Users\sthem\OneDrive\Documentos\GitHub\master-2025\3-Datasets\img-lcm\img_dir_annotated\train\uninfected\2022_03_21_11_03_27_01_cell0012.png,0,transpose,10141,ok,0,0.0,0
train,2022_03_21_11_03_27_01,13,"(687, 1759, 761, 1827)",0.0,0,C:\Users\sthem\OneDrive\Documentos\GitHub\master-2025\3-Datasets\img-lcm\img_dir_annotated\train\uninfected\2022_03_21_11_03_27_01_cell0013.png,0,transpose,10141,ok,0,0.0,0
train,2022_03_21_11_03_27_01,14,"(731, 1035, 799, 1100)",0.0,0,C:\Users\sthem\OneDrive\Documentos\GitHub\master-2025\3-Datasets\img-lcm\img_dir_annotated\train\uninfected\2022_03_21_11_03_27_01_cell0014.png,0,transpose,10141,ok,0,0.0,0
train,2022_03_21_11_03_27_01,15,"(739, 503, 769, 558)",0.0,0,C:\Users\sthem\OneDrive\Documentos\GitHub\master-2025\3-Datasets\img-lcm\img_dir_annotated\train\uninfected\2022_03_21_11_03_27_01_cell0015.png,0,transpose,10141,ok,0,0.0,0
train,2022_03_21_11_03_27_01,16,"(897, 1339, 955, 1392)",0.6971214017521903,1,C:\Users\sthem\OneDrive\Documentos\GitHub\master-2025\3-Datasets\img-lcm\img_dir_annotated\train\infected\2022_03_21_11_03_27_01_cell0016.png,0,transpose,10141,ok,1,0.7286922576447625,2240
train,2022_03_21_11_03_27_01,17,"(1001, 730, 1055, 783)",0.0,0,C:\Users\sthem\OneDrive\Documentos\GitHub\master-2025\3-Datasets\img-lcm\img_dir_annotated\train\uninfected\2022_03_21_11_03_27_01_cell0017.png,0,transpose,10141,ok,0,0.0,0
train,2022_03_21_11_03_28_69,1,"(33, 214, 96, 278)",0.0,0,C:\Users\sthem\OneDrive\Documentos\GitHub\master-2025\3-Datasets\img-lcm\img_dir_annotated\train\uninfected\2022_03_21_11_03_28_69_cell0001.png,0,transpose,8496,ok,0,0.0,0
train,2022_03_21_11_03_28_69,2,"(38, 1153, 103, 1190)",0.874133949191686,1,C:\Users\sthem\OneDrive\Documentos\GitHub\master-2025\3-Datasets\img-lcm\img_dir_annotated\train\infected\2022_03_21_11_03_28_69_cell0002.png,0,transpose,8496,ok,1,0.8769230769230769,2109
train,2022_03_21_11_03_28_69,3,"(63, 1684, 159, 1763)",0.0,0,C:\Users\sthem\OneDrive\Documentos\GitHub\master-2025\3-Datasets\img-lcm\img_dir_annotated\train\uninfected\2022_03_21_11_03_28_69_cell0003.png,0,transpose,8496,ok,0,0.0,0
train,2022_03_21_11_03_28_69,4,"(118, 955, 179, 1011)",0.0,0,C:\Users\sthem\OneDrive\Documentos\GitHub\master-2025\3-Datasets\img-lcm\img_dir_annotated\train\uninfected\2022_03_21_11_03_28_69_cell0004.png,0,transpose,8496,ok,0,0.0,0
train,2022_03_21_11_03_28_69,5,"(176, 411, 230, 480)",0.0,0,C:\Users\sthem\OneDrive\Documentos\GitHub\master-2025\3-Datasets\img-lcm\img_dir_annotated\train\uninfected\2022_03_21_11_03_28_69_cell0005.png,0,transpose,8496,ok,0,0.0,0
train,2022_03_21_11_03_28_69,6,"(194, 1061, 260, 1125)",0.0,0,C:\Users\sthem\OneDrive\Documentos\GitHub\master-2025\3-Datasets\img-lcm\img_dir_annotated\train\uninfected\2022_03_21_11_03_28_69_cell0006.png,0,transpose,8496,ok,0,0.0,0
train,2022_03_21_11_03_28_69,7,"(315, 2012, 371, 2046)",0.0,0,C:\Users\sthem\OneDrive\Documentos\GitHub\master-2025\3-Datasets\img-lcm\img_dir_annotated\train\uninfected\2022_03_21_11_03_28_69_cell0007.png,0,transpose,8496,ok,0,0.0,0
train,2022_03_21_11_03_28_69,8,"(371, 128, 379, 136)",0.0,0,C:\Users\sthem\OneDrive\Documentos\GitHub\master-2025\3-Datasets\img-lcm\img_dir_annotated\train\uninfected\2022_03_21_11_03_28_69_cell0008.png,0,transpose,8496,ok,0,0.0,0
train,2022_03_21_11_03_28_69,9,"(415, 99, 424, 107)",0.0,0,C:\Users\sthem\OneDrive\Documentos\GitHub\master-2025\3-Datasets\img-lcm\img_dir_annotated\train\uninfected\2022_03_21_11_03_28_69_cell0009.png,0,transpose,8496,ok,0,0.0,0
train,2022_03_21_11_03_28_69,10,"(453, 1724, 516, 1790)",0.0,0,C:\Users\sthem\OneDrive\Documentos\GitHub\master-2025\3-Datasets\img-lcm\img_dir_annotated\train\uninfected\2022_03_21_11_03_28_69_cell0010.png,0,transpose,8496,ok,0,0.0,0
train,2022_03_21_11_03_28_69,11,"(581, 917, 645, 984)",0.8732394366197183,1,C:\Users\sthem\OneDrive\Documentos\GitHub\master-2025\3-Datasets\img-lcm\img_dir_annotated\train\infected\2022_03_21_11_03_28_69_cell0011.png,0,transpose,8496,ok,1,0.8215951492537313,3523
train,2022_03_21_11_03_28_69,12,"(632, 1663, 686, 1722)",0.9101123595505618,1,C:\Users\sthem\OneDrive\Documentos\GitHub\master-2025\3-Datasets\img-lcm\img_dir_annotated\train\infected\2022_03_21_11_03_28_69_cell0012.png,0,transpose,8496,ok,1,0.9118016321406152,2905
train,2022_03_21_11_03_28_69,13,"(758, 1680, 842, 1748)",0.0,0,C:\Users\sthem\OneDrive\Documentos\GitHub\master-2025\3-Datasets\img-lcm\img_dir_annotated\train\uninfected\2022_03_21_11_03_28_69_cell0013.png,0,transpose,8496,ok,0,0.0,0
train,2022_03_21_11_03_28_69,14,"(788, 1823, 848, 1884)",0.0,0,C:\Users\sthem\OneDrive\Documentos\GitHub\master-2025\3-Datasets\img-lcm\img_dir_annotated\train\uninfected\2022_03_21_11_03_28_69_cell0014.png,0,transpose,8496,ok,0,0.0,0
train,2022_03_21_11_03_28_69,15,"(838, 1457, 892, 1507)",0.0,0,C:\Users\sthem\OneDrive\Documentos\GitHub\master-2025\3-Datasets\img-lcm\img_dir_annotated\train\uninfected\2022_03_21_11_03_28_69_cell0015.png,0,transpose,8496,ok,0,0.0,0
train,2022_03_21_11_03_28_69,16,"(952, 424, 1009, 481)",0.0,0,C:\Users\sthem\OneDrive\Documentos\GitHub\master-2025\3-Datasets\img-lcm\img_dir_annotated\train\uninfected\2022_03_21_11_03_28_69_cell0016.png,0,transpose,8496,ok,0,0.0,0
train,2022_03_21_11_03_28_69,17,"(1000, 1475, 1055, 1538)",0.8133971291866029,1,C:\Users\sthem\OneDrive\Documentos\GitHub\master-2025\3-Datasets\img-lcm\img_dir_annotated\train\infected\2022_03_21_11_03_28_69_cell0017.png,0,transpose,8496,ok,1,0.8216450216450216,2847
train,2022_03_21_11_03_28_69,18,"(1049, 1119, 1087, 1178)",0.0,0,C:\Users\sthem\OneDrive\Documentos\GitHub\master-2025\3-Datasets\img-lcm\img_dir_annotated\train\uninfected\2022_03_21_11_03_28_69_cell0018.png,0,transpose,8496,ok,0,0.0,0
train,2022_03_21_11_03_30_36,1,"(103, 1344, 156, 1398)",0.0,0,C:\Users\sthem\OneDrive\Documentos\GitHub\master-2025\3-Datasets\img-lcm\img_dir_annotated\train\uninfected\2022_03_21_11_03_30_36_cell0001.png,0,transpose,11401,ok,0,0.0,0
train,2022_03_21_11_03_30_36,2,"(105, 0, 159, 23)",0.0,0,C:\Users\sthem\OneDrive\Documentos\GitHub\master-2025\3-Datasets\img-lcm\img_dir_annotated\train\uninfected\2022_03_21_11_03_30_36_cell0002.png,0,transpose,11401,ok,0,0.0,0
train,2022_03_21_11_03_30_36,3,"(227, 743, 287, 810)",0.0,0,C:\Users\sthem\OneDrive\Documentos\GitHub\master-2025\3-Datasets\img-lcm\img_dir_annotated\train\uninfected\2022_03_21_11_03_30_36_cell0003.png,0,transpose,11401,ok,0,0.0,0
train,2022_03_21_11_03_30_36,4,"(361, 1932, 403, 1967)",0.0,0,C:\Users\sthem\OneDrive\Documentos\GitHub\master-2025\3-Datasets\img-lcm\img_dir_annotated\train\uninfected\2022_03_21_11_03_30_36_cell0004.png,0,transpose,11401,ok,0,0.0,0
train,2022_03_21_11_03_30_36,5,"(417, 1993, 494, 2048)",0.0,0,C:\Users\sthem\OneDrive\Documentos\GitHub\master-2025\3-Datasets\img-lcm\img_dir_annotated\train\uninfected\2022_03_21_11_03_30_36_cell0005.png,0,transpose,11401,ok,0,0.0,0
train,2022_03_21_11_03_30_36,6,"(443, 681, 507, 740)",0.9743589743589745,1,C:\Users\sthem\OneDrive\Documentos\GitHub\master-2025\3-Datasets\img-lcm\img_dir_annotated\train\infected\2022_03_21_11_03_30_36_cell0006.png,0,transpose,11401,ok,1,0.9629237288135594,3636
train,2022_03_21_11_03_30_36,7,"(452, 517, 521, 576)",0.9629972247918592,1,C:\Users\sthem\OneDrive\Documentos\GitHub\master-2025\3-Datasets\img-lcm\img_dir_annotated\train\infected\2022_03_21_11_03_30_36_cell0007.png,0,transpose,11401,ok,1,0.9400638663718988,3827
train,2022_03_21_11_03_30_36,8,"(453, 797, 510, 831)",0.0,0,C:\Users\sthem\OneDrive\Documentos\GitHub\master-2025\3-Datasets\img-lcm\img_dir_annotated\train\uninfected\2022_03_21_11_03_30_36_cell0008.png,0,transpose,11401,ok,0,0.0,0
train,2022_03_21_11_03_30_36,9,"(551, 347, 612, 416)",0.0,0,C:\Users\sthem\OneDrive\Documentos\GitHub\master-2025\3-Datasets\img-lcm\img_dir_annotated\train\uninfected\2022_03_21_11_03_30_36_cell0009.png,0,transpose,11401,ok,0,0.0,0
train,2022_03_21_11_03_30_36,10,"(592, 1270, 669, 1320)",0.9028593811202508,1,C:\Users\sthem\OneDrive\Documentos\GitHub\master-2025\3-Datasets\img-lcm\img_dir_annotated\train\infected\2022_03_21_11_03_30_36_cell0010.png,0,transpose,11401,ok,1,0.8987012987012987,3460
train,2022_03_21_11_03_30_36,11,"(662, 815, 737, 862)",0.0,0,C:\Users\sthem\OneDrive\Documentos\GitHub\master-2025\3-Datasets\img-lcm\img_dir_annotated\train\uninfected\2022_03_21_11_03_30_36_cell0011.png,0,transpose,11401,ok,0,0.0,0
train,2022_03_21_11_03_30_36,12,"(739, 106, 800, 168)",0.0,0,C:\Users\sthem\OneDrive\Documentos\GitHub\master-2025\3-Datasets\img-lcm\img_dir_annotated\train\uninfected\2022_03_21_11_03_30_36_cell0012.png,0,transpose,11401,ok,0,0.0,0
train,2022_03_21_11_03_30_36,13,"(880, 554, 941, 613)",0.0,0,C:\Users\sthem\OneDrive\Documentos\GitHub\master-2025\3-Datasets\img-lcm\img_dir_annotated\train\uninfected\2022_03_21_11_03_30_36_cell0013.png,0,transpose,11401,ok,0,0.0,0
train,2022_03_21_11_03_30_36,14,"(923, 1199, 993, 1258)",0.9821922014123426,1,C:\Users\sthem\OneDrive\Documentos\GitHub\master-2025\3-Datasets\img-lcm\img_dir_annotated\train\infected\2022_03_21_11_03_30_36_cell0014.png,0,transpose,11401,ok,1,0.9467312348668281,3910
train,2022_03_21_11_03_30_36,15,"(926, 40, 1032, 128)",0.0,0,C:\Users\sthem\OneDrive\Documentos\GitHub\master-2025\3-Datasets\img-lcm\img_dir_annotated\train\uninfected\2022_03_21_11_03_30_36_cell0015.png,0,transpose,11401,ok,0,0.0,0
train,2022_03_21_11_03_30_36,16,"(1008, 1762, 1081, 1841)",0.0,0,C:\Users\sthem\OneDrive\Documentos\GitHub\master-2025\3-Datasets\img-lcm\img_dir_annotated\train\uninfected\2022_03_21_11_03_30_36_cell0016.png,0,transpose,11401,ok,0,0.0,0
train,2022_03_21_11_03_30_36,17,"(1013, 1549, 1075, 1609)",0.0,0,C:\Users\sthem\OneDrive\Documentos\GitHub\master-2025\3-Datasets\img-lcm\img_dir_annotated\train\uninfected\2022_03_21_11_03_30_36_cell0017.png,0,transpose,11401,ok,0,0.0,0
train,2022_03_21_11_03_30_36,18,"(1026, 892, 1082, 936)",0.0,0,C:\Users\sthem\OneDrive\Documentos\GitHub\master-2025\3-Datasets\img-lcm\img_dir_annotated\train\uninfected\2022_03_21_11_03_30_36_cell0018.png,0,transpose,11401,ok,0,0.0,0
train,2022_03_21_11_03_30_36,19,"(1038, 1131, 1087, 1189)",0.0,0,C:\Users\sthem\OneDrive\Documentos\GitHub\master-2025\3-Datasets\img-lcm\img_dir_annotated\train\uninfected\2022_03_21_11_03_30_36_cell0019.png,0,transpose,11401,ok,0,0.0,0
train,2022_03_21_11_03_30_36,20,"(1062, 569, 1087, 612)",0.0,0,C:\Users\sthem\OneDrive\Documentos\GitHub\master-2025\3-Datasets\img-lcm\img_dir_annotated\train\uninfected\2022_03_21_11_03_30_36_cell0020.png,0,transpose,11401,ok,0,0.0,0
train,2022_03_21_11_03_32_03,1,"(0, 1832, 67, 1890)",0.9993279569892471,1,C:\Users\sthem\OneDrive\Documentos\GitHub\master-2025\3-Datasets\img-lcm\img_dir_annotated\train\infected\2022_03_21_11_03_32_03_cell0001.png,0,transpose,2974,ok,1,0.9783839423571796,3802
train,2022_03_21_11_03_32_03,2,"(18, 738, 83, 792)",0.0,0,C:\Users\sthem\OneDrive\Documentos\GitHub\master-2025\3-Datasets\img-lcm\img_dir_annotated\train\uninfected\2022_03_21_11_03_32_03_cell0002.png,0,transpose,2974,ok,0,0.0,0
train,2022_03_21_11_03_32_03,3,"(118, 773, 173, 828)",0.0,0,C:\Users\sthem\OneDrive\Documentos\GitHub\master-2025\3-Datasets\img-lcm\img_dir_annotated\train\uninfected\2022_03_21_11_03_32_03_cell0003.png,0,transpose,2974,ok,0,0.0,0
train,2022_03_21_11_03_32_03,4,"(152, 1112, 216, 1176)",0.0,0,C:\Users\sthem\OneDrive\Documentos\GitHub\master-2025\3-Datasets\img-lcm\img_dir_annotated\train\uninfected\2022_03_21_11_03_32_03_cell0004.png,0,transpose,2974,ok,0,0.0,0
train,2022_03_21_11_03_32_03,5,"(172, 1301, 238, 1371)",0.0,0,C:\Users\sthem\OneDrive\Documentos\GitHub\master-2025\3-Datasets\img-lcm\img_dir_annotated\train\uninfected\2022_03_21_11_03_32_03_cell0005.png,0,transpose,2974,ok,0,0.0,0
train,2022_03_21_11_03_32_03,6,"(189, 1378, 257, 1438)",0.0,0,C:\Users\sthem\OneDrive\Documentos\GitHub\master-2025\3-Datasets\img-lcm\img_dir_annotated\train\uninfected\2022_03_21_11_03_32_03_cell0006.png,0,transpose,2974,ok,0,0.0,0
train,2022_03_21_11_03_32_03,7,"(228, 1629, 280, 1682)",0.0,0,C:\Users\sthem\OneDrive\Documentos\GitHub\master-2025\3-Datasets\img-lcm\img_dir_annotated\train\uninfected\2022_03_21_11_03_32_03_cell0007.png,0,transpose,2974,ok,0,0.0,0
train,2022_03_21_11_03_32_03,8,"(230, 525, 286, 590)",0.0,0,C:\Users\sthem\OneDrive\Documentos\GitHub\master-2025\3-Datasets\img-lcm\img_dir_annotated\train\uninfected\2022_03_21_11_03_32_03_cell0008.png,0,transpose,2974,ok,0,0.0,0
train,2022_03_21_11_03_32_03,9,"(417, 1667, 505, 1746)",0.0,0,C:\Users\sthem\OneDrive\Documentos\GitHub\master-2025\3-Datasets\img-lcm\img_dir_annotated\train\uninfected\2022_03_21_11_03_32_03_cell0009.png,0,transpose,2974,ok,0,0.0,0
train,2022_03_21_11_03_32_03,10,"(428, 2019, 504, 2048)",0.0,0,C:\Users\sthem\OneDrive\Documentos\GitHub\master-2025\3-Datasets\img-lcm\img_dir_annotated\train\uninfected\2022_03_21_11_03_32_03_cell0010.png,0,transpose,2974,ok,0,0.0,0
train,2022_03_21_11_03_32_03,11,"(550, 1644, 701, 1733)",0.0,0,C:\Users\sthem\OneDrive\Documentos\GitHub\master-2025\3-Datasets\img-lcm\img_dir_annotated\train\uninfected\2022_03_21_11_03_32_03_cell0011.png,0,transpose,2974,ok,0,0.0,0
train,2022_03_21_11_03_32_03,12,"(670, 2, 754, 65)",0.0,0,C:\Users\sthem\OneDrive\Documentos\GitHub\master-2025\3-Datasets\img-lcm\img_dir_annotated\train\uninfected\2022_03_21_11_03_32_03_cell0012.png,0,transpose,2974,ok,0,0.0,0
train,2022_03_21_11_03_32_03,13,"(672, 596, 734, 650)",0.0,0,C:\Users\sthem\OneDrive\Documentos\GitHub\master-2025\3-Datasets\img-lcm\img_dir_annotated\train\uninfected\2022_03_21_11_03_32_03_cell0013.png,0,transpose,2974,ok,0,0.0,0
train,2022_03_21_11_03_32_03,14,"(673, 1317, 728, 1357)",0.0,0,C:\Users\sthem\OneDrive\Documentos\GitHub\master-2025\3-Datasets\img-lcm\img_dir_annotated\train\uninfected\2022_03_21_11_03_32_03_cell0014.png,0,transpose,2974,ok,0,0.0,0
train,2022_03_21_11_03_32_03,15,"(836, 1479, 901, 1549)",0.0,0,C:\Users\sthem\OneDrive\Documentos\GitHub\master-2025\3-Datasets\img-lcm\img_dir_annotated\train\uninfected\2022_03_21_11_03_32_03_cell0015.png,0,transpose,2974,ok,0,0.0,0
train,2022_03_21_11_03_32_03,16,"(861, 1030, 908, 1077)",0.0,0,C:\Users\sthem\OneDrive\Documentos\GitHub\master-2025\3-Datasets\img-lcm\img_dir_annotated\train\uninfected\2022_03_21_11_03_32_03_cell0016.png,0,transpose,2974,ok,0,0.0,0
train,2022_03_21_11_03_32_03,17,"(899, 427, 976, 484)",0.0,0,C:\Users\sthem\OneDrive\Documentos\GitHub\master-2025\3-Datasets\img-lcm\img_dir_annotated\train\uninfected\2022_03_21_11_03_32_03_cell0017.png,0,transpose,2974,ok,0,0.0,0
train,2022_03_21_11_03_32_03,18,"(916, 1841, 996, 1895)",0.0,0,C:\Users\sthem\OneDrive\Documentos\GitHub\master-2025\3-Datasets\img-lcm\img_dir_annotated\train\uninfected\2022_03_21_11_03_32_03_cell0018.png,0,transpose,2974,ok,0,0.0,0
train,2022_03_21_11_03_32_03,19,"(931, 1002, 1008, 1076)",0.0,0,C:\Users\sthem\OneDrive\Documentos\GitHub\master-2025\3-Datasets\img-lcm\img_dir_annotated\train\uninfected\2022_03_21_11_03_32_03_cell0019.png,0,transpose,2974,ok,0,0.0,0
train,2022_03_21_11_03_32_03,20,"(1015, 913, 1075, 996)",0.0,0,C:\Users\sthem\OneDrive\Documentos\GitHub\master-2025\3-Datasets\img-lcm\img_dir_annotated\train\uninfected\2022_03_21_11_03_32_03_cell0020.png,0,transpose,2974,ok,0,0.0,0
train,2022_03_21_11_03_32_03,21,"(1027, 850, 1069, 895)",0.0,0,C:\Users\sthem\OneDrive\Documentos\GitHub\master-2025\3-Datasets\img-lcm\img_dir_annotated\train\uninfected\2022_03_21_11_03_32_03_cell0021.png,0,transpose,2974,ok,0,0.0,0
train,2022_03_21_11_03_32_03,22,"(1037, 1427, 1088, 1494)",0.0,0,C:\Users\sthem\OneDrive\Documentos\GitHub\master-2025\3-Datasets\img-lcm\img_dir_annotated\train\uninfected\2022_03_21_11_03_32_03_cell0022.png,0,transpose,2974,ok,0,0.0,0
train,2022_03_21_11_03_33_71,1,"(2, 131, 62, 189)",0.0,0,C:\Users\sthem\OneDrive\Documentos\GitHub\master-2025\3-Datasets\img-lcm\img_dir_annotated\train\uninfected\2022_03_21_11_03_33_71_cell0001.png,0,transpose,4975,ok,0,0.0,0
train,2022_03_21_11_03_33_71,2,"(2, 1138, 52, 1208)",0.0,0,C:\Users\sthem\OneDrive\Documentos\GitHub\master-2025\3-Datasets\img-lcm\img_dir_annotated\train\uninfected\2022_03_21_11_03_33_71_cell0002.png,0,transpose,4975,ok,0,0.0,0
train,2022_03_21_11_03_33_71,3,"(7, 1213, 181, 1354)",0.0,0,C:\Users\sthem\OneDrive\Documentos\GitHub\master-2025\3-Datasets\img-lcm\img_dir_annotated\train\uninfected\2022_03_21_11_03_33_71_cell0003.png,0,transpose,4975,ok,0,0.0,0
train,2022_03_21_11_03_33_71,4,"(31, 1518, 92, 1582)",0.0,0,C:\Users\sthem\OneDrive\Documentos\GitHub\master-2025\3-Datasets\img-lcm\img_dir_annotated\train\uninfected\2022_03_21_11_03_33_71_cell0004.png,0,transpose,4975,ok,0,0.0,0
train,2022_03_21_11_03_33_71,5,"(46, 1902, 111, 1967)",0.0,0,C:\Users\sthem\OneDrive\Documentos\GitHub\master-2025\3-Datasets\img-lcm\img_dir_annotated\train\uninfected\2022_03_21_11_03_33_71_cell0005.png,0,transpose,4975,ok,0,0.0,0
train,2022_03_21_11_03_33_71,6,"(89, 472, 154, 538)",0.0,0,C:\Users\sthem\OneDrive\Documentos\GitHub\master-2025\3-Datasets\img-lcm\img_dir_annotated\train\uninfected\2022_03_21_11_03_33_71_cell0006.png,0,transpose,4975,ok,0,0.0,0
train,2022_03_21_11_03_33_71,7,"(103, 916, 168, 990)",0.0,0,C:\Users\sthem\OneDrive\Documentos\GitHub\master-2025\3-Datasets\img-lcm\img_dir_annotated\train\uninfected\2022_03_21_11_03_33_71_cell0007.png,0,transpose,4975,ok,0,0.0,0
train,2022_03_21_11_03_33_71,8,"(178, 764, 250, 811)",0.6201814058956916,1,C:\Users\sthem\OneDrive\Documentos\GitHub\master-2025\3-Datasets\img-lcm\img_dir_annotated\train\infected\2022_03_21_11_03_33_71_cell0008.png,0,transpose,4975,ok,1,0.6320921985815603,2139
train,2022_03_21_11_03_33_71,9,"(370, 128, 379, 136)",0.0,0,C:\Users\sthem\OneDrive\Documentos\GitHub\master-2025\3-Datasets\img-lcm\img_dir_annotated\train\uninfected\2022_03_21_11_03_33_71_cell0009.png,0,transpose,4975,ok,0,0.0,0
train,2022_03_21_11_03_33_71,10,"(415, 99, 424, 108)",0.0,0,C:\Users\sthem\OneDrive\Documentos\GitHub\master-2025\3-Datasets\img-lcm\img_dir_annotated\train\uninfected\2022_03_21_11_03_33_71_cell0010.png,0,transpose,4975,ok,0,0.0,0
train,2022_03_21_11_03_33_71,11,"(465, 1810, 521, 1879)",0.0,0,C:\Users\sthem\OneDrive\Documentos\GitHub\master-2025\3-Datasets\img-lcm\img_dir_annotated\train\uninfected\2022_03_21_11_03_33_71_cell0011.png,0,transpose,4975,ok,0,0.0,0
train,2022_03_21_11_03_33_71,12,"(594, 1239, 664, 1275)",0.8098971092601666,1,C:\Users\sthem\OneDrive\Documentos\GitHub\master-2025\3-Datasets\img-lcm\img_dir_annotated\train\infected\2022_03_21_11_03_33_71_cell0012.png,0,transpose,4975,ok,1,0.8134920634920635,2050
train,2022_03_21_11_03_33_71,13,"(621, 2011, 687, 2047)",0.0,0,C:\Users\sthem\OneDrive\Documentos\GitHub\master-2025\3-Datasets\img-lcm\img_dir_annotated\train\uninfected\2022_03_21_11_03_33_71_cell0013.png,0,transpose,4975,ok,0,0.0,0
train,2022_03_21_11_03_33_71,14,"(656, 400, 722, 464)",0.0,0,C:\Users\sthem\OneDrive\Documentos\GitHub\master-2025\3-Datasets\img-lcm\img_dir_annotated\train\uninfected\2022_03_21_11_03_33_71_cell0014.png,0,transpose,4975,ok,0,0.0,0
train,2022_03_21_11_03_33_71,15,"(682, 1456, 753, 1510)",0.0,0,C:\Users\sthem\OneDrive\Documentos\GitHub\master-2025\3-Datasets\img-lcm\img_dir_annotated\train\uninfected\2022_03_21_11_03_33_71_cell0015.png,0,transpose,4975,ok,0,0.0,0
train,2022_03_21_11_03_33_71,16,"(726, 1145, 782, 1198)",0.0,0,C:\Users\sthem\OneDrive\Documentos\GitHub\master-2025\3-Datasets\img-lcm\img_dir_annotated\train\uninfected\2022_03_21_11_03_33_71_cell0016.png,0,transpose,4975,ok,0,0.0,0
train,2022_03_21_11_03_33_71,17,"(873, 40, 937, 101)",0.0,0,C:\Users\sthem\OneDrive\Documentos\GitHub\master-2025\3-Datasets\img-lcm\img_dir_annotated\train\uninfected\2022_03_21_11_03_33_71_cell0017.png,0,transpose,4975,ok,0,0.0,0
train,2022_03_21_11_03_33_71,18,"(964, 1208, 1022, 1263)",0.6756430868167203,1,C:\Users\sthem\OneDrive\Documentos\GitHub\master-2025\3-Datasets\img-lcm\img_dir_annotated\train\infected\2022_03_21_11_03_33_71_cell0018.png,0,transpose,4975,ok,1,0.7106583072100313,2267
train,2022_03_21_11_03_35_38,1,"(8, 56, 56, 121)",0.0,0,C:\Users\sthem\OneDrive\Documentos\GitHub\master-2025\3-Datasets\img-lcm\img_dir_annotated\train\uninfected\2022_03_21_11_03_35_38_cell0001.png,0,transpose,8241,ok,0,0.0,0
train,2022_03_21_11_03_35_38,2,"(88, 1388, 112, 1414)",0.0,0,C:\Users\sthem\OneDrive\Documentos\GitHub\master-2025\3-Datasets\img-lcm\img_dir_annotated\train\uninfected\2022_03_21_11_03_35_38_cell0002.png,0,transpose,8241,ok,0,0.0,0
train,2022_03_21_11_03_35_38,3,"(174, 1057, 232, 1117)",0.5876944837340877,1,C:\Users\sthem\OneDrive\Documentos\GitHub\master-2025\3-Datasets\img-lcm\img_dir_annotated\train\infected\2022_03_21_11_03_35_38_cell0003.png,0,transpose,8241,ok,1,0.628735632183908,2188
train,2022_03_21_11_03_35_38,4,"(235, 1116, 299, 1180)",0.0,0,C:\Users\sthem\OneDrive\Documentos\GitHub\master-2025\3-Datasets\img-lcm\img_dir_annotated\train\uninfected\2022_03_21_11_03_35_38_cell0004.png,0,transpose,8241,ok,0,0.0,0
train,2022_03_21_11_03_35_38,5,"(330, 1805, 392, 1875)",0.0,0,C:\Users\sthem\OneDrive\Documentos\GitHub\master-2025\3-Datasets\img-lcm\img_dir_annotated\train\uninfected\2022_03_21_11_03_35_38_cell0005.png,0,transpose,8241,ok,0,0.0,0
train,2022_03_21_11_03_35_38,6,"(478, 1344, 553, 1464)",0.0,0,C:\Users\sthem\OneDrive\Documentos\GitHub\master-2025\3-Datasets\img-lcm\img_dir_annotated\train\uninfected\2022_03_21_11_03_35_38_cell0006.png,0,transpose,8241,ok,0,0.0,0
train,2022_03_21_11_03_35_38,7,"(571, 858, 646, 967)",0.0,0,C:\Users\sthem\OneDrive\Documentos\GitHub\master-2025\3-Datasets\img-lcm\img_dir_annotated\train\uninfected\2022_03_21_11_03_35_38_cell0007.png,0,transpose,8241,ok,0,0.0,0
train,2022_03_21_11_03_35_38,8,"(627, 1131, 636, 1141)",0.0,0,C:\Users\sthem\OneDrive\Documentos\GitHub\master-2025\3-Datasets\img-lcm\img_dir_annotated\train\uninfected\2022_03_21_11_03_35_38_cell0008.png,0,transpose,8241,ok,0,0.0,0
train,2022_03_21_11_03_35_38,9,"(726, 572, 783, 661)",0.0,0,C:\Users\sthem\OneDrive\Documentos\GitHub\master-2025\3-Datasets\img-lcm\img_dir_annotated\train\uninfected\2022_03_21_11_03_35_38_cell0009.png,0,transpose,8241,ok,0,0.0,0
train,2022_03_21_11_03_35_38,10,"(741, 1835, 787, 1912)",0.0,0,C:\Users\sthem\OneDrive\Documentos\GitHub\master-2025\3-Datasets\img-lcm\img_dir_annotated\train\uninfected\2022_03_21_11_03_35_38_cell0010.png,0,transpose,8241,ok,0,0.0,0
train,2022_03_21_11_03_35_38,11,"(756, 1365, 811, 1448)",0.0,0,C:\Users\sthem\OneDrive\Documentos\GitHub\master-2025\3-Datasets\img-lcm\img_dir_annotated\train\uninfected\2022_03_21_11_03_35_38_cell0011.png,0,transpose,8241,ok,0,0.0,0
train,2022_03_21_11_03_35_38,12,"(806, 520, 877, 600)",0.8633161108501644,1,C:\Users\sthem\OneDrive\Documentos\GitHub\master-2025\3-Datasets\img-lcm\img_dir_annotated\train\infected\2022_03_21_11_03_35_38_cell0012.png,0,transpose,8241,ok,1,0.8209507042253521,4663
train,2022_03_21_11_03_35_38,13,"(869, 303, 883, 319)",0.0,0,C:\Users\sthem\OneDrive\Documentos\GitHub\master-2025\3-Datasets\img-lcm\img_dir_annotated\train\uninfected\2022_03_21_11_03_35_38_cell0013.png,0,transpose,8241,ok,0,0.0,0
train,2022_03_21_11_03_35_38,14,"(878, 1932, 915, 1993)",0.0,0,C:\Users\sthem\OneDrive\Documentos\GitHub\master-2025\3-Datasets\img-lcm\img_dir_annotated\train\uninfected\2022_03_21_11_03_35_38_cell0014.png,0,transpose,8241,ok,0,0.0,0
train,2022_03_21_11_03_35_38,15,"(910, 1818, 971, 1884)",0.9757983193277312,1,C:\Users\sthem\OneDrive\Documentos\GitHub\master-2025\3-Datasets\img-lcm\img_dir_annotated\train\infected\2022_03_21_11_03_35_38_cell0015.png,0,transpose,8241,ok,1,0.946100347739692,3809
train,2022_03_21_11_03_35_38,16,"(952, 1698, 1028, 1783)",0.0,0,C:\Users\sthem\OneDrive\Documentos\GitHub\master-2025\3-Datasets\img-lcm\img_dir_annotated\train\uninfected\2022_03_21_11_03_35_38_cell0016.png,0,transpose,8241,ok,0,0.0,0
train,2022_03_21_11_03_37_06,1,"(0, 1300, 62, 1367)",0.89738430583501,1,C:\Users\sthem\OneDrive\Documentos\GitHub\master-2025\3-Datasets\img-lcm\img_dir_annotated\train\infected\2022_03_21_11_03_37_06_cell0001.png,0,transpose,8414,ok,1,0.8967260471834376,3725
train,2022_03_21_11_03_37_06,2,"(75, 757, 145, 817)",0.0,0,C:\Users\sthem\OneDrive\Documentos\GitHub\master-2025\3-Datasets\img-lcm\img_dir_annotated\train\uninfected\2022_03_21_11_03_37_06_cell0002.png,0,transpose,8414,ok,0,0.0,0
train,2022_03_21_11_03_37_06,3,"(118, 1800, 183, 1871)",0.0,0,C:\Users\sthem\OneDrive\Documentos\GitHub\master-2025\3-Datasets\img-lcm\img_dir_annotated\train\uninfected\2022_03_21_11_03_37_06_cell0003.png,0,transpose,8414,ok,0,0.0,0
train,2022_03_21_11_03_37_06,4,"(187, 1, 244, 23)",0.0,0,C:\Users\sthem\OneDrive\Documentos\GitHub\master-2025\3-Datasets\img-lcm\img_dir_annotated\train\uninfected\2022_03_21_11_03_37_06_cell0004.png,0,transpose,8414,ok,0,0.0,0
train,2022_03_21_11_03_37_06,5,"(307, 420, 366, 470)",0.9881305637982196,1,C:\Users\sthem\OneDrive\Documentos\GitHub\master-2025\3-Datasets\img-lcm\img_dir_annotated\train\infected\2022_03_21_11_03_37_06_cell0005.png,0,transpose,8414,ok,1,0.9630508474576271,2841
train,2022_03_21_11_03_37_06,6,"(348, 1296, 417, 1358)",0.0,0,C:\Users\sthem\OneDrive\Documentos\GitHub\master-2025\3-Datasets\img-lcm\img_dir_annotated\train\uninfected\2022_03_21_11_03_37_06_cell0006.png,0,transpose,8414,ok,0,0.0,0
train,2022_03_21_11_03_37_06,7,"(373, 1378, 433, 1437)",0.0,0,C:\Users\sthem\OneDrive\Documentos\GitHub\master-2025\3-Datasets\img-lcm\img_dir_annotated\train\uninfected\2022_03_21_11_03_37_06_cell0007.png,0,transpose,8414,ok,0,0.0,0
train,2022_03_21_11_03_37_06,8,"(495, 1133, 550, 1182)",0.0,0,C:\Users\sthem\OneDrive\Documentos\GitHub\master-2025\3-Datasets\img-lcm\img_dir_annotated\train\uninfected\2022_03_21_11_03_37_06_cell0008.png,0,transpose,8414,ok,0,0.0,0
train,2022_03_21_11_03_37_06,9,"(610, 94, 712, 219)",0.0,0,C:\Users\sthem\OneDrive\Documentos\GitHub\master-2025\3-Datasets\img-lcm\img_dir_annotated\train\uninfected\2022_03_21_11_03_37_06_cell0009.png,0,transpose,8414,ok,0,0.0,0
train,2022_03_21_11_03_37_06,10,"(611, 1729, 670, 1799)",0.0,0,C:\Users\sthem\OneDrive\Documentos\GitHub\master-2025\3-Datasets\img-lcm\img_dir_annotated\train\uninfected\2022_03_21_11_03_37_06_cell0010.png,0,transpose,8414,ok,0,0.0,0
train,2022_03_21_11_03_37_06,11,"(719, 413, 795, 467)",0.0,0,C:\Users\sthem\OneDrive\Documentos\GitHub\master-2025\3-Datasets\img-lcm\img_dir_annotated\train\uninfected\2022_03_21_11_03_37_06_cell0011.png,0,transpose,8414,ok,0,0.0,0
train,2022_03_21_11_03_37_06,12,"(779, 1738, 837, 1795)",0.0,0,C:\Users\sthem\OneDrive\Documentos\GitHub\master-2025\3-Datasets\img-lcm\img_dir_annotated\train\uninfected\2022_03_21_11_03_37_06_cell0012.png,0,transpose,8414,ok,0,0.0,0
train,2022_03_21_11_03_37_06,13,"(926, 1475, 970, 1520)",0.0,0,C:\Users\sthem\OneDrive\Documentos\GitHub\master-2025\3-Datasets\img-lcm\img_dir_annotated\train\uninfected\2022_03_21_11_03_37_06_cell0013.png,0,transpose,8414,ok,0,0.0,0
train,2022_03_21_11_03_37_06,14,"(937, 986, 1006, 1051)",0.8783743696232572,1,C:\Users\sthem\OneDrive\Documentos\GitHub\master-2025\3-Datasets\img-lcm\img_dir_annotated\train\infected\2022_03_21_11_03_37_06_cell0014.png,0,transpose,8414,ok,1,0.8401337792642141,3768
train,2022_03_21_11_03_38_73,1,"(5, 1904, 109, 2005)",0.0,0,C:\Users\sthem\OneDrive\Documentos\GitHub\master-2025\3-Datasets\img-lcm\img_dir_annotated\train\uninfected\2022_03_21_11_03_38_73_cell0001.png,0,transpose,5700,ok,0,0.0,0
train,2022_03_21_11_03_38_73,2,"(20, 1273, 84, 1349)",0.0,0,C:\Users\sthem\OneDrive\Documentos\GitHub\master-2025\3-Datasets\img-lcm\img_dir_annotated\train\uninfected\2022_03_21_11_03_38_73_cell0002.png,0,transpose,5700,ok,0,0.0,0
train,2022_03_21_11_03_38_73,3,"(25, 1006, 92, 1074)",0.8847131958180277,1,C:\Users\sthem\OneDrive\Documentos\GitHub\master-2025\3-Datasets\img-lcm\img_dir_annotated\train\infected\2022_03_21_11_03_38_73_cell0003.png,0,transpose,5700,ok,1,0.8525021949078139,3884
train,2022_03_21_11_03_38_73,4,"(73, 1722, 129, 1778)",0.0,0,C:\Users\sthem\OneDrive\Documentos\GitHub\master-2025\3-Datasets\img-lcm\img_dir_annotated\train\uninfected\2022_03_21_11_03_38_73_cell0004.png,0,transpose,5700,ok,0,0.0,0
train,2022_03_21_11_03_38_73,5,"(205, 522, 259, 589)",0.9214490674318508,1,C:\Users\sthem\OneDrive\Documentos\GitHub\master-2025\3-Datasets\img-lcm\img_dir_annotated\train\infected\2022_03_21_11_03_38_73_cell0005.png,0,transpose,5700,ok,1,0.8991155334438916,3253
train,2022_03_21_11_03_38_73,6,"(263, 1325, 334, 1413)",0.0,0,C:\Users\sthem\OneDrive\Documentos\GitHub\master-2025\3-Datasets\img-lcm\img_dir_annotated\train\uninfected\2022_03_21_11_03_38_73_cell0006.png,0,transpose,5700,ok,0,0.0,0
train,2022_03_21_11_03_38_73,7,"(335, 998, 394, 1068)",0.0,0,C:\Users\sthem\OneDrive\Documentos\GitHub\master-2025\3-Datasets\img-lcm\img_dir_annotated\train\uninfected\2022_03_21_11_03_38_73_cell0007.png,0,transpose,5700,ok,0,0.0,0
train,2022_03_21_11_03_38_73,8,"(419, 1928, 478, 1991)",0.0,0,C:\Users\sthem\OneDrive\Documentos\GitHub\master-2025\3-Datasets\img-lcm\img_dir_annotated\train\uninfected\2022_03_21_11_03_38_73_cell0008.png,0,transpose,5700,ok,0,0.0,0
train,2022_03_21_11_03_38_73,9,"(471, 1538, 528, 1614)",0.0,0,C:\Users\sthem\OneDrive\Documentos\GitHub\master-2025\3-Datasets\img-lcm\img_dir_annotated\train\uninfected\2022_03_21_11_03_38_73_cell0009.png,0,transpose,5700,ok,0,0.0,0
train,2022_03_21_11_03_38_73,10,"(488, 745, 543, 804)",0.0,0,C:\Users\sthem\OneDrive\Documentos\GitHub\master-2025\3-Datasets\img-lcm\img_dir_annotated\train\uninfected\2022_03_21_11_03_38_73_cell0010.png,0,transpose,5700,ok,0,0.0,0
train,2022_03_21_11_03_38_73,11,"(505, 1075, 556, 1135)",0.0,0,C:\Users\sthem\OneDrive\Documentos\GitHub\master-2025\3-Datasets\img-lcm\img_dir_annotated\train\uninfected\2022_03_21_11_03_38_73_cell0011.png,0,transpose,5700,ok,0,0.0,0
train,2022_03_21_11_03_38_73,12,"(811, 75, 851, 124)",0.0,0,C:\Users\sthem\OneDrive\Documentos\GitHub\master-2025\3-Datasets\img-lcm\img_dir_annotated\train\uninfected\2022_03_21_11_03_38_73_cell0012.png,0,transpose,5700,ok,0,0.0,0
train,2022_03_21_11_03_38_73,13,"(825, 1206, 889, 1275)",0.0,0,C:\Users\sthem\OneDrive\Documentos\GitHub\master-2025\3-Datasets\img-lcm\img_dir_annotated\train\uninfected\2022_03_21_11_03_38_73_cell0013.png,0,transpose,5700,ok,0,0.0,0
train,2022_03_21_11_03_38_73,14,"(995, 1371, 1060, 1435)",0.0,0,C:\Users\sthem\OneDrive\Documentos\GitHub\master-2025\3-Datasets\img-lcm\img_dir_annotated\train\uninfected\2022_03_21_11_03_38_73_cell0014.png,0,transpose,5700,ok,0,0.0,0
train,2022_03_21_11_03_38_73,15,"(1038, 242, 1087, 316)",0.0,0,C:\Users\sthem\OneDrive\Documentos\GitHub\master-2025\3-Datasets\img-lcm\img_dir_annotated\train\uninfected\2022_03_21_11_03_38_73_cell0015.png,0,transpose,5700,ok,0,0.0,0
train,2022_03_21_11_03_40_40,1,"(0, 1317, 101, 1409)",0.0,0,C:\Users\sthem\OneDrive\Documentos\GitHub\master-2025\3-Datasets\img-lcm\img_dir_annotated\train\uninfected\2022_03_21_11_03_40_40_cell0001.png,0,id,0,ok,0,0.0,0
train,2022_03_21_11_03_40_40,2,"(0, 1844, 34, 1908)",0.0,0,C:\Users\sthem\OneDrive\Documentos\GitHub\master-2025\3-Datasets\img-lcm\img_dir_annotated\train\uninfected\2022_03_21_11_03_40_40_cell0002.png,0,id,0,ok,0,0.0,0
train,2022_03_21_11_03_40_40,3,"(13, 845, 77, 902)",0.0,0,C:\Users\sthem\OneDrive\Documentos\GitHub\master-2025\3-Datasets\img-lcm\img_dir_annotated\train\uninfected\2022_03_21_11_03_40_40_cell0003.png,0,id,0,ok,0,0.0,0
train,2022_03_21_11_03_40_40,4,"(120, 708, 196, 762)",0.0,0,C:\Users\sthem\OneDrive\Documentos\GitHub\master-2025\3-Datasets\img-lcm\img_dir_annotated\train\uninfected\2022_03_21_11_03_40_40_cell0004.png,0,id,0,ok,0,0.0,0
train,2022_03_21_11_03_40_40,5,"(220, 1205, 335, 1331)",0.0,0,C:\Users\sthem\OneDrive\Documentos\GitHub\master-2025\3-Datasets\img-lcm\img_dir_annotated\train\uninfected\2022_03_21_11_03_40_40_cell0005.png,0,id,0,ok,0,0.0,0
train,2022_03_21_11_03_40_40,6,"(304, 1129, 390, 1202)",0.0,0,C:\Users\sthem\OneDrive\Documentos\GitHub\master-2025\3-Datasets\img-lcm\img_dir_annotated\train\uninfected\2022_03_21_11_03_40_40_cell0006.png,0,id,0,ok,0,0.0,0
train,2022_03_21_11_03_40_40,7,"(543, 239, 595, 297)",0.0,0,C:\Users\sthem\OneDrive\Documentos\GitHub\master-2025\3-Datasets\img-lcm\img_dir_annotated\train\uninfected\2022_03_21_11_03_40_40_cell0007.png,0,id,0,ok,0,0.0,0
train,2022_03_21_11_03_40_40,8,"(597, 235, 655, 297)",0.0,0,C:\Users\sthem\OneDrive\Documentos\GitHub\master-2025\3-Datasets\img-lcm\img_dir_annotated\train\uninfected\2022_03_21_11_03_40_40_cell0008.png,0,id,0,ok,0,0.0,0
train,2022_03_21_11_03_40_40,9,"(618, 2011, 688, 2047)",0.0,0,C:\Users\sthem\OneDrive\Documentos\GitHub\master-2025\3-Datasets\img-lcm\img_dir_annotated\train\uninfected\2022_03_21_11_03_40_40_cell0009.png,0,id,0,ok,0,0.0,0
train,2022_03_21_11_03_40_40,10,"(717, 70, 787, 144)",0.0,0,C:\Users\sthem\OneDrive\Documentos\GitHub\master-2025\3-Datasets\img-lcm\img_dir_annotated\train\uninfected\2022_03_21_11_03_40_40_cell0010.png,0,id,0,ok,0,0.0,0
train,2022_03_21_11_03_40_40,11,"(739, 973, 808, 1048)",0.0,0,C:\Users\sthem\OneDrive\Documentos\GitHub\master-2025\3-Datasets\img-lcm\img_dir_annotated\train\uninfected\2022_03_21_11_03_40_40_cell0011.png,0,id,0,ok,0,0.0,0
train,2022_03_21_11_03_40_40,12,"(782, 111, 866, 188)",0.0,0,C:\Users\sthem\OneDrive\Documentos\GitHub\master-2025\3-Datasets\img-lcm\img_dir_annotated\train\uninfected\2022_03_21_11_03_40_40_cell0012.png,0,id,0,ok,0,0.0,0
train,2022_03_21_11_03_40_40,13,"(831, 892, 891, 956)",0.0,0,C:\Users\sthem\OneDrive\Documentos\GitHub\master-2025\3-Datasets\img-lcm\img_dir_annotated\train\uninfected\2022_03_21_11_03_40_40_cell0013.png,0,id,0,ok,0,0.0,0
train,2022_03_21_11_03_40_40,14,"(842, 510, 894, 572)",0.0,0,C:\Users\sthem\OneDrive\Documentos\GitHub\master-2025\3-Datasets\img-lcm\img_dir_annotated\train\uninfected\2022_03_21_11_03_40_40_cell0014.png,0,id,0,ok,0,0.0,0
train,2022_03_21_11_03_40_40,15,"(988, 1377, 1047, 1434)",0.0,0,C:\Users\sthem\OneDrive\Documentos\GitHub\master-2025\3-Datasets\img-lcm\img_dir_annotated\train\uninfected\2022_03_21_11_03_40_40_cell0015.png,0,id,0,ok,0,0.0,0
train,2022_03_21_11_03_40_40,16,"(1016, 1692, 1083, 1757)",0.0,0,C:\Users\sthem\OneDrive\Documentos\GitHub\master-2025\3-Datasets\img-lcm\img_dir_annotated\train\uninfected\2022_03_21_11_03_40_40_cell0016.png,0,id,0,ok,0,0.0,0
train,2022_03_21_11_03_42_08,1,"(4, 622, 62, 695)",0.0,0,C:\Users\sthem\OneDrive\Documentos\GitHub\master-2025\3-Datasets\img-lcm\img_dir_annotated\train\uninfected\2022_03_21_11_03_42_08_cell0001.png,0,transpose,7038,ok,0,0.0,0
train,2022_03_21_11_03_42_08,2,"(69, 2005, 135, 2048)",0.0,0,C:\Users\sthem\OneDrive\Documentos\GitHub\master-2025\3-Datasets\img-lcm\img_dir_annotated\train\uninfected\2022_03_21_11_03_42_08_cell0002.png,0,transpose,7038,ok,0,0.0,0
train,2022_03_21_11_03_42_08,3,"(95, 57, 123, 116)",0.0,0,C:\Users\sthem\OneDrive\Documentos\GitHub\master-2025\3-Datasets\img-lcm\img_dir_annotated\train\uninfected\2022_03_21_11_03_42_08_cell0003.png,0,transpose,7038,ok,0,0.0,0
train,2022_03_21_11_03_42_08,4,"(173, 1161, 275, 1226)",0.0,0,C:\Users\sthem\OneDrive\Documentos\GitHub\master-2025\3-Datasets\img-lcm\img_dir_annotated\train\uninfected\2022_03_21_11_03_42_08_cell0004.png,0,transpose,7038,ok,0,0.0,0
train,2022_03_21_11_03_42_08,5,"(298, 1345, 367, 1419)",0.0,0,C:\Users\sthem\OneDrive\Documentos\GitHub\master-2025\3-Datasets\img-lcm\img_dir_annotated\train\uninfected\2022_03_21_11_03_42_08_cell0005.png,0,transpose,7038,ok,0,0.0,0
train,2022_03_21_11_03_42_08,6,"(357, 1822, 416, 1876)",0.0,0,C:\Users\sthem\OneDrive\Documentos\GitHub\master-2025\3-Datasets\img-lcm\img_dir_annotated\train\uninfected\2022_03_21_11_03_42_08_cell0006.png,0,transpose,7038,ok,0,0.0,0
train,2022_03_21_11_03_42_08,7,"(372, 892, 441, 954)",0.0,0,C:\Users\sthem\OneDrive\Documentos\GitHub\master-2025\3-Datasets\img-lcm\img_dir_annotated\train\uninfected\2022_03_21_11_03_42_08_cell0007.png,0,transpose,7038,ok,0,0.0,0
train,2022_03_21_11_03_42_08,8,"(433, 1247, 487, 1304)",0.919241862381541,1,C:\Users\sthem\OneDrive\Documentos\GitHub\master-2025\3-Datasets\img-lcm\img_dir_annotated\train\infected\2022_03_21_11_03_42_08_cell0008.png,0,transpose,7038,ok,1,0.9200779727095516,2832
train,2022_03_21_11_03_42_08,9,"(559, 1643, 623, 1719)",0.0,0,C:\Users\sthem\OneDrive\Documentos\GitHub\master-2025\3-Datasets\img-lcm\img_dir_annotated\train\uninfected\2022_03_21_11_03_42_08_cell0009.png,0,transpose,7038,ok,0,0.0,0
train,2022_03_21_11_03_42_08,10,"(564, 230, 611, 295)",0.9650061753808152,1,C:\Users\sthem\OneDrive\Documentos\GitHub\master-2025\3-Datasets\img-lcm\img_dir_annotated\train\infected\2022_03_21_11_03_42_08_cell0010.png,0,transpose,7038,ok,1,0.9522094926350245,2909
train,2022_03_21_11_03_42_08,11,"(623, 532, 667, 589)",0.0,0,C:\Users\sthem\OneDrive\Documentos\GitHub\master-2025\3-Datasets\img-lcm\img_dir_annotated\train\uninfected\2022_03_21_11_03_42_08_cell0011.png,0,transpose,7038,ok,0,0.0,0
train,2022_03_21_11_03_42_08,12,"(697, 1945, 709, 1957)",0.0,0,C:\Users\sthem\OneDrive\Documentos\GitHub\master-2025\3-Datasets\img-lcm\img_dir_annotated\train\uninfected\2022_03_21_11_03_42_08_cell0012.png,0,transpose,7038,ok,0,0.0,0
train,2022_03_21_11_03_42_08,13,"(839, 243, 889, 306)",0.9987834549878344,1,C:\Users\sthem\OneDrive\Documentos\GitHub\master-2025\3-Datasets\img-lcm\img_dir_annotated\train\infected\2022_03_21_11_03_42_08_cell0013.png,0,transpose,7038,ok,1,0.9831746031746031,3097
train,2022_03_21_11_03_42_08,14,"(918, 600, 978, 669)",0.0,0,C:\Users\sthem\OneDrive\Documentos\GitHub\master-2025\3-Datasets\img-lcm\img_dir_annotated\train\uninfected\2022_03_21_11_03_42_08_cell0014.png,0,transpose,7038,ok,0,0.0,0
train,2022_03_21_11_03_42_08,15,"(955, 1581, 1033, 1647)",0.0,0,C:\Users\sthem\OneDrive\Documentos\GitHub\master-2025\3-Datasets\img-lcm\img_dir_annotated\train\uninfected\2022_03_21_11_03_42_08_cell0015.png,0,transpose,7038,ok,0,0.0,0
train,2022_03_21_11_03_42_08,16,"(968, 702, 1044, 775)",0.0,0,C:\Users\sthem\OneDrive\Documentos\GitHub\master-2025\3-Datasets\img-lcm\img_dir_annotated\train\uninfected\2022_03_21_11_03_42_08_cell0016.png,0,transpose,7038,ok,0,0.0,0
train,2022_03_21_11_03_42_08,17,"(1022, 1207, 1086, 1257)",0.0,0,C:\Users\sthem\OneDrive\Documentos\GitHub\master-2025\3-Datasets\img-lcm\img_dir_annotated\train\uninfected\2022_03_21_11_03_42_08_cell0017.png,0,transpose,7038,ok,0,0.0,0
train,2022_03_21_11_03_43_75,1,"(1, 237, 37, 305)",0.0,0,C:\Users\sthem\OneDrive\Documentos\GitHub\master-2025\3-Datasets\img-lcm\img_dir_annotated\train\uninfected\2022_03_21_11_03_43_75_cell0001.png,0,transpose,9463,ok,0,0.0,0
train,2022_03_21_11_03_43_75,2,"(38, 1787, 117, 1849)",0.9203409758965314,1,C:\Users\sthem\OneDrive\Documentos\GitHub\master-2025\3-Datasets\img-lcm\img_dir_annotated\train\infected\2022_03_21_11_03_43_75_cell0002.png,0,transpose,9463,ok,1,0.8607594936708861,4216
train,2022_03_21_11_03_43_75,3,"(128, 1217, 178, 1300)",0.0,0,C:\Users\sthem\OneDrive\Documentos\GitHub\master-2025\3-Datasets\img-lcm\img_dir_annotated\train\uninfected\2022_03_21_11_03_43_75_cell0003.png,0,transpose,9463,ok,0,0.0,0
train,2022_03_21_11_03_43_75,4,"(219, 964, 294, 1033)",0.0,0,C:\Users\sthem\OneDrive\Documentos\GitHub\master-2025\3-Datasets\img-lcm\img_dir_annotated\train\uninfected\2022_03_21_11_03_43_75_cell0004.png,0,transpose,9463,ok,0,0.0,0
train,2022_03_21_11_03_43_75,5,"(377, 1162, 438, 1233)",0.0,0,C:\Users\sthem\OneDrive\Documentos\GitHub\master-2025\3-Datasets\img-lcm\img_dir_annotated\train\uninfected\2022_03_21_11_03_43_75_cell0005.png,0,transpose,9463,ok,0,0.0,0
train,2022_03_21_11_03_43_75,6,"(386, 459, 435, 537)",0.0,0,C:\Users\sthem\OneDrive\Documentos\GitHub\master-2025\3-Datasets\img-lcm\img_dir_annotated\train\uninfected\2022_03_21_11_03_43_75_cell0006.png,0,transpose,9463,ok,0,0.0,0
train,2022_03_21_11_03_43_75,7,"(399, 325, 473, 389)",0.0,0,C:\Users\sthem\OneDrive\Documentos\GitHub\master-2025\3-Datasets\img-lcm\img_dir_annotated\train\uninfected\2022_03_21_11_03_43_75_cell0007.png,0,transpose,9463,ok,0,0.0,0
train,2022_03_21_11_03_43_75,8,"(421, 1149, 490, 1197)",0.0,0,C:\Users\sthem\OneDrive\Documentos\GitHub\master-2025\3-Datasets\img-lcm\img_dir_annotated\train\uninfected\2022_03_21_11_03_43_75_cell0008.png,0,transpose,9463,ok,0,0.0,0
train,2022_03_21_11_03_43_75,9,"(432, 404, 501, 467)",0.9837805956944854,1,C:\Users\sthem\OneDrive\Documentos\GitHub\master-2025\3-Datasets\img-lcm\img_dir_annotated\train\infected\2022_03_21_11_03_43_75_cell0009.png,0,transpose,9463,ok,1,0.9521509086726478,4139
train,2022_03_21_11_03_43_75,10,"(481, 825, 546, 885)",0.9956796277833168,1,C:\Users\sthem\OneDrive\Documentos\GitHub\master-2025\3-Datasets\img-lcm\img_dir_annotated\train\infected\2022_03_21_11_03_43_75_cell0010.png,0,transpose,9463,ok,1,0.9641025641025641,3760
train,2022_03_21_11_03_43_75,11,"(534, 1083, 599, 1153)",0.0,0,C:\Users\sthem\OneDrive\Documentos\GitHub\master-2025\3-Datasets\img-lcm\img_dir_annotated\train\uninfected\2022_03_21_11_03_43_75_cell0011.png,0,transpose,9463,ok,0,0.0,0
train,2022_03_21_11_03_43_75,12,"(909, 1871, 998, 1945)",0.0,0,C:\Users\sthem\OneDrive\Documentos\GitHub\master-2025\3-Datasets\img-lcm\img_dir_annotated\train\uninfected\2022_03_21_11_03_43_75_cell0012.png,0,transpose,9463,ok,0,0.0,0
train,2022_03_21_11_03_43_75,13,"(1018, 435, 1080, 494)",0.0,0,C:\Users\sthem\OneDrive\Documentos\GitHub\master-2025\3-Datasets\img-lcm\img_dir_annotated\train\uninfected\2022_03_21_11_03_43_75_cell0013.png,0,transpose,9463,ok,0,0.0,0
train,2022_03_21_11_03_45_42,1,"(0, 1, 25, 39)",0.0,0,C:\Users\sthem\OneDrive\Documentos\GitHub\master-2025\3-Datasets\img-lcm\img_dir_annotated\train\uninfected\2022_03_21_11_03_45_42_cell0001.png,0,transpose,4637,ok,0,0.0,0
train,2022_03_21_11_03_45_42,2,"(0, 160, 18, 209)",0.0,0,C:\Users\sthem\OneDrive\Documentos\GitHub\master-2025\3-Datasets\img-lcm\img_dir_annotated\train\uninfected\2022_03_21_11_03_45_42_cell0002.png,0,transpose,4637,ok,0,0.0,0
train,2022_03_21_11_03_45_42,3,"(0, 952, 97, 1056)",0.0,0,C:\Users\sthem\OneDrive\Documentos\GitHub\master-2025\3-Datasets\img-lcm\img_dir_annotated\train\uninfected\2022_03_21_11_03_45_42_cell0003.png,0,transpose,4637,ok,0,0.0,0
train,2022_03_21_11_03_45_42,4,"(0, 1167, 50, 1236)",0.0,0,C:\Users\sthem\OneDrive\Documentos\GitHub\master-2025\3-Datasets\img-lcm\img_dir_annotated\train\uninfected\2022_03_21_11_03_45_42_cell0004.png,0,transpose,4637,ok,0,0.0,0
train,2022_03_21_11_03_45_42,5,"(100, 825, 194, 913)",0.0,0,C:\Users\sthem\OneDrive\Documentos\GitHub\master-2025\3-Datasets\img-lcm\img_dir_annotated\train\uninfected\2022_03_21_11_03_45_42_cell0005.png,0,transpose,4637,ok,0,0.0,0
train,2022_03_21_11_03_45_42,6,"(102, 1913, 151, 1966)",0.0,0,C:\Users\sthem\OneDrive\Documentos\GitHub\master-2025\3-Datasets\img-lcm\img_dir_annotated\train\uninfected\2022_03_21_11_03_45_42_cell0006.png,0,transpose,4637,ok,0,0.0,0
train,2022_03_21_11_03_45_42,7,"(114, 1685, 192, 1775)",0.0,0,C:\Users\sthem\OneDrive\Documentos\GitHub\master-2025\3-Datasets\img-lcm\img_dir_annotated\train\uninfected\2022_03_21_11_03_45_42_cell0007.png,0,transpose,4637,ok,0,0.0,0
train,2022_03_21_11_03_45_42,8,"(222, 1816, 279, 1860)",0.0,0,C:\Users\sthem\OneDrive\Documentos\GitHub\master-2025\3-Datasets\img-lcm\img_dir_annotated\train\uninfected\2022_03_21_11_03_45_42_cell0008.png,0,transpose,4637,ok,0,0.0,0
train,2022_03_21_11_03_45_42,9,"(340, 829, 402, 894)",0.0,0,C:\Users\sthem\OneDrive\Documentos\GitHub\master-2025\3-Datasets\img-lcm\img_dir_annotated\train\uninfected\2022_03_21_11_03_45_42_cell0009.png,0,transpose,4637,ok,0,0.0,0
train,2022_03_21_11_03_45_42,10,"(438, 1210, 498, 1265)",0.0,0,C:\Users\sthem\OneDrive\Documentos\GitHub\master-2025\3-Datasets\img-lcm\img_dir_annotated\train\uninfected\2022_03_21_11_03_45_42_cell0010.png,0,transpose,4637,ok,0,0.0,0
train,2022_03_21_11_03_45_42,11,"(479, 808, 550, 884)",0.0,0,C:\Users\sthem\OneDrive\Documentos\GitHub\master-2025\3-Datasets\img-lcm\img_dir_annotated\train\uninfected\2022_03_21_11_03_45_42_cell0011.png,0,transpose,4637,ok,0,0.0,0
train,2022_03_21_11_03_45_42,12,"(526, 410, 585, 481)",0.0,0,C:\Users\sthem\OneDrive\Documentos\GitHub\master-2025\3-Datasets\img-lcm\img_dir_annotated\train\uninfected\2022_03_21_11_03_45_42_cell0012.png,0,transpose,4637,ok,0,0.0,0
train,2022_03_21_11_03_45_42,13,"(563, 913, 631, 979)",0.0,0,C:\Users\sthem\OneDrive\Documentos\GitHub\master-2025\3-Datasets\img-lcm\img_dir_annotated\train\uninfected\2022_03_21_11_03_45_42_cell0013.png,0,transpose,4637,ok,0,0.0,0
train,2022_03_21_11_03_45_42,14,"(698, 1946, 708, 1955)",0.0,0,C:\Users\sthem\OneDrive\Documentos\GitHub\master-2025\3-Datasets\img-lcm\img_dir_annotated\train\uninfected\2022_03_21_11_03_45_42_cell0014.png,0,transpose,4637,ok,0,0.0,0
train,2022_03_21_11_03_45_42,15,"(813, 1263, 863, 1308)",0.849859943977591,1,C:\Users\sthem\OneDrive\Documentos\GitHub\master-2025\3-Datasets\img-lcm\img_dir_annotated\train\infected\2022_03_21_11_03_45_42_cell0015.png,0,transpose,4637,ok,1,0.8697777777777778,1957
train,2022_03_21_11_03_45_42,16,"(831, 188, 894, 255)",0.9400421813799336,1,C:\Users\sthem\OneDrive\Documentos\GitHub\master-2025\3-Datasets\img-lcm\img_dir_annotated\train\infected\2022_03_21_11_03_45_42_cell0016.png,0,transpose,4637,ok,1,0.9149490642027955,3862
train,2022_03_21_11_03_45_42,17,"(941, 561, 1003, 619)",0.0,0,C:\Users\sthem\OneDrive\Documentos\GitHub\master-2025\3-Datasets\img-lcm\img_dir_annotated\train\uninfected\2022_03_21_11_03_45_42_cell0017.png,0,transpose,4637,ok,0,0.0,0
train,2022_03_21_11_03_45_42,18,"(977, 1746, 1052, 1807)",0.0,0,C:\Users\sthem\OneDrive\Documentos\GitHub\master-2025\3-Datasets\img-lcm\img_dir_annotated\train\uninfected\2022_03_21_11_03_45_42_cell0018.png,0,transpose,4637,ok,0,0.0,0
train,2022_03_21_11_03_45_42,19,"(999, 1967, 1053, 2019)",0.0,0,C:\Users\sthem\OneDrive\Documentos\GitHub\master-2025\3-Datasets\img-lcm\img_dir_annotated\train\uninfected\2022_03_21_11_03_45_42_cell0019.png,0,transpose,4637,ok,0,0.0,0
train,2022_03_21_11_03_48_77,1,"(0, 1956, 67, 2047)",0.0,0,C:\Users\sthem\OneDrive\Documentos\GitHub\master-2025\3-Datasets\img-lcm\img_dir_annotated\train\uninfected\2022_03_21_11_03_48_77_cell0001.png,0,transpose,3681,ok,0,0.0,0
train,2022_03_21_11_03_48_77,2,"(1, 1239, 89, 1326)",0.0,0,C:\Users\sthem\OneDrive\Documentos\GitHub\master-2025\3-Datasets\img-lcm\img_dir_annotated\train\uninfected\2022_03_21_11_03_48_77_cell0002.png,0,transpose,3681,ok,0,0.0,0
train,2022_03_21_11_03_48_77,3,"(9, 705, 82, 795)",0.0,0,C:\Users\sthem\OneDrive\Documentos\GitHub\master-2025\3-Datasets\img-lcm\img_dir_annotated\train\uninfected\2022_03_21_11_03_48_77_cell0003.png,0,transpose,3681,ok,0,0.0,0
train,2022_03_21_11_03_48_77,4,"(65, 2, 171, 104)",0.0,0,C:\Users\sthem\OneDrive\Documentos\GitHub\master-2025\3-Datasets\img-lcm\img_dir_annotated\train\uninfected\2022_03_21_11_03_48_77_cell0004.png,0,transpose,3681,ok,0,0.0,0
train,2022_03_21_11_03_48_77,5,"(152, 817, 214, 869)",0.7973621103117506,1,C:\Users\sthem\OneDrive\Documentos\GitHub\master-2025\3-Datasets\img-lcm\img_dir_annotated\train\infected\2022_03_21_11_03_48_77_cell0005.png,0,transpose,3681,ok,1,0.792803970223325,2556
train,2022_03_21_11_03_48_77,6,"(314, 1511, 402, 1586)",0.0,0,C:\Users\sthem\OneDrive\Documentos\GitHub\master-2025\3-Datasets\img-lcm\img_dir_annotated\train\uninfected\2022_03_21_11_03_48_77_cell0006.png,0,transpose,3681,ok,0,0.0,0
train,2022_03_21_11_03_48_77,7,"(354, 1683, 399, 1741)",0.0,0,C:\Users\sthem\OneDrive\Documentos\GitHub\master-2025\3-Datasets\img-lcm\img_dir_annotated\train\uninfected\2022_03_21_11_03_48_77_cell0007.png,0,transpose,3681,ok,0,0.0,0
train,2022_03_21_11_03_48_77,8,"(418, 1571, 500, 1656)",0.0,0,C:\Users\sthem\OneDrive\Documentos\GitHub\master-2025\3-Datasets\img-lcm\img_dir_annotated\train\uninfected\2022_03_21_11_03_48_77_cell0008.png,0,transpose,3681,ok,0,0.0,0
train,2022_03_21_11_03_48_77,9,"(430, 1026, 469, 1075)",0.0,0,C:\Users\sthem\OneDrive\Documentos\GitHub\master-2025\3-Datasets\img-lcm\img_dir_annotated\train\uninfected\2022_03_21_11_03_48_77_cell0009.png,0,transpose,3681,ok,0,0.0,0
train,2022_03_21_11_03_48_77,10,"(467, 274, 545, 333)",0.0,0,C:\Users\sthem\OneDrive\Documentos\GitHub\master-2025\3-Datasets\img-lcm\img_dir_annotated\train\uninfected\2022_03_21_11_03_48_77_cell0010.png,0,transpose,3681,ok,0,0.0,0
train,2022_03_21_11_03_48_77,11,"(531, 1934, 595, 1999)",0.0,0,C:\Users\sthem\OneDrive\Documentos\GitHub\master-2025\3-Datasets\img-lcm\img_dir_annotated\train\uninfected\2022_03_21_11_03_48_77_cell0011.png,0,transpose,3681,ok,0,0.0,0
train,2022_03_21_11_03_48_77,12,"(535, 530, 598, 572)",0.7823665893271462,1,C:\Users\sthem\OneDrive\Documentos\GitHub\master-2025\3-Datasets\img-lcm\img_dir_annotated\train\infected\2022_03_21_11_03_48_77_cell0012.png,0,transpose,3681,ok,1,0.8401360544217688,2223
train,2022_03_21_11_03_48_77,13,"(630, 1533, 688, 1587)",0.0,0,C:\Users\sthem\OneDrive\Documentos\GitHub\master-2025\3-Datasets\img-lcm\img_dir_annotated\train\uninfected\2022_03_21_11_03_48_77_cell0013.png,0,transpose,3681,ok,0,0.0,0
train,2022_03_21_11_03_48_77,14,"(641, 1722, 708, 1788)",0.0,0,C:\Users\sthem\OneDrive\Documentos\GitHub\master-2025\3-Datasets\img-lcm\img_dir_annotated\train\uninfected\2022_03_21_11_03_48_77_cell0014.png,0,transpose,3681,ok,0,0.0,0
train,2022_03_21_11_03_48_77,15,"(745, 1781, 815, 1845)",0.0,0,C:\Users\sthem\OneDrive\Documentos\GitHub\master-2025\3-Datasets\img-lcm\img_dir_annotated\train\uninfected\2022_03_21_11_03_48_77_cell0015.png,0,transpose,3681,ok,0,0.0,0
train,2022_03_21_11_03_48_77,16,"(768, 336, 841, 411)",0.0,0,C:\Users\sthem\OneDrive\Documentos\GitHub\master-2025\3-Datasets\img-lcm\img_dir_annotated\train\uninfected\2022_03_21_11_03_48_77_cell0016.png,0,transpose,3681,ok,0,0.0,0
train,2022_03_21_11_03_48_77,17,"(785, 1149, 854, 1224)",0.0,0,C:\Users\sthem\OneDrive\Documentos\GitHub\master-2025\3-Datasets\img-lcm\img_dir_annotated\train\uninfected\2022_03_21_11_03_48_77_cell0017.png,0,transpose,3681,ok,0,0.0,0
train,2022_03_21_11_03_48_77,18,"(820, 307, 888, 370)",0.0,0,C:\Users\sthem\OneDrive\Documentos\GitHub\master-2025\3-Datasets\img-lcm\img_dir_annotated\train\uninfected\2022_03_21_11_03_48_77_cell0018.png,0,transpose,3681,ok,0,0.0,0
train,2022_03_21_11_03_48_77,19,"(848, 441, 898, 487)",0.0,0,C:\Users\sthem\OneDrive\Documentos\GitHub\master-2025\3-Datasets\img-lcm\img_dir_annotated\train\uninfected\2022_03_21_11_03_48_77_cell0019.png,0,transpose,3681,ok,0,0.0,0
train,2022_03_21_11_03_48_77,20,"(955, 1673, 1018, 1734)",0.0,0,C:\Users\sthem\OneDrive\Documentos\GitHub\master-2025\3-Datasets\img-lcm\img_dir_annotated\train\uninfected\2022_03_21_11_03_48_77_cell0020.png,0,transpose,3681,ok,0,0.0,0
train,2022_03_21_11_03_48_77,21,"(994, 114, 1044, 184)",0.0,0,C:\Users\sthem\OneDrive\Documentos\GitHub\master-2025\3-Datasets\img-lcm\img_dir_annotated\train\uninfected\2022_03_21_11_03_48_77_cell0021.png,0,transpose,3681,ok,0,0.0,0
train,2022_03_21_11_03_48_77,22,"(998, 687, 1067, 764)",0.0,0,C:\Users\sthem\OneDrive\Documentos\GitHub\master-2025\3-Datasets\img-lcm\img_dir_annotated\train\uninfected\2022_03_21_11_03_48_77_cell0022.png,0,transpose,3681,ok,0,0.0,0
train,2022_03_21_11_03_48_77,23,"(1043, 107, 1088, 181)",0.0,0,C:\Users\sthem\OneDrive\Documentos\GitHub\master-2025\3-Datasets\img-lcm\img_dir_annotated\train\uninfected\2022_03_21_11_03_48_77_cell0023.png,0,transpose,3681,ok,0,0.0,0
train,2022_03_21_11_03_50_44,1,"(0, 115, 42, 198)",0.0,0,C:\Users\sthem\OneDrive\Documentos\GitHub\master-2025\3-Datasets\img-lcm\img_dir_annotated\train\uninfected\2022_03_21_11_03_50_44_cell0001.png,0,transpose,1660,ok,0,0.0,0
train,2022_03_21_11_03_50_44,2,"(114, 1892, 176, 1984)",0.0,0,C:\Users\sthem\OneDrive\Documentos\GitHub\master-2025\3-Datasets\img-lcm\img_dir_annotated\train\uninfected\2022_03_21_11_03_50_44_cell0002.png,0,transpose,1660,ok,0,0.0,0
train,2022_03_21_11_03_50_44,3,"(222, 419, 280, 477)",0.6431615652847733,1,C:\Users\sthem\OneDrive\Documentos\GitHub\master-2025\3-Datasets\img-lcm\img_dir_annotated\train\infected\2022_03_21_11_03_50_44_cell0003.png,0,transpose,1660,ok,1,0.6626040428061831,2229
train,2022_03_21_11_03_50_44,4,"(398, 240, 456, 304)",0.0,0,C:\Users\sthem\OneDrive\Documentos\GitHub\master-2025\3-Datasets\img-lcm\img_dir_annotated\train\uninfected\2022_03_21_11_03_50_44_cell0004.png,0,transpose,1660,ok,0,0.0,0
train,2022_03_21_11_03_50_44,5,"(400, 1199, 469, 1270)",0.0,0,C:\Users\sthem\OneDrive\Documentos\GitHub\master-2025\3-Datasets\img-lcm\img_dir_annotated\train\uninfected\2022_03_21_11_03_50_44_cell0005.png,0,transpose,1660,ok,0,0.0,0
train,2022_03_21_11_03_50_44,6,"(466, 1435, 549, 1533)",0.0,0,C:\Users\sthem\OneDrive\Documentos\GitHub\master-2025\3-Datasets\img-lcm\img_dir_annotated\train\uninfected\2022_03_21_11_03_50_44_cell0006.png,0,transpose,1660,ok,0,0.0,0
train,2022_03_21_11_03_50_44,7,"(577, 647, 672, 753)",0.0,0,C:\Users\sthem\OneDrive\Documentos\GitHub\master-2025\3-Datasets\img-lcm\img_dir_annotated\train\uninfected\2022_03_21_11_03_50_44_cell0007.png,0,transpose,1660,ok,0,0.0,0
train,2022_03_21_11_03_50_44,8,"(580, 1323, 625, 1390)",0.0,0,C:\Users\sthem\OneDrive\Documentos\GitHub\master-2025\3-Datasets\img-lcm\img_dir_annotated\train\uninfected\2022_03_21_11_03_50_44_cell0008.png,0,transpose,1660,ok,0,0.0,0
train,2022_03_21_11_03_50_44,9,"(583, 1094, 653, 1159)",0.0,0,C:\Users\sthem\OneDrive\Documentos\GitHub\master-2025\3-Datasets\img-lcm\img_dir_annotated\train\uninfected\2022_03_21_11_03_50_44_cell0009.png,0,transpose,1660,ok,0,0.0,0
train,2022_03_21_11_03_50_44,10,"(626, 164, 676, 222)",0.0,0,C:\Users\sthem\OneDrive\Documentos\GitHub\master-2025\3-Datasets\img-lcm\img_dir_annotated\train\uninfected\2022_03_21_11_03_50_44_cell0010.png,0,transpose,1660,ok,0,0.0,0
train,2022_03_21_11_03_50_44,11,"(653, 1751, 715, 1816)",0.0,0,C:\Users\sthem\OneDrive\Documentos\GitHub\master-2025\3-Datasets\img-lcm\img_dir_annotated\train\uninfected\2022_03_21_11_03_50_44_cell0011.png,0,transpose,1660,ok,0,0.0,0
train,2022_03_21_11_03_50_44,12,"(841, 1199, 900, 1261)",0.0,0,C:\Users\sthem\OneDrive\Documentos\GitHub\master-2025\3-Datasets\img-lcm\img_dir_annotated\train\uninfected\2022_03_21_11_03_50_44_cell0012.png,0,transpose,1660,ok,0,0.0,0
train,2022_03_21_11_03_50_44,13,"(914, 494, 956, 601)",0.0,0,C:\Users\sthem\OneDrive\Documentos\GitHub\master-2025\3-Datasets\img-lcm\img_dir_annotated\train\uninfected\2022_03_21_11_03_50_44_cell0013.png,0,transpose,1660,ok,0,0.0,0
train,2022_03_21_11_03_50_44,14,"(916, 64, 969, 126)",0.0,0,C:\Users\sthem\OneDrive\Documentos\GitHub\master-2025\3-Datasets\img-lcm\img_dir_annotated\train\uninfected\2022_03_21_11_03_50_44_cell0014.png,0,transpose,1660,ok,0,0.0,0
train,2022_03_21_11_03_50_44,15,"(961, 1776, 998, 1845)",0.0,0,C:\Users\sthem\OneDrive\Documentos\GitHub\master-2025\3-Datasets\img-lcm\img_dir_annotated\train\uninfected\2022_03_21_11_03_50_44_cell0015.png,0,transpose,1660,ok,0,0.0,0
train,2022_03_21_11_03_50_44,16,"(994, 823, 1052, 886)",0.0,0,C:\Users\sthem\OneDrive\Documentos\GitHub\master-2025\3-Datasets\img-lcm\img_dir_annotated\train\uninfected\2022_03_21_11_03_50_44_cell0016.png,0,transpose,1660,ok,0,0.0,0
train,2022_03_21_11_03_50_44,17,"(1039, 260, 1088, 330)",0.0,0,C:\Users\sthem\OneDrive\Documentos\GitHub\master-2025\3-Datasets\img-lcm\img_dir_annotated\train\uninfected\2022_03_21_11_03_50_44_cell0017.png,0,transpose,1660,ok,0,0.0,0
train,2022_03_21_11_03_50_44,18,"(1056, 39, 1088, 113)",0.0,0,C:\Users\sthem\OneDrive\Documentos\GitHub\master-2025\3-Datasets\img-lcm\img_dir_annotated\train\uninfected\2022_03_21_11_03_50_44_cell0018.png,0,transpose,1660,ok,0,0.0,0
train,2022_03_21_11_03_52_12,1,"(0, 1525, 60, 1591)",0.0,0,C:\Users\sthem\OneDrive\Documentos\GitHub\master-2025\3-Datasets\img-lcm\img_dir_annotated\train\uninfected\2022_03_21_11_03_52_12_cell0001.png,0,transpose,6445,ok,0,0.0,0
train,2022_03_21_11_03_52_12,2,"(44, 1011, 115, 1052)",0.0,0,C:\Users\sthem\OneDrive\Documentos\GitHub\master-2025\3-Datasets\img-lcm\img_dir_annotated\train\uninfected\2022_03_21_11_03_52_12_cell0002.png,0,transpose,6445,ok,0,0.0,0
train,2022_03_21_11_03_52_12,3,"(131, 1474, 204, 1533)",0.0,0,C:\Users\sthem\OneDrive\Documentos\GitHub\master-2025\3-Datasets\img-lcm\img_dir_annotated\train\uninfected\2022_03_21_11_03_52_12_cell0003.png,0,transpose,6445,ok,0,0.0,0
train,2022_03_21_11_03_52_12,4,"(227, 1415, 279, 1455)",0.0,0,C:\Users\sthem\OneDrive\Documentos\GitHub\master-2025\3-Datasets\img-lcm\img_dir_annotated\train\uninfected\2022_03_21_11_03_52_12_cell0004.png,0,transpose,6445,ok,0,0.0,0
train,2022_03_21_11_03_52_12,5,"(261, 705, 308, 755)",0.0,0,C:\Users\sthem\OneDrive\Documentos\GitHub\master-2025\3-Datasets\img-lcm\img_dir_annotated\train\uninfected\2022_03_21_11_03_52_12_cell0005.png,0,transpose,6445,ok,0,0.0,0
train,2022_03_21_11_03_52_12,6,"(391, 1655, 457, 1713)",0.0,0,C:\Users\sthem\OneDrive\Documentos\GitHub\master-2025\3-Datasets\img-lcm\img_dir_annotated\train\uninfected\2022_03_21_11_03_52_12_cell0006.png,0,transpose,6445,ok,0,0.0,0
train,2022_03_21_11_03_52_12,7,"(395, 448, 458, 520)",0.0,0,C:\Users\sthem\OneDrive\Documentos\GitHub\master-2025\3-Datasets\img-lcm\img_dir_annotated\train\uninfected\2022_03_21_11_03_52_12_cell0007.png,0,transpose,6445,ok,0,0.0,0
train,2022_03_21_11_03_52_12,8,"(425, 993, 487, 1067)",0.0,0,C:\Users\sthem\OneDrive\Documentos\GitHub\master-2025\3-Datasets\img-lcm\img_dir_annotated\train\uninfected\2022_03_21_11_03_52_12_cell0008.png,0,transpose,6445,ok,0,0.0,0
train,2022_03_21_11_03_52_12,9,"(442, 1963, 500, 2007)",0.0,0,C:\Users\sthem\OneDrive\Documentos\GitHub\master-2025\3-Datasets\img-lcm\img_dir_annotated\train\uninfected\2022_03_21_11_03_52_12_cell0009.png,0,transpose,6445,ok,0,0.0,0
train,2022_03_21_11_03_52_12,10,"(454, 677, 521, 740)",0.6746250382614019,1,C:\Users\sthem\OneDrive\Documentos\GitHub\master-2025\3-Datasets\img-lcm\img_dir_annotated\train\infected\2022_03_21_11_03_52_12_cell0010.png,0,transpose,6445,ok,1,0.6799336650082919,2870
train,2022_03_21_11_03_52_12,11,"(511, 1989, 580, 2048)",0.0,0,C:\Users\sthem\OneDrive\Documentos\GitHub\master-2025\3-Datasets\img-lcm\img_dir_annotated\train\uninfected\2022_03_21_11_03_52_12_cell0011.png,0,transpose,6445,ok,0,0.0,0
train,2022_03_21_11_03_52_12,12,"(564, 133, 620, 197)",0.0,0,C:\Users\sthem\OneDrive\Documentos\GitHub\master-2025\3-Datasets\img-lcm\img_dir_annotated\train\uninfected\2022_03_21_11_03_52_12_cell0012.png,0,transpose,6445,ok,0,0.0,0
train,2022_03_21_11_03_52_12,13,"(719, 1333, 781, 1400)",0.6721105527638191,1,C:\Users\sthem\OneDrive\Documentos\GitHub\master-2025\3-Datasets\img-lcm\img_dir_annotated\train\infected\2022_03_21_11_03_52_12_cell0013.png,0,transpose,6445,ok,1,0.673567645642754,2798
train,2022_03_21_11_03_52_12,14,"(735, 94, 821, 180)",0.0,0,C:\Users\sthem\OneDrive\Documentos\GitHub\master-2025\3-Datasets\img-lcm\img_dir_annotated\train\uninfected\2022_03_21_11_03_52_12_cell0014.png,0,transpose,6445,ok,0,0.0,0
train,2022_03_21_11_03_52_12,15,"(792, 534, 852, 597)",0.0,0,C:\Users\sthem\OneDrive\Documentos\GitHub\master-2025\3-Datasets\img-lcm\img_dir_annotated\train\uninfected\2022_03_21_11_03_52_12_cell0015.png,0,transpose,6445,ok,0,0.0,0
train,2022_03_21_11_03_52_12,16,"(821, 0, 911, 63)",0.0,0,C:\Users\sthem\OneDrive\Documentos\GitHub\master-2025\3-Datasets\img-lcm\img_dir_annotated\train\uninfected\2022_03_21_11_03_52_12_cell0016.png,0,transpose,6445,ok,0,0.0,0
train,2022_03_21_11_03_52_12,17,"(822, 1561, 876, 1618)",0.0,0,C:\Users\sthem\OneDrive\Documentos\GitHub\master-2025\3-Datasets\img-lcm\img_dir_annotated\train\uninfected\2022_03_21_11_03_52_12_cell0017.png,0,transpose,6445,ok,0,0.0,0
train,2022_03_21_11_03_52_12,18,"(823, 1350, 875, 1408)",0.8864978902953586,1,C:\Users\sthem\OneDrive\Documentos\GitHub\master-2025\3-Datasets\img-lcm\img_dir_annotated\train\infected\2022_03_21_11_03_52_12_cell0018.png,0,transpose,6445,ok,1,0.89157824933687,2689
train,2022_03_21_11_03_52_12,19,"(904, 170, 999, 230)",0.0,0,C:\Users\sthem\OneDrive\Documentos\GitHub\master-2025\3-Datasets\img-lcm\img_dir_annotated\train\uninfected\2022_03_21_11_03_52_12_cell0019.png,0,transpose,6445,ok,0,0.0,0
train,2022_03_21_11_03_52_12,20,"(927, 61, 1013, 133)",0.0,0,C:\Users\sthem\OneDrive\Documentos\GitHub\master-2025\3-Datasets\img-lcm\img_dir_annotated\train\uninfected\2022_03_21_11_03_52_12_cell0020.png,0,transpose,6445,ok,0,0.0,0
train,2022_03_21_11_03_52_12,21,"(1033, 1732, 1088, 1764)",0.0,0,C:\Users\sthem\OneDrive\Documentos\GitHub\master-2025\3-Datasets\img-lcm\img_dir_annotated\train\uninfected\2022_03_21_11_03_52_12_cell0021.png,0,transpose,6445,ok,0,0.0,0
train,2022_03_21_11_03_53_80,1,"(80, 788, 128, 850)",0.0,0,C:\Users\sthem\OneDrive\Documentos\GitHub\master-2025\3-Datasets\img-lcm\img_dir_annotated\train\uninfected\2022_03_21_11_03_53_80_cell0001.png,0,transpose,1920,ok,0,0.0,0
train,2022_03_21_11_03_53_80,2,"(132, 1066, 199, 1116)",0.8268733850129198,1,C:\Users\sthem\OneDrive\Documentos\GitHub\master-2025\3-Datasets\img-lcm\img_dir_annotated\train\infected\2022_03_21_11_03_53_80_cell0002.png,0,transpose,1920,ok,1,0.8214925373134329,2752
train,2022_03_21_11_03_53_80,3,"(184, 405, 249, 474)",0.0,0,C:\Users\sthem\OneDrive\Documentos\GitHub\master-2025\3-Datasets\img-lcm\img_dir_annotated\train\uninfected\2022_03_21_11_03_53_80_cell0003.png,0,transpose,1920,ok,0,0.0,0
train,2022_03_21_11_03_53_80,4,"(261, 1207, 305, 1277)",0.0,0,C:\Users\sthem\OneDrive\Documentos\GitHub\master-2025\3-Datasets\img-lcm\img_dir_annotated\train\uninfected\2022_03_21_11_03_53_80_cell0004.png,0,transpose,1920,ok,0,0.0,0
train,2022_03_21_11_03_53_80,5,"(337, 808, 425, 860)",0.0,0,C:\Users\sthem\OneDrive\Documentos\GitHub\master-2025\3-Datasets\img-lcm\img_dir_annotated\train\uninfected\2022_03_21_11_03_53_80_cell0005.png,0,transpose,1920,ok,0,0.0,0
train,2022_03_21_11_03_53_80,6,"(342, 1378, 420, 1438)",0.0,0,C:\Users\sthem\OneDrive\Documentos\GitHub\master-2025\3-Datasets\img-lcm\img_dir_annotated\train\uninfected\2022_03_21_11_03_53_80_cell0006.png,0,transpose,1920,ok,0,0.0,0
train,2022_03_21_11_03_53_80,7,"(343, 1217, 408, 1274)",0.0,0,C:\Users\sthem\OneDrive\Documentos\GitHub\master-2025\3-Datasets\img-lcm\img_dir_annotated\train\uninfected\2022_03_21_11_03_53_80_cell0007.png,0,transpose,1920,ok,0,0.0,0
train,2022_03_21_11_03_53_80,8,"(370, 127, 379, 136)",0.0,0,C:\Users\sthem\OneDrive\Documentos\GitHub\master-2025\3-Datasets\img-lcm\img_dir_annotated\train\uninfected\2022_03_21_11_03_53_80_cell0008.png,0,transpose,1920,ok,0,0.0,0
train,2022_03_21_11_03_53_80,9,"(415, 99, 424, 107)",0.0,0,C:\Users\sthem\OneDrive\Documentos\GitHub\master-2025\3-Datasets\img-lcm\img_dir_annotated\train\uninfected\2022_03_21_11_03_53_80_cell0009.png,0,transpose,1920,ok,0,0.0,0
train,2022_03_21_11_03_53_80,10,"(472, 431, 533, 493)",0.0,0,C:\Users\sthem\OneDrive\Documentos\GitHub\master-2025\3-Datasets\img-lcm\img_dir_annotated\train\uninfected\2022_03_21_11_03_53_80_cell0010.png,0,transpose,1920,ok,0,0.0,0
train,2022_03_21_11_03_53_80,11,"(653, 1, 702, 27)",0.0,0,C:\Users\sthem\OneDrive\Documentos\GitHub\master-2025\3-Datasets\img-lcm\img_dir_annotated\train\uninfected\2022_03_21_11_03_53_80_cell0011.png,0,transpose,1920,ok,0,0.0,0
train,2022_03_21_11_03_53_80,12,"(757, 1364, 813, 1432)",0.0,0,C:\Users\sthem\OneDrive\Documentos\GitHub\master-2025\3-Datasets\img-lcm\img_dir_annotated\train\uninfected\2022_03_21_11_03_53_80_cell0012.png,0,transpose,1920,ok,0,0.0,0
train,2022_03_21_11_03_53_80,13,"(764, 1477, 820, 1547)",0.0,0,C:\Users\sthem\OneDrive\Documentos\GitHub\master-2025\3-Datasets\img-lcm\img_dir_annotated\train\uninfected\2022_03_21_11_03_53_80_cell0013.png,0,transpose,1920,ok,0,0.0,0
train,2022_03_21_11_03_53_80,14,"(814, 1405, 885, 1478)",0.0,0,C:\Users\sthem\OneDrive\Documentos\GitHub\master-2025\3-Datasets\img-lcm\img_dir_annotated\train\uninfected\2022_03_21_11_03_53_80_cell0014.png,0,transpose,1920,ok,0,0.0,0
train,2022_03_21_11_03_53_80,15,"(923, 539, 987, 580)",0.0,0,C:\Users\sthem\OneDrive\Documentos\GitHub\master-2025\3-Datasets\img-lcm\img_dir_annotated\train\uninfected\2022_03_21_11_03_53_80_cell0015.png,0,transpose,1920,ok,0,0.0,0
train,2022_03_21_11_03_53_80,16,"(944, 178, 1018, 226)",0.0,0,C:\Users\sthem\OneDrive\Documentos\GitHub\master-2025\3-Datasets\img-lcm\img_dir_annotated\train\uninfected\2022_03_21_11_03_53_80_cell0016.png,0,transpose,1920,ok,0,0.0,0
train,2022_03_21_11_03_53_80,17,"(967, 1452, 1036, 1514)",0.0,0,C:\Users\sthem\OneDrive\Documentos\GitHub\master-2025\3-Datasets\img-lcm\img_dir_annotated\train\uninfected\2022_03_21_11_03_53_80_cell0017.png,0,transpose,1920,ok,0,0.0,0
train,2022_03_21_11_03_53_80,18,"(1001, 0, 1062, 54)",0.0,0,C:\Users\sthem\OneDrive\Documentos\GitHub\master-2025\3-Datasets\img-lcm\img_dir_annotated\train\uninfected\2022_03_21_11_03_53_80_cell0018.png,0,transpose,1920,ok,0,0.0,0
train,2022_03_21_11_03_57_14,1,"(147, 0, 186, 30)",0.0,0,C:\Users\sthem\OneDrive\Documentos\GitHub\master-2025\3-Datasets\img-lcm\img_dir_annotated\train\uninfected\2022_03_21_11_03_57_14_cell0001.png,0,transpose,2064,ok,0,0.0,0
train,2022_03_21_11_03_57_14,2,"(228, 1146, 281, 1202)",0.0,0,C:\Users\sthem\OneDrive\Documentos\GitHub\master-2025\3-Datasets\img-lcm\img_dir_annotated\train\uninfected\2022_03_21_11_03_57_14_cell0002.png,0,transpose,2064,ok,0,0.0,0
train,2022_03_21_11_03_57_14,3,"(355, 1843, 425, 1914)",0.0,0,C:\Users\sthem\OneDrive\Documentos\GitHub\master-2025\3-Datasets\img-lcm\img_dir_annotated\train\uninfected\2022_03_21_11_03_57_14_cell0003.png,0,transpose,2064,ok,0,0.0,0
train,2022_03_21_11_03_57_14,4,"(451, 937, 498, 1020)",0.0,0,C:\Users\sthem\OneDrive\Documentos\GitHub\master-2025\3-Datasets\img-lcm\img_dir_annotated\train\uninfected\2022_03_21_11_03_57_14_cell0004.png,0,transpose,2064,ok,0,0.0,0
train,2022_03_21_11_03_57_14,5,"(476, 1554, 512, 1610)",0.0,0,C:\Users\sthem\OneDrive\Documentos\GitHub\master-2025\3-Datasets\img-lcm\img_dir_annotated\train\uninfected\2022_03_21_11_03_57_14_cell0005.png,0,transpose,2064,ok,0,0.0,0
train,2022_03_21_11_03_57_14,6,"(516, 547, 572, 607)",0.0,0,C:\Users\sthem\OneDrive\Documentos\GitHub\master-2025\3-Datasets\img-lcm\img_dir_annotated\train\uninfected\2022_03_21_11_03_57_14_cell0006.png,0,transpose,2064,ok,0,0.0,0
train,2022_03_21_11_03_57_14,7,"(600, 1369, 656, 1441)",0.0,0,C:\Users\sthem\OneDrive\Documentos\GitHub\master-2025\3-Datasets\img-lcm\img_dir_annotated\train\uninfected\2022_03_21_11_03_57_14_cell0007.png,0,transpose,2064,ok,0,0.0,0
train,2022_03_21_11_03_57_14,8,"(619, 2012, 688, 2047)",0.0,0,C:\Users\sthem\OneDrive\Documentos\GitHub\master-2025\3-Datasets\img-lcm\img_dir_annotated\train\uninfected\2022_03_21_11_03_57_14_cell0008.png,0,transpose,2064,ok,0,0.0,0
train,2022_03_21_11_03_57_14,9,"(671, 182, 711, 243)",0.0,0,C:\Users\sthem\OneDrive\Documentos\GitHub\master-2025\3-Datasets\img-lcm\img_dir_annotated\train\uninfected\2022_03_21_11_03_57_14_cell0009.png,0,transpose,2064,ok,0,0.0,0
train,2022_03_21_11_03_57_14,10,"(725, 1446, 786, 1507)",0.0,0,C:\Users\sthem\OneDrive\Documentos\GitHub\master-2025\3-Datasets\img-lcm\img_dir_annotated\train\uninfected\2022_03_21_11_03_57_14_cell0010.png,0,transpose,2064,ok,0,0.0,0
train,2022_03_21_11_03_57_14,11,"(777, 939, 846, 1019)",0.0,0,C:\Users\sthem\OneDrive\Documentos\GitHub\master-2025\3-Datasets\img-lcm\img_dir_annotated\train\uninfected\2022_03_21_11_03_57_14_cell0011.png,0,transpose,2064,ok,0,0.0,0
train,2022_03_21_11_03_57_14,12,"(868, 1027, 927, 1092)",0.0,0,C:\Users\sthem\OneDrive\Documentos\GitHub\master-2025\3-Datasets\img-lcm\img_dir_annotated\train\uninfected\2022_03_21_11_03_57_14_cell0012.png,0,transpose,2064,ok,0,0.0,0
train,2022_03_21_11_03_57_14,13,"(870, 870, 932, 935)",0.7112336319779462,1,C:\Users\sthem\OneDrive\Documentos\GitHub\master-2025\3-Datasets\img-lcm\img_dir_annotated\train\infected\2022_03_21_11_03_57_14_cell0013.png,0,transpose,2064,ok,1,0.6687344913151365,2695
train,2022_03_21_11_03_57_14,14,"(931, 1635, 994, 1699)",0.0,0,C:\Users\sthem\OneDrive\Documentos\GitHub\master-2025\3-Datasets\img-lcm\img_dir_annotated\train\uninfected\2022_03_21_11_03_57_14_cell0014.png,0,transpose,2064,ok,0,0.0,0
train,2022_03_21_11_03_57_14,15,"(969, 395, 1053, 456)",0.0,0,C:\Users\sthem\OneDrive\Documentos\GitHub\master-2025\3-Datasets\img-lcm\img_dir_annotated\train\uninfected\2022_03_21_11_03_57_14_cell0015.png,0,transpose,2064,ok,0,0.0,0
train,2022_03_21_11_03_57_14,16,"(1024, 2000, 1078, 2045)",0.0,0,C:\Users\sthem\OneDrive\Documentos\GitHub\master-2025\3-Datasets\img-lcm\img_dir_annotated\train\uninfected\2022_03_21_11_03_57_14_cell0016.png,0,transpose,2064,ok,0,0.0,0
train,2022_03_21_11_03_58_82,1,"(0, 1126, 52, 1210)",0.0,0,C:\Users\sthem\OneDrive\Documentos\GitHub\master-2025\3-Datasets\img-lcm\img_dir_annotated\train\uninfected\2022_03_21_11_03_58_82_cell0001.png,0,transpose,4956,ok,0,0.0,0
train,2022_03_21_11_03_58_82,2,"(0, 1293, 45, 1361)",0.0,0,C:\Users\sthem\OneDrive\Documentos\GitHub\master-2025\3-Datasets\img-lcm\img_dir_annotated\train\uninfected\2022_03_21_11_03_58_82_cell0002.png,0,transpose,4956,ok,0,0.0,0
train,2022_03_21_11_03_58_82,3,"(29, 1269, 109, 1345)",0.0,0,C:\Users\sthem\OneDrive\Documentos\GitHub\master-2025\3-Datasets\img-lcm\img_dir_annotated\train\uninfected\2022_03_21_11_03_58_82_cell0003.png,0,transpose,4956,ok,0,0.0,0
train,2022_03_21_11_03_58_82,4,"(212, 862, 279, 924)",0.5183915211970075,1,C:\Users\sthem\OneDrive\Documentos\GitHub\master-2025\3-Datasets\img-lcm\img_dir_annotated\train\infected\2022_03_21_11_03_58_82_cell0004.png,0,transpose,4956,ok,1,0.5447761194029851,2263
train,2022_03_21_11_03_58_82,5,"(340, 893, 402, 954)",0.5692677896184256,1,C:\Users\sthem\OneDrive\Documentos\GitHub\master-2025\3-Datasets\img-lcm\img_dir_annotated\train\infected\2022_03_21_11_03_58_82_cell0005.png,0,transpose,4956,ok,1,0.5933368588048652,2244
train,2022_03_21_11_03_58_82,6,"(431, 1410, 489, 1480)",0.5220025510204082,1,C:\Users\sthem\OneDrive\Documentos\GitHub\master-2025\3-Datasets\img-lcm\img_dir_annotated\train\infected\2022_03_21_11_03_58_82_cell0006.png,0,transpose,4956,ok,1,0.5450738916256158,2213
train,2022_03_21_11_03_58_82,7,"(434, 1011, 493, 1068)",0.0,0,C:\Users\sthem\OneDrive\Documentos\GitHub\master-2025\3-Datasets\img-lcm\img_dir_annotated\train\uninfected\2022_03_21_11_03_58_82_cell0007.png,0,transpose,4956,ok,0,0.0,0
train,2022_03_21_11_03_58_82,8,"(546, 208, 626, 243)",0.0,0,C:\Users\sthem\OneDrive\Documentos\GitHub\master-2025\3-Datasets\img-lcm\img_dir_annotated\train\uninfected\2022_03_21_11_03_58_82_cell0008.png,0,transpose,4956,ok,0,0.0,0
train,2022_03_21_11_03_58_82,9,"(622, 2014, 680, 2047)",0.0,0,C:\Users\sthem\OneDrive\Documentos\GitHub\master-2025\3-Datasets\img-lcm\img_dir_annotated\train\uninfected\2022_03_21_11_03_58_82_cell0009.png,0,transpose,4956,ok,0,0.0,0
train,2022_03_21_11_03_58_82,10,"(697, 527, 759, 593)",0.0,0,C:\Users\sthem\OneDrive\Documentos\GitHub\master-2025\3-Datasets\img-lcm\img_dir_annotated\train\uninfected\2022_03_21_11_03_58_82_cell0010.png,0,transpose,4956,ok,0,0.0,0
train,2022_03_21_11_03_58_82,11,"(775, 112, 851, 192)",0.0,0,C:\Users\sthem\OneDrive\Documentos\GitHub\master-2025\3-Datasets\img-lcm\img_dir_annotated\train\uninfected\2022_03_21_11_03_58_82_cell0011.png,0,transpose,4956,ok,0,0.0,0
train,2022_03_21_11_03_58_82,12,"(826, 1225, 874, 1291)",0.0,0,C:\Users\sthem\OneDrive\Documentos\GitHub\master-2025\3-Datasets\img-lcm\img_dir_annotated\train\uninfected\2022_03_21_11_03_58_82_cell0012.png,0,transpose,4956,ok,0,0.0,0
train,2022_03_21_11_03_58_82,13,"(898, 938, 966, 1017)",0.0,0,C:\Users\sthem\OneDrive\Documentos\GitHub\master-2025\3-Datasets\img-lcm\img_dir_annotated\train\uninfected\2022_03_21_11_03_58_82_cell0013.png,0,transpose,4956,ok,0,0.0,0
train,2022_03_21_11_03_58_82,14,"(918, 1432, 978, 1493)",0.0,0,C:\Users\sthem\OneDrive\Documentos\GitHub\master-2025\3-Datasets\img-lcm\img_dir_annotated\train\uninfected\2022_03_21_11_03_58_82_cell0014.png,0,transpose,4956,ok,0,0.0,0
train,2022_03_21_11_04_00_49,1,"(0, 1783, 51, 1843)",0.0,0,C:\Users\sthem\OneDrive\Documentos\GitHub\master-2025\3-Datasets\img-lcm\img_dir_annotated\train\uninfected\2022_03_21_11_04_00_49_cell0001.png,0,transpose,1998,ok,0,0.0,0
train,2022_03_21_11_04_00_49,2,"(257, 1296, 314, 1360)",0.0,0,C:\Users\sthem\OneDrive\Documentos\GitHub\master-2025\3-Datasets\img-lcm\img_dir_annotated\train\uninfected\2022_03_21_11_04_00_49_cell0002.png,0,transpose,1998,ok,0,0.0,0
train,2022_03_21_11_04_00_49,3,"(331, 784, 396, 850)",0.0,0,C:\Users\sthem\OneDrive\Documentos\GitHub\master-2025\3-Datasets\img-lcm\img_dir_annotated\train\uninfected\2022_03_21_11_04_00_49_cell0003.png,0,transpose,1998,ok,0,0.0,0
train,2022_03_21_11_04_00_49,4,"(411, 322, 421, 333)",0.0,0,C:\Users\sthem\OneDrive\Documentos\GitHub\master-2025\3-Datasets\img-lcm\img_dir_annotated\train\uninfected\2022_03_21_11_04_00_49_cell0004.png,0,transpose,1998,ok,0,0.0,0
train,2022_03_21_11_04_00_49,5,"(416, 99, 424, 107)",0.0,0,C:\Users\sthem\OneDrive\Documentos\GitHub\master-2025\3-Datasets\img-lcm\img_dir_annotated\train\uninfected\2022_03_21_11_04_00_49_cell0005.png,0,transpose,1998,ok,0,0.0,0
train,2022_03_21_11_04_00_49,6,"(416, 559, 473, 614)",0.7912871287128713,1,C:\Users\sthem\OneDrive\Documentos\GitHub\master-2025\3-Datasets\img-lcm\img_dir_annotated\train\infected\2022_03_21_11_04_00_49_cell0006.png,0,transpose,1998,ok,1,0.8108452950558214,2542
train,2022_03_21_11_04_00_49,7,"(451, 1975, 500, 2022)",0.0,0,C:\Users\sthem\OneDrive\Documentos\GitHub\master-2025\3-Datasets\img-lcm\img_dir_annotated\train\uninfected\2022_03_21_11_04_00_49_cell0007.png,0,transpose,1998,ok,0,0.0,0
train,2022_03_21_11_04_00_49,8,"(701, 1680, 775, 1747)",0.0,0,C:\Users\sthem\OneDrive\Documentos\GitHub\master-2025\3-Datasets\img-lcm\img_dir_annotated\train\uninfected\2022_03_21_11_04_00_49_cell0008.png,0,transpose,1998,ok,0,0.0,0
train,2022_03_21_11_04_00_49,9,"(730, 826, 798, 902)",0.0,0,C:\Users\sthem\OneDrive\Documentos\GitHub\master-2025\3-Datasets\img-lcm\img_dir_annotated\train\uninfected\2022_03_21_11_04_00_49_cell0009.png,0,transpose,1998,ok,0,0.0,0
train,2022_03_21_11_04_00_49,10,"(811, 229, 870, 275)",0.0,0,C:\Users\sthem\OneDrive\Documentos\GitHub\master-2025\3-Datasets\img-lcm\img_dir_annotated\train\uninfected\2022_03_21_11_04_00_49_cell0010.png,0,transpose,1998,ok,0,0.0,0
train,2022_03_21_11_04_00_49,11,"(879, 468, 942, 523)",0.0,0,C:\Users\sthem\OneDrive\Documentos\GitHub\master-2025\3-Datasets\img-lcm\img_dir_annotated\train\uninfected\2022_03_21_11_04_00_49_cell0011.png,0,transpose,1998,ok,0,0.0,0
train,2022_03_21_11_04_00_49,12,"(950, 1734, 993, 1775)",0.0,0,C:\Users\sthem\OneDrive\Documentos\GitHub\master-2025\3-Datasets\img-lcm\img_dir_annotated\train\uninfected\2022_03_21_11_04_00_49_cell0012.png,0,transpose,1998,ok,0,0.0,0
train,2022_03_21_11_04_00_49,13,"(959, 1327, 1017, 1387)",0.0,0,C:\Users\sthem\OneDrive\Documentos\GitHub\master-2025\3-Datasets\img-lcm\img_dir_annotated\train\uninfected\2022_03_21_11_04_00_49_cell0013.png,0,transpose,1998,ok,0,0.0,0
train,2022_03_21_11_04_02_16,1,"(43, 461, 141, 553)",0.0,0,C:\Users\sthem\OneDrive\Documentos\GitHub\master-2025\3-Datasets\img-lcm\img_dir_annotated\train\uninfected\2022_03_21_11_04_02_16_cell0001.png,0,transpose,5295,ok,0,0.0,0
train,2022_03_21_11_04_02_16,2,"(261, 1822, 344, 1905)",0.0,0,C:\Users\sthem\OneDrive\Documentos\GitHub\master-2025\3-Datasets\img-lcm\img_dir_annotated\train\uninfected\2022_03_21_11_04_02_16_cell0002.png,0,transpose,5295,ok,0,0.0,0
train,2022_03_21_11_04_02_16,3,"(374, 1111, 427, 1185)",0.0,0,C:\Users\sthem\OneDrive\Documentos\GitHub\master-2025\3-Datasets\img-lcm\img_dir_annotated\train\uninfected\2022_03_21_11_04_02_16_cell0003.png,0,transpose,5295,ok,0,0.0,0
train,2022_03_21_11_04_02_16,4,"(448, 1299, 502, 1371)",0.0,0,C:\Users\sthem\OneDrive\Documentos\GitHub\master-2025\3-Datasets\img-lcm\img_dir_annotated\train\uninfected\2022_03_21_11_04_02_16_cell0004.png,0,transpose,5295,ok,0,0.0,0
train,2022_03_21_11_04_02_16,5,"(454, 1013, 518, 1083)",0.0,0,C:\Users\sthem\OneDrive\Documentos\GitHub\master-2025\3-Datasets\img-lcm\img_dir_annotated\train\uninfected\2022_03_21_11_04_02_16_cell0005.png,0,transpose,5295,ok,0,0.0,0
train,2022_03_21_11_04_02_16,6,"(499, 1906, 553, 1973)",0.0,0,C:\Users\sthem\OneDrive\Documentos\GitHub\master-2025\3-Datasets\img-lcm\img_dir_annotated\train\uninfected\2022_03_21_11_04_02_16_cell0006.png,0,transpose,5295,ok,0,0.0,0
train,2022_03_21_11_04_02_16,7,"(521, 0, 584, 40)",0.0,0,C:\Users\sthem\OneDrive\Documentos\GitHub\master-2025\3-Datasets\img-lcm\img_dir_annotated\train\uninfected\2022_03_21_11_04_02_16_cell0007.png,0,transpose,5295,ok,0,0.0,0
train,2022_03_21_11_04_02_16,8,"(553, 899, 637, 991)",0.0,0,C:\Users\sthem\OneDrive\Documentos\GitHub\master-2025\3-Datasets\img-lcm\img_dir_annotated\train\uninfected\2022_03_21_11_04_02_16_cell0008.png,0,transpose,5295,ok,0,0.0,0
train,2022_03_21_11_04_02_16,9,"(623, 1649, 680, 1714)",0.768990634755463,1,C:\Users\sthem\OneDrive\Documentos\GitHub\master-2025\3-Datasets\img-lcm\img_dir_annotated\train\infected\2022_03_21_11_04_02_16_cell0009.png,0,transpose,5295,ok,1,0.7689608636977058,2849
train,2022_03_21_11_04_02_16,10,"(740, 1040, 832, 1136)",0.0,0,C:\Users\sthem\OneDrive\Documentos\GitHub\master-2025\3-Datasets\img-lcm\img_dir_annotated\train\uninfected\2022_03_21_11_04_02_16_cell0010.png,0,transpose,5295,ok,0,0.0,0
train,2022_03_21_11_04_02_16,11,"(890, 1226, 959, 1277)",0.0,0,C:\Users\sthem\OneDrive\Documentos\GitHub\master-2025\3-Datasets\img-lcm\img_dir_annotated\train\uninfected\2022_03_21_11_04_02_16_cell0011.png,0,transpose,5295,ok,0,0.0,0
train,2022_03_21_11_04_02_16,12,"(901, 1858, 946, 1925)",0.0,0,C:\Users\sthem\OneDrive\Documentos\GitHub\master-2025\3-Datasets\img-lcm\img_dir_annotated\train\uninfected\2022_03_21_11_04_02_16_cell0012.png,0,transpose,5295,ok,0,0.0,0
train,2022_03_21_11_04_02_16,13,"(964, 1090, 1003, 1133)",0.7554225878833208,1,C:\Users\sthem\OneDrive\Documentos\GitHub\master-2025\3-Datasets\img-lcm\img_dir_annotated\train\infected\2022_03_21_11_04_02_16_cell0013.png,0,transpose,5295,ok,1,0.8527131782945736,1430
train,2022_03_21_11_04_02_16,14,"(974, 1515, 1034, 1577)",0.7195546276965901,1,C:\Users\sthem\OneDrive\Documentos\GitHub\master-2025\3-Datasets\img-lcm\img_dir_annotated\train\infected\2022_03_21_11_04_02_16_cell0014.png,0,transpose,5295,ok,1,0.7244623655913979,2695
train,2022_03_21_11_04_02_16,15,"(983, 1705, 1041, 1774)",0.0,0,C:\Users\sthem\OneDrive\Documentos\GitHub\master-2025\3-Datasets\img-lcm\img_dir_annotated\train\uninfected\2022_03_21_11_04_02_16_cell0015.png,0,transpose,5295,ok,0,0.0,0
train,2022_03_21_11_04_02_16,16,"(1002, 1559, 1054, 1622)",0.0,0,C:\Users\sthem\OneDrive\Documentos\GitHub\master-2025\3-Datasets\img-lcm\img_dir_annotated\train\infected\2022_03_21_11_04_02_16_cell0016.png,0,transpose,5295,ok,1,0.13034188034188035,427
train,2022_03_21_11_04_02_16,17,"(1029, 1340, 1087, 1398)",0.0,0,C:\Users\sthem\OneDrive\Documentos\GitHub\master-2025\3-Datasets\img-lcm\img_dir_annotated\train\uninfected\2022_03_21_11_04_02_16_cell0017.png,0,transpose,5295,ok,0,0.0,0
train,2022_03_21_11_04_03_83,1,"(60, 348, 143, 409)",0.0,0,C:\Users\sthem\OneDrive\Documentos\GitHub\master-2025\3-Datasets\img-lcm\img_dir_annotated\train\uninfected\2022_03_21_11_04_03_83_cell0001.png,0,transpose,6658,ok,0,0.0,0
train,2022_03_21_11_04_03_83,2,"(178, 160, 239, 218)",0.0,0,C:\Users\sthem\OneDrive\Documentos\GitHub\master-2025\3-Datasets\img-lcm\img_dir_annotated\train\uninfected\2022_03_21_11_04_03_83_cell0002.png,0,transpose,6658,ok,0,0.0,0
train,2022_03_21_11_04_03_83,3,"(272, 1246, 340, 1337)",0.0,0,C:\Users\sthem\OneDrive\Documentos\GitHub\master-2025\3-Datasets\img-lcm\img_dir_annotated\train\uninfected\2022_03_21_11_04_03_83_cell0003.png,0,transpose,6658,ok,0,0.0,0
train,2022_03_21_11_04_03_83,4,"(302, 1804, 366, 1867)",0.0,0,C:\Users\sthem\OneDrive\Documentos\GitHub\master-2025\3-Datasets\img-lcm\img_dir_annotated\train\uninfected\2022_03_21_11_04_03_83_cell0004.png,0,transpose,6658,ok,0,0.0,0
train,2022_03_21_11_04_03_83,5,"(348, 1679, 382, 1718)",0.0,0,C:\Users\sthem\OneDrive\Documentos\GitHub\master-2025\3-Datasets\img-lcm\img_dir_annotated\train\uninfected\2022_03_21_11_04_03_83_cell0005.png,0,transpose,6658,ok,0,0.0,0
train,2022_03_21_11_04_03_83,6,"(378, 1935, 452, 2018)",0.0,0,C:\Users\sthem\OneDrive\Documentos\GitHub\master-2025\3-Datasets\img-lcm\img_dir_annotated\train\uninfected\2022_03_21_11_04_03_83_cell0006.png,0,transpose,6658,ok,0,0.0,0
train,2022_03_21_11_04_03_83,7,"(388, 1729, 440, 1787)",0.0,0,C:\Users\sthem\OneDrive\Documentos\GitHub\master-2025\3-Datasets\img-lcm\img_dir_annotated\train\uninfected\2022_03_21_11_04_03_83_cell0007.png,0,transpose,6658,ok,0,0.0,0
train,2022_03_21_11_04_03_83,8,"(400, 1637, 470, 1683)",0.0,0,C:\Users\sthem\OneDrive\Documentos\GitHub\master-2025\3-Datasets\img-lcm\img_dir_annotated\train\uninfected\2022_03_21_11_04_03_83_cell0008.png,0,transpose,6658,ok,0,0.0,0
train,2022_03_21_11_04_03_83,9,"(403, 1311, 479, 1396)",0.0,0,C:\Users\sthem\OneDrive\Documentos\GitHub\master-2025\3-Datasets\img-lcm\img_dir_annotated\train\uninfected\2022_03_21_11_04_03_83_cell0009.png,0,transpose,6658,ok,0,0.0,0
train,2022_03_21_11_04_03_83,10,"(472, 981, 533, 1041)",0.0,0,C:\Users\sthem\OneDrive\Documentos\GitHub\master-2025\3-Datasets\img-lcm\img_dir_annotated\train\uninfected\2022_03_21_11_04_03_83_cell0010.png,0,transpose,6658,ok,0,0.0,0
train,2022_03_21_11_04_03_83,11,"(545, 648, 627, 733)",0.0,0,C:\Users\sthem\OneDrive\Documentos\GitHub\master-2025\3-Datasets\img-lcm\img_dir_annotated\train\uninfected\2022_03_21_11_04_03_83_cell0011.png,0,transpose,6658,ok,0,0.0,0
train,2022_03_21_11_04_03_83,12,"(546, 75, 610, 142)",0.8872901678657075,1,C:\Users\sthem\OneDrive\Documentos\GitHub\master-2025\3-Datasets\img-lcm\img_dir_annotated\train\infected\2022_03_21_11_04_03_83_cell0012.png,0,transpose,6658,ok,1,0.8717350746268657,3738
train,2022_03_21_11_04_03_83,13,"(556, 1070, 600, 1119)",0.0,0,C:\Users\sthem\OneDrive\Documentos\GitHub\master-2025\3-Datasets\img-lcm\img_dir_annotated\train\uninfected\2022_03_21_11_04_03_83_cell0013.png,0,transpose,6658,ok,0,0.0,0
train,2022_03_21_11_04_03_83,14,"(747, 389, 811, 467)",0.9550619834710744,1,C:\Users\sthem\OneDrive\Documentos\GitHub\master-2025\3-Datasets\img-lcm\img_dir_annotated\train\infected\2022_03_21_11_04_03_83_cell0014.png,0,transpose,6658,ok,1,0.9024439102564102,4505
train,2022_03_21_11_04_03_83,15,"(750, 778, 808, 838)",0.0,0,C:\Users\sthem\OneDrive\Documentos\GitHub\master-2025\3-Datasets\img-lcm\img_dir_annotated\train\uninfected\2022_03_21_11_04_03_83_cell0015.png,0,transpose,6658,ok,0,0.0,0
train,2022_03_21_11_04_03_83,16,"(753, 1846, 822, 1920)",0.0,0,C:\Users\sthem\OneDrive\Documentos\GitHub\master-2025\3-Datasets\img-lcm\img_dir_annotated\train\uninfected\2022_03_21_11_04_03_83_cell0016.png,0,transpose,6658,ok,0,0.0,0
train,2022_03_21_11_04_03_83,17,"(844, 1310, 891, 1361)",0.0,0,C:\Users\sthem\OneDrive\Documentos\GitHub\master-2025\3-Datasets\img-lcm\img_dir_annotated\train\uninfected\2022_03_21_11_04_03_83_cell0017.png,0,transpose,6658,ok,0,0.0,0
train,2022_03_21_11_04_03_83,18,"(874, 1847, 976, 1952)",0.0,0,C:\Users\sthem\OneDrive\Documentos\GitHub\master-2025\3-Datasets\img-lcm\img_dir_annotated\train\uninfected\2022_03_21_11_04_03_83_cell0018.png,0,transpose,6658,ok,0,0.0,0
train,2022_03_21_11_04_07_18,1,"(0, 604, 9, 641)",0.0,0,C:\Users\sthem\OneDrive\Documentos\GitHub\master-2025\3-Datasets\img-lcm\img_dir_annotated\train\uninfected\2022_03_21_11_04_07_18_cell0001.png,0,transpose,4782,ok,0,0.0,0
train,2022_03_21_11_04_07_18,2,"(3, 788, 79, 851)",0.0,0,C:\Users\sthem\OneDrive\Documentos\GitHub\master-2025\3-Datasets\img-lcm\img_dir_annotated\train\uninfected\2022_03_21_11_04_07_18_cell0002.png,0,transpose,4782,ok,0,0.0,0
train,2022_03_21_11_04_07_18,3,"(75, 1856, 174, 1950)",0.0,0,C:\Users\sthem\OneDrive\Documentos\GitHub\master-2025\3-Datasets\img-lcm\img_dir_annotated\train\uninfected\2022_03_21_11_04_07_18_cell0003.png,0,transpose,4782,ok,0,0.0,0
train,2022_03_21_11_04_07_18,4,"(189, 425, 266, 477)",0.0,0,C:\Users\sthem\OneDrive\Documentos\GitHub\master-2025\3-Datasets\img-lcm\img_dir_annotated\train\uninfected\2022_03_21_11_04_07_18_cell0004.png,0,transpose,4782,ok,0,0.0,0
train,2022_03_21_11_04_07_18,5,"(202, 1056, 326, 1183)",0.0,0,C:\Users\sthem\OneDrive\Documentos\GitHub\master-2025\3-Datasets\img-lcm\img_dir_annotated\train\uninfected\2022_03_21_11_04_07_18_cell0005.png,0,transpose,4782,ok,0,0.0,0
train,2022_03_21_11_04_07_18,6,"(246, 805, 309, 867)",0.756167894905479,1,C:\Users\sthem\OneDrive\Documentos\GitHub\master-2025\3-Datasets\img-lcm\img_dir_annotated\train\infected\2022_03_21_11_04_07_18_cell0006.png,0,transpose,4782,ok,1,0.7739375320020482,3023
train,2022_03_21_11_04_07_18,7,"(283, 1030, 387, 1116)",0.0,0,C:\Users\sthem\OneDrive\Documentos\GitHub\master-2025\3-Datasets\img-lcm\img_dir_annotated\train\uninfected\2022_03_21_11_04_07_18_cell0007.png,0,transpose,4782,ok,0,0.0,0
train,2022_03_21_11_04_07_18,8,"(327, 1308, 374, 1357)",0.0,0,C:\Users\sthem\OneDrive\Documentos\GitHub\master-2025\3-Datasets\img-lcm\img_dir_annotated\train\uninfected\2022_03_21_11_04_07_18_cell0008.png,0,transpose,4782,ok,0,0.0,0
train,2022_03_21_11_04_07_18,9,"(406, 844, 507, 957)",0.0,0,C:\Users\sthem\OneDrive\Documentos\GitHub\master-2025\3-Datasets\img-lcm\img_dir_annotated\train\uninfected\2022_03_21_11_04_07_18_cell0009.png,0,transpose,4782,ok,0,0.0,0
train,2022_03_21_11_04_07_18,10,"(411, 322, 421, 333)",0.0,0,C:\Users\sthem\OneDrive\Documentos\GitHub\master-2025\3-Datasets\img-lcm\img_dir_annotated\train\uninfected\2022_03_21_11_04_07_18_cell0010.png,0,transpose,4782,ok,0,0.0,0
train,2022_03_21_11_04_07_18,11,"(471, 1316, 507, 1371)",0.0,0,C:\Users\sthem\OneDrive\Documentos\GitHub\master-2025\3-Datasets\img-lcm\img_dir_annotated\train\uninfected\2022_03_21_11_04_07_18_cell0011.png,0,transpose,4782,ok,0,0.0,0
train,2022_03_21_11_04_07_18,12,"(555, 1489, 596, 1532)",0.0,0,C:\Users\sthem\OneDrive\Documentos\GitHub\master-2025\3-Datasets\img-lcm\img_dir_annotated\train\uninfected\2022_03_21_11_04_07_18_cell0012.png,0,transpose,4782,ok,0,0.0,0
train,2022_03_21_11_04_07_18,13,"(571, 656, 689, 792)",0.0,0,C:\Users\sthem\OneDrive\Documentos\GitHub\master-2025\3-Datasets\img-lcm\img_dir_annotated\train\uninfected\2022_03_21_11_04_07_18_cell0013.png,0,transpose,4782,ok,0,0.0,0
train,2022_03_21_11_04_07_18,14,"(574, 1960, 638, 2022)",0.7990762124711316,1,C:\Users\sthem\OneDrive\Documentos\GitHub\master-2025\3-Datasets\img-lcm\img_dir_annotated\train\infected\2022_03_21_11_04_07_18_cell0014.png,0,transpose,4782,ok,1,0.7626008064516129,3026
train,2022_03_21_11_04_07_18,15,"(598, 433, 706, 523)",0.0,0,C:\Users\sthem\OneDrive\Documentos\GitHub\master-2025\3-Datasets\img-lcm\img_dir_annotated\train\uninfected\2022_03_21_11_04_07_18_cell0015.png,0,transpose,4782,ok,0,0.0,0
train,2022_03_21_11_04_07_18,16,"(699, 1312, 736, 1365)",0.0,0,C:\Users\sthem\OneDrive\Documentos\GitHub\master-2025\3-Datasets\img-lcm\img_dir_annotated\train\uninfected\2022_03_21_11_04_07_18_cell0016.png,0,transpose,4782,ok,0,0.0,0
train,2022_03_21_11_04_07_18,17,"(719, 241, 812, 333)",0.0,0,C:\Users\sthem\OneDrive\Documentos\GitHub\master-2025\3-Datasets\img-lcm\img_dir_annotated\train\uninfected\2022_03_21_11_04_07_18_cell0017.png,0,transpose,4782,ok,0,0.0,0
train,2022_03_21_11_04_07_18,18,"(756, 132, 818, 180)",0.0,0,C:\Users\sthem\OneDrive\Documentos\GitHub\master-2025\3-Datasets\img-lcm\img_dir_annotated\train\uninfected\2022_03_21_11_04_07_18_cell0018.png,0,transpose,4782,ok,0,0.0,0
train,2022_03_21_11_04_08_86,1,"(3, 231, 76, 344)",0.0,0,C:\Users\sthem\OneDrive\Documentos\GitHub\master-2025\3-Datasets\img-lcm\img_dir_annotated\train\uninfected\2022_03_21_11_04_08_86_cell0001.png,0,transpose,2605,ok,0,0.0,0
train,2022_03_21_11_04_08_86,2,"(124, 1012, 179, 1076)",0.0,0,C:\Users\sthem\OneDrive\Documentos\GitHub\master-2025\3-Datasets\img-lcm\img_dir_annotated\train\uninfected\2022_03_21_11_04_08_86_cell0002.png,0,transpose,2605,ok,0,0.0,0
train,2022_03_21_11_04_08_86,3,"(159, 911, 237, 964)",0.0,0,C:\Users\sthem\OneDrive\Documentos\GitHub\master-2025\3-Datasets\img-lcm\img_dir_annotated\train\uninfected\2022_03_21_11_04_08_86_cell0003.png,0,transpose,2605,ok,0,0.0,0
train,2022_03_21_11_04_08_86,4,"(160, 30, 253, 113)",0.0,0,C:\Users\sthem\OneDrive\Documentos\GitHub\master-2025\3-Datasets\img-lcm\img_dir_annotated\train\uninfected\2022_03_21_11_04_08_86_cell0004.png,0,transpose,2605,ok,0,0.0,0
train,2022_03_21_11_04_08_86,5,"(219, 922, 289, 988)",0.0,0,C:\Users\sthem\OneDrive\Documentos\GitHub\master-2025\3-Datasets\img-lcm\img_dir_annotated\train\uninfected\2022_03_21_11_04_08_86_cell0005.png,0,transpose,2605,ok,0,0.0,0
train,2022_03_21_11_04_08_86,6,"(253, 1128, 307, 1186)",0.0,0,C:\Users\sthem\OneDrive\Documentos\GitHub\master-2025\3-Datasets\img-lcm\img_dir_annotated\train\uninfected\2022_03_21_11_04_08_86_cell0006.png,0,transpose,2605,ok,0,0.0,0
train,2022_03_21_11_04_08_86,7,"(291, 537, 348, 592)",0.0,0,C:\Users\sthem\OneDrive\Documentos\GitHub\master-2025\3-Datasets\img-lcm\img_dir_annotated\train\uninfected\2022_03_21_11_04_08_86_cell0007.png,0,transpose,2605,ok,0,0.0,0
train,2022_03_21_11_04_08_86,8,"(303, 135, 379, 194)",0.0,0,C:\Users\sthem\OneDrive\Documentos\GitHub\master-2025\3-Datasets\img-lcm\img_dir_annotated\train\uninfected\2022_03_21_11_04_08_86_cell0008.png,0,transpose,2605,ok,0,0.0,0
train,2022_03_21_11_04_08_86,9,"(310, 96, 366, 140)",0.0,0,C:\Users\sthem\OneDrive\Documentos\GitHub\master-2025\3-Datasets\img-lcm\img_dir_annotated\train\uninfected\2022_03_21_11_04_08_86_cell0009.png,0,transpose,2605,ok,0,0.0,0
train,2022_03_21_11_04_08_86,10,"(510, 1828, 566, 1900)",0.8135540287320425,1,C:\Users\sthem\OneDrive\Documentos\GitHub\master-2025\3-Datasets\img-lcm\img_dir_annotated\train\infected\2022_03_21_11_04_08_86_cell0010.png,0,transpose,2605,ok,1,0.8102678571428571,3267
train,2022_03_21_11_04_08_86,11,"(770, 88, 874, 183)",0.0,0,C:\Users\sthem\OneDrive\Documentos\GitHub\master-2025\3-Datasets\img-lcm\img_dir_annotated\train\uninfected\2022_03_21_11_04_08_86_cell0011.png,0,transpose,2605,ok,0,0.0,0
train,2022_03_21_11_04_08_86,12,"(871, 304, 882, 318)",0.0,0,C:\Users\sthem\OneDrive\Documentos\GitHub\master-2025\3-Datasets\img-lcm\img_dir_annotated\train\uninfected\2022_03_21_11_04_08_86_cell0012.png,0,transpose,2605,ok,0,0.0,0
train,2022_03_21_11_04_08_86,13,"(910, 40, 989, 124)",0.0,0,C:\Users\sthem\OneDrive\Documentos\GitHub\master-2025\3-Datasets\img-lcm\img_dir_annotated\train\uninfected\2022_03_21_11_04_08_86_cell0013.png,0,transpose,2605,ok,0,0.0,0
train,2022_03_21_11_04_08_86,14,"(1030, 1424, 1088, 1505)",0.0,0,C:\Users\sthem\OneDrive\Documentos\GitHub\master-2025\3-Datasets\img-lcm\img_dir_annotated\train\uninfected\2022_03_21_11_04_08_86_cell0014.png,0,transpose,2605,ok,0,0.0,0
train,2022_03_21_11_04_12_21,1,"(0, 1976, 95, 2048)",0.0,0,C:\Users\sthem\OneDrive\Documentos\GitHub\master-2025\3-Datasets\img-lcm\img_dir_annotated\train\uninfected\2022_03_21_11_04_12_21_cell0001.png,0,transpose,7121,ok,0,0.0,0
train,2022_03_21_11_04_12_21,2,"(62, 724, 126, 791)",0.0,0,C:\Users\sthem\OneDrive\Documentos\GitHub\master-2025\3-Datasets\img-lcm\img_dir_annotated\train\uninfected\2022_03_21_11_04_12_21_cell0002.png,0,transpose,7121,ok,0,0.0,0
train,2022_03_21_11_04_12_21,3,"(144, 672, 215, 737)",0.0,0,C:\Users\sthem\OneDrive\Documentos\GitHub\master-2025\3-Datasets\img-lcm\img_dir_annotated\train\uninfected\2022_03_21_11_04_12_21_cell0003.png,0,transpose,7121,ok,0,0.0,0
train,2022_03_21_11_04_12_21,4,"(147, 903, 214, 953)",0.0,0,C:\Users\sthem\OneDrive\Documentos\GitHub\master-2025\3-Datasets\img-lcm\img_dir_annotated\train\uninfected\2022_03_21_11_04_12_21_cell0004.png,0,transpose,7121,ok,0,0.0,0
train,2022_03_21_11_04_12_21,5,"(223, 532, 305, 597)",0.0,0,C:\Users\sthem\OneDrive\Documentos\GitHub\master-2025\3-Datasets\img-lcm\img_dir_annotated\train\uninfected\2022_03_21_11_04_12_21_cell0005.png,0,transpose,7121,ok,0,0.0,0
train,2022_03_21_11_04_12_21,6,"(298, 1796, 357, 1854)",0.9359116022099448,1,C:\Users\sthem\OneDrive\Documentos\GitHub\master-2025\3-Datasets\img-lcm\img_dir_annotated\train\infected\2022_03_21_11_04_12_21_cell0006.png,0,transpose,7121,ok,1,0.9210987726475746,3152
train,2022_03_21_11_04_12_21,7,"(415, 99, 424, 108)",0.0,0,C:\Users\sthem\OneDrive\Documentos\GitHub\master-2025\3-Datasets\img-lcm\img_dir_annotated\train\uninfected\2022_03_21_11_04_12_21_cell0007.png,0,transpose,7121,ok,0,0.0,0
train,2022_03_21_11_04_12_21,8,"(451, 1499, 507, 1559)",1.0,1,C:\Users\sthem\OneDrive\Documentos\GitHub\master-2025\3-Datasets\img-lcm\img_dir_annotated\train\infected\2022_03_21_11_04_12_21_cell0008.png,0,transpose,7121,ok,1,0.9794642857142857,3291
train,2022_03_21_11_04_12_21,9,"(457, 859, 508, 920)",0.0,0,C:\Users\sthem\OneDrive\Documentos\GitHub\master-2025\3-Datasets\img-lcm\img_dir_annotated\train\uninfected\2022_03_21_11_04_12_21_cell0009.png,0,transpose,7121,ok,0,0.0,0
train,2022_03_21_11_04_12_21,10,"(507, 999, 556, 1042)",0.0,0,C:\Users\sthem\OneDrive\Documentos\GitHub\master-2025\3-Datasets\img-lcm\img_dir_annotated\train\uninfected\2022_03_21_11_04_12_21_cell0010.png,0,transpose,7121,ok,0,0.0,0
train,2022_03_21_11_04_12_21,11,"(530, 876, 595, 940)",0.0,0,C:\Users\sthem\OneDrive\Documentos\GitHub\master-2025\3-Datasets\img-lcm\img_dir_annotated\train\uninfected\2022_03_21_11_04_12_21_cell0011.png,0,transpose,7121,ok,0,0.0,0
train,2022_03_21_11_04_12_21,12,"(587, 616, 669, 692)",0.0,0,C:\Users\sthem\OneDrive\Documentos\GitHub\master-2025\3-Datasets\img-lcm\img_dir_annotated\train\uninfected\2022_03_21_11_04_12_21_cell0012.png,0,transpose,7121,ok,0,0.0,0
train,2022_03_21_11_04_12_21,13,"(616, 1851, 690, 1896)",0.7799153520584841,1,C:\Users\sthem\OneDrive\Documentos\GitHub\master-2025\3-Datasets\img-lcm\img_dir_annotated\train\infected\2022_03_21_11_04_12_21_cell0013.png,0,transpose,7121,ok,1,0.7675675675675676,2556
train,2022_03_21_11_04_12_21,14,"(747, 327, 816, 401)",0.0,0,C:\Users\sthem\OneDrive\Documentos\GitHub\master-2025\3-Datasets\img-lcm\img_dir_annotated\train\uninfected\2022_03_21_11_04_12_21_cell0014.png,0,transpose,7121,ok,0,0.0,0
train,2022_03_21_11_04_12_21,15,"(822, 1557, 881, 1615)",0.0,0,C:\Users\sthem\OneDrive\Documentos\GitHub\master-2025\3-Datasets\img-lcm\img_dir_annotated\train\uninfected\2022_03_21_11_04_12_21_cell0015.png,0,transpose,7121,ok,0,0.0,0
train,2022_03_21_11_04_12_21,16,"(837, 88, 906, 148)",0.0,0,C:\Users\sthem\OneDrive\Documentos\GitHub\master-2025\3-Datasets\img-lcm\img_dir_annotated\train\uninfected\2022_03_21_11_04_12_21_cell0016.png,0,transpose,7121,ok,0,0.0,0
train,2022_03_21_11_04_12_21,17,"(927, 672, 999, 731)",0.0,0,C:\Users\sthem\OneDrive\Documentos\GitHub\master-2025\3-Datasets\img-lcm\img_dir_annotated\train\uninfected\2022_03_21_11_04_12_21_cell0017.png,0,transpose,7121,ok,0,0.0,0
train,2022_03_21_11_04_13_88,1,"(7, 1207, 65, 1267)",0.8758815232722144,1,C:\Users\sthem\OneDrive\Documentos\GitHub\master-2025\3-Datasets\img-lcm\img_dir_annotated\train\infected\2022_03_21_11_04_13_88_cell0001.png,0,transpose,6169,ok,1,0.9114942528735632,3172
train,2022_03_21_11_04_13_88,2,"(67, 1443, 167, 1520)",0.0,0,C:\Users\sthem\OneDrive\Documentos\GitHub\master-2025\3-Datasets\img-lcm\img_dir_annotated\train\uninfected\2022_03_21_11_04_13_88_cell0002.png,0,transpose,6169,ok,0,0.0,0
train,2022_03_21_11_04_13_88,3,"(71, 1743, 133, 1807)",0.0,0,C:\Users\sthem\OneDrive\Documentos\GitHub\master-2025\3-Datasets\img-lcm\img_dir_annotated\train\uninfected\2022_03_21_11_04_13_88_cell0003.png,0,transpose,6169,ok,0,0.0,0
train,2022_03_21_11_04_13_88,4,"(89, 463, 143, 523)",0.0,0,C:\Users\sthem\OneDrive\Documentos\GitHub\master-2025\3-Datasets\img-lcm\img_dir_annotated\train\uninfected\2022_03_21_11_04_13_88_cell0004.png,0,transpose,6169,ok,0,0.0,0
train,2022_03_21_11_04_13_88,5,"(148, 1300, 212, 1363)",0.0,0,C:\Users\sthem\OneDrive\Documentos\GitHub\master-2025\3-Datasets\img-lcm\img_dir_annotated\train\uninfected\2022_03_21_11_04_13_88_cell0005.png,0,transpose,6169,ok,0,0.0,0
train,2022_03_21_11_04_13_88,6,"(411, 322, 421, 332)",0.0,0,C:\Users\sthem\OneDrive\Documentos\GitHub\master-2025\3-Datasets\img-lcm\img_dir_annotated\train\uninfected\2022_03_21_11_04_13_88_cell0006.png,0,transpose,6169,ok,0,0.0,0
train,2022_03_21_11_04_13_88,7,"(448, 626, 506, 669)",0.0,0,C:\Users\sthem\OneDrive\Documentos\GitHub\master-2025\3-Datasets\img-lcm\img_dir_annotated\train\uninfected\2022_03_21_11_04_13_88_cell0007.png,0,transpose,6169,ok,0,0.0,0
train,2022_03_21_11_04_13_88,8,"(484, 1821, 537, 1880)",0.0,0,C:\Users\sthem\OneDrive\Documentos\GitHub\master-2025\3-Datasets\img-lcm\img_dir_annotated\train\uninfected\2022_03_21_11_04_13_88_cell0008.png,0,transpose,6169,ok,0,0.0,0
train,2022_03_21_11_04_13_88,9,"(545, 526, 611, 609)",0.0,0,C:\Users\sthem\OneDrive\Documentos\GitHub\master-2025\3-Datasets\img-lcm\img_dir_annotated\train\uninfected\2022_03_21_11_04_13_88_cell0009.png,0,transpose,6169,ok,0,0.0,0
train,2022_03_21_11_04_13_88,10,"(650, 1471, 722, 1533)",0.0,0,C:\Users\sthem\OneDrive\Documentos\GitHub\master-2025\3-Datasets\img-lcm\img_dir_annotated\train\uninfected\2022_03_21_11_04_13_88_cell0010.png,0,transpose,6169,ok,0,0.0,0
train,2022_03_21_11_04_13_88,11,"(691, 795, 749, 856)",0.906104962513388,1,C:\Users\sthem\OneDrive\Documentos\GitHub\master-2025\3-Datasets\img-lcm\img_dir_annotated\train\infected\2022_03_21_11_04_13_88_cell0011.png,0,transpose,6169,ok,1,0.8869417750141323,3138
train,2022_03_21_11_04_13_88,12,"(741, 81, 849, 195)",0.0,0,C:\Users\sthem\OneDrive\Documentos\GitHub\master-2025\3-Datasets\img-lcm\img_dir_annotated\train\uninfected\2022_03_21_11_04_13_88_cell0012.png,0,transpose,6169,ok,0,0.0,0
train,2022_03_21_11_04_13_88,13,"(864, 1309, 928, 1369)",0.0,0,C:\Users\sthem\OneDrive\Documentos\GitHub\master-2025\3-Datasets\img-lcm\img_dir_annotated\train\uninfected\2022_03_21_11_04_13_88_cell0013.png,0,transpose,6169,ok,0,0.0,0
train,2022_03_21_11_04_13_88,14,"(879, 1043, 928, 1093)",0.0,0,C:\Users\sthem\OneDrive\Documentos\GitHub\master-2025\3-Datasets\img-lcm\img_dir_annotated\train\uninfected\2022_03_21_11_04_13_88_cell0014.png,0,transpose,6169,ok,0,0.0,0
train,2022_03_21_11_04_13_88,15,"(916, 1750, 975, 1792)",0.912751677852349,1,C:\Users\sthem\OneDrive\Documentos\GitHub\master-2025\3-Datasets\img-lcm\img_dir_annotated\train\infected\2022_03_21_11_04_13_88_cell0015.png,0,transpose,6169,ok,1,0.9297820823244553,2304
train,2022_03_21_11_04_15_55,1,"(0, 854, 59, 917)",0.0,0,C:\Users\sthem\OneDrive\Documentos\GitHub\master-2025\3-Datasets\img-lcm\img_dir_annotated\train\uninfected\2022_03_21_11_04_15_55_cell0001.png,0,id,0,empty,0,0.0,0
train,2022_03_21_11_04_15_55,2,"(0, 1500, 50, 1575)",0.0,0,C:\Users\sthem\OneDrive\Documentos\GitHub\master-2025\3-Datasets\img-lcm\img_dir_annotated\train\uninfected\2022_03_21_11_04_15_55_cell0002.png,0,id,0,empty,0,0.0,0
train,2022_03_21_11_04_15_55,3,"(0, 1937, 78, 2048)",0.0,0,C:\Users\sthem\OneDrive\Documentos\GitHub\master-2025\3-Datasets\img-lcm\img_dir_annotated\train\uninfected\2022_03_21_11_04_15_55_cell0003.png,0,id,0,empty,0,0.0,0
train,2022_03_21_11_04_15_55,4,"(8, 1102, 106, 1183)",0.0,0,C:\Users\sthem\OneDrive\Documentos\GitHub\master-2025\3-Datasets\img-lcm\img_dir_annotated\train\uninfected\2022_03_21_11_04_15_55_cell0004.png,0,id,0,empty,0,0.0,0
train,2022_03_21_11_04_15_55,5,"(66, 1920, 177, 2047)",0.0,0,C:\Users\sthem\OneDrive\Documentos\GitHub\master-2025\3-Datasets\img-lcm\img_dir_annotated\train\uninfected\2022_03_21_11_04_15_55_cell0005.png,0,id,0,empty,0,0.0,0
train,2022_03_21_11_04_15_55,6,"(68, 484, 147, 574)",0.0,0,C:\Users\sthem\OneDrive\Documentos\GitHub\master-2025\3-Datasets\img-lcm\img_dir_annotated\train\uninfected\2022_03_21_11_04_15_55_cell0006.png,0,id,0,empty,0,0.0,0
train,2022_03_21_11_04_15_55,7,"(128, 127, 179, 197)",0.0,0,C:\Users\sthem\OneDrive\Documentos\GitHub\master-2025\3-Datasets\img-lcm\img_dir_annotated\train\uninfected\2022_03_21_11_04_15_55_cell0007.png,0,id,0,empty,0,0.0,0
train,2022_03_21_11_04_15_55,8,"(140, 1384, 204, 1438)",0.0,0,C:\Users\sthem\OneDrive\Documentos\GitHub\master-2025\3-Datasets\img-lcm\img_dir_annotated\train\uninfected\2022_03_21_11_04_15_55_cell0008.png,0,id,0,empty,0,0.0,0
train,2022_03_21_11_04_15_55,9,"(148, 60, 221, 138)",0.0,0,C:\Users\sthem\OneDrive\Documentos\GitHub\master-2025\3-Datasets\img-lcm\img_dir_annotated\train\uninfected\2022_03_21_11_04_15_55_cell0009.png,0,id,0,empty,0,0.0,0
train,2022_03_21_11_04_15_55,10,"(206, 29, 266, 113)",0.0,0,C:\Users\sthem\OneDrive\Documentos\GitHub\master-2025\3-Datasets\img-lcm\img_dir_annotated\train\uninfected\2022_03_21_11_04_15_55_cell0010.png,0,id,0,empty,0,0.0,0
train,2022_03_21_11_04_15_55,11,"(422, 642, 450, 707)",0.0,0,C:\Users\sthem\OneDrive\Documentos\GitHub\master-2025\3-Datasets\img-lcm\img_dir_annotated\train\uninfected\2022_03_21_11_04_15_55_cell0011.png,0,id,0,empty,0,0.0,0
train,2022_03_21_11_04_15_55,12,"(447, 623, 504, 688)",0.0,0,C:\Users\sthem\OneDrive\Documentos\GitHub\master-2025\3-Datasets\img-lcm\img_dir_annotated\train\uninfected\2022_03_21_11_04_15_55_cell0012.png,0,id,0,empty,0,0.0,0
train,2022_03_21_11_04_15_55,13,"(527, 720, 587, 797)",0.0,0,C:\Users\sthem\OneDrive\Documentos\GitHub\master-2025\3-Datasets\img-lcm\img_dir_annotated\train\uninfected\2022_03_21_11_04_15_55_cell0013.png,0,id,0,empty,0,0.0,0
train,2022_03_21_11_04_15_55,14,"(537, 925, 604, 978)",0.0,0,C:\Users\sthem\OneDrive\Documentos\GitHub\master-2025\3-Datasets\img-lcm\img_dir_annotated\train\uninfected\2022_03_21_11_04_15_55_cell0014.png,0,id,0,empty,0,0.0,0
train,2022_03_21_11_04_15_55,15,"(543, 1790, 580, 1846)",0.0,0,C:\Users\sthem\OneDrive\Documentos\GitHub\master-2025\3-Datasets\img-lcm\img_dir_annotated\train\uninfected\2022_03_21_11_04_15_55_cell0015.png,0,id,0,empty,0,0.0,0
train,2022_03_21_11_04_15_55,16,"(615, 574, 681, 621)",0.0,0,C:\Users\sthem\OneDrive\Documentos\GitHub\master-2025\3-Datasets\img-lcm\img_dir_annotated\train\uninfected\2022_03_21_11_04_15_55_cell0016.png,0,id,0,empty,0,0.0,0
train,2022_03_21_11_04_15_55,17,"(624, 895, 678, 964)",0.0,0,C:\Users\sthem\OneDrive\Documentos\GitHub\master-2025\3-Datasets\img-lcm\img_dir_annotated\train\uninfected\2022_03_21_11_04_15_55_cell0017.png,0,id,0,empty,0,0.0,0
train,2022_03_21_11_04_15_55,18,"(626, 1130, 636, 1141)",0.0,0,C:\Users\sthem\OneDrive\Documentos\GitHub\master-2025\3-Datasets\img-lcm\img_dir_annotated\train\uninfected\2022_03_21_11_04_15_55_cell0018.png,0,id,0,empty,0,0.0,0
train,2022_03_21_11_04_15_55,19,"(689, 1710, 751, 1783)",0.0,0,C:\Users\sthem\OneDrive\Documentos\GitHub\master-2025\3-Datasets\img-lcm\img_dir_annotated\train\uninfected\2022_03_21_11_04_15_55_cell0019.png,0,id,0,empty,0,0.0,0
train,2022_03_21_11_04_15_55,20,"(812, 1089, 866, 1199)",0.0,0,C:\Users\sthem\OneDrive\Documentos\GitHub\master-2025\3-Datasets\img-lcm\img_dir_annotated\train\uninfected\2022_03_21_11_04_15_55_cell0020.png,0,id,0,empty,0,0.0,0
train,2022_03_21_11_04_15_55,21,"(864, 1347, 959, 1450)",0.0,0,C:\Users\sthem\OneDrive\Documentos\GitHub\master-2025\3-Datasets\img-lcm\img_dir_annotated\train\uninfected\2022_03_21_11_04_15_55_cell0021.png,0,id,0,empty,0,0.0,0
train,2022_03_21_11_04_15_55,22,"(893, 9, 965, 117)",0.0,0,C:\Users\sthem\OneDrive\Documentos\GitHub\master-2025\3-Datasets\img-lcm\img_dir_annotated\train\uninfected\2022_03_21_11_04_15_55_cell0022.png,0,id,0,empty,0,0.0,0
train,2022_03_21_11_04_17_23,1,"(1, 1251, 61, 1305)",0.0,0,C:\Users\sthem\OneDrive\Documentos\GitHub\master-2025\3-Datasets\img-lcm\img_dir_annotated\train\uninfected\2022_03_21_11_04_17_23_cell0001.png,0,transpose,4621,ok,0,0.0,0
train,2022_03_21_11_04_17_23,2,"(42, 1065, 88, 1129)",0.0,0,C:\Users\sthem\OneDrive\Documentos\GitHub\master-2025\3-Datasets\img-lcm\img_dir_annotated\train\uninfected\2022_03_21_11_04_17_23_cell0002.png,0,transpose,4621,ok,0,0.0,0
train,2022_03_21_11_04_17_23,3,"(135, 1867, 278, 1960)",0.0,0,C:\Users\sthem\OneDrive\Documentos\GitHub\master-2025\3-Datasets\img-lcm\img_dir_annotated\train\uninfected\2022_03_21_11_04_17_23_cell0003.png,0,transpose,4621,ok,0,0.0,0
train,2022_03_21_11_04_17_23,4,"(175, 1495, 228, 1557)",0.0,0,C:\Users\sthem\OneDrive\Documentos\GitHub\master-2025\3-Datasets\img-lcm\img_dir_annotated\train\uninfected\2022_03_21_11_04_17_23_cell0004.png,0,transpose,4621,ok,0,0.0,0
train,2022_03_21_11_04_17_23,5,"(309, 360, 383, 431)",0.0,0,C:\Users\sthem\OneDrive\Documentos\GitHub\master-2025\3-Datasets\img-lcm\img_dir_annotated\train\uninfected\2022_03_21_11_04_17_23_cell0005.png,0,transpose,4621,ok,0,0.0,0
train,2022_03_21_11_04_17_23,6,"(401, 1388, 483, 1448)",0.0,0,C:\Users\sthem\OneDrive\Documentos\GitHub\master-2025\3-Datasets\img-lcm\img_dir_annotated\train\uninfected\2022_03_21_11_04_17_23_cell0006.png,0,transpose,4621,ok,0,0.0,0
train,2022_03_21_11_04_17_23,7,"(417, 584, 466, 651)",0.0,0,C:\Users\sthem\OneDrive\Documentos\GitHub\master-2025\3-Datasets\img-lcm\img_dir_annotated\train\uninfected\2022_03_21_11_04_17_23_cell0007.png,0,transpose,4621,ok,0,0.0,0
train,2022_03_21_11_04_17_23,8,"(480, 1302, 534, 1370)",0.0,0,C:\Users\sthem\OneDrive\Documentos\GitHub\master-2025\3-Datasets\img-lcm\img_dir_annotated\train\uninfected\2022_03_21_11_04_17_23_cell0008.png,0,transpose,4621,ok,0,0.0,0
train,2022_03_21_11_04_17_23,9,"(512, 1090, 562, 1136)",0.0,0,C:\Users\sthem\OneDrive\Documentos\GitHub\master-2025\3-Datasets\img-lcm\img_dir_annotated\train\uninfected\2022_03_21_11_04_17_23_cell0009.png,0,transpose,4621,ok,0,0.0,0
train,2022_03_21_11_04_17_23,10,"(575, 414, 637, 471)",0.9981877491844872,1,C:\Users\sthem\OneDrive\Documentos\GitHub\master-2025\3-Datasets\img-lcm\img_dir_annotated\train\infected\2022_03_21_11_04_17_23_cell0010.png,0,transpose,4621,ok,1,0.9934917940011319,3511
train,2022_03_21_11_04_17_23,11,"(629, 342, 694, 420)",0.0,0,C:\Users\sthem\OneDrive\Documentos\GitHub\master-2025\3-Datasets\img-lcm\img_dir_annotated\train\uninfected\2022_03_21_11_04_17_23_cell0011.png,0,transpose,4621,ok,0,0.005719921104536489,29
train,2022_03_21_11_04_17_23,12,"(668, 1326, 724, 1377)",0.0,0,C:\Users\sthem\OneDrive\Documentos\GitHub\master-2025\3-Datasets\img-lcm\img_dir_annotated\train\uninfected\2022_03_21_11_04_17_23_cell0012.png,0,transpose,4621,ok,0,0.0,0
train,2022_03_21_11_04_17_23,13,"(740, 1320, 806, 1379)",0.6085397653194263,1,C:\Users\sthem\OneDrive\Documentos\GitHub\master-2025\3-Datasets\img-lcm\img_dir_annotated\train\infected\2022_03_21_11_04_17_23_cell0013.png,0,transpose,4621,ok,1,0.6397021058038007,2491
train,2022_03_21_11_04_17_23,14,"(759, 1658, 847, 1731)",0.0,0,C:\Users\sthem\OneDrive\Documentos\GitHub\master-2025\3-Datasets\img-lcm\img_dir_annotated\train\uninfected\2022_03_21_11_04_17_23_cell0014.png,0,transpose,4621,ok,0,0.0,0
train,2022_03_21_11_04_17_23,15,"(839, 331, 904, 401)",0.0,0,C:\Users\sthem\OneDrive\Documentos\GitHub\master-2025\3-Datasets\img-lcm\img_dir_annotated\train\uninfected\2022_03_21_11_04_17_23_cell0015.png,0,transpose,4621,ok,0,0.0,0
train,2022_03_21_11_04_17_23,16,"(915, 115, 955, 170)",0.0,0,C:\Users\sthem\OneDrive\Documentos\GitHub\master-2025\3-Datasets\img-lcm\img_dir_annotated\train\uninfected\2022_03_21_11_04_17_23_cell0016.png,0,transpose,4621,ok,0,0.0,0
train,2022_03_21_11_04_17_23,17,"(1078, 541, 1087, 570)",0.0,0,C:\Users\sthem\OneDrive\Documentos\GitHub\master-2025\3-Datasets\img-lcm\img_dir_annotated\train\uninfected\2022_03_21_11_04_17_23_cell0017.png,0,transpose,4621,ok,0,0.0,0
train,2022_03_21_11_04_18_90,1,"(16, 946, 83, 1012)",0.0,0,C:\Users\sthem\OneDrive\Documentos\GitHub\master-2025\3-Datasets\img-lcm\img_dir_annotated\train\uninfected\2022_03_21_11_04_18_90_cell0001.png,0,transpose,6711,ok,0,0.0,0
train,2022_03_21_11_04_18_90,2,"(77, 1790, 141, 1855)",0.0,0,C:\Users\sthem\OneDrive\Documentos\GitHub\master-2025\3-Datasets\img-lcm\img_dir_annotated\train\uninfected\2022_03_21_11_04_18_90_cell0002.png,0,transpose,6711,ok,0,0.0,0
train,2022_03_21_11_04_18_90,3,"(95, 693, 153, 748)",0.6629570747217806,1,C:\Users\sthem\OneDrive\Documentos\GitHub\master-2025\3-Datasets\img-lcm\img_dir_annotated\train\infected\2022_03_21_11_04_18_90_cell0003.png,0,transpose,6711,ok,1,0.6871473354231975,2192
train,2022_03_21_11_04_18_90,4,"(251, 955, 309, 1021)",0.0,0,C:\Users\sthem\OneDrive\Documentos\GitHub\master-2025\3-Datasets\img-lcm\img_dir_annotated\train\uninfected\2022_03_21_11_04_18_90_cell0004.png,0,transpose,6711,ok,0,0.0,0
train,2022_03_21_11_04_18_90,5,"(276, 1148, 327, 1201)",0.0,0,C:\Users\sthem\OneDrive\Documentos\GitHub\master-2025\3-Datasets\img-lcm\img_dir_annotated\train\uninfected\2022_03_21_11_04_18_90_cell0005.png,0,transpose,6711,ok,0,0.0,0
train,2022_03_21_11_04_18_90,6,"(415, 99, 424, 108)",0.0,0,C:\Users\sthem\OneDrive\Documentos\GitHub\master-2025\3-Datasets\img-lcm\img_dir_annotated\train\uninfected\2022_03_21_11_04_18_90_cell0006.png,0,transpose,6711,ok,0,0.0,0
train,2022_03_21_11_04_18_90,7,"(479, 1317, 542, 1385)",0.0,0,C:\Users\sthem\OneDrive\Documentos\GitHub\master-2025\3-Datasets\img-lcm\img_dir_annotated\train\uninfected\2022_03_21_11_04_18_90_cell0007.png,0,transpose,6711,ok,0,0.0,0
train,2022_03_21_11_04_18_90,8,"(562, 824, 608, 873)",0.0,0,C:\Users\sthem\OneDrive\Documentos\GitHub\master-2025\3-Datasets\img-lcm\img_dir_annotated\train\uninfected\2022_03_21_11_04_18_90_cell0008.png,0,transpose,6711,ok,0,0.0,0
train,2022_03_21_11_04_18_90,9,"(569, 579, 608, 629)",0.0,0,C:\Users\sthem\OneDrive\Documentos\GitHub\master-2025\3-Datasets\img-lcm\img_dir_annotated\train\uninfected\2022_03_21_11_04_18_90_cell0009.png,0,transpose,6711,ok,0,0.0,0
train,2022_03_21_11_04_18_90,10,"(604, 986, 669, 1053)",0.4975947083583885,1,C:\Users\sthem\OneDrive\Documentos\GitHub\master-2025\3-Datasets\img-lcm\img_dir_annotated\train\infected\2022_03_21_11_04_18_90_cell0010.png,0,transpose,6711,ok,1,0.5150401836969001,2243
train,2022_03_21_11_04_18_90,11,"(621, 2014, 684, 2047)",0.0,0,C:\Users\sthem\OneDrive\Documentos\GitHub\master-2025\3-Datasets\img-lcm\img_dir_annotated\train\uninfected\2022_03_21_11_04_18_90_cell0011.png,0,transpose,6711,ok,0,0.0,0
train,2022_03_21_11_04_18_90,12,"(832, 1671, 865, 1735)",0.0,0,C:\Users\sthem\OneDrive\Documentos\GitHub\master-2025\3-Datasets\img-lcm\img_dir_annotated\train\uninfected\2022_03_21_11_04_18_90_cell0012.png,0,transpose,6711,ok,0,0.0,0
train,2022_03_21_11_04_18_90,13,"(855, 1379, 938, 1465)",0.2951957295373665,1,C:\Users\sthem\OneDrive\Documentos\GitHub\master-2025\3-Datasets\img-lcm\img_dir_annotated\train\infected\2022_03_21_11_04_18_90_cell0013.png,0,transpose,6711,ok,1,0.31311291678341274,2235
train,2022_03_21_11_04_18_90,14,"(870, 303, 882, 319)",0.0,0,C:\Users\sthem\OneDrive\Documentos\GitHub\master-2025\3-Datasets\img-lcm\img_dir_annotated\train\uninfected\2022_03_21_11_04_18_90_cell0014.png,0,transpose,6711,ok,0,0.0,0
train,2022_03_21_11_04_18_90,15,"(887, 1497, 965, 1570)",0.0,0,C:\Users\sthem\OneDrive\Documentos\GitHub\master-2025\3-Datasets\img-lcm\img_dir_annotated\train\uninfected\2022_03_21_11_04_18_90_cell0015.png,0,transpose,6711,ok,0,0.0,0
train,2022_03_21_11_04_18_90,16,"(977, 1691, 1033, 1754)",0.0,0,C:\Users\sthem\OneDrive\Documentos\GitHub\master-2025\3-Datasets\img-lcm\img_dir_annotated\train\uninfected\2022_03_21_11_04_18_90_cell0016.png,0,transpose,6711,ok,0,0.0,0
train,2022_03_21_11_04_18_90,17,"(1013, 514, 1077, 596)",0.4215017064846416,1,C:\Users\sthem\OneDrive\Documentos\GitHub\master-2025\3-Datasets\img-lcm\img_dir_annotated\train\infected\2022_03_21_11_04_18_90_cell0017.png,0,transpose,6711,ok,1,0.44378810975609756,2329
train,2022_03_21_11_04_18_90,18,"(1061, 1289, 1088, 1358)",0.0,0,C:\Users\sthem\OneDrive\Documentos\GitHub\master-2025\3-Datasets\img-lcm\img_dir_annotated\train\uninfected\2022_03_21_11_04_18_90_cell0018.png,0,transpose,6711,ok,0,0.0,0
train,2022_03_21_11_04_20_57,1,"(192, 1904, 274, 1970)",0.0,0,C:\Users\sthem\OneDrive\Documentos\GitHub\master-2025\3-Datasets\img-lcm\img_dir_annotated\train\uninfected\2022_03_21_11_04_20_57_cell0001.png,0,transpose,2820,ok,0,0.0,0
train,2022_03_21_11_04_20_57,2,"(296, 512, 346, 571)",0.0,0,C:\Users\sthem\OneDrive\Documentos\GitHub\master-2025\3-Datasets\img-lcm\img_dir_annotated\train\uninfected\2022_03_21_11_04_20_57_cell0002.png,0,transpose,2820,ok,0,0.0,0
train,2022_03_21_11_04_20_57,3,"(541, 1974, 606, 2042)",0.0,0,C:\Users\sthem\OneDrive\Documentos\GitHub\master-2025\3-Datasets\img-lcm\img_dir_annotated\train\uninfected\2022_03_21_11_04_20_57_cell0003.png,0,transpose,2820,ok,0,0.0,0
train,2022_03_21_11_04_20_57,4,"(841, 1108, 899, 1172)",0.9922589725545392,1,C:\Users\sthem\OneDrive\Documentos\GitHub\master-2025\3-Datasets\img-lcm\img_dir_annotated\train\infected\2022_03_21_11_04_20_57_cell0004.png,0,transpose,2820,ok,1,0.9450431034482759,3508
train,2022_03_21_11_04_20_57,5,"(869, 302, 883, 320)",0.0,0,C:\Users\sthem\OneDrive\Documentos\GitHub\master-2025\3-Datasets\img-lcm\img_dir_annotated\train\uninfected\2022_03_21_11_04_20_57_cell0005.png,0,transpose,2820,ok,0,0.0,0
train,2022_03_21_11_04_20_57,6,"(935, 1770, 1000, 1828)",0.0,0,C:\Users\sthem\OneDrive\Documentos\GitHub\master-2025\3-Datasets\img-lcm\img_dir_annotated\train\uninfected\2022_03_21_11_04_20_57_cell0006.png,0,transpose,2820,ok,0,0.0,0
train,2022_03_21_11_04_20_57,7,"(1001, 1415, 1064, 1503)",0.0,0,C:\Users\sthem\OneDrive\Documentos\GitHub\master-2025\3-Datasets\img-lcm\img_dir_annotated\train\uninfected\2022_03_21_11_04_20_57_cell0007.png,0,transpose,2820,ok,0,0.0,0
train,2022_03_21_11_04_22_25,1,"(25, 1556, 95, 1615)",0.0,0,C:\Users\sthem\OneDrive\Documentos\GitHub\master-2025\3-Datasets\img-lcm\img_dir_annotated\train\uninfected\2022_03_21_11_04_22_25_cell0001.png,0,transpose,3902,ok,0,0.0,0
train,2022_03_21_11_04_22_25,2,"(50, 1830, 104, 1885)",0.0,0,C:\Users\sthem\OneDrive\Documentos\GitHub\master-2025\3-Datasets\img-lcm\img_dir_annotated\train\uninfected\2022_03_21_11_04_22_25_cell0002.png,0,transpose,3902,ok,0,0.0,0
train,2022_03_21_11_04_22_25,3,"(157, 647, 220, 701)",0.0,0,C:\Users\sthem\OneDrive\Documentos\GitHub\master-2025\3-Datasets\img-lcm\img_dir_annotated\train\uninfected\2022_03_21_11_04_22_25_cell0003.png,0,transpose,3902,ok,0,0.0,0
train,2022_03_21_11_04_22_25,4,"(167, 1161, 228, 1214)",0.0,0,C:\Users\sthem\OneDrive\Documentos\GitHub\master-2025\3-Datasets\img-lcm\img_dir_annotated\train\uninfected\2022_03_21_11_04_22_25_cell0004.png,0,transpose,3902,ok,0,0.0,0
train,2022_03_21_11_04_22_25,5,"(221, 825, 268, 870)",0.0,0,C:\Users\sthem\OneDrive\Documentos\GitHub\master-2025\3-Datasets\img-lcm\img_dir_annotated\train\uninfected\2022_03_21_11_04_22_25_cell0005.png,0,transpose,3902,ok,0,0.0,0
train,2022_03_21_11_04_22_25,6,"(426, 0, 489, 29)",0.0,0,C:\Users\sthem\OneDrive\Documentos\GitHub\master-2025\3-Datasets\img-lcm\img_dir_annotated\train\uninfected\2022_03_21_11_04_22_25_cell0006.png,0,transpose,3902,ok,0,0.0,0
train,2022_03_21_11_04_22_25,7,"(426, 1636, 533, 1718)",0.0,0,C:\Users\sthem\OneDrive\Documentos\GitHub\master-2025\3-Datasets\img-lcm\img_dir_annotated\train\uninfected\2022_03_21_11_04_22_25_cell0007.png,0,transpose,3902,ok,0,0.0,0
train,2022_03_21_11_04_22_25,8,"(456, 1303, 521, 1370)",0.0,0,C:\Users\sthem\OneDrive\Documentos\GitHub\master-2025\3-Datasets\img-lcm\img_dir_annotated\train\uninfected\2022_03_21_11_04_22_25_cell0008.png,0,transpose,3902,ok,0,0.0,0
train,2022_03_21_11_04_22_25,9,"(592, 554, 666, 591)",0.0,0,C:\Users\sthem\OneDrive\Documentos\GitHub\master-2025\3-Datasets\img-lcm\img_dir_annotated\train\uninfected\2022_03_21_11_04_22_25_cell0009.png,0,transpose,3902,ok,0,0.0,0
train,2022_03_21_11_04_22_25,10,"(621, 2013, 686, 2047)",0.0,0,C:\Users\sthem\OneDrive\Documentos\GitHub\master-2025\3-Datasets\img-lcm\img_dir_annotated\train\uninfected\2022_03_21_11_04_22_25_cell0010.png,0,transpose,3902,ok,0,0.0,0
train,2022_03_21_11_04_22_25,11,"(635, 1078, 714, 1132)",0.889387624238538,1,C:\Users\sthem\OneDrive\Documentos\GitHub\master-2025\3-Datasets\img-lcm\img_dir_annotated\train\infected\2022_03_21_11_04_22_25_cell0011.png,0,transpose,3902,ok,1,0.8436474449132677,3599
train,2022_03_21_11_04_22_25,12,"(798, 1625, 872, 1694)",0.0,0,C:\Users\sthem\OneDrive\Documentos\GitHub\master-2025\3-Datasets\img-lcm\img_dir_annotated\train\uninfected\2022_03_21_11_04_22_25_cell0012.png,0,transpose,3902,ok,0,0.0,0
train,2022_03_21_11_04_22_25,13,"(854, 317, 915, 357)",0.6110509209100758,1,C:\Users\sthem\OneDrive\Documentos\GitHub\master-2025\3-Datasets\img-lcm\img_dir_annotated\train\infected\2022_03_21_11_04_22_25_cell0013.png,0,transpose,3902,ok,1,0.648360655737705,1582
train,2022_03_21_11_04_22_25,14,"(908, 510, 976, 590)",0.0,0,C:\Users\sthem\OneDrive\Documentos\GitHub\master-2025\3-Datasets\img-lcm\img_dir_annotated\train\uninfected\2022_03_21_11_04_22_25_cell0014.png,0,transpose,3902,ok,0,0.0,0
train,2022_03_21_11_04_23_92,1,"(0, 1819, 27, 1887)",0.0,0,C:\Users\sthem\OneDrive\Documentos\GitHub\master-2025\3-Datasets\img-lcm\img_dir_annotated\train\uninfected\2022_03_21_11_04_23_92_cell0001.png,0,transpose,6575,ok,0,0.0,0
train,2022_03_21_11_04_23_92,2,"(27, 1931, 96, 1972)",0.0,0,C:\Users\sthem\OneDrive\Documentos\GitHub\master-2025\3-Datasets\img-lcm\img_dir_annotated\train\uninfected\2022_03_21_11_04_23_92_cell0002.png,0,transpose,6575,ok,0,0.0,0
train,2022_03_21_11_04_23_92,3,"(59, 974, 131, 1025)",0.0,0,C:\Users\sthem\OneDrive\Documentos\GitHub\master-2025\3-Datasets\img-lcm\img_dir_annotated\train\uninfected\2022_03_21_11_04_23_92_cell0003.png,0,transpose,6575,ok,0,0.0,0
train,2022_03_21_11_04_23_92,4,"(82, 691, 148, 741)",0.8961923847695391,1,C:\Users\sthem\OneDrive\Documentos\GitHub\master-2025\3-Datasets\img-lcm\img_dir_annotated\train\infected\2022_03_21_11_04_23_92_cell0004.png,0,transpose,6575,ok,1,0.8860606060606061,2924
train,2022_03_21_11_04_23_92,5,"(151, 55, 207, 116)",0.0,0,C:\Users\sthem\OneDrive\Documentos\GitHub\master-2025\3-Datasets\img-lcm\img_dir_annotated\train\uninfected\2022_03_21_11_04_23_92_cell0005.png,0,transpose,6575,ok,0,0.0,0
train,2022_03_21_11_04_23_92,6,"(184, 417, 258, 474)",0.0,0,C:\Users\sthem\OneDrive\Documentos\GitHub\master-2025\3-Datasets\img-lcm\img_dir_annotated\train\uninfected\2022_03_21_11_04_23_92_cell0006.png,0,transpose,6575,ok,0,0.0,0
train,2022_03_21_11_04_23_92,7,"(384, 1281, 446, 1340)",0.0,0,C:\Users\sthem\OneDrive\Documentos\GitHub\master-2025\3-Datasets\img-lcm\img_dir_annotated\train\uninfected\2022_03_21_11_04_23_92_cell0007.png,0,transpose,6575,ok,0,0.0,0
train,2022_03_21_11_04_23_92,8,"(416, 99, 424, 107)",0.0,0,C:\Users\sthem\OneDrive\Documentos\GitHub\master-2025\3-Datasets\img-lcm\img_dir_annotated\train\uninfected\2022_03_21_11_04_23_92_cell0008.png,0,transpose,6575,ok,0,0.0,0
train,2022_03_21_11_04_23_92,9,"(417, 1538, 425, 1557)",0.0,0,C:\Users\sthem\OneDrive\Documentos\GitHub\master-2025\3-Datasets\img-lcm\img_dir_annotated\train\uninfected\2022_03_21_11_04_23_92_cell0009.png,0,transpose,6575,ok,0,0.0,0
train,2022_03_21_11_04_23_92,10,"(490, 1700, 548, 1748)",0.0,0,C:\Users\sthem\OneDrive\Documentos\GitHub\master-2025\3-Datasets\img-lcm\img_dir_annotated\train\uninfected\2022_03_21_11_04_23_92_cell0010.png,0,transpose,6575,ok,0,0.0,0
train,2022_03_21_11_04_23_92,11,"(536, 1880, 578, 1919)",0.0,0,C:\Users\sthem\OneDrive\Documentos\GitHub\master-2025\3-Datasets\img-lcm\img_dir_annotated\train\uninfected\2022_03_21_11_04_23_92_cell0011.png,0,transpose,6575,ok,0,0.0,0
train,2022_03_21_11_04_23_92,12,"(545, 782, 616, 838)",0.0,0,C:\Users\sthem\OneDrive\Documentos\GitHub\master-2025\3-Datasets\img-lcm\img_dir_annotated\train\uninfected\2022_03_21_11_04_23_92_cell0012.png,0,transpose,6575,ok,0,0.0,0
train,2022_03_21_11_04_23_92,13,"(590, 1505, 661, 1563)",0.0,0,C:\Users\sthem\OneDrive\Documentos\GitHub\master-2025\3-Datasets\img-lcm\img_dir_annotated\train\uninfected\2022_03_21_11_04_23_92_cell0013.png,0,transpose,6575,ok,0,0.0,0
train,2022_03_21_11_04_23_92,14,"(626, 1131, 636, 1141)",0.0,0,C:\Users\sthem\OneDrive\Documentos\GitHub\master-2025\3-Datasets\img-lcm\img_dir_annotated\train\uninfected\2022_03_21_11_04_23_92_cell0014.png,0,transpose,6575,ok,0,0.0,0
train,2022_03_21_11_04_23_92,15,"(675, 718, 739, 791)",0.0,0,C:\Users\sthem\OneDrive\Documentos\GitHub\master-2025\3-Datasets\img-lcm\img_dir_annotated\train\uninfected\2022_03_21_11_04_23_92_cell0015.png,0,transpose,6575,ok,0,0.0,0
train,2022_03_21_11_04_23_92,16,"(721, 549, 786, 634)",0.0,0,C:\Users\sthem\OneDrive\Documentos\GitHub\master-2025\3-Datasets\img-lcm\img_dir_annotated\train\uninfected\2022_03_21_11_04_23_92_cell0016.png,0,transpose,6575,ok,0,0.0,0
train,2022_03_21_11_04_23_92,17,"(769, 1489, 818, 1539)",0.6627188465499485,1,C:\Users\sthem\OneDrive\Documentos\GitHub\master-2025\3-Datasets\img-lcm\img_dir_annotated\train\infected\2022_03_21_11_04_23_92_cell0017.png,0,transpose,6575,ok,1,0.7138775510204082,1749
train,2022_03_21_11_04_23_92,18,"(824, 2009, 886, 2048)",0.0,0,C:\Users\sthem\OneDrive\Documentos\GitHub\master-2025\3-Datasets\img-lcm\img_dir_annotated\train\uninfected\2022_03_21_11_04_23_92_cell0018.png,0,transpose,6575,ok,0,0.0,0
train,2022_03_21_11_04_23_92,19,"(879, 1591, 930, 1633)",0.0,0,C:\Users\sthem\OneDrive\Documentos\GitHub\master-2025\3-Datasets\img-lcm\img_dir_annotated\train\uninfected\2022_03_21_11_04_23_92_cell0019.png,0,transpose,6575,ok,0,0.0,0
train,2022_03_21_11_04_23_92,20,"(916, 78, 981, 146)",0.8877254217568353,1,C:\Users\sthem\OneDrive\Documentos\GitHub\master-2025\3-Datasets\img-lcm\img_dir_annotated\train\infected\2022_03_21_11_04_23_92_cell0020.png,0,transpose,6575,ok,1,0.8823529411764706,3900
train,2022_03_21_11_04_23_92,21,"(931, 1123, 1021, 1207)",0.0,0,C:\Users\sthem\OneDrive\Documentos\GitHub\master-2025\3-Datasets\img-lcm\img_dir_annotated\train\uninfected\2022_03_21_11_04_23_92_cell0021.png,0,transpose,6575,ok,0,0.0,0
train,2022_03_21_11_04_23_92,22,"(1040, 0, 1088, 61)",0.0,0,C:\Users\sthem\OneDrive\Documentos\GitHub\master-2025\3-Datasets\img-lcm\img_dir_annotated\train\uninfected\2022_03_21_11_04_23_92_cell0022.png,0,transpose,6575,ok,0,0.0,0
train,2022_03_21_11_04_27_27,1,"(0, 866, 22, 905)",0.0,0,C:\Users\sthem\OneDrive\Documentos\GitHub\master-2025\3-Datasets\img-lcm\img_dir_annotated\train\uninfected\2022_03_21_11_04_27_27_cell0001.png,0,transpose,4399,ok,0,0.0,0
train,2022_03_21_11_04_27_27,2,"(7, 1219, 63, 1277)",0.0,0,C:\Users\sthem\OneDrive\Documentos\GitHub\master-2025\3-Datasets\img-lcm\img_dir_annotated\train\uninfected\2022_03_21_11_04_27_27_cell0002.png,0,transpose,4399,ok,0,0.0,0
train,2022_03_21_11_04_27_27,3,"(58, 237, 128, 296)",0.0,0,C:\Users\sthem\OneDrive\Documentos\GitHub\master-2025\3-Datasets\img-lcm\img_dir_annotated\train\uninfected\2022_03_21_11_04_27_27_cell0003.png,0,transpose,4399,ok,0,0.0,0
train,2022_03_21_11_04_27_27,4,"(188, 157, 259, 232)",0.0,0,C:\Users\sthem\OneDrive\Documentos\GitHub\master-2025\3-Datasets\img-lcm\img_dir_annotated\train\uninfected\2022_03_21_11_04_27_27_cell0004.png,0,transpose,4399,ok,0,0.0,0
train,2022_03_21_11_04_27_27,5,"(251, 1368, 355, 1470)",0.0,0,C:\Users\sthem\OneDrive\Documentos\GitHub\master-2025\3-Datasets\img-lcm\img_dir_annotated\train\uninfected\2022_03_21_11_04_27_27_cell0005.png,0,transpose,4399,ok,0,0.0,0
train,2022_03_21_11_04_27_27,6,"(281, 474, 347, 561)",0.0,0,C:\Users\sthem\OneDrive\Documentos\GitHub\master-2025\3-Datasets\img-lcm\img_dir_annotated\train\uninfected\2022_03_21_11_04_27_27_cell0006.png,0,transpose,4399,ok,0,0.0,0
train,2022_03_21_11_04_27_27,7,"(317, 1170, 395, 1246)",0.0,0,C:\Users\sthem\OneDrive\Documentos\GitHub\master-2025\3-Datasets\img-lcm\img_dir_annotated\train\uninfected\2022_03_21_11_04_27_27_cell0007.png,0,transpose,4399,ok,0,0.0,0
train,2022_03_21_11_04_27_27,8,"(340, 1223, 439, 1329)",0.0,0,C:\Users\sthem\OneDrive\Documentos\GitHub\master-2025\3-Datasets\img-lcm\img_dir_annotated\train\uninfected\2022_03_21_11_04_27_27_cell0008.png,0,transpose,4399,ok,0,0.0,0
train,2022_03_21_11_04_27_27,9,"(375, 1412, 472, 1498)",0.0,0,C:\Users\sthem\OneDrive\Documentos\GitHub\master-2025\3-Datasets\img-lcm\img_dir_annotated\train\uninfected\2022_03_21_11_04_27_27_cell0009.png,0,transpose,4399,ok,0,0.0,0
train,2022_03_21_11_04_27_27,10,"(411, 1560, 508, 1626)",0.0,0,C:\Users\sthem\OneDrive\Documentos\GitHub\master-2025\3-Datasets\img-lcm\img_dir_annotated\train\uninfected\2022_03_21_11_04_27_27_cell0010.png,0,transpose,4399,ok,0,0.0,0
train,2022_03_21_11_04_27_27,11,"(427, 612, 497, 674)",0.8617992177314211,1,C:\Users\sthem\OneDrive\Documentos\GitHub\master-2025\3-Datasets\img-lcm\img_dir_annotated\train\infected\2022_03_21_11_04_27_27_cell0011.png,0,transpose,4399,ok,1,0.8366359447004609,3631
train,2022_03_21_11_04_27_27,12,"(442, 964, 450, 970)",0.0,0,C:\Users\sthem\OneDrive\Documentos\GitHub\master-2025\3-Datasets\img-lcm\img_dir_annotated\train\uninfected\2022_03_21_11_04_27_27_cell0012.png,0,transpose,4399,ok,0,0.0,0
train,2022_03_21_11_04_27_27,13,"(568, 1823, 646, 1861)",0.0,0,C:\Users\sthem\OneDrive\Documentos\GitHub\master-2025\3-Datasets\img-lcm\img_dir_annotated\train\uninfected\2022_03_21_11_04_27_27_cell0013.png,0,transpose,4399,ok,0,0.0,0
train,2022_03_21_11_04_27_27,14,"(610, 1193, 665, 1251)",0.0,0,C:\Users\sthem\OneDrive\Documentos\GitHub\master-2025\3-Datasets\img-lcm\img_dir_annotated\train\uninfected\2022_03_21_11_04_27_27_cell0014.png,0,transpose,4399,ok,0,0.0,0
train,2022_03_21_11_04_27_27,15,"(735, 1981, 797, 2034)",0.931528662420382,1,C:\Users\sthem\OneDrive\Documentos\GitHub\master-2025\3-Datasets\img-lcm\img_dir_annotated\train\infected\2022_03_21_11_04_27_27_cell0015.png,0,transpose,4399,ok,1,0.960438222763238,3156
train,2022_03_21_11_04_27_27,16,"(876, 132, 956, 194)",0.0,0,C:\Users\sthem\OneDrive\Documentos\GitHub\master-2025\3-Datasets\img-lcm\img_dir_annotated\train\uninfected\2022_03_21_11_04_27_27_cell0016.png,0,transpose,4399,ok,0,0.0,0
train,2022_03_21_11_04_27_27,17,"(930, 1239, 1005, 1303)",0.0,0,C:\Users\sthem\OneDrive\Documentos\GitHub\master-2025\3-Datasets\img-lcm\img_dir_annotated\train\uninfected\2022_03_21_11_04_27_27_cell0017.png,0,transpose,4399,ok,0,0.0,0
train,2022_03_21_11_04_28_94,1,"(0, 948, 57, 1008)",0.0,0,C:\Users\sthem\OneDrive\Documentos\GitHub\master-2025\3-Datasets\img-lcm\img_dir_annotated\train\uninfected\2022_03_21_11_04_28_94_cell0001.png,0,transpose,7332,ok,0,0.0,0
train,2022_03_21_11_04_28_94,2,"(32, 1, 71, 68)",0.0,0,C:\Users\sthem\OneDrive\Documentos\GitHub\master-2025\3-Datasets\img-lcm\img_dir_annotated\train\uninfected\2022_03_21_11_04_28_94_cell0002.png,0,transpose,7332,ok,0,0.0,0
train,2022_03_21_11_04_28_94,3,"(76, 1291, 177, 1405)",0.0,0,C:\Users\sthem\OneDrive\Documentos\GitHub\master-2025\3-Datasets\img-lcm\img_dir_annotated\train\uninfected\2022_03_21_11_04_28_94_cell0003.png,0,transpose,7332,ok,0,0.0,0
train,2022_03_21_11_04_28_94,4,"(190, 1337, 265, 1419)",0.0,0,C:\Users\sthem\OneDrive\Documentos\GitHub\master-2025\3-Datasets\img-lcm\img_dir_annotated\train\uninfected\2022_03_21_11_04_28_94_cell0004.png,0,transpose,7332,ok,0,0.0,0
train,2022_03_21_11_04_28_94,5,"(237, 501, 307, 577)",0.0,0,C:\Users\sthem\OneDrive\Documentos\GitHub\master-2025\3-Datasets\img-lcm\img_dir_annotated\train\uninfected\2022_03_21_11_04_28_94_cell0005.png,0,transpose,7332,ok,0,0.0,0
train,2022_03_21_11_04_28_94,6,"(247, 1197, 322, 1266)",0.0,0,C:\Users\sthem\OneDrive\Documentos\GitHub\master-2025\3-Datasets\img-lcm\img_dir_annotated\train\uninfected\2022_03_21_11_04_28_94_cell0006.png,0,transpose,7332,ok,0,0.0,0
train,2022_03_21_11_04_28_94,7,"(413, 1902, 465, 1964)",0.0,0,C:\Users\sthem\OneDrive\Documentos\GitHub\master-2025\3-Datasets\img-lcm\img_dir_annotated\train\uninfected\2022_03_21_11_04_28_94_cell0007.png,0,transpose,7332,ok,0,0.0,0
train,2022_03_21_11_04_28_94,8,"(621, 2013, 685, 2047)",0.0,0,C:\Users\sthem\OneDrive\Documentos\GitHub\master-2025\3-Datasets\img-lcm\img_dir_annotated\train\uninfected\2022_03_21_11_04_28_94_cell0008.png,0,transpose,7332,ok,0,0.0,0
train,2022_03_21_11_04_28_94,9,"(643, 942, 700, 999)",0.0,0,C:\Users\sthem\OneDrive\Documentos\GitHub\master-2025\3-Datasets\img-lcm\img_dir_annotated\train\uninfected\2022_03_21_11_04_28_94_cell0009.png,0,transpose,7332,ok,0,0.0,0
train,2022_03_21_11_04_28_94,10,"(671, 400, 742, 472)",0.0,0,C:\Users\sthem\OneDrive\Documentos\GitHub\master-2025\3-Datasets\img-lcm\img_dir_annotated\train\uninfected\2022_03_21_11_04_28_94_cell0010.png,0,transpose,7332,ok,0,0.0,0
train,2022_03_21_11_04_28_94,11,"(844, 1064, 897, 1125)",0.8938261895399134,1,C:\Users\sthem\OneDrive\Documentos\GitHub\master-2025\3-Datasets\img-lcm\img_dir_annotated\train\infected\2022_03_21_11_04_28_94_cell0011.png,0,transpose,7332,ok,1,0.8812248685431487,2849
train,2022_03_21_11_04_28_94,12,"(888, 1501, 949, 1556)",0.98668695321415,1,C:\Users\sthem\OneDrive\Documentos\GitHub\master-2025\3-Datasets\img-lcm\img_dir_annotated\train\infected\2022_03_21_11_04_28_94_cell0012.png,0,transpose,7332,ok,1,0.9833084947839046,3299
train,2022_03_21_11_04_28_94,13,"(903, 120, 976, 192)",0.0,0,C:\Users\sthem\OneDrive\Documentos\GitHub\master-2025\3-Datasets\img-lcm\img_dir_annotated\train\uninfected\2022_03_21_11_04_28_94_cell0013.png,0,transpose,7332,ok,0,0.0,0
train,2022_03_21_11_04_28_94,14,"(946, 1327, 1005, 1390)",0.0,0,C:\Users\sthem\OneDrive\Documentos\GitHub\master-2025\3-Datasets\img-lcm\img_dir_annotated\train\uninfected\2022_03_21_11_04_28_94_cell0014.png,0,transpose,7332,ok,0,0.0,0
train,2022_03_21_11_04_28_94,15,"(984, 1838, 1043, 1895)",0.947348193697156,1,C:\Users\sthem\OneDrive\Documentos\GitHub\master-2025\3-Datasets\img-lcm\img_dir_annotated\train\infected\2022_03_21_11_04_28_94_cell0015.png,0,transpose,7332,ok,1,0.9313113291703836,3132
train,2022_03_21_11_04_28_94,16,"(1009, 1049, 1071, 1113)",0.0,0,C:\Users\sthem\OneDrive\Documentos\GitHub\master-2025\3-Datasets\img-lcm\img_dir_annotated\train\uninfected\2022_03_21_11_04_28_94_cell0016.png,0,transpose,7332,ok,0,0.0,0
train,2022_03_21_11_04_30_62,1,"(26, 16, 129, 113)",0.0,0,C:\Users\sthem\OneDrive\Documentos\GitHub\master-2025\3-Datasets\img-lcm\img_dir_annotated\train\uninfected\2022_03_21_11_04_30_62_cell0001.png,0,transpose,3191,ok,0,0.0,0
train,2022_03_21_11_04_30_62,2,"(36, 387, 85, 447)",0.0,0,C:\Users\sthem\OneDrive\Documentos\GitHub\master-2025\3-Datasets\img-lcm\img_dir_annotated\train\uninfected\2022_03_21_11_04_30_62_cell0002.png,0,transpose,3191,ok,0,0.0,0
train,2022_03_21_11_04_30_62,3,"(95, 1981, 152, 2039)",0.0,0,C:\Users\sthem\OneDrive\Documentos\GitHub\master-2025\3-Datasets\img-lcm\img_dir_annotated\train\uninfected\2022_03_21_11_04_30_62_cell0003.png,0,transpose,3191,ok,0,0.0,0
train,2022_03_21_11_04_30_62,4,"(146, 1472, 210, 1538)",0.9851806112997838,1,C:\Users\sthem\OneDrive\Documentos\GitHub\master-2025\3-Datasets\img-lcm\img_dir_annotated\train\infected\2022_03_21_11_04_30_62_cell0004.png,0,transpose,3191,ok,1,0.9453125,3993
train,2022_03_21_11_04_30_62,5,"(149, 1040, 210, 1104)",0.0,0,C:\Users\sthem\OneDrive\Documentos\GitHub\master-2025\3-Datasets\img-lcm\img_dir_annotated\train\uninfected\2022_03_21_11_04_30_62_cell0005.png,0,transpose,3191,ok,0,0.0,0
train,2022_03_21_11_04_30_62,6,"(160, 1593, 198, 1651)",0.0,0,C:\Users\sthem\OneDrive\Documentos\GitHub\master-2025\3-Datasets\img-lcm\img_dir_annotated\train\uninfected\2022_03_21_11_04_30_62_cell0006.png,0,transpose,3191,ok,0,0.0,0
train,2022_03_21_11_04_30_62,7,"(207, 969, 272, 1036)",0.0,0,C:\Users\sthem\OneDrive\Documentos\GitHub\master-2025\3-Datasets\img-lcm\img_dir_annotated\train\uninfected\2022_03_21_11_04_30_62_cell0007.png,0,transpose,3191,ok,0,0.0,0
train,2022_03_21_11_04_30_62,8,"(241, 1366, 297, 1434)",0.0,0,C:\Users\sthem\OneDrive\Documentos\GitHub\master-2025\3-Datasets\img-lcm\img_dir_annotated\train\uninfected\2022_03_21_11_04_30_62_cell0008.png,0,transpose,3191,ok,0,0.0,0
train,2022_03_21_11_04_30_62,9,"(531, 359, 613, 429)",0.0,0,C:\Users\sthem\OneDrive\Documentos\GitHub\master-2025\3-Datasets\img-lcm\img_dir_annotated\train\uninfected\2022_03_21_11_04_30_62_cell0009.png,0,transpose,3191,ok,0,0.0,0
train,2022_03_21_11_04_30_62,10,"(599, 1301, 662, 1367)",0.0,0,C:\Users\sthem\OneDrive\Documentos\GitHub\master-2025\3-Datasets\img-lcm\img_dir_annotated\train\uninfected\2022_03_21_11_04_30_62_cell0010.png,0,transpose,3191,ok,0,0.0,0
train,2022_03_21_11_04_30_62,11,"(603, 1094, 674, 1152)",0.0,0,C:\Users\sthem\OneDrive\Documentos\GitHub\master-2025\3-Datasets\img-lcm\img_dir_annotated\train\uninfected\2022_03_21_11_04_30_62_cell0011.png,0,transpose,3191,ok,0,0.0,0
train,2022_03_21_11_04_30_62,12,"(604, 473, 668, 530)",0.0,0,C:\Users\sthem\OneDrive\Documentos\GitHub\master-2025\3-Datasets\img-lcm\img_dir_annotated\train\uninfected\2022_03_21_11_04_30_62_cell0012.png,0,transpose,3191,ok,0,0.0,0
train,2022_03_21_11_04_30_62,13,"(695, 443, 798, 541)",0.0,0,C:\Users\sthem\OneDrive\Documentos\GitHub\master-2025\3-Datasets\img-lcm\img_dir_annotated\train\uninfected\2022_03_21_11_04_30_62_cell0013.png,0,transpose,3191,ok,0,0.0,0
train,2022_03_21_11_04_30_62,14,"(700, 1938, 746, 1993)",0.0,0,C:\Users\sthem\OneDrive\Documentos\GitHub\master-2025\3-Datasets\img-lcm\img_dir_annotated\train\uninfected\2022_03_21_11_04_30_62_cell0014.png,0,transpose,3191,ok,0,0.0,0
train,2022_03_21_11_04_30_62,15,"(734, 557, 786, 617)",0.0,0,C:\Users\sthem\OneDrive\Documentos\GitHub\master-2025\3-Datasets\img-lcm\img_dir_annotated\train\uninfected\2022_03_21_11_04_30_62_cell0015.png,0,transpose,3191,ok,0,0.0,0
train,2022_03_21_11_04_30_62,16,"(859, 1739, 902, 1808)",0.0,0,C:\Users\sthem\OneDrive\Documentos\GitHub\master-2025\3-Datasets\img-lcm\img_dir_annotated\train\uninfected\2022_03_21_11_04_30_62_cell0016.png,0,transpose,3191,ok,0,0.0,0
train,2022_03_21_11_04_30_62,17,"(949, 1768, 1010, 1841)",0.0,0,C:\Users\sthem\OneDrive\Documentos\GitHub\master-2025\3-Datasets\img-lcm\img_dir_annotated\train\uninfected\2022_03_21_11_04_30_62_cell0017.png,0,transpose,3191,ok,0,0.0,0
train,2022_03_21_11_04_30_62,18,"(952, 529, 1008, 601)",0.0,0,C:\Users\sthem\OneDrive\Documentos\GitHub\master-2025\3-Datasets\img-lcm\img_dir_annotated\train\uninfected\2022_03_21_11_04_30_62_cell0018.png,0,transpose,3191,ok,0,0.0,0
train,2022_03_21_11_04_33_96,1,"(0, 71, 46, 129)",0.0,0,C:\Users\sthem\OneDrive\Documentos\GitHub\master-2025\3-Datasets\img-lcm\img_dir_annotated\train\uninfected\2022_03_21_11_04_33_96_cell0001.png,0,id,0,empty,0,0.0,0
train,2022_03_21_11_04_33_96,2,"(0, 1034, 40, 1094)",0.0,0,C:\Users\sthem\OneDrive\Documentos\GitHub\master-2025\3-Datasets\img-lcm\img_dir_annotated\train\uninfected\2022_03_21_11_04_33_96_cell0002.png,0,id,0,empty,0,0.0,0
train,2022_03_21_11_04_33_96,3,"(80, 1159, 159, 1245)",0.0,0,C:\Users\sthem\OneDrive\Documentos\GitHub\master-2025\3-Datasets\img-lcm\img_dir_annotated\train\uninfected\2022_03_21_11_04_33_96_cell0003.png,0,id,0,empty,0,0.0,0
train,2022_03_21_11_04_33_96,4,"(159, 422, 213, 470)",0.0,0,C:\Users\sthem\OneDrive\Documentos\GitHub\master-2025\3-Datasets\img-lcm\img_dir_annotated\train\uninfected\2022_03_21_11_04_33_96_cell0004.png,0,id,0,empty,0,0.0,0
train,2022_03_21_11_04_33_96,5,"(172, 42, 246, 93)",0.0,0,C:\Users\sthem\OneDrive\Documentos\GitHub\master-2025\3-Datasets\img-lcm\img_dir_annotated\train\uninfected\2022_03_21_11_04_33_96_cell0005.png,0,id,0,empty,0,0.0,0
train,2022_03_21_11_04_33_96,6,"(176, 1837, 241, 1908)",0.0,0,C:\Users\sthem\OneDrive\Documentos\GitHub\master-2025\3-Datasets\img-lcm\img_dir_annotated\train\uninfected\2022_03_21_11_04_33_96_cell0006.png,0,id,0,empty,0,0.0,0
train,2022_03_21_11_04_33_96,7,"(363, 1466, 419, 1510)",0.0,0,C:\Users\sthem\OneDrive\Documentos\GitHub\master-2025\3-Datasets\img-lcm\img_dir_annotated\train\uninfected\2022_03_21_11_04_33_96_cell0007.png,0,id,0,empty,0,0.0,0
train,2022_03_21_11_04_33_96,8,"(417, 991, 488, 1025)",0.0,0,C:\Users\sthem\OneDrive\Documentos\GitHub\master-2025\3-Datasets\img-lcm\img_dir_annotated\train\uninfected\2022_03_21_11_04_33_96_cell0008.png,0,id,0,empty,0,0.0,0
train,2022_03_21_11_04_33_96,9,"(479, 1958, 552, 2026)",0.0,0,C:\Users\sthem\OneDrive\Documentos\GitHub\master-2025\3-Datasets\img-lcm\img_dir_annotated\train\uninfected\2022_03_21_11_04_33_96_cell0009.png,0,id,0,empty,0,0.0,0
train,2022_03_21_11_04_33_96,10,"(507, 1, 565, 23)",0.0,0,C:\Users\sthem\OneDrive\Documentos\GitHub\master-2025\3-Datasets\img-lcm\img_dir_annotated\train\uninfected\2022_03_21_11_04_33_96_cell0010.png,0,id,0,empty,0,0.0,0
train,2022_03_21_11_04_33_96,11,"(514, 1581, 604, 1654)",0.0,0,C:\Users\sthem\OneDrive\Documentos\GitHub\master-2025\3-Datasets\img-lcm\img_dir_annotated\train\uninfected\2022_03_21_11_04_33_96_cell0011.png,0,id,0,empty,0,0.0,0
train,2022_03_21_11_04_33_96,12,"(573, 843, 622, 898)",0.0,0,C:\Users\sthem\OneDrive\Documentos\GitHub\master-2025\3-Datasets\img-lcm\img_dir_annotated\train\uninfected\2022_03_21_11_04_33_96_cell0012.png,0,id,0,empty,0,0.0,0
train,2022_03_21_11_04_33_96,13,"(582, 1433, 679, 1500)",0.0,0,C:\Users\sthem\OneDrive\Documentos\GitHub\master-2025\3-Datasets\img-lcm\img_dir_annotated\train\uninfected\2022_03_21_11_04_33_96_cell0013.png,0,id,0,empty,0,0.0,0
train,2022_03_21_11_04_33_96,14,"(614, 1904, 676, 1963)",0.0,0,C:\Users\sthem\OneDrive\Documentos\GitHub\master-2025\3-Datasets\img-lcm\img_dir_annotated\train\uninfected\2022_03_21_11_04_33_96_cell0014.png,0,id,0,empty,0,0.0,0
train,2022_03_21_11_04_33_96,15,"(636, 1615, 705, 1686)",0.0,0,C:\Users\sthem\OneDrive\Documentos\GitHub\master-2025\3-Datasets\img-lcm\img_dir_annotated\train\uninfected\2022_03_21_11_04_33_96_cell0015.png,0,id,0,empty,0,0.0,0
train,2022_03_21_11_04_33_96,16,"(691, 829, 782, 891)",0.0,0,C:\Users\sthem\OneDrive\Documentos\GitHub\master-2025\3-Datasets\img-lcm\img_dir_annotated\train\uninfected\2022_03_21_11_04_33_96_cell0016.png,0,id,0,empty,0,0.0,0
train,2022_03_21_11_04_33_96,17,"(718, 632, 776, 695)",0.0,0,C:\Users\sthem\OneDrive\Documentos\GitHub\master-2025\3-Datasets\img-lcm\img_dir_annotated\train\uninfected\2022_03_21_11_04_33_96_cell0017.png,0,id,0,empty,0,0.0,0
train,2022_03_21_11_04_33_96,18,"(722, 2011, 783, 2048)",0.0,0,C:\Users\sthem\OneDrive\Documentos\GitHub\master-2025\3-Datasets\img-lcm\img_dir_annotated\train\uninfected\2022_03_21_11_04_33_96_cell0018.png,0,id,0,empty,0,0.0,0
train,2022_03_21_11_04_33_96,19,"(753, 1335, 848, 1421)",0.0,0,C:\Users\sthem\OneDrive\Documentos\GitHub\master-2025\3-Datasets\img-lcm\img_dir_annotated\train\uninfected\2022_03_21_11_04_33_96_cell0019.png,0,id,0,empty,0,0.0,0
train,2022_03_21_11_04_33_96,20,"(810, 892, 895, 968)",0.0,0,C:\Users\sthem\OneDrive\Documentos\GitHub\master-2025\3-Datasets\img-lcm\img_dir_annotated\train\uninfected\2022_03_21_11_04_33_96_cell0020.png,0,id,0,empty,0,0.0,0
train,2022_03_21_11_04_33_96,21,"(824, 1185, 913, 1271)",0.0,0,C:\Users\sthem\OneDrive\Documentos\GitHub\master-2025\3-Datasets\img-lcm\img_dir_annotated\train\uninfected\2022_03_21_11_04_33_96_cell0021.png,0,id,0,empty,0,0.0,0
train,2022_03_21_11_04_33_96,22,"(824, 1382, 910, 1447)",0.0,0,C:\Users\sthem\OneDrive\Documentos\GitHub\master-2025\3-Datasets\img-lcm\img_dir_annotated\train\uninfected\2022_03_21_11_04_33_96_cell0022.png,0,id,0,empty,0,0.0,0
train,2022_03_21_11_04_33_96,23,"(869, 302, 883, 319)",0.0,0,C:\Users\sthem\OneDrive\Documentos\GitHub\master-2025\3-Datasets\img-lcm\img_dir_annotated\train\uninfected\2022_03_21_11_04_33_96_cell0023.png,0,id,0,empty,0,0.0,0
train,2022_03_21_11_04_33_96,24,"(903, 506, 975, 587)",0.0,0,C:\Users\sthem\OneDrive\Documentos\GitHub\master-2025\3-Datasets\img-lcm\img_dir_annotated\train\uninfected\2022_03_21_11_04_33_96_cell0024.png,0,id,0,empty,0,0.0,0
train,2022_03_21_11_04_33_96,25,"(927, 1409, 1001, 1491)",0.0,0,C:\Users\sthem\OneDrive\Documentos\GitHub\master-2025\3-Datasets\img-lcm\img_dir_annotated\train\uninfected\2022_03_21_11_04_33_96_cell0025.png,0,id,0,empty,0,0.0,0
train,2022_03_21_11_04_33_96,26,"(939, 987, 1012, 1081)",0.0,0,C:\Users\sthem\OneDrive\Documentos\GitHub\master-2025\3-Datasets\img-lcm\img_dir_annotated\train\uninfected\2022_03_21_11_04_33_96_cell0026.png,0,id,0,empty,0,0.0,0
train,2022_03_21_11_04_33_96,27,"(1012, 810, 1065, 881)",0.0,0,C:\Users\sthem\OneDrive\Documentos\GitHub\master-2025\3-Datasets\img-lcm\img_dir_annotated\train\uninfected\2022_03_21_11_04_33_96_cell0027.png,0,id,0,empty,0,0.0,0
train,2022_03_21_11_04_33_96,28,"(1024, 1115, 1088, 1213)",0.0,0,C:\Users\sthem\OneDrive\Documentos\GitHub\master-2025\3-Datasets\img-lcm\img_dir_annotated\train\uninfected\2022_03_21_11_04_33_96_cell0028.png,0,id,0,empty,0,0.0,0
train,2022_03_21_11_04_35_64,1,"(0, 1270, 53, 1339)",0.0,0,C:\Users\sthem\OneDrive\Documentos\GitHub\master-2025\3-Datasets\img-lcm\img_dir_annotated\train\uninfected\2022_03_21_11_04_35_64_cell0001.png,0,transpose,2422,ok,0,0.0,0
train,2022_03_21_11_04_35_64,2,"(79, 355, 147, 424)",0.0,0,C:\Users\sthem\OneDrive\Documentos\GitHub\master-2025\3-Datasets\img-lcm\img_dir_annotated\train\uninfected\2022_03_21_11_04_35_64_cell0002.png,0,transpose,2422,ok,0,0.0,0
train,2022_03_21_11_04_35_64,3,"(136, 684, 191, 740)",0.0,0,C:\Users\sthem\OneDrive\Documentos\GitHub\master-2025\3-Datasets\img-lcm\img_dir_annotated\train\uninfected\2022_03_21_11_04_35_64_cell0003.png,0,transpose,2422,ok,0,0.0,0
train,2022_03_21_11_04_35_64,4,"(184, 1507, 228, 1565)",0.0,0,C:\Users\sthem\OneDrive\Documentos\GitHub\master-2025\3-Datasets\img-lcm\img_dir_annotated\train\uninfected\2022_03_21_11_04_35_64_cell0004.png,0,transpose,2422,ok,0,0.0,0
train,2022_03_21_11_04_35_64,5,"(212, 505, 274, 571)",0.7611565053425519,1,C:\Users\sthem\OneDrive\Documentos\GitHub\master-2025\3-Datasets\img-lcm\img_dir_annotated\train\infected\2022_03_21_11_04_35_64_cell0005.png,0,transpose,2422,ok,1,0.7541544477028348,3086
train,2022_03_21_11_04_35_64,6,"(225, 829, 295, 892)",0.0,0,C:\Users\sthem\OneDrive\Documentos\GitHub\master-2025\3-Datasets\img-lcm\img_dir_annotated\train\uninfected\2022_03_21_11_04_35_64_cell0006.png,0,transpose,2422,ok,0,0.0,0
train,2022_03_21_11_04_35_64,7,"(260, 164, 331, 239)",0.0,0,C:\Users\sthem\OneDrive\Documentos\GitHub\master-2025\3-Datasets\img-lcm\img_dir_annotated\train\uninfected\2022_03_21_11_04_35_64_cell0007.png,0,transpose,2422,ok,0,0.0,0
train,2022_03_21_11_04_35_64,8,"(371, 132, 436, 179)",0.0,0,C:\Users\sthem\OneDrive\Documentos\GitHub\master-2025\3-Datasets\img-lcm\img_dir_annotated\train\uninfected\2022_03_21_11_04_35_64_cell0008.png,0,transpose,2422,ok,0,0.0,0
train,2022_03_21_11_04_35_64,9,"(490, 98, 576, 186)",0.0,0,C:\Users\sthem\OneDrive\Documentos\GitHub\master-2025\3-Datasets\img-lcm\img_dir_annotated\train\uninfected\2022_03_21_11_04_35_64_cell0009.png,0,transpose,2422,ok,0,0.0,0
train,2022_03_21_11_04_35_64,10,"(585, 1, 641, 67)",0.0,0,C:\Users\sthem\OneDrive\Documentos\GitHub\master-2025\3-Datasets\img-lcm\img_dir_annotated\train\uninfected\2022_03_21_11_04_35_64_cell0010.png,0,transpose,2422,ok,0,0.0,0
train,2022_03_21_11_04_35_64,11,"(600, 1187, 672, 1243)",0.0,0,C:\Users\sthem\OneDrive\Documentos\GitHub\master-2025\3-Datasets\img-lcm\img_dir_annotated\train\uninfected\2022_03_21_11_04_35_64_cell0011.png,0,transpose,2422,ok,0,0.0,0
train,2022_03_21_11_04_35_64,12,"(618, 2012, 687, 2048)",0.0,0,C:\Users\sthem\OneDrive\Documentos\GitHub\master-2025\3-Datasets\img-lcm\img_dir_annotated\train\uninfected\2022_03_21_11_04_35_64_cell0012.png,0,transpose,2422,ok,0,0.0,0
train,2022_03_21_11_04_35_64,13,"(675, 384, 738, 442)",0.0,0,C:\Users\sthem\OneDrive\Documentos\GitHub\master-2025\3-Datasets\img-lcm\img_dir_annotated\train\uninfected\2022_03_21_11_04_35_64_cell0013.png,0,transpose,2422,ok,0,0.0,0
train,2022_03_21_11_04_35_64,14,"(801, 1152, 874, 1222)",0.0,0,C:\Users\sthem\OneDrive\Documentos\GitHub\master-2025\3-Datasets\img-lcm\img_dir_annotated\train\uninfected\2022_03_21_11_04_35_64_cell0014.png,0,transpose,2422,ok,0,0.0,0
train,2022_03_21_11_04_35_64,15,"(831, 289, 887, 345)",0.0,0,C:\Users\sthem\OneDrive\Documentos\GitHub\master-2025\3-Datasets\img-lcm\img_dir_annotated\train\uninfected\2022_03_21_11_04_35_64_cell0015.png,0,transpose,2422,ok,0,0.0,0
train,2022_03_21_11_04_35_64,16,"(842, 1476, 903, 1531)",0.0,0,C:\Users\sthem\OneDrive\Documentos\GitHub\master-2025\3-Datasets\img-lcm\img_dir_annotated\train\uninfected\2022_03_21_11_04_35_64_cell0016.png,0,transpose,2422,ok,0,0.0,0
train,2022_03_21_11_04_35_64,17,"(946, 1819, 1021, 1885)",0.0,0,C:\Users\sthem\OneDrive\Documentos\GitHub\master-2025\3-Datasets\img-lcm\img_dir_annotated\train\uninfected\2022_03_21_11_04_35_64_cell0017.png,0,transpose,2422,ok,0,0.0,0
train,2022_03_21_11_04_35_64,18,"(1026, 473, 1073, 543)",0.0,0,C:\Users\sthem\OneDrive\Documentos\GitHub\master-2025\3-Datasets\img-lcm\img_dir_annotated\train\uninfected\2022_03_21_11_04_35_64_cell0018.png,0,transpose,2422,ok,0,0.0,0
train,2022_03_21_11_04_35_64,19,"(1032, 81, 1088, 138)",0.0,0,C:\Users\sthem\OneDrive\Documentos\GitHub\master-2025\3-Datasets\img-lcm\img_dir_annotated\train\uninfected\2022_03_21_11_04_35_64_cell0019.png,0,transpose,2422,ok,0,0.0,0
train,2022_03_21_11_04_35_64,20,"(1037, 1850, 1086, 1916)",0.0,0,C:\Users\sthem\OneDrive\Documentos\GitHub\master-2025\3-Datasets\img-lcm\img_dir_annotated\train\uninfected\2022_03_21_11_04_35_64_cell0020.png,0,transpose,2422,ok,0,0.0,0
train,2022_03_21_11_04_37_31,1,"(0, 876, 35, 936)",0.0,0,C:\Users\sthem\OneDrive\Documentos\GitHub\master-2025\3-Datasets\img-lcm\img_dir_annotated\train\uninfected\2022_03_21_11_04_37_31_cell0001.png,0,transpose,8562,ok,0,0.0,0
train,2022_03_21_11_04_37_31,2,"(65, 426, 162, 550)",0.0,0,C:\Users\sthem\OneDrive\Documentos\GitHub\master-2025\3-Datasets\img-lcm\img_dir_annotated\train\uninfected\2022_03_21_11_04_37_31_cell0002.png,0,transpose,8562,ok,0,0.0,0
train,2022_03_21_11_04_37_31,3,"(92, 690, 117, 743)",0.0,0,C:\Users\sthem\OneDrive\Documentos\GitHub\master-2025\3-Datasets\img-lcm\img_dir_annotated\train\uninfected\2022_03_21_11_04_37_31_cell0003.png,0,transpose,8562,ok,0,0.0,0
train,2022_03_21_11_04_37_31,4,"(175, 1654, 224, 1719)",0.0,0,C:\Users\sthem\OneDrive\Documentos\GitHub\master-2025\3-Datasets\img-lcm\img_dir_annotated\train\uninfected\2022_03_21_11_04_37_31_cell0004.png,0,transpose,8562,ok,0,0.0,0
train,2022_03_21_11_04_37_31,5,"(188, 1286, 262, 1348)",0.0,0,C:\Users\sthem\OneDrive\Documentos\GitHub\master-2025\3-Datasets\img-lcm\img_dir_annotated\train\uninfected\2022_03_21_11_04_37_31_cell0005.png,0,transpose,8562,ok,0,0.0,0
train,2022_03_21_11_04_37_31,6,"(277, 975, 356, 1060)",0.0,0,C:\Users\sthem\OneDrive\Documentos\GitHub\master-2025\3-Datasets\img-lcm\img_dir_annotated\train\uninfected\2022_03_21_11_04_37_31_cell0006.png,0,transpose,8562,ok,0,0.0,0
train,2022_03_21_11_04_37_31,7,"(281, 1899, 340, 1961)",0.880695652173913,1,C:\Users\sthem\OneDrive\Documentos\GitHub\master-2025\3-Datasets\img-lcm\img_dir_annotated\train\infected\2022_03_21_11_04_37_31_cell0007.png,0,transpose,8562,ok,1,0.8810825587752871,3223
train,2022_03_21_11_04_37_31,8,"(287, 558, 350, 595)",0.0,0,C:\Users\sthem\OneDrive\Documentos\GitHub\master-2025\3-Datasets\img-lcm\img_dir_annotated\train\uninfected\2022_03_21_11_04_37_31_cell0008.png,0,transpose,8562,ok,0,0.0,0
train,2022_03_21_11_04_37_31,9,"(309, 1, 364, 57)",0.8024839743589743,1,C:\Users\sthem\OneDrive\Documentos\GitHub\master-2025\3-Datasets\img-lcm\img_dir_annotated\train\infected\2022_03_21_11_04_37_31_cell0009.png,0,transpose,8562,ok,1,0.8386363636363636,2583
train,2022_03_21_11_04_37_31,10,"(373, 1958, 443, 2023)",0.0,0,C:\Users\sthem\OneDrive\Documentos\GitHub\master-2025\3-Datasets\img-lcm\img_dir_annotated\train\uninfected\2022_03_21_11_04_37_31_cell0010.png,0,transpose,8562,ok,0,0.0,0
train,2022_03_21_11_04_37_31,11,"(411, 323, 421, 332)",0.0,0,C:\Users\sthem\OneDrive\Documentos\GitHub\master-2025\3-Datasets\img-lcm\img_dir_annotated\train\uninfected\2022_03_21_11_04_37_31_cell0011.png,0,transpose,8562,ok,0,0.0,0
train,2022_03_21_11_04_37_31,12,"(469, 949, 518, 1010)",0.0,0,C:\Users\sthem\OneDrive\Documentos\GitHub\master-2025\3-Datasets\img-lcm\img_dir_annotated\train\uninfected\2022_03_21_11_04_37_31_cell0012.png,0,transpose,8562,ok,0,0.0,0
train,2022_03_21_11_04_37_31,13,"(551, 757, 603, 827)",0.0,0,C:\Users\sthem\OneDrive\Documentos\GitHub\master-2025\3-Datasets\img-lcm\img_dir_annotated\train\uninfected\2022_03_21_11_04_37_31_cell0013.png,0,transpose,8562,ok,0,0.0,0
train,2022_03_21_11_04_37_31,14,"(693, 842, 757, 911)",0.0,0,C:\Users\sthem\OneDrive\Documentos\GitHub\master-2025\3-Datasets\img-lcm\img_dir_annotated\train\uninfected\2022_03_21_11_04_37_31_cell0014.png,0,transpose,8562,ok,0,0.0,0
train,2022_03_21_11_04_37_31,15,"(755, 1944, 817, 2001)",0.9179658500371196,1,C:\Users\sthem\OneDrive\Documentos\GitHub\master-2025\3-Datasets\img-lcm\img_dir_annotated\train\infected\2022_03_21_11_04_37_31_cell0015.png,0,transpose,8562,ok,1,0.9340690435766836,3301
train,2022_03_21_11_04_37_31,16,"(789, 388, 846, 442)",0.0,0,C:\Users\sthem\OneDrive\Documentos\GitHub\master-2025\3-Datasets\img-lcm\img_dir_annotated\train\uninfected\2022_03_21_11_04_37_31_cell0016.png,0,transpose,8562,ok,0,0.0,0
train,2022_03_21_11_04_37_31,17,"(826, 1429, 927, 1526)",0.0,0,C:\Users\sthem\OneDrive\Documentos\GitHub\master-2025\3-Datasets\img-lcm\img_dir_annotated\train\uninfected\2022_03_21_11_04_37_31_cell0017.png,0,transpose,8562,ok,0,0.0,0
train,2022_03_21_11_04_37_31,18,"(900, 1581, 992, 1636)",0.0,0,C:\Users\sthem\OneDrive\Documentos\GitHub\master-2025\3-Datasets\img-lcm\img_dir_annotated\train\uninfected\2022_03_21_11_04_37_31_cell0018.png,0,transpose,8562,ok,0,0.0,0
train,2022_03_21_11_04_37_31,19,"(1036, 496, 1088, 552)",0.7275280898876404,1,C:\Users\sthem\OneDrive\Documentos\GitHub\master-2025\3-Datasets\img-lcm\img_dir_annotated\train\infected\2022_03_21_11_04_37_31_cell0019.png,0,transpose,8562,ok,1,0.7633928571428571,2223
train,2022_03_21_11_04_37_31,20,"(1048, 1776, 1088, 1855)",0.0,0,C:\Users\sthem\OneDrive\Documentos\GitHub\master-2025\3-Datasets\img-lcm\img_dir_annotated\train\uninfected\2022_03_21_11_04_37_31_cell0020.png,0,transpose,8562,ok,0,0.0,0
train,2022_03_21_11_04_38_98,1,"(0, 1224, 36, 1287)",0.0,0,C:\Users\sthem\OneDrive\Documentos\GitHub\master-2025\3-Datasets\img-lcm\img_dir_annotated\train\uninfected\2022_03_21_11_04_38_98_cell0001.png,0,transpose,2249,ok,0,0.0,0
train,2022_03_21_11_04_38_98,2,"(111, 142, 169, 204)",0.0,0,C:\Users\sthem\OneDrive\Documentos\GitHub\master-2025\3-Datasets\img-lcm\img_dir_annotated\train\uninfected\2022_03_21_11_04_38_98_cell0002.png,0,transpose,2249,ok,0,0.0,0
train,2022_03_21_11_04_38_98,3,"(144, 622, 208, 698)",0.0,0,C:\Users\sthem\OneDrive\Documentos\GitHub\master-2025\3-Datasets\img-lcm\img_dir_annotated\train\uninfected\2022_03_21_11_04_38_98_cell0003.png,0,transpose,2249,ok,0,0.0,0
train,2022_03_21_11_04_38_98,4,"(355, 604, 412, 665)",0.8410620792819745,1,C:\Users\sthem\OneDrive\Documentos\GitHub\master-2025\3-Datasets\img-lcm\img_dir_annotated\train\infected\2022_03_21_11_04_38_98_cell0004.png,0,transpose,2249,ok,1,0.8377911993097498,2913
train,2022_03_21_11_04_38_98,5,"(396, 483, 447, 549)",0.0,0,C:\Users\sthem\OneDrive\Documentos\GitHub\master-2025\3-Datasets\img-lcm\img_dir_annotated\train\uninfected\2022_03_21_11_04_38_98_cell0005.png,0,transpose,2249,ok,0,0.0,0
train,2022_03_21_11_04_38_98,6,"(415, 99, 424, 108)",0.0,0,C:\Users\sthem\OneDrive\Documentos\GitHub\master-2025\3-Datasets\img-lcm\img_dir_annotated\train\uninfected\2022_03_21_11_04_38_98_cell0006.png,0,transpose,2249,ok,0,0.0,0
train,2022_03_21_11_04_38_98,7,"(457, 62, 464, 70)",0.0,0,C:\Users\sthem\OneDrive\Documentos\GitHub\master-2025\3-Datasets\img-lcm\img_dir_annotated\train\uninfected\2022_03_21_11_04_38_98_cell0007.png,0,transpose,2249,ok,0,0.0,0
train,2022_03_21_11_04_38_98,8,"(482, 545, 534, 603)",0.0,0,C:\Users\sthem\OneDrive\Documentos\GitHub\master-2025\3-Datasets\img-lcm\img_dir_annotated\train\uninfected\2022_03_21_11_04_38_98_cell0008.png,0,transpose,2249,ok,0,0.0,0
train,2022_03_21_11_04_38_98,9,"(582, 807, 646, 887)",0.0,0,C:\Users\sthem\OneDrive\Documentos\GitHub\master-2025\3-Datasets\img-lcm\img_dir_annotated\train\uninfected\2022_03_21_11_04_38_98_cell0009.png,0,transpose,2249,ok,0,0.0,0
train,2022_03_21_11_04_38_98,10,"(701, 200, 766, 270)",0.0,0,C:\Users\sthem\OneDrive\Documentos\GitHub\master-2025\3-Datasets\img-lcm\img_dir_annotated\train\uninfected\2022_03_21_11_04_38_98_cell0010.png,0,transpose,2249,ok,0,0.0,0
train,2022_03_21_11_04_38_98,11,"(725, 1358, 786, 1424)",0.0,0,C:\Users\sthem\OneDrive\Documentos\GitHub\master-2025\3-Datasets\img-lcm\img_dir_annotated\train\uninfected\2022_03_21_11_04_38_98_cell0011.png,0,transpose,2249,ok,0,0.0,0
train,2022_03_21_11_04_38_98,12,"(735, 1651, 792, 1713)",0.0,0,C:\Users\sthem\OneDrive\Documentos\GitHub\master-2025\3-Datasets\img-lcm\img_dir_annotated\train\uninfected\2022_03_21_11_04_38_98_cell0012.png,0,transpose,2249,ok,0,0.0,0
train,2022_03_21_11_04_38_98,13,"(769, 332, 835, 394)",0.0,0,C:\Users\sthem\OneDrive\Documentos\GitHub\master-2025\3-Datasets\img-lcm\img_dir_annotated\train\uninfected\2022_03_21_11_04_38_98_cell0013.png,0,transpose,2249,ok,0,0.0,0
train,2022_03_21_11_04_38_98,14,"(806, 1743, 867, 1802)",0.0,0,C:\Users\sthem\OneDrive\Documentos\GitHub\master-2025\3-Datasets\img-lcm\img_dir_annotated\train\uninfected\2022_03_21_11_04_38_98_cell0014.png,0,transpose,2249,ok,0,0.0,0
train,2022_03_21_11_04_38_98,15,"(856, 1836, 903, 1889)",0.0,0,C:\Users\sthem\OneDrive\Documentos\GitHub\master-2025\3-Datasets\img-lcm\img_dir_annotated\train\uninfected\2022_03_21_11_04_38_98_cell0015.png,0,transpose,2249,ok,0,0.0,0
train,2022_03_21_11_04_38_98,16,"(948, 1923, 1016, 2025)",0.0,0,C:\Users\sthem\OneDrive\Documentos\GitHub\master-2025\3-Datasets\img-lcm\img_dir_annotated\train\uninfected\2022_03_21_11_04_38_98_cell0016.png,0,transpose,2249,ok,0,0.0,0
train,2022_03_21_11_04_38_98,17,"(967, 1695, 1030, 1758)",0.0,0,C:\Users\sthem\OneDrive\Documentos\GitHub\master-2025\3-Datasets\img-lcm\img_dir_annotated\train\uninfected\2022_03_21_11_04_38_98_cell0017.png,0,transpose,2249,ok,0,0.0,0
train,2022_03_21_11_04_40_66,1,"(30, 1000, 104, 1063)",0.0,0,C:\Users\sthem\OneDrive\Documentos\GitHub\master-2025\3-Datasets\img-lcm\img_dir_annotated\train\uninfected\2022_03_21_11_04_40_66_cell0001.png,0,transpose,2949,ok,0,0.0,0
train,2022_03_21_11_04_40_66,2,"(103, 0, 167, 42)",0.0,0,C:\Users\sthem\OneDrive\Documentos\GitHub\master-2025\3-Datasets\img-lcm\img_dir_annotated\train\uninfected\2022_03_21_11_04_40_66_cell0002.png,0,transpose,2949,ok,0,0.0,0
train,2022_03_21_11_04_40_66,3,"(233, 1835, 288, 1898)",0.5569875151026984,1,C:\Users\sthem\OneDrive\Documentos\GitHub\master-2025\3-Datasets\img-lcm\img_dir_annotated\train\infected\2022_03_21_11_04_40_66_cell0003.png,0,transpose,2949,ok,1,0.5694083694083694,1973
train,2022_03_21_11_04_40_66,4,"(265, 815, 336, 880)",0.0,0,C:\Users\sthem\OneDrive\Documentos\GitHub\master-2025\3-Datasets\img-lcm\img_dir_annotated\train\uninfected\2022_03_21_11_04_40_66_cell0004.png,0,transpose,2949,ok,0,0.0,0
train,2022_03_21_11_04_40_66,5,"(294, 415, 366, 478)",0.0,0,C:\Users\sthem\OneDrive\Documentos\GitHub\master-2025\3-Datasets\img-lcm\img_dir_annotated\train\uninfected\2022_03_21_11_04_40_66_cell0005.png,0,transpose,2949,ok,0,0.0,0
train,2022_03_21_11_04_40_66,6,"(369, 454, 443, 531)",0.0,0,C:\Users\sthem\OneDrive\Documentos\GitHub\master-2025\3-Datasets\img-lcm\img_dir_annotated\train\uninfected\2022_03_21_11_04_40_66_cell0006.png,0,transpose,2949,ok,0,0.0,0
train,2022_03_21_11_04_40_66,7,"(416, 99, 424, 107)",0.0,0,C:\Users\sthem\OneDrive\Documentos\GitHub\master-2025\3-Datasets\img-lcm\img_dir_annotated\train\uninfected\2022_03_21_11_04_40_66_cell0007.png,0,transpose,2949,ok,0,0.0,0
train,2022_03_21_11_04_40_66,8,"(548, 809, 609, 878)",0.0,0,C:\Users\sthem\OneDrive\Documentos\GitHub\master-2025\3-Datasets\img-lcm\img_dir_annotated\train\uninfected\2022_03_21_11_04_40_66_cell0008.png,0,transpose,2949,ok,0,0.0,0
train,2022_03_21_11_04_40_66,9,"(703, 1805, 733, 1868)",0.0,0,C:\Users\sthem\OneDrive\Documentos\GitHub\master-2025\3-Datasets\img-lcm\img_dir_annotated\train\uninfected\2022_03_21_11_04_40_66_cell0009.png,0,transpose,2949,ok,0,0.0,0
train,2022_03_21_11_04_40_66,10,"(776, 744, 820, 814)",0.0,0,C:\Users\sthem\OneDrive\Documentos\GitHub\master-2025\3-Datasets\img-lcm\img_dir_annotated\train\uninfected\2022_03_21_11_04_40_66_cell0010.png,0,transpose,2949,ok,0,0.0,0
train,2022_03_21_11_04_40_66,11,"(777, 1209, 843, 1254)",0.684739833843463,1,C:\Users\sthem\OneDrive\Documentos\GitHub\master-2025\3-Datasets\img-lcm\img_dir_annotated\train\infected\2022_03_21_11_04_40_66_cell0011.png,0,transpose,2949,ok,1,0.697979797979798,2073
train,2022_03_21_11_04_40_66,12,"(778, 328, 842, 390)",0.0,0,C:\Users\sthem\OneDrive\Documentos\GitHub\master-2025\3-Datasets\img-lcm\img_dir_annotated\train\uninfected\2022_03_21_11_04_40_66_cell0012.png,0,transpose,2949,ok,0,0.0,0
train,2022_03_21_11_04_40_66,13,"(841, 1483, 906, 1533)",0.0,0,C:\Users\sthem\OneDrive\Documentos\GitHub\master-2025\3-Datasets\img-lcm\img_dir_annotated\train\uninfected\2022_03_21_11_04_40_66_cell0013.png,0,transpose,2949,ok,0,0.0,0
train,2022_03_21_11_04_40_66,14,"(963, 1158, 1012, 1217)",0.0,0,C:\Users\sthem\OneDrive\Documentos\GitHub\master-2025\3-Datasets\img-lcm\img_dir_annotated\train\uninfected\2022_03_21_11_04_40_66_cell0014.png,0,transpose,2949,ok,0,0.0,0
train,2022_03_21_11_04_40_66,15,"(1046, 1203, 1088, 1255)",0.0,0,C:\Users\sthem\OneDrive\Documentos\GitHub\master-2025\3-Datasets\img-lcm\img_dir_annotated\train\uninfected\2022_03_21_11_04_40_66_cell0015.png,0,transpose,2949,ok,0,0.0,0
train,2022_03_21_11_04_42_34,1,"(0, 105, 23, 165)",0.0,0,C:\Users\sthem\OneDrive\Documentos\GitHub\master-2025\3-Datasets\img-lcm\img_dir_annotated\train\uninfected\2022_03_21_11_04_42_34_cell0001.png,0,transpose,2910,ok,0,0.0,0
train,2022_03_21_11_04_42_34,2,"(229, 1559, 295, 1626)",0.0,0,C:\Users\sthem\OneDrive\Documentos\GitHub\master-2025\3-Datasets\img-lcm\img_dir_annotated\train\uninfected\2022_03_21_11_04_42_34_cell0002.png,0,transpose,2910,ok,0,0.0,0
train,2022_03_21_11_04_42_34,3,"(348, 248, 410, 306)",0.0,0,C:\Users\sthem\OneDrive\Documentos\GitHub\master-2025\3-Datasets\img-lcm\img_dir_annotated\train\uninfected\2022_03_21_11_04_42_34_cell0003.png,0,transpose,2910,ok,0,0.0,0
train,2022_03_21_11_04_42_34,4,"(488, 1143, 553, 1208)",0.0,0,C:\Users\sthem\OneDrive\Documentos\GitHub\master-2025\3-Datasets\img-lcm\img_dir_annotated\train\uninfected\2022_03_21_11_04_42_34_cell0004.png,0,transpose,2910,ok,0,0.0,0
train,2022_03_21_11_04_42_34,5,"(539, 30, 580, 83)",0.0,0,C:\Users\sthem\OneDrive\Documentos\GitHub\master-2025\3-Datasets\img-lcm\img_dir_annotated\train\uninfected\2022_03_21_11_04_42_34_cell0005.png,0,transpose,2910,ok,0,0.0,0
train,2022_03_21_11_04_42_34,6,"(546, 390, 653, 528)",0.0,0,C:\Users\sthem\OneDrive\Documentos\GitHub\master-2025\3-Datasets\img-lcm\img_dir_annotated\train\uninfected\2022_03_21_11_04_42_34_cell0006.png,0,transpose,2910,ok,0,0.0,0
train,2022_03_21_11_04_42_34,7,"(675, 897, 735, 967)",0.0,0,C:\Users\sthem\OneDrive\Documentos\GitHub\master-2025\3-Datasets\img-lcm\img_dir_annotated\train\uninfected\2022_03_21_11_04_42_34_cell0007.png,0,transpose,2910,ok,0,0.0,0
train,2022_03_21_11_04_42_34,8,"(722, 1523, 792, 1589)",0.0,0,C:\Users\sthem\OneDrive\Documentos\GitHub\master-2025\3-Datasets\img-lcm\img_dir_annotated\train\uninfected\2022_03_21_11_04_42_34_cell0008.png,0,transpose,2910,ok,0,0.0,0
train,2022_03_21_11_04_42_34,9,"(990, 690, 1048, 763)",0.891271056661562,1,C:\Users\sthem\OneDrive\Documentos\GitHub\master-2025\3-Datasets\img-lcm\img_dir_annotated\train\infected\2022_03_21_11_04_42_34_cell0009.png,0,transpose,2910,ok,1,0.8431743032593293,3570
train,2022_03_21_11_04_44_01,1,"(0, 447, 31, 510)",0.0,0,C:\Users\sthem\OneDrive\Documentos\GitHub\master-2025\3-Datasets\img-lcm\img_dir_annotated\train\uninfected\2022_03_21_11_04_44_01_cell0001.png,0,id,0,empty,0,0.0,0
train,2022_03_21_11_04_44_01,2,"(44, 95, 101, 140)",0.0,0,C:\Users\sthem\OneDrive\Documentos\GitHub\master-2025\3-Datasets\img-lcm\img_dir_annotated\train\uninfected\2022_03_21_11_04_44_01_cell0002.png,0,id,0,empty,0,0.0,0
train,2022_03_21_11_04_44_01,3,"(164, 1326, 236, 1389)",0.0,0,C:\Users\sthem\OneDrive\Documentos\GitHub\master-2025\3-Datasets\img-lcm\img_dir_annotated\train\uninfected\2022_03_21_11_04_44_01_cell0003.png,0,id,0,empty,0,0.0,0
train,2022_03_21_11_04_44_01,4,"(320, 100, 385, 166)",0.0,0,C:\Users\sthem\OneDrive\Documentos\GitHub\master-2025\3-Datasets\img-lcm\img_dir_annotated\train\uninfected\2022_03_21_11_04_44_01_cell0004.png,0,id,0,empty,0,0.0,0
train,2022_03_21_11_04_44_01,5,"(465, 1681, 527, 1741)",0.0,0,C:\Users\sthem\OneDrive\Documentos\GitHub\master-2025\3-Datasets\img-lcm\img_dir_annotated\train\uninfected\2022_03_21_11_04_44_01_cell0005.png,0,id,0,empty,0,0.0,0
train,2022_03_21_11_04_44_01,6,"(468, 450, 538, 522)",0.0,0,C:\Users\sthem\OneDrive\Documentos\GitHub\master-2025\3-Datasets\img-lcm\img_dir_annotated\train\uninfected\2022_03_21_11_04_44_01_cell0006.png,0,id,0,empty,0,0.0,0
train,2022_03_21_11_04_44_01,7,"(638, 1780, 703, 1829)",0.0,0,C:\Users\sthem\OneDrive\Documentos\GitHub\master-2025\3-Datasets\img-lcm\img_dir_annotated\train\uninfected\2022_03_21_11_04_44_01_cell0007.png,0,id,0,empty,0,0.0,0
train,2022_03_21_11_04_44_01,8,"(729, 543, 812, 617)",0.0,0,C:\Users\sthem\OneDrive\Documentos\GitHub\master-2025\3-Datasets\img-lcm\img_dir_annotated\train\uninfected\2022_03_21_11_04_44_01_cell0008.png,0,id,0,empty,0,0.0,0
train,2022_03_21_11_04_44_01,9,"(785, 118, 855, 197)",0.0,0,C:\Users\sthem\OneDrive\Documentos\GitHub\master-2025\3-Datasets\img-lcm\img_dir_annotated\train\uninfected\2022_03_21_11_04_44_01_cell0009.png,0,id,0,empty,0,0.0,0
train,2022_03_21_11_04_44_01,10,"(886, 951, 953, 1019)",0.0,0,C:\Users\sthem\OneDrive\Documentos\GitHub\master-2025\3-Datasets\img-lcm\img_dir_annotated\train\uninfected\2022_03_21_11_04_44_01_cell0010.png,0,id,0,empty,0,0.0,0
train,2022_03_21_11_04_44_01,11,"(937, 1869, 1020, 1958)",0.0,0,C:\Users\sthem\OneDrive\Documentos\GitHub\master-2025\3-Datasets\img-lcm\img_dir_annotated\train\uninfected\2022_03_21_11_04_44_01_cell0011.png,0,id,0,empty,0,0.0,0
train,2022_03_21_11_04_45_68,1,"(178, 540, 252, 597)",0.0,0,C:\Users\sthem\OneDrive\Documentos\GitHub\master-2025\3-Datasets\img-lcm\img_dir_annotated\train\uninfected\2022_03_21_11_04_45_68_cell0001.png,0,transpose,6199,ok,0,0.0,0
train,2022_03_21_11_04_45_68,2,"(180, 1110, 240, 1184)",0.9065714285714286,1,C:\Users\sthem\OneDrive\Documentos\GitHub\master-2025\3-Datasets\img-lcm\img_dir_annotated\train\infected\2022_03_21_11_04_45_68_cell0002.png,0,transpose,6199,ok,1,0.8713963963963964,3869
train,2022_03_21_11_04_45_68,3,"(438, 719, 497, 765)",0.0,0,C:\Users\sthem\OneDrive\Documentos\GitHub\master-2025\3-Datasets\img-lcm\img_dir_annotated\train\uninfected\2022_03_21_11_04_45_68_cell0003.png,0,transpose,6199,ok,0,0.0,0
train,2022_03_21_11_04_45_68,4,"(550, 1255, 611, 1314)",0.0,0,C:\Users\sthem\OneDrive\Documentos\GitHub\master-2025\3-Datasets\img-lcm\img_dir_annotated\train\uninfected\2022_03_21_11_04_45_68_cell0004.png,0,transpose,6199,ok,0,0.0,0
train,2022_03_21_11_04_45_68,5,"(622, 2011, 685, 2047)",0.0,0,C:\Users\sthem\OneDrive\Documentos\GitHub\master-2025\3-Datasets\img-lcm\img_dir_annotated\train\uninfected\2022_03_21_11_04_45_68_cell0005.png,0,transpose,6199,ok,0,0.0,0
train,2022_03_21_11_04_45_68,6,"(662, 419, 738, 490)",0.0,0,C:\Users\sthem\OneDrive\Documentos\GitHub\master-2025\3-Datasets\img-lcm\img_dir_annotated\train\uninfected\2022_03_21_11_04_45_68_cell0006.png,0,transpose,6199,ok,0,0.0,0
train,2022_03_21_11_04_45_68,7,"(662, 738, 717, 795)",0.0,0,C:\Users\sthem\OneDrive\Documentos\GitHub\master-2025\3-Datasets\img-lcm\img_dir_annotated\train\uninfected\2022_03_21_11_04_45_68_cell0007.png,0,transpose,6199,ok,0,0.0,0
train,2022_03_21_11_04_45_68,8,"(692, 1700, 742, 1750)",0.0,0,C:\Users\sthem\OneDrive\Documentos\GitHub\master-2025\3-Datasets\img-lcm\img_dir_annotated\train\uninfected\2022_03_21_11_04_45_68_cell0008.png,0,transpose,6199,ok,0,0.0,0
train,2022_03_21_11_04_45_68,9,"(817, 1229, 877, 1277)",0.0,0,C:\Users\sthem\OneDrive\Documentos\GitHub\master-2025\3-Datasets\img-lcm\img_dir_annotated\train\uninfected\2022_03_21_11_04_45_68_cell0009.png,0,transpose,6199,ok,0,0.0,0
train,2022_03_21_11_04_45_68,10,"(885, 27, 948, 95)",0.923405553860238,1,C:\Users\sthem\OneDrive\Documentos\GitHub\master-2025\3-Datasets\img-lcm\img_dir_annotated\train\infected\2022_03_21_11_04_45_68_cell0010.png,0,transpose,6199,ok,1,0.8933239962651728,3827
train,2022_03_21_11_04_45_68,11,"(952, 716, 1020, 772)",0.0,0,C:\Users\sthem\OneDrive\Documentos\GitHub\master-2025\3-Datasets\img-lcm\img_dir_annotated\train\uninfected\2022_03_21_11_04_45_68_cell0011.png,0,transpose,6199,ok,0,0.0,0
train,2022_03_21_11_04_45_68,12,"(1004, 1150, 1067, 1218)",0.0,0,C:\Users\sthem\OneDrive\Documentos\GitHub\master-2025\3-Datasets\img-lcm\img_dir_annotated\train\uninfected\2022_03_21_11_04_45_68_cell0012.png,0,transpose,6199,ok,0,0.0,0
train,2022_03_21_11_04_47_35,1,"(143, 1037, 200, 1095)",0.0,0,C:\Users\sthem\OneDrive\Documentos\GitHub\master-2025\3-Datasets\img-lcm\img_dir_annotated\train\uninfected\2022_03_21_11_04_47_35_cell0001.png,0,id,0,empty,0,0.0,0
train,2022_03_21_11_04_47_35,2,"(235, 528, 342, 603)",0.0,0,C:\Users\sthem\OneDrive\Documentos\GitHub\master-2025\3-Datasets\img-lcm\img_dir_annotated\train\uninfected\2022_03_21_11_04_47_35_cell0002.png,0,id,0,empty,0,0.0,0
train,2022_03_21_11_04_47_35,3,"(338, 1424, 388, 1495)",0.0,0,C:\Users\sthem\OneDrive\Documentos\GitHub\master-2025\3-Datasets\img-lcm\img_dir_annotated\train\uninfected\2022_03_21_11_04_47_35_cell0003.png,0,id,0,empty,0,0.0,0
train,2022_03_21_11_04_47_35,4,"(373, 1595, 430, 1659)",0.0,0,C:\Users\sthem\OneDrive\Documentos\GitHub\master-2025\3-Datasets\img-lcm\img_dir_annotated\train\uninfected\2022_03_21_11_04_47_35_cell0004.png,0,id,0,empty,0,0.0,0
train,2022_03_21_11_04_47_35,5,"(467, 1108, 538, 1171)",0.0,0,C:\Users\sthem\OneDrive\Documentos\GitHub\master-2025\3-Datasets\img-lcm\img_dir_annotated\train\uninfected\2022_03_21_11_04_47_35_cell0005.png,0,id,0,empty,0,0.0,0
train,2022_03_21_11_04_47_35,6,"(662, 122, 726, 197)",0.0,0,C:\Users\sthem\OneDrive\Documentos\GitHub\master-2025\3-Datasets\img-lcm\img_dir_annotated\train\uninfected\2022_03_21_11_04_47_35_cell0006.png,0,id,0,empty,0,0.0,0
train,2022_03_21_11_04_47_35,7,"(725, 1905, 784, 1980)",0.0,0,C:\Users\sthem\OneDrive\Documentos\GitHub\master-2025\3-Datasets\img-lcm\img_dir_annotated\train\uninfected\2022_03_21_11_04_47_35_cell0007.png,0,id,0,empty,0,0.0,0
train,2022_03_21_11_04_47_35,8,"(780, 717, 843, 772)",0.0,0,C:\Users\sthem\OneDrive\Documentos\GitHub\master-2025\3-Datasets\img-lcm\img_dir_annotated\train\uninfected\2022_03_21_11_04_47_35_cell0008.png,0,id,0,empty,0,0.0,0
train,2022_03_21_11_04_47_35,9,"(814, 1297, 874, 1350)",0.0,0,C:\Users\sthem\OneDrive\Documentos\GitHub\master-2025\3-Datasets\img-lcm\img_dir_annotated\train\uninfected\2022_03_21_11_04_47_35_cell0009.png,0,id,0,empty,0,0.0,0
train,2022_03_21_11_04_47_35,10,"(828, 1915, 899, 1975)",0.0,0,C:\Users\sthem\OneDrive\Documentos\GitHub\master-2025\3-Datasets\img-lcm\img_dir_annotated\train\uninfected\2022_03_21_11_04_47_35_cell0010.png,0,id,0,empty,0,0.0,0
train,2022_03_21_11_04_47_35,11,"(893, 209, 957, 284)",0.0,0,C:\Users\sthem\OneDrive\Documentos\GitHub\master-2025\3-Datasets\img-lcm\img_dir_annotated\train\uninfected\2022_03_21_11_04_47_35_cell0011.png,0,id,0,empty,0,0.0,0
train,2022_03_21_11_04_47_35,12,"(1028, 1567, 1077, 1627)",0.0,0,C:\Users\sthem\OneDrive\Documentos\GitHub\master-2025\3-Datasets\img-lcm\img_dir_annotated\train\uninfected\2022_03_21_11_04_47_35_cell0012.png,0,id,0,empty,0,0.0,0
train,2022_03_21_11_04_49_03,1,"(109, 1847, 173, 1902)",0.0,0,C:\Users\sthem\OneDrive\Documentos\GitHub\master-2025\3-Datasets\img-lcm\img_dir_annotated\train\uninfected\2022_03_21_11_04_49_03_cell0001.png,0,transpose,3054,ok,0,0.0,0
train,2022_03_21_11_04_49_03,2,"(113, 1154, 155, 1228)",0.0,0,C:\Users\sthem\OneDrive\Documentos\GitHub\master-2025\3-Datasets\img-lcm\img_dir_annotated\train\uninfected\2022_03_21_11_04_49_03_cell0002.png,0,transpose,3054,ok,0,0.0,0
train,2022_03_21_11_04_49_03,3,"(288, 1194, 354, 1258)",0.0,0,C:\Users\sthem\OneDrive\Documentos\GitHub\master-2025\3-Datasets\img-lcm\img_dir_annotated\train\uninfected\2022_03_21_11_04_49_03_cell0003.png,0,transpose,3054,ok,0,0.0,0
train,2022_03_21_11_04_49_03,4,"(313, 187, 356, 257)",0.0,0,C:\Users\sthem\OneDrive\Documentos\GitHub\master-2025\3-Datasets\img-lcm\img_dir_annotated\train\uninfected\2022_03_21_11_04_49_03_cell0004.png,0,transpose,3054,ok,0,0.0,0
train,2022_03_21_11_04_49_03,5,"(392, 654, 469, 709)",0.0,0,C:\Users\sthem\OneDrive\Documentos\GitHub\master-2025\3-Datasets\img-lcm\img_dir_annotated\train\uninfected\2022_03_21_11_04_49_03_cell0005.png,0,transpose,3054,ok,0,0.0,0
train,2022_03_21_11_04_49_03,6,"(445, 963, 496, 1022)",0.0,0,C:\Users\sthem\OneDrive\Documentos\GitHub\master-2025\3-Datasets\img-lcm\img_dir_annotated\train\uninfected\2022_03_21_11_04_49_03_cell0006.png,0,transpose,3054,ok,0,0.0,0
train,2022_03_21_11_04_49_03,7,"(512, 1607, 563, 1665)",0.6068493150684932,1,C:\Users\sthem\OneDrive\Documentos\GitHub\master-2025\3-Datasets\img-lcm\img_dir_annotated\train\infected\2022_03_21_11_04_49_03_cell0007.png,0,transpose,3054,ok,1,0.645368492224476,1909
train,2022_03_21_11_04_49_03,8,"(554, 1182, 617, 1238)",0.0,0,C:\Users\sthem\OneDrive\Documentos\GitHub\master-2025\3-Datasets\img-lcm\img_dir_annotated\train\uninfected\2022_03_21_11_04_49_03_cell0008.png,0,transpose,3054,ok,0,0.0,0
train,2022_03_21_11_04_49_03,9,"(569, 836, 627, 896)",0.0,0,C:\Users\sthem\OneDrive\Documentos\GitHub\master-2025\3-Datasets\img-lcm\img_dir_annotated\train\uninfected\2022_03_21_11_04_49_03_cell0009.png,0,transpose,3054,ok,0,0.0,0
train,2022_03_21_11_04_49_03,10,"(606, 425, 678, 486)",0.5143112701252236,1,C:\Users\sthem\OneDrive\Documentos\GitHub\master-2025\3-Datasets\img-lcm\img_dir_annotated\train\infected\2022_03_21_11_04_49_03_cell0010.png,0,transpose,3054,ok,1,0.5241347905282332,2302
train,2022_03_21_11_04_49_03,11,"(608, 718, 674, 803)",0.0,0,C:\Users\sthem\OneDrive\Documentos\GitHub\master-2025\3-Datasets\img-lcm\img_dir_annotated\train\uninfected\2022_03_21_11_04_49_03_cell0011.png,0,transpose,3054,ok,0,0.0,0
train,2022_03_21_11_04_49_03,12,"(616, 1084, 682, 1155)",0.0,0,C:\Users\sthem\OneDrive\Documentos\GitHub\master-2025\3-Datasets\img-lcm\img_dir_annotated\train\uninfected\2022_03_21_11_04_49_03_cell0012.png,0,transpose,3054,ok,0,0.0,0
train,2022_03_21_11_04_49_03,13,"(619, 2012, 686, 2046)",0.0,0,C:\Users\sthem\OneDrive\Documentos\GitHub\master-2025\3-Datasets\img-lcm\img_dir_annotated\train\uninfected\2022_03_21_11_04_49_03_cell0013.png,0,transpose,3054,ok,0,0.0,0
train,2022_03_21_11_04_49_03,14,"(753, 153, 865, 243)",0.0,0,C:\Users\sthem\OneDrive\Documentos\GitHub\master-2025\3-Datasets\img-lcm\img_dir_annotated\train\uninfected\2022_03_21_11_04_49_03_cell0014.png,0,transpose,3054,ok,0,0.0,0
train,2022_03_21_11_04_49_03,15,"(788, 1558, 855, 1626)",0.0,0,C:\Users\sthem\OneDrive\Documentos\GitHub\master-2025\3-Datasets\img-lcm\img_dir_annotated\train\uninfected\2022_03_21_11_04_49_03_cell0015.png,0,transpose,3054,ok,0,0.0,0
train,2022_03_21_11_04_49_03,16,"(882, 0, 944, 80)",0.0,0,C:\Users\sthem\OneDrive\Documentos\GitHub\master-2025\3-Datasets\img-lcm\img_dir_annotated\train\uninfected\2022_03_21_11_04_49_03_cell0016.png,0,transpose,3054,ok,0,0.0,0
train,2022_03_21_11_04_50_70,1,"(1, 1445, 15, 1485)",0.0,0,C:\Users\sthem\OneDrive\Documentos\GitHub\master-2025\3-Datasets\img-lcm\img_dir_annotated\train\uninfected\2022_03_21_11_04_50_70_cell0001.png,0,transpose,6171,ok,0,0.0,0
train,2022_03_21_11_04_50_70,2,"(29, 1493, 84, 1559)",0.0,0,C:\Users\sthem\OneDrive\Documentos\GitHub\master-2025\3-Datasets\img-lcm\img_dir_annotated\train\uninfected\2022_03_21_11_04_50_70_cell0002.png,0,transpose,6171,ok,0,0.0,0
train,2022_03_21_11_04_50_70,3,"(86, 799, 154, 848)",0.58816660179058,1,C:\Users\sthem\OneDrive\Documentos\GitHub\master-2025\3-Datasets\img-lcm\img_dir_annotated\train\infected\2022_03_21_11_04_50_70_cell0003.png,0,transpose,6171,ok,1,0.6077430972388955,2025
train,2022_03_21_11_04_50_70,4,"(88, 1642, 153, 1700)",0.3522012578616352,1,C:\Users\sthem\OneDrive\Documentos\GitHub\master-2025\3-Datasets\img-lcm\img_dir_annotated\train\infected\2022_03_21_11_04_50_70_cell0004.png,0,transpose,6171,ok,1,0.3931034482758621,1482
train,2022_03_21_11_04_50_70,5,"(117, 1903, 184, 1929)",0.0,0,C:\Users\sthem\OneDrive\Documentos\GitHub\master-2025\3-Datasets\img-lcm\img_dir_annotated\train\uninfected\2022_03_21_11_04_50_70_cell0005.png,0,transpose,6171,ok,0,0.0,0
train,2022_03_21_11_04_50_70,6,"(154, 1681, 216, 1712)",0.0,0,C:\Users\sthem\OneDrive\Documentos\GitHub\master-2025\3-Datasets\img-lcm\img_dir_annotated\train\uninfected\2022_03_21_11_04_50_70_cell0006.png,0,transpose,6171,ok,0,0.0,0
train,2022_03_21_11_04_50_70,7,"(174, 670, 231, 731)",0.8330866025166543,1,C:\Users\sthem\OneDrive\Documentos\GitHub\master-2025\3-Datasets\img-lcm\img_dir_annotated\train\infected\2022_03_21_11_04_50_70_cell0007.png,0,transpose,6171,ok,1,0.823123382226057,2862
train,2022_03_21_11_04_50_70,8,"(238, 1412, 298, 1464)",0.0,0,C:\Users\sthem\OneDrive\Documentos\GitHub\master-2025\3-Datasets\img-lcm\img_dir_annotated\train\uninfected\2022_03_21_11_04_50_70_cell0008.png,0,transpose,6171,ok,0,0.0,0
train,2022_03_21_11_04_50_70,9,"(311, 1641, 375, 1694)",0.0,0,C:\Users\sthem\OneDrive\Documentos\GitHub\master-2025\3-Datasets\img-lcm\img_dir_annotated\train\uninfected\2022_03_21_11_04_50_70_cell0009.png,0,transpose,6171,ok,0,0.0,0
train,2022_03_21_11_04_50_70,10,"(340, 1392, 395, 1445)",0.0,0,C:\Users\sthem\OneDrive\Documentos\GitHub\master-2025\3-Datasets\img-lcm\img_dir_annotated\train\uninfected\2022_03_21_11_04_50_70_cell0010.png,0,transpose,6171,ok,0,0.0,0
train,2022_03_21_11_04_50_70,11,"(356, 1880, 395, 1945)",0.0,0,C:\Users\sthem\OneDrive\Documentos\GitHub\master-2025\3-Datasets\img-lcm\img_dir_annotated\train\uninfected\2022_03_21_11_04_50_70_cell0011.png,0,transpose,6171,ok,0,0.0,0
train,2022_03_21_11_04_50_70,12,"(371, 128, 379, 136)",0.0,0,C:\Users\sthem\OneDrive\Documentos\GitHub\master-2025\3-Datasets\img-lcm\img_dir_annotated\train\uninfected\2022_03_21_11_04_50_70_cell0012.png,0,transpose,6171,ok,0,0.0,0
train,2022_03_21_11_04_50_70,13,"(377, 2025, 444, 2047)",0.0,0,C:\Users\sthem\OneDrive\Documentos\GitHub\master-2025\3-Datasets\img-lcm\img_dir_annotated\train\uninfected\2022_03_21_11_04_50_70_cell0013.png,0,transpose,6171,ok,0,0.0,0
train,2022_03_21_11_04_50_70,14,"(388, 700, 447, 752)",0.0,0,C:\Users\sthem\OneDrive\Documentos\GitHub\master-2025\3-Datasets\img-lcm\img_dir_annotated\train\uninfected\2022_03_21_11_04_50_70_cell0014.png,0,transpose,6171,ok,0,0.0,0
train,2022_03_21_11_04_50_70,15,"(390, 922, 459, 985)",0.41746126340882,1,C:\Users\sthem\OneDrive\Documentos\GitHub\master-2025\3-Datasets\img-lcm\img_dir_annotated\train\infected\2022_03_21_11_04_50_70_cell0015.png,0,transpose,6171,ok,1,0.4492753623188406,1953
train,2022_03_21_11_04_50_70,16,"(415, 98, 424, 108)",0.0,0,C:\Users\sthem\OneDrive\Documentos\GitHub\master-2025\3-Datasets\img-lcm\img_dir_annotated\train\uninfected\2022_03_21_11_04_50_70_cell0016.png,0,transpose,6171,ok,0,0.0,0
train,2022_03_21_11_04_50_70,17,"(500, 1782, 561, 1837)",0.0,0,C:\Users\sthem\OneDrive\Documentos\GitHub\master-2025\3-Datasets\img-lcm\img_dir_annotated\train\uninfected\2022_03_21_11_04_50_70_cell0017.png,0,transpose,6171,ok,0,0.0,0
train,2022_03_21_11_04_50_70,18,"(597, 547, 668, 590)",0.0,0,C:\Users\sthem\OneDrive\Documentos\GitHub\master-2025\3-Datasets\img-lcm\img_dir_annotated\train\uninfected\2022_03_21_11_04_50_70_cell0018.png,0,transpose,6171,ok,0,0.0,0
train,2022_03_21_11_04_50_70,19,"(608, 1309, 687, 1390)",0.0,0,C:\Users\sthem\OneDrive\Documentos\GitHub\master-2025\3-Datasets\img-lcm\img_dir_annotated\train\uninfected\2022_03_21_11_04_50_70_cell0019.png,0,transpose,6171,ok,0,0.0,0
train,2022_03_21_11_04_50_70,20,"(709, 475, 806, 575)",0.0,0,C:\Users\sthem\OneDrive\Documentos\GitHub\master-2025\3-Datasets\img-lcm\img_dir_annotated\train\uninfected\2022_03_21_11_04_50_70_cell0020.png,0,transpose,6171,ok,0,0.0,0
train,2022_03_21_11_04_50_70,21,"(727, 1365, 782, 1418)",0.0,0,C:\Users\sthem\OneDrive\Documentos\GitHub\master-2025\3-Datasets\img-lcm\img_dir_annotated\train\uninfected\2022_03_21_11_04_50_70_cell0021.png,0,transpose,6171,ok,0,0.0,0
train,2022_03_21_11_04_50_70,22,"(763, 1329, 859, 1402)",0.0,0,C:\Users\sthem\OneDrive\Documentos\GitHub\master-2025\3-Datasets\img-lcm\img_dir_annotated\train\uninfected\2022_03_21_11_04_50_70_cell0022.png,0,transpose,6171,ok,0,0.0,0
train,2022_03_21_11_04_50_70,23,"(772, 1257, 852, 1331)",0.0,0,C:\Users\sthem\OneDrive\Documentos\GitHub\master-2025\3-Datasets\img-lcm\img_dir_annotated\train\uninfected\2022_03_21_11_04_50_70_cell0023.png,0,transpose,6171,ok,0,0.0,0
train,2022_03_21_11_04_50_70,24,"(923, 56, 1010, 114)",0.0,0,C:\Users\sthem\OneDrive\Documentos\GitHub\master-2025\3-Datasets\img-lcm\img_dir_annotated\train\uninfected\2022_03_21_11_04_50_70_cell0024.png,0,transpose,6171,ok,0,0.0,0
train,2022_03_21_11_04_50_70,25,"(928, 1068, 992, 1143)",0.0,0,C:\Users\sthem\OneDrive\Documentos\GitHub\master-2025\3-Datasets\img-lcm\img_dir_annotated\train\uninfected\2022_03_21_11_04_50_70_cell0025.png,0,transpose,6171,ok,0,0.0,0
train,2022_03_21_11_04_50_70,26,"(988, 1831, 1047, 1870)",0.0,0,C:\Users\sthem\OneDrive\Documentos\GitHub\master-2025\3-Datasets\img-lcm\img_dir_annotated\train\uninfected\2022_03_21_11_04_50_70_cell0026.png,0,transpose,6171,ok,0,0.0,0
train,2022_03_21_11_04_50_70,27,"(992, 1089, 1067, 1154)",0.0,0,C:\Users\sthem\OneDrive\Documentos\GitHub\master-2025\3-Datasets\img-lcm\img_dir_annotated\train\uninfected\2022_03_21_11_04_50_70_cell0027.png,0,transpose,6171,ok,0,0.0,0
train,2022_03_21_11_04_54_05,1,"(0, 190, 47, 265)",0.0,0,C:\Users\sthem\OneDrive\Documentos\GitHub\master-2025\3-Datasets\img-lcm\img_dir_annotated\train\uninfected\2022_03_21_11_04_54_05_cell0001.png,0,transpose,7324,ok,0,0.0,0
train,2022_03_21_11_04_54_05,2,"(29, 270, 95, 328)",0.0,0,C:\Users\sthem\OneDrive\Documentos\GitHub\master-2025\3-Datasets\img-lcm\img_dir_annotated\train\uninfected\2022_03_21_11_04_54_05_cell0002.png,0,transpose,7324,ok,0,0.0,0
train,2022_03_21_11_04_54_05,3,"(31, 1022, 113, 1081)",0.0,0,C:\Users\sthem\OneDrive\Documentos\GitHub\master-2025\3-Datasets\img-lcm\img_dir_annotated\train\uninfected\2022_03_21_11_04_54_05_cell0003.png,0,transpose,7324,ok,0,0.0,0
train,2022_03_21_11_04_54_05,4,"(152, 1401, 214, 1460)",0.0,0,C:\Users\sthem\OneDrive\Documentos\GitHub\master-2025\3-Datasets\img-lcm\img_dir_annotated\train\uninfected\2022_03_21_11_04_54_05_cell0004.png,0,transpose,7324,ok,0,0.0,0
train,2022_03_21_11_04_54_05,5,"(252, 1981, 329, 2045)",0.0,0,C:\Users\sthem\OneDrive\Documentos\GitHub\master-2025\3-Datasets\img-lcm\img_dir_annotated\train\uninfected\2022_03_21_11_04_54_05_cell0005.png,0,transpose,7324,ok,0,0.0,0
train,2022_03_21_11_04_54_05,6,"(312, 160, 378, 231)",0.0,0,C:\Users\sthem\OneDrive\Documentos\GitHub\master-2025\3-Datasets\img-lcm\img_dir_annotated\train\uninfected\2022_03_21_11_04_54_05_cell0006.png,0,transpose,7324,ok,0,0.0,0
train,2022_03_21_11_04_54_05,7,"(344, 97, 388, 156)",0.0,0,C:\Users\sthem\OneDrive\Documentos\GitHub\master-2025\3-Datasets\img-lcm\img_dir_annotated\train\uninfected\2022_03_21_11_04_54_05_cell0007.png,0,transpose,7324,ok,0,0.0,0
train,2022_03_21_11_04_54_05,8,"(401, 578, 464, 635)",0.0,0,C:\Users\sthem\OneDrive\Documentos\GitHub\master-2025\3-Datasets\img-lcm\img_dir_annotated\train\uninfected\2022_03_21_11_04_54_05_cell0008.png,0,transpose,7324,ok,0,0.0,0
train,2022_03_21_11_04_54_05,9,"(427, 1706, 486, 1775)",0.0,0,C:\Users\sthem\OneDrive\Documentos\GitHub\master-2025\3-Datasets\img-lcm\img_dir_annotated\train\uninfected\2022_03_21_11_04_54_05_cell0009.png,0,transpose,7324,ok,0,0.0,0
train,2022_03_21_11_04_54_05,10,"(499, 818, 579, 884)",0.0,0,C:\Users\sthem\OneDrive\Documentos\GitHub\master-2025\3-Datasets\img-lcm\img_dir_annotated\train\uninfected\2022_03_21_11_04_54_05_cell0010.png,0,transpose,7324,ok,0,0.0,0
train,2022_03_21_11_04_54_05,11,"(619, 2011, 686, 2047)",0.0,0,C:\Users\sthem\OneDrive\Documentos\GitHub\master-2025\3-Datasets\img-lcm\img_dir_annotated\train\uninfected\2022_03_21_11_04_54_05_cell0011.png,0,transpose,7324,ok,0,0.0,0
train,2022_03_21_11_04_54_05,12,"(624, 328, 691, 392)",0.0,0,C:\Users\sthem\OneDrive\Documentos\GitHub\master-2025\3-Datasets\img-lcm\img_dir_annotated\train\uninfected\2022_03_21_11_04_54_05_cell0012.png,0,transpose,7324,ok,0,0.0,0
train,2022_03_21_11_04_54_05,13,"(639, 982, 708, 1045)",0.5360886492961965,1,C:\Users\sthem\OneDrive\Documentos\GitHub\master-2025\3-Datasets\img-lcm\img_dir_annotated\train\infected\2022_03_21_11_04_54_05_cell0013.png,0,transpose,7324,ok,1,0.5498044628479412,2390
train,2022_03_21_11_04_54_05,14,"(688, 1582, 744, 1644)",0.6865505742867729,1,C:\Users\sthem\OneDrive\Documentos\GitHub\master-2025\3-Datasets\img-lcm\img_dir_annotated\train\infected\2022_03_21_11_04_54_05_cell0014.png,0,transpose,7324,ok,1,0.7024769585253456,2439
train,2022_03_21_11_04_54_05,15,"(718, 586, 774, 637)",0.814143245693563,1,C:\Users\sthem\OneDrive\Documentos\GitHub\master-2025\3-Datasets\img-lcm\img_dir_annotated\train\infected\2022_03_21_11_04_54_05_cell0015.png,0,transpose,7324,ok,1,0.8224789915966386,2349
train,2022_03_21_11_04_54_05,16,"(743, 2, 843, 111)",0.0,0,C:\Users\sthem\OneDrive\Documentos\GitHub\master-2025\3-Datasets\img-lcm\img_dir_annotated\train\uninfected\2022_03_21_11_04_54_05_cell0016.png,0,transpose,7324,ok,0,0.0,0
train,2022_03_21_11_04_54_05,17,"(853, 431, 896, 478)",0.0,0,C:\Users\sthem\OneDrive\Documentos\GitHub\master-2025\3-Datasets\img-lcm\img_dir_annotated\train\uninfected\2022_03_21_11_04_54_05_cell0017.png,0,transpose,7324,ok,0,0.0,0
train,2022_03_21_11_04_54_05,18,"(868, 1593, 931, 1665)",0.575045759609518,1,C:\Users\sthem\OneDrive\Documentos\GitHub\master-2025\3-Datasets\img-lcm\img_dir_annotated\train\infected\2022_03_21_11_04_54_05_cell0018.png,0,transpose,7324,ok,1,0.5531305114638448,2509
train,2022_03_21_11_04_54_05,19,"(901, 315, 965, 383)",0.0,0,C:\Users\sthem\OneDrive\Documentos\GitHub\master-2025\3-Datasets\img-lcm\img_dir_annotated\train\uninfected\2022_03_21_11_04_54_05_cell0019.png,0,transpose,7324,ok,0,0.0,0
train,2022_03_21_11_04_54_05,20,"(992, 414, 1061, 464)",0.0,0,C:\Users\sthem\OneDrive\Documentos\GitHub\master-2025\3-Datasets\img-lcm\img_dir_annotated\train\uninfected\2022_03_21_11_04_54_05_cell0020.png,0,transpose,7324,ok,0,0.0,0
train,2022_03_21_11_04_54_05,21,"(1021, 41, 1084, 126)",0.0,0,C:\Users\sthem\OneDrive\Documentos\GitHub\master-2025\3-Datasets\img-lcm\img_dir_annotated\train\uninfected\2022_03_21_11_04_54_05_cell0021.png,0,transpose,7324,ok,0,0.0,0
train,2022_03_21_11_04_55_72,1,"(48, 1302, 108, 1359)",0.0,0,C:\Users\sthem\OneDrive\Documentos\GitHub\master-2025\3-Datasets\img-lcm\img_dir_annotated\train\uninfected\2022_03_21_11_04_55_72_cell0001.png,0,rot90+fliplr,44,ok,0,0.0,0
train,2022_03_21_11_04_55_72,2,"(191, 1909, 286, 2008)",0.0,0,C:\Users\sthem\OneDrive\Documentos\GitHub\master-2025\3-Datasets\img-lcm\img_dir_annotated\train\uninfected\2022_03_21_11_04_55_72_cell0002.png,0,rot90+fliplr,44,ok,0,0.0,0
train,2022_03_21_11_04_55_72,3,"(303, 1938, 396, 2027)",0.0,0,C:\Users\sthem\OneDrive\Documentos\GitHub\master-2025\3-Datasets\img-lcm\img_dir_annotated\train\uninfected\2022_03_21_11_04_55_72_cell0003.png,0,rot90+fliplr,44,ok,0,0.0,0
train,2022_03_21_11_04_55_72,4,"(311, 329, 381, 403)",0.0,0,C:\Users\sthem\OneDrive\Documentos\GitHub\master-2025\3-Datasets\img-lcm\img_dir_annotated\train\uninfected\2022_03_21_11_04_55_72_cell0004.png,0,rot90+fliplr,44,ok,0,0.0,0
train,2022_03_21_11_04_55_72,5,"(348, 555, 412, 617)",0.0,0,C:\Users\sthem\OneDrive\Documentos\GitHub\master-2025\3-Datasets\img-lcm\img_dir_annotated\train\uninfected\2022_03_21_11_04_55_72_cell0005.png,0,rot90+fliplr,44,ok,0,0.0,0
train,2022_03_21_11_04_55_72,6,"(364, 1719, 432, 1789)",0.0,0,C:\Users\sthem\OneDrive\Documentos\GitHub\master-2025\3-Datasets\img-lcm\img_dir_annotated\train\uninfected\2022_03_21_11_04_55_72_cell0006.png,0,rot90+fliplr,44,ok,0,0.0,0
train,2022_03_21_11_04_55_72,7,"(389, 525, 455, 567)",0.0,0,C:\Users\sthem\OneDrive\Documentos\GitHub\master-2025\3-Datasets\img-lcm\img_dir_annotated\train\uninfected\2022_03_21_11_04_55_72_cell0007.png,0,rot90+fliplr,44,ok,0,0.0,0
train,2022_03_21_11_04_55_72,8,"(434, 364, 476, 421)",0.0,0,C:\Users\sthem\OneDrive\Documentos\GitHub\master-2025\3-Datasets\img-lcm\img_dir_annotated\train\uninfected\2022_03_21_11_04_55_72_cell0008.png,0,rot90+fliplr,44,ok,0,0.0,0
train,2022_03_21_11_04_55_72,9,"(627, 1132, 635, 1140)",1.0,1,C:\Users\sthem\OneDrive\Documentos\GitHub\master-2025\3-Datasets\img-lcm\img_dir_annotated\train\uninfected\2022_03_21_11_04_55_72_cell0009.png,0,rot90+fliplr,44,ok,0,0.0,0
train,2022_03_21_11_04_55_72,10,"(704, 663, 748, 719)",0.0,0,C:\Users\sthem\OneDrive\Documentos\GitHub\master-2025\3-Datasets\img-lcm\img_dir_annotated\train\uninfected\2022_03_21_11_04_55_72_cell0010.png,0,rot90+fliplr,44,ok,0,0.0,0
train,2022_03_21_11_04_55_72,11,"(745, 508, 802, 573)",0.0,0,C:\Users\sthem\OneDrive\Documentos\GitHub\master-2025\3-Datasets\img-lcm\img_dir_annotated\train\uninfected\2022_03_21_11_04_55_72_cell0011.png,0,rot90+fliplr,44,ok,0,0.0,0
train,2022_03_21_11_04_55_72,12,"(771, 1696, 875, 1799)",0.0,0,C:\Users\sthem\OneDrive\Documentos\GitHub\master-2025\3-Datasets\img-lcm\img_dir_annotated\train\uninfected\2022_03_21_11_04_55_72_cell0012.png,0,rot90+fliplr,44,ok,0,0.0,0
train,2022_03_21_11_04_55_72,13,"(810, 1619, 901, 1679)",0.0,0,C:\Users\sthem\OneDrive\Documentos\GitHub\master-2025\3-Datasets\img-lcm\img_dir_annotated\train\uninfected\2022_03_21_11_04_55_72_cell0013.png,0,rot90+fliplr,44,ok,0,0.0,0
train,2022_03_21_11_04_55_72,14,"(922, 180, 987, 244)",0.0,0,C:\Users\sthem\OneDrive\Documentos\GitHub\master-2025\3-Datasets\img-lcm\img_dir_annotated\train\uninfected\2022_03_21_11_04_55_72_cell0014.png,0,rot90+fliplr,44,ok,0,0.0,0
train,2022_03_21_11_04_55_72,15,"(1014, 1051, 1080, 1122)",0.0,0,C:\Users\sthem\OneDrive\Documentos\GitHub\master-2025\3-Datasets\img-lcm\img_dir_annotated\train\uninfected\2022_03_21_11_04_55_72_cell0015.png,0,rot90+fliplr,44,ok,0,0.0,0
train,2022_03_21_11_04_57_40,1,"(0, 8, 49, 66)",0.962422634836428,1,C:\Users\sthem\OneDrive\Documentos\GitHub\master-2025\3-Datasets\img-lcm\img_dir_annotated\train\infected\2022_03_21_11_04_57_40_cell0001.png,0,transpose,4120,ok,1,0.9619985925404645,2734
train,2022_03_21_11_04_57_40,2,"(93, 863, 147, 918)",0.0,0,C:\Users\sthem\OneDrive\Documentos\GitHub\master-2025\3-Datasets\img-lcm\img_dir_annotated\train\uninfected\2022_03_21_11_04_57_40_cell0002.png,0,transpose,4120,ok,0,0.0,0
train,2022_03_21_11_04_57_40,3,"(223, 1248, 277, 1296)",0.0,0,C:\Users\sthem\OneDrive\Documentos\GitHub\master-2025\3-Datasets\img-lcm\img_dir_annotated\train\uninfected\2022_03_21_11_04_57_40_cell0003.png,0,transpose,4120,ok,0,0.0,0
train,2022_03_21_11_04_57_40,4,"(288, 1024, 336, 1074)",0.0,0,C:\Users\sthem\OneDrive\Documentos\GitHub\master-2025\3-Datasets\img-lcm\img_dir_annotated\train\uninfected\2022_03_21_11_04_57_40_cell0004.png,0,transpose,4120,ok,0,0.0,0
train,2022_03_21_11_04_57_40,5,"(354, 1765, 415, 1815)",0.0,0,C:\Users\sthem\OneDrive\Documentos\GitHub\master-2025\3-Datasets\img-lcm\img_dir_annotated\train\uninfected\2022_03_21_11_04_57_40_cell0005.png,0,transpose,4120,ok,0,0.0,0
train,2022_03_21_11_04_57_40,6,"(372, 478, 431, 546)",0.0,0,C:\Users\sthem\OneDrive\Documentos\GitHub\master-2025\3-Datasets\img-lcm\img_dir_annotated\train\uninfected\2022_03_21_11_04_57_40_cell0006.png,0,transpose,4120,ok,0,0.0,0
train,2022_03_21_11_04_57_40,7,"(407, 821, 504, 886)",0.0,0,C:\Users\sthem\OneDrive\Documentos\GitHub\master-2025\3-Datasets\img-lcm\img_dir_annotated\train\uninfected\2022_03_21_11_04_57_40_cell0007.png,0,transpose,4120,ok,0,0.0,0
train,2022_03_21_11_04_57_40,8,"(578, 673, 643, 716)",0.943661971830986,1,C:\Users\sthem\OneDrive\Documentos\GitHub\master-2025\3-Datasets\img-lcm\img_dir_annotated\train\infected\2022_03_21_11_04_57_40_cell0008.png,0,transpose,4120,ok,1,0.9449016100178891,2641
train,2022_03_21_11_04_57_40,9,"(593, 205, 653, 262)",0.0,0,C:\Users\sthem\OneDrive\Documentos\GitHub\master-2025\3-Datasets\img-lcm\img_dir_annotated\train\uninfected\2022_03_21_11_04_57_40_cell0009.png,0,transpose,4120,ok,0,0.0,0
train,2022_03_21_11_04_57_40,10,"(624, 1478, 681, 1542)",0.0,0,C:\Users\sthem\OneDrive\Documentos\GitHub\master-2025\3-Datasets\img-lcm\img_dir_annotated\train\uninfected\2022_03_21_11_04_57_40_cell0010.png,0,transpose,4120,ok,0,0.0,0
train,2022_03_21_11_04_57_40,11,"(676, 369, 743, 410)",0.0,0,C:\Users\sthem\OneDrive\Documentos\GitHub\master-2025\3-Datasets\img-lcm\img_dir_annotated\train\uninfected\2022_03_21_11_04_57_40_cell0011.png,0,transpose,4120,ok,0,0.0,0
train,2022_03_21_11_04_57_40,12,"(774, 255, 850, 316)",0.0,0,C:\Users\sthem\OneDrive\Documentos\GitHub\master-2025\3-Datasets\img-lcm\img_dir_annotated\train\uninfected\2022_03_21_11_04_57_40_cell0012.png,0,transpose,4120,ok,0,0.0,0
train,2022_03_21_11_04_57_40,13,"(775, 58, 843, 135)",0.0,0,C:\Users\sthem\OneDrive\Documentos\GitHub\master-2025\3-Datasets\img-lcm\img_dir_annotated\train\uninfected\2022_03_21_11_04_57_40_cell0013.png,0,transpose,4120,ok,0,0.0,0
train,2022_03_21_11_04_57_40,14,"(779, 558, 847, 630)",0.0,0,C:\Users\sthem\OneDrive\Documentos\GitHub\master-2025\3-Datasets\img-lcm\img_dir_annotated\train\uninfected\2022_03_21_11_04_57_40_cell0014.png,0,transpose,4120,ok,0,0.0,0
train,2022_03_21_11_04_57_40,15,"(888, 1654, 957, 1735)",0.0,0,C:\Users\sthem\OneDrive\Documentos\GitHub\master-2025\3-Datasets\img-lcm\img_dir_annotated\train\uninfected\2022_03_21_11_04_57_40_cell0015.png,0,transpose,4120,ok,0,0.0,0
train,2022_03_21_11_04_57_40,16,"(934, 510, 982, 566)",0.0,0,C:\Users\sthem\OneDrive\Documentos\GitHub\master-2025\3-Datasets\img-lcm\img_dir_annotated\train\uninfected\2022_03_21_11_04_57_40_cell0016.png,0,transpose,4120,ok,0,0.0,0
train,2022_03_21_11_04_57_40,17,"(1007, 1952, 1075, 2016)",0.0,0,C:\Users\sthem\OneDrive\Documentos\GitHub\master-2025\3-Datasets\img-lcm\img_dir_annotated\train\uninfected\2022_03_21_11_04_57_40_cell0017.png,0,transpose,4120,ok,0,0.0,0
train,2022_03_21_11_04_57_40,18,"(1017, 1740, 1088, 1821)",0.0,0,C:\Users\sthem\OneDrive\Documentos\GitHub\master-2025\3-Datasets\img-lcm\img_dir_annotated\train\uninfected\2022_03_21_11_04_57_40_cell0018.png,0,transpose,4120,ok,0,0.0,0
train,2022_03_21_11_04_59_07,1,"(0, 56, 33, 132)",0.0,0,C:\Users\sthem\OneDrive\Documentos\GitHub\master-2025\3-Datasets\img-lcm\img_dir_annotated\train\uninfected\2022_03_21_11_04_59_07_cell0001.png,0,transpose,3525,ok,0,0.0,0
train,2022_03_21_11_04_59_07,2,"(34, 400, 84, 479)",0.0,0,C:\Users\sthem\OneDrive\Documentos\GitHub\master-2025\3-Datasets\img-lcm\img_dir_annotated\train\uninfected\2022_03_21_11_04_59_07_cell0002.png,0,transpose,3525,ok,0,0.0,0
train,2022_03_21_11_04_59_07,3,"(81, 1302, 159, 1357)",0.0,0,C:\Users\sthem\OneDrive\Documentos\GitHub\master-2025\3-Datasets\img-lcm\img_dir_annotated\train\uninfected\2022_03_21_11_04_59_07_cell0003.png,0,transpose,3525,ok,0,0.0,0
train,2022_03_21_11_04_59_07,4,"(157, 1611, 228, 1666)",0.0,0,C:\Users\sthem\OneDrive\Documentos\GitHub\master-2025\3-Datasets\img-lcm\img_dir_annotated\train\uninfected\2022_03_21_11_04_59_07_cell0004.png,0,transpose,3525,ok,0,0.0,0
train,2022_03_21_11_04_59_07,5,"(241, 827, 286, 890)",0.9577464788732394,1,C:\Users\sthem\OneDrive\Documentos\GitHub\master-2025\3-Datasets\img-lcm\img_dir_annotated\train\infected\2022_03_21_11_04_59_07_cell0005.png,0,transpose,3525,ok,1,0.9601410934744268,2722
train,2022_03_21_11_04_59_07,6,"(300, 400, 354, 451)",0.0,0,C:\Users\sthem\OneDrive\Documentos\GitHub\master-2025\3-Datasets\img-lcm\img_dir_annotated\train\uninfected\2022_03_21_11_04_59_07_cell0006.png,0,transpose,3525,ok,0,0.0,0
train,2022_03_21_11_04_59_07,7,"(339, 449, 393, 523)",0.0,0,C:\Users\sthem\OneDrive\Documentos\GitHub\master-2025\3-Datasets\img-lcm\img_dir_annotated\train\uninfected\2022_03_21_11_04_59_07_cell0007.png,0,transpose,3525,ok,0,0.0,0
train,2022_03_21_11_04_59_07,8,"(416, 99, 424, 107)",0.0,0,C:\Users\sthem\OneDrive\Documentos\GitHub\master-2025\3-Datasets\img-lcm\img_dir_annotated\train\uninfected\2022_03_21_11_04_59_07_cell0008.png,0,transpose,3525,ok,0,0.0,0
train,2022_03_21_11_04_59_07,9,"(477, 1110, 532, 1177)",0.0,0,C:\Users\sthem\OneDrive\Documentos\GitHub\master-2025\3-Datasets\img-lcm\img_dir_annotated\train\uninfected\2022_03_21_11_04_59_07_cell0009.png,0,transpose,3525,ok,0,0.0,0
train,2022_03_21_11_04_59_07,10,"(575, 1543, 641, 1606)",0.0,0,C:\Users\sthem\OneDrive\Documentos\GitHub\master-2025\3-Datasets\img-lcm\img_dir_annotated\train\uninfected\2022_03_21_11_04_59_07_cell0010.png,0,transpose,3525,ok,0,0.0,0
train,2022_03_21_11_04_59_07,11,"(621, 2011, 686, 2047)",0.0,0,C:\Users\sthem\OneDrive\Documentos\GitHub\master-2025\3-Datasets\img-lcm\img_dir_annotated\train\uninfected\2022_03_21_11_04_59_07_cell0011.png,0,transpose,3525,ok,0,0.0,0
train,2022_03_21_11_04_59_07,12,"(681, 333, 731, 380)",0.7213903743315508,1,C:\Users\sthem\OneDrive\Documentos\GitHub\master-2025\3-Datasets\img-lcm\img_dir_annotated\train\infected\2022_03_21_11_04_59_07_cell0012.png,0,transpose,3525,ok,1,0.7604255319148936,1787
train,2022_03_21_11_04_59_07,13,"(802, 1943, 858, 2015)",0.0,0,C:\Users\sthem\OneDrive\Documentos\GitHub\master-2025\3-Datasets\img-lcm\img_dir_annotated\train\uninfected\2022_03_21_11_04_59_07_cell0013.png,0,transpose,3525,ok,0,0.0,0
train,2022_03_21_11_04_59_07,14,"(842, 1137, 899, 1195)",0.0,0,C:\Users\sthem\OneDrive\Documentos\GitHub\master-2025\3-Datasets\img-lcm\img_dir_annotated\train\uninfected\2022_03_21_11_04_59_07_cell0014.png,0,transpose,3525,ok,0,0.0,0
train,2022_03_21_11_04_59_07,15,"(870, 304, 882, 318)",0.0,0,C:\Users\sthem\OneDrive\Documentos\GitHub\master-2025\3-Datasets\img-lcm\img_dir_annotated\train\uninfected\2022_03_21_11_04_59_07_cell0015.png,0,transpose,3525,ok,0,0.0,0
train,2022_03_21_11_04_59_07,16,"(875, 561, 928, 619)",0.0,0,C:\Users\sthem\OneDrive\Documentos\GitHub\master-2025\3-Datasets\img-lcm\img_dir_annotated\train\uninfected\2022_03_21_11_04_59_07_cell0016.png,0,transpose,3525,ok,0,0.0,0
train,2022_03_21_11_04_59_07,17,"(962, 1660, 1061, 1743)",0.0,0,C:\Users\sthem\OneDrive\Documentos\GitHub\master-2025\3-Datasets\img-lcm\img_dir_annotated\train\uninfected\2022_03_21_11_04_59_07_cell0017.png,0,transpose,3525,ok,0,0.0,0
train,2022_03_21_11_04_59_07,18,"(1030, 1442, 1088, 1490)",0.0,0,C:\Users\sthem\OneDrive\Documentos\GitHub\master-2025\3-Datasets\img-lcm\img_dir_annotated\train\uninfected\2022_03_21_11_04_59_07_cell0018.png,0,transpose,3525,ok,0,0.0,0
train,2022_03_21_11_05_00_75,1,"(0, 600, 48, 657)",0.0,0,C:\Users\sthem\OneDrive\Documentos\GitHub\master-2025\3-Datasets\img-lcm\img_dir_annotated\train\uninfected\2022_03_21_11_05_00_75_cell0001.png,0,id,0,empty,0,0.0,0
train,2022_03_21_11_05_00_75,2,"(51, 844, 121, 939)",0.0,0,C:\Users\sthem\OneDrive\Documentos\GitHub\master-2025\3-Datasets\img-lcm\img_dir_annotated\train\uninfected\2022_03_21_11_05_00_75_cell0002.png,0,id,0,empty,0,0.0,0
train,2022_03_21_11_05_00_75,3,"(54, 492, 125, 575)",0.0,0,C:\Users\sthem\OneDrive\Documentos\GitHub\master-2025\3-Datasets\img-lcm\img_dir_annotated\train\uninfected\2022_03_21_11_05_00_75_cell0003.png,0,id,0,empty,0,0.0,0
train,2022_03_21_11_05_00_75,4,"(110, 914, 175, 995)",0.0,0,C:\Users\sthem\OneDrive\Documentos\GitHub\master-2025\3-Datasets\img-lcm\img_dir_annotated\train\uninfected\2022_03_21_11_05_00_75_cell0004.png,0,id,0,empty,0,0.0,0
train,2022_03_21_11_05_00_75,5,"(131, 576, 209, 648)",0.0,0,C:\Users\sthem\OneDrive\Documentos\GitHub\master-2025\3-Datasets\img-lcm\img_dir_annotated\train\uninfected\2022_03_21_11_05_00_75_cell0005.png,0,id,0,empty,0,0.0,0
train,2022_03_21_11_05_00_75,6,"(143, 1984, 173, 2029)",0.0,0,C:\Users\sthem\OneDrive\Documentos\GitHub\master-2025\3-Datasets\img-lcm\img_dir_annotated\train\uninfected\2022_03_21_11_05_00_75_cell0006.png,0,id,0,empty,0,0.0,0
train,2022_03_21_11_05_00_75,7,"(219, 427, 298, 503)",0.0,0,C:\Users\sthem\OneDrive\Documentos\GitHub\master-2025\3-Datasets\img-lcm\img_dir_annotated\train\uninfected\2022_03_21_11_05_00_75_cell0007.png,0,id,0,empty,0,0.0,0
train,2022_03_21_11_05_00_75,8,"(290, 744, 346, 786)",0.0,0,C:\Users\sthem\OneDrive\Documentos\GitHub\master-2025\3-Datasets\img-lcm\img_dir_annotated\train\uninfected\2022_03_21_11_05_00_75_cell0008.png,0,id,0,empty,0,0.0,0
train,2022_03_21_11_05_00_75,9,"(384, 2030, 435, 2048)",0.0,0,C:\Users\sthem\OneDrive\Documentos\GitHub\master-2025\3-Datasets\img-lcm\img_dir_annotated\train\uninfected\2022_03_21_11_05_00_75_cell0009.png,0,id,0,empty,0,0.0,0
train,2022_03_21_11_05_00_75,10,"(415, 99, 425, 108)",0.0,0,C:\Users\sthem\OneDrive\Documentos\GitHub\master-2025\3-Datasets\img-lcm\img_dir_annotated\train\uninfected\2022_03_21_11_05_00_75_cell0010.png,0,id,0,empty,0,0.0,0
train,2022_03_21_11_05_00_75,11,"(443, 806, 495, 866)",0.0,0,C:\Users\sthem\OneDrive\Documentos\GitHub\master-2025\3-Datasets\img-lcm\img_dir_annotated\train\uninfected\2022_03_21_11_05_00_75_cell0011.png,0,id,0,empty,0,0.0,0
train,2022_03_21_11_05_00_75,12,"(527, 1684, 589, 1729)",0.0,0,C:\Users\sthem\OneDrive\Documentos\GitHub\master-2025\3-Datasets\img-lcm\img_dir_annotated\train\uninfected\2022_03_21_11_05_00_75_cell0012.png,0,id,0,empty,0,0.0,0
train,2022_03_21_11_05_00_75,13,"(540, 1809, 596, 1884)",0.0,0,C:\Users\sthem\OneDrive\Documentos\GitHub\master-2025\3-Datasets\img-lcm\img_dir_annotated\train\uninfected\2022_03_21_11_05_00_75_cell0013.png,0,id,0,empty,0,0.0,0
train,2022_03_21_11_05_00_75,14,"(562, 521, 619, 565)",0.0,0,C:\Users\sthem\OneDrive\Documentos\GitHub\master-2025\3-Datasets\img-lcm\img_dir_annotated\train\uninfected\2022_03_21_11_05_00_75_cell0014.png,0,id,0,empty,0,0.0,0
train,2022_03_21_11_05_00_75,15,"(611, 794, 671, 858)",0.0,0,C:\Users\sthem\OneDrive\Documentos\GitHub\master-2025\3-Datasets\img-lcm\img_dir_annotated\train\uninfected\2022_03_21_11_05_00_75_cell0015.png,0,id,0,empty,0,0.0,0
train,2022_03_21_11_05_00_75,16,"(704, 1339, 776, 1400)",0.0,0,C:\Users\sthem\OneDrive\Documentos\GitHub\master-2025\3-Datasets\img-lcm\img_dir_annotated\train\uninfected\2022_03_21_11_05_00_75_cell0016.png,0,id,0,empty,0,0.0,0
train,2022_03_21_11_05_00_75,17,"(747, 1471, 774, 1500)",0.0,0,C:\Users\sthem\OneDrive\Documentos\GitHub\master-2025\3-Datasets\img-lcm\img_dir_annotated\train\uninfected\2022_03_21_11_05_00_75_cell0017.png,0,id,0,empty,0,0.0,0
train,2022_03_21_11_05_00_75,18,"(907, 1690, 984, 1776)",0.0,0,C:\Users\sthem\OneDrive\Documentos\GitHub\master-2025\3-Datasets\img-lcm\img_dir_annotated\train\uninfected\2022_03_21_11_05_00_75_cell0018.png,0,id,0,empty,0,0.0,0
train,2022_03_21_11_05_02_42,1,"(0, 1716, 21, 1772)",0.0,0,C:\Users\sthem\OneDrive\Documentos\GitHub\master-2025\3-Datasets\img-lcm\img_dir_annotated\train\uninfected\2022_03_21_11_05_02_42_cell0001.png,0,transpose,1732,ok,0,0.0,0
train,2022_03_21_11_05_02_42,2,"(118, 651, 258, 725)",0.0,0,C:\Users\sthem\OneDrive\Documentos\GitHub\master-2025\3-Datasets\img-lcm\img_dir_annotated\train\uninfected\2022_03_21_11_05_02_42_cell0002.png,0,transpose,1732,ok,0,0.0,0
train,2022_03_21_11_05_02_42,3,"(131, 873, 198, 936)",0.0,0,C:\Users\sthem\OneDrive\Documentos\GitHub\master-2025\3-Datasets\img-lcm\img_dir_annotated\train\uninfected\2022_03_21_11_05_02_42_cell0003.png,0,transpose,1732,ok,0,0.0,0
train,2022_03_21_11_05_02_42,4,"(252, 1963, 297, 2016)",0.0,0,C:\Users\sthem\OneDrive\Documentos\GitHub\master-2025\3-Datasets\img-lcm\img_dir_annotated\train\uninfected\2022_03_21_11_05_02_42_cell0004.png,0,transpose,1732,ok,0,0.0,0
train,2022_03_21_11_05_02_42,5,"(259, 1030, 322, 1094)",0.0,0,C:\Users\sthem\OneDrive\Documentos\GitHub\master-2025\3-Datasets\img-lcm\img_dir_annotated\train\uninfected\2022_03_21_11_05_02_42_cell0005.png,0,transpose,1732,ok,0,0.0,0
train,2022_03_21_11_05_02_42,6,"(375, 1467, 437, 1535)",0.0,0,C:\Users\sthem\OneDrive\Documentos\GitHub\master-2025\3-Datasets\img-lcm\img_dir_annotated\train\uninfected\2022_03_21_11_05_02_42_cell0006.png,0,transpose,1732,ok,0,0.0,0
train,2022_03_21_11_05_02_42,7,"(402, 71, 459, 154)",0.0,0,C:\Users\sthem\OneDrive\Documentos\GitHub\master-2025\3-Datasets\img-lcm\img_dir_annotated\train\uninfected\2022_03_21_11_05_02_42_cell0007.png,0,transpose,1732,ok,0,0.0,0
train,2022_03_21_11_05_02_42,8,"(569, 1096, 637, 1169)",0.0,0,C:\Users\sthem\OneDrive\Documentos\GitHub\master-2025\3-Datasets\img-lcm\img_dir_annotated\train\uninfected\2022_03_21_11_05_02_42_cell0008.png,0,transpose,1732,ok,0,0.0,0
train,2022_03_21_11_05_02_42,9,"(581, 62, 640, 107)",0.0,0,C:\Users\sthem\OneDrive\Documentos\GitHub\master-2025\3-Datasets\img-lcm\img_dir_annotated\train\uninfected\2022_03_21_11_05_02_42_cell0009.png,0,transpose,1732,ok,0,0.0,0
train,2022_03_21_11_05_02_42,10,"(588, 1630, 641, 1684)",0.0,0,C:\Users\sthem\OneDrive\Documentos\GitHub\master-2025\3-Datasets\img-lcm\img_dir_annotated\train\uninfected\2022_03_21_11_05_02_42_cell0010.png,0,transpose,1732,ok,0,0.0,0
train,2022_03_21_11_05_02_42,11,"(616, 652, 671, 710)",0.0,0,C:\Users\sthem\OneDrive\Documentos\GitHub\master-2025\3-Datasets\img-lcm\img_dir_annotated\train\uninfected\2022_03_21_11_05_02_42_cell0011.png,0,transpose,1732,ok,0,0.0,0
train,2022_03_21_11_05_02_42,12,"(622, 2013, 681, 2047)",0.0,0,C:\Users\sthem\OneDrive\Documentos\GitHub\master-2025\3-Datasets\img-lcm\img_dir_annotated\train\uninfected\2022_03_21_11_05_02_42_cell0012.png,0,transpose,1732,ok,0,0.0,0
train,2022_03_21_11_05_02_42,13,"(731, 1995, 799, 2048)",0.0,0,C:\Users\sthem\OneDrive\Documentos\GitHub\master-2025\3-Datasets\img-lcm\img_dir_annotated\train\uninfected\2022_03_21_11_05_02_42_cell0013.png,0,transpose,1732,ok,0,0.0,0
train,2022_03_21_11_05_02_42,14,"(772, 1843, 849, 1922)",0.0,0,C:\Users\sthem\OneDrive\Documentos\GitHub\master-2025\3-Datasets\img-lcm\img_dir_annotated\train\uninfected\2022_03_21_11_05_02_42_cell0014.png,0,transpose,1732,ok,0,0.0,0
train,2022_03_21_11_05_02_42,15,"(960, 1293, 1043, 1352)",0.0,0,C:\Users\sthem\OneDrive\Documentos\GitHub\master-2025\3-Datasets\img-lcm\img_dir_annotated\train\uninfected\2022_03_21_11_05_02_42_cell0015.png,0,transpose,1732,ok,0,0.0,0
train,2022_03_21_11_05_02_42,16,"(976, 176, 1041, 230)",0.7080948487326247,1,C:\Users\sthem\OneDrive\Documentos\GitHub\master-2025\3-Datasets\img-lcm\img_dir_annotated\train\infected\2022_03_21_11_05_02_42_cell0016.png,0,transpose,1732,ok,1,0.6723646723646723,2360
train,2022_03_21_11_05_02_42,17,"(1068, 373, 1087, 426)",0.0,0,C:\Users\sthem\OneDrive\Documentos\GitHub\master-2025\3-Datasets\img-lcm\img_dir_annotated\train\uninfected\2022_03_21_11_05_02_42_cell0017.png,0,transpose,1732,ok,0,0.0,0
train,2022_03_21_11_05_05_77,1,"(127, 928, 205, 991)",0.0,0,C:\Users\sthem\OneDrive\Documentos\GitHub\master-2025\3-Datasets\img-lcm\img_dir_annotated\train\uninfected\2022_03_21_11_05_05_77_cell0001.png,0,id,0,empty,0,0.0,0
train,2022_03_21_11_05_05_77,2,"(236, 436, 301, 494)",0.0,0,C:\Users\sthem\OneDrive\Documentos\GitHub\master-2025\3-Datasets\img-lcm\img_dir_annotated\train\uninfected\2022_03_21_11_05_05_77_cell0002.png,0,id,0,empty,0,0.0,0
train,2022_03_21_11_05_05_77,3,"(321, 1982, 378, 2033)",0.0,0,C:\Users\sthem\OneDrive\Documentos\GitHub\master-2025\3-Datasets\img-lcm\img_dir_annotated\train\uninfected\2022_03_21_11_05_05_77_cell0003.png,0,id,0,empty,0,0.0,0
train,2022_03_21_11_05_05_77,4,"(387, 1707, 461, 1770)",0.0,0,C:\Users\sthem\OneDrive\Documentos\GitHub\master-2025\3-Datasets\img-lcm\img_dir_annotated\train\uninfected\2022_03_21_11_05_05_77_cell0004.png,0,id,0,empty,0,0.0,0
train,2022_03_21_11_05_05_77,5,"(415, 98, 425, 108)",0.0,0,C:\Users\sthem\OneDrive\Documentos\GitHub\master-2025\3-Datasets\img-lcm\img_dir_annotated\train\uninfected\2022_03_21_11_05_05_77_cell0005.png,0,id,0,empty,0,0.0,0
train,2022_03_21_11_05_05_77,6,"(444, 728, 510, 786)",0.0,0,C:\Users\sthem\OneDrive\Documentos\GitHub\master-2025\3-Datasets\img-lcm\img_dir_annotated\train\uninfected\2022_03_21_11_05_05_77_cell0006.png,0,id,0,empty,0,0.0,0
train,2022_03_21_11_05_05_77,7,"(520, 1193, 582, 1244)",0.0,0,C:\Users\sthem\OneDrive\Documentos\GitHub\master-2025\3-Datasets\img-lcm\img_dir_annotated\train\uninfected\2022_03_21_11_05_05_77_cell0007.png,0,id,0,empty,0,0.0,0
train,2022_03_21_11_05_05_77,8,"(557, 847, 626, 910)",0.0,0,C:\Users\sthem\OneDrive\Documentos\GitHub\master-2025\3-Datasets\img-lcm\img_dir_annotated\train\uninfected\2022_03_21_11_05_05_77_cell0008.png,0,id,0,empty,0,0.0,0
train,2022_03_21_11_05_05_77,9,"(629, 222, 678, 276)",0.0,0,C:\Users\sthem\OneDrive\Documentos\GitHub\master-2025\3-Datasets\img-lcm\img_dir_annotated\train\uninfected\2022_03_21_11_05_05_77_cell0009.png,0,id,0,empty,0,0.0,0
train,2022_03_21_11_05_05_77,10,"(765, 1059, 823, 1111)",0.0,0,C:\Users\sthem\OneDrive\Documentos\GitHub\master-2025\3-Datasets\img-lcm\img_dir_annotated\train\uninfected\2022_03_21_11_05_05_77_cell0010.png,0,id,0,empty,0,0.0,0
train,2022_03_21_11_05_05_77,11,"(990, 350, 1058, 398)",0.0,0,C:\Users\sthem\OneDrive\Documentos\GitHub\master-2025\3-Datasets\img-lcm\img_dir_annotated\train\uninfected\2022_03_21_11_05_05_77_cell0011.png,0,id,0,empty,0,0.0,0
train,2022_03_21_11_05_05_77,12,"(1008, 247, 1076, 299)",0.0,0,C:\Users\sthem\OneDrive\Documentos\GitHub\master-2025\3-Datasets\img-lcm\img_dir_annotated\train\uninfected\2022_03_21_11_05_05_77_cell0012.png,0,id,0,empty,0,0.0,0
