nome_da_imagem,caminho_da_imagem,coordenadas_poligonos,descricao_imagem
2022_03_21_11_02_58_05.bmp,C:\Users\sthem\OneDrive\Documentos\GitHub\master-2025\7-gemini\train\2022_03_21_11_02_58_05.bmp,"[{""poligono_xy"": [[41, 22], [53, 14], [62, 17], [68, 27], [62, 37], [50, 38], [41, 30]]}, {""poligono_xy"": [[100, 85], [118, 79], [130, 86], [135, 99], [125, 109], [110, 106], [100, 98]]}, {""poligono_xy"": [[160, 355], [175, 345], [190, 348], [200, 360], [192, 375], [175, 375], [162, 365]]}, {""poligono_xy"": [[215, 470], [235, 460], [250, 465], [260, 480], [250, 495], [230, 495], [215, 485]]}, {""poligono_xy"": [[280, 100], [295, 90], [310, 92], [320, 105], [315, 120], [295, 120], [280, 110]]}, {""poligono_xy"": [[340, 405], [360, 395], [380, 400], [390, 415], [380, 430], [360, 430], [345, 420]]}, {""poligono_xy"": [[400, 200], [415, 190], [430, 195], [440, 210], [430, 225], [410, 225], [400, 215]]}, {""poligono_xy"": [[460, 50], [480, 40], [500, 45], [515, 60], [500, 75], [475, 75], [460, 65]]}, {""poligono_xy"": [[530, 280], [550, 270], [570, 275], [580, 290], [570, 305], [550, 305], [535, 295]]}, {""poligono_xy"": [[590, 480], [610, 470], [630, 475], [645, 490], [635, 505], [610, 505], [590, 495]]}, {""poligono_xy"": [[660, 120], [680, 110], [700, 115], [710, 130], [700, 145], [675, 145], [660, 135]]}, {""poligono_xy"": [[730, 350], [750, 340], [770, 345], [780, 360], [770, 375], [745, 375], [730, 365]]}]",Imagem de microscopia de campo claro com células esféricas de baixo contraste em um fundo com alguns detritos. A imagem apresenta um nível de ruído moderado.
2022_03_21_11_02_58_14.bmp,C:\Users\sthem\OneDrive\Documentos\GitHub\master-2025\7-gemini\train\2022_03_21_11_02_58_14.bmp,"[{""poligono_xy"": [[42, 46], [62, 34], [78, 42], [70, 60], [50, 68], [34, 58]]}, {""poligono_xy"": [[100, 105], [128, 95], [145, 115], [135, 140], [108, 145], [88, 128]]}, {""poligono_xy"": [[20, 120], [35, 100], [55, 110], [50, 135], [30, 145], [15, 135]]}, {""poligono_xy"": [[180, 160], [200, 145], [220, 160], [210, 180], [185, 188], [165, 175]]}, {""poligono_xy"": [[250, 40], [270, 30], [290, 45], [280, 65], [255, 65], [240, 50]]}, {""poligono_xy"": [[140, 560], [160, 540], [185, 560], [180, 590], [155, 600], [130, 580]]}, {""poligono_xy"": [[450, 600], [475, 585], [500, 605], [495, 630], [465, 640], [440, 620]]}, {""poligono_xy"": [[580, 80], [600, 65], [625, 85], [615, 110], [590, 115], [570, 95]]}, {""poligono_xy"": [[680, 200], [705, 180], [730, 200], [725, 230], [700, 240], [675, 220]]}, {""poligono_xy"": [[800, 600], [825, 580], [850, 600], [840, 630], [815, 640], [790, 620]]}, {""poligono_xy"": [[20, 580], [40, 560], [65, 575], [60, 600], [40, 610], [20, 595]]}, {""poligono_xy"": [[350, 380], [370, 365], [390, 380], [380, 405], [360, 410], [340, 395]]}, {""poligono_xy"": [[50, 320], [75, 300], [100, 320], [90, 350], [65, 355], [45, 335]]}, {""poligono_xy"": [[45, 450], [65, 430], [85, 450], [80, 475], [60, 485], [40, 465]]}, {""poligono_xy"": [[250, 200], [270, 185], [295, 205], [285, 230], [260, 235], [240, 215]]}]","Imagem de microscopia de campo claro com células de formato aproximadamente elíptico, possivelmente leveduras, com baixo contraste e variabilidade de tamanho. Presença de ruído e artefatos no fundo."
2022_03_21_11_02_58_22.bmp,C:\Users\sthem\OneDrive\Documentos\GitHub\master-2025\7-gemini\train\2022_03_21_11_02_58_22.bmp,"[{""poligono_xy"": [[92, 72], [112, 62], [128, 72], [128, 92], [112, 100], [88, 92]]}, {""poligono_xy"": [[216, 80], [236, 76], [252, 88], [252, 108], [236, 116], [212, 108]]}, {""poligono_xy"": [[260, 84], [276, 80], [292, 92], [296, 108], [280, 120], [260, 112]]}, {""poligono_xy"": [[52, 536], [72, 528], [92, 540], [96, 564], [80, 580], [56, 568]]}, {""poligono_xy"": [[188, 568], [212, 560], [232, 576], [236, 596], [216, 612], [184, 600]]}, {""poligono_xy"": [[420, 592], [444, 584], [468, 600], [476, 620], [456, 636], [424, 624]]}, {""poligono_xy"": [[584, 600], [608, 592], [632, 608], [640, 628], [620, 644], [588, 632]]}, {""poligono_xy"": [[704, 624], [728, 616], [752, 632], [760, 652], [736, 668], [708, 656]]}, {""poligono_xy"": [[840, 648], [864, 640], [888, 656], [896, 676], [872, 692], [844, 680]]}, {""poligono_xy"": [[88, 720], [108, 712], [128, 728], [132, 748], [116, 764], [84, 752]]}, {""poligono_xy"": [[280, 744], [300, 736], [320, 752], [324, 772], [304, 788], [276, 776]]}, {""poligono_xy"": [[488, 760], [512, 752], [536, 768], [544, 788], [524, 804], [492, 792]]}, {""poligono_xy"": [[680, 784], [700, 776], [720, 792], [728, 812], [708, 828], [684, 816]]}, {""poligono_xy"": [[864, 808], [884, 800], [904, 816], [912, 836], [892, 852], [868, 840]]}]",Imagem de microscopia de campo claro com células esféricas de baixo contraste em um fundo com alguns detritos. A imagem apresenta baixa resolução e algumas células estão fora de foco.
2022_03_21_11_02_58_31.bmp,C:\Users\sthem\OneDrive\Documentos\GitHub\master-2025\7-gemini\train\2022_03_21_11_02_58_31.bmp,"[{""poligono_xy"": [[77, 152], [92, 140], [105, 140], [117, 152], [115, 165], [102, 175], [88, 174], [76, 164]]}, {""poligono_xy"": [[328, 340], [345, 330], [362, 332], [375, 345], [370, 360], [355, 370], [337, 365]]}, {""poligono_xy"": [[450, 60], [465, 50], [480, 55], [492, 65], [488, 80], [472, 88], [458, 85], [448, 75]]}, {""poligono_xy"": [[585, 880], [600, 870], [615, 872], [628, 885], [625, 900], [608, 908], [595, 905], [582, 895]]}, {""poligono_xy"": [[705, 205], [720, 195], [732, 198], [745, 210], [740, 225], [725, 235], [712, 230], [700, 220]]}, {""poligono_xy"": [[880, 780], [895, 770], [910, 775], [920, 785], [915, 800], [900, 810], [885, 805], [875, 792]]}, {""poligono_xy"": [[90, 885], [105, 872], [120, 875], [130, 890], [125, 905], [110, 915], [97, 910]]}, {""poligono_xy"": [[280, 605], [292, 595], [305, 598], [315, 610], [310, 622], [295, 630], [285, 625]]}, {""poligono_xy"": [[855, 285], [870, 275], [885, 280], [895, 290], [890, 305], [875, 312], [862, 308], [850, 295]]}]",Imagem de microscopia de campo claro com células esféricas de baixo contraste em um fundo cinza. A imagem apresenta ruído e alguns artefatos. Possível presença de debris.
2022_03_21_11_02_58_39.bmp,C:\Users\sthem\OneDrive\Documentos\GitHub\master-2025\7-gemini\train\2022_03_21_11_02_58_39.bmp,"[{""poligono_xy"": [[24, 18], [40, 18], [40, 34], [24, 34]]}, {""poligono_xy"": [[15, 52], [30, 52], [30, 67], [15, 67]]}, {""poligono_xy"": [[158, 28], [174, 28], [174, 44], [158, 44]]}, {""poligono_xy"": [[20, 150], [40, 150], [40, 170], [20, 170]]}, {""poligono_xy"": [[60, 200], [80, 200], [80, 220], [60, 220]]}, {""poligono_xy"": [[100, 240], [120, 240], [120, 260], [100, 260]]}, {""poligono_xy"": [[140, 280], [160, 280], [160, 300], [140, 300]]}, {""poligono_xy"": [[180, 320], [200, 320], [200, 340], [180, 340]]}, {""poligono_xy"": [[220, 360], [240, 360], [240, 380], [220, 380]]}, {""poligono_xy"": [[250, 100], [270, 100], [270, 120], [250, 120]]}, {""poligono_xy"": [[300, 150], [320, 150], [320, 170], [300, 170]]}, {""poligono_xy"": [[350, 200], [370, 200], [370, 220], [350, 220]]}, {""poligono_xy"": [[380, 50], [400, 50], [400, 70], [380, 70]]}, {""poligono_xy"": [[420, 10], [440, 10], [440, 30], [420, 30]]}, {""poligono_xy"": [[450, 250], [470, 250], [470, 270], [450, 270]]}, {""poligono_xy"": [[480, 300], [500, 300], [500, 320], [480, 320]]}]","Imagem de microscopia de campo claro com células esféricas, possivelmente leveduras ou células em suspensão, com baixo contraste e alguns detritos no fundo. A imagem apresenta um nível de ruído que dificulta a segmentação precisa."
2022_03_21_11_02_58_47.bmp,C:\Users\sthem\OneDrive\Documentos\GitHub\master-2025\7-gemini\train\2022_03_21_11_02_58_47.bmp,"[{""poligono_xy"": [[170, 45], [185, 35], [200, 35], [215, 45], [215, 65], [200, 75], [185, 75], [170, 65]]}, {""poligono_xy"": [[290, 140], [305, 130], [325, 130], [340, 145], [340, 160], [325, 175], [305, 175], [290, 160]]}, {""poligono_xy"": [[390, 315], [405, 300], [425, 300], [440, 315], [440, 335], [425, 350], [405, 350], [390, 335]]}, {""poligono_xy"": [[495, 455], [510, 440], [530, 440], [545, 455], [545, 475], [530, 490], [510, 490], [495, 475]]}, {""poligono_xy"": [[600, 565], [620, 550], [640, 550], [660, 565], [660, 590], [640, 605], [620, 605], [600, 590]]}, {""poligono_xy"": [[720, 810], [740, 795], [765, 795], [785, 810], [785, 835], [765, 850], [740, 850], [720, 835]]}, {""poligono_xy"": [[825, 890], [845, 875], [870, 875], [890, 890], [890, 915], [870, 930], [845, 930], [825, 915]]}, {""poligono_xy"": [[895, 780], [910, 765], [930, 765], [945, 780], [945, 800], [930, 815], [910, 815], [895, 800]]}, {""poligono_xy"": [[75, 895], [90, 880], [110, 880], [125, 895], [125, 915], [110, 930], [90, 930], [75, 915]]}, {""poligono_xy"": [[50, 705], [70, 690], [95, 690], [115, 705], [115, 730], [95, 745], [70, 745], [50, 730]]}]",Imagem de microscopia de campo claro com células esféricas de baixo contraste em um fundo com ruído. A imagem apresenta artefatos e algumas células estão fora de foco.
2022_03_21_11_02_58_56.bmp,C:\Users\sthem\OneDrive\Documentos\GitHub\master-2025\7-gemini\train\2022_03_21_11_02_58_56.bmp,"[{""poligono_xy"": [[100, 200], [115, 200], [120, 210], [120, 220], [110, 225], [100, 225], [95, 220], [95, 210]]}, {""poligono_xy"": [[250, 100], [260, 100], [265, 110], [265, 115], [260, 120], [250, 120], [245, 115], [245, 110]]}, {""poligono_xy"": [[400, 250], [415, 250], [420, 260], [420, 270], [410, 275], [400, 275], [395, 270], [395, 260]]}, {""poligono_xy"": [[550, 150], [565, 150], [570, 160], [570, 170], [560, 175], [550, 175], [545, 170], [545, 160]]}, {""poligono_xy"": [[650, 50], [660, 50], [665, 60], [665, 70], [660, 75], [650, 75], [645, 70], [645, 60]]}, {""poligono_xy"": [[750, 200], [760, 200], [765, 210], [765, 215], [760, 220], [750, 220], [745, 215], [745, 210]]}, {""poligono_xy"": [[300, 450], [315, 450], [320, 460], [320, 470], [310, 475], [300, 475], [295, 470], [295, 460]]}, {""poligono_xy"": [[450, 350], [460, 350], [465, 360], [465, 365], [460, 370], [450, 370], [445, 365], [445, 360]]}]","Imagem de microscopia de campo claro com células esféricas de baixo contraste, possivelmente leveduras, em meio líquido. A imagem apresenta ruído e alguns detritos. A segmentação foi realizada com base na forma e no contraste das células em relação ao fundo."
2022_03_21_11_02_58_64.bmp,C:\Users\sthem\OneDrive\Documentos\GitHub\master-2025\7-gemini\train\2022_03_21_11_02_58_64.bmp,"[{""poligono_xy"": [[72, 35], [88, 22], [105, 28], [108, 45], [95, 58], [76, 50]]}, {""poligono_xy"": [[45, 365], [65, 350], [88, 358], [95, 380], [75, 400], [50, 390]]}, {""poligono_xy"": [[150, 80], [170, 70], [190, 80], [195, 100], [175, 115], [150, 105]]}, {""poligono_xy"": [[200, 25], [225, 15], [250, 25], [255, 50], [230, 65], [205, 50]]}, {""poligono_xy"": [[280, 120], [300, 105], [320, 115], [325, 140], [300, 150], [280, 140]]}, {""poligono_xy"": [[295, 310], [320, 295], [345, 310], [350, 335], [325, 350], [300, 340]]}, {""poligono_xy"": [[355, 60], [380, 50], [405, 65], [405, 90], [380, 100], [355, 85]]}, {""poligono_xy"": [[420, 200], [445, 185], [470, 200], [475, 225], [450, 240], [425, 225]]}, {""poligono_xy"": [[450, 380], [475, 365], [500, 380], [505, 405], [480, 420], [455, 405]]}, {""poligono_xy"": [[520, 80], [545, 65], [570, 80], [575, 105], [550, 120], [525, 100]]}, {""poligono_xy"": [[560, 250], [585, 235], [610, 250], [615, 275], [585, 290], [560, 270]]}, {""poligono_xy"": [[600, 395], [625, 380], [650, 400], [650, 420], [625, 435], [600, 420]]}, {""poligono_xy"": [[100, 200], [130, 190], [145, 220], [130, 245], [100, 240], [85, 215]]}, {""poligono_xy"": [[180, 370], [200, 350], [220, 360], [220, 390], [195, 410], [170, 395]]}]",Imagem de microscopia de campo claro com células de formato aproximadamente circular. Baixo contraste e presença de artefatos dificultam a segmentação precisa.
2022_03_21_11_02_58_72.bmp,C:\Users\sthem\OneDrive\Documentos\GitHub\master-2025\7-gemini\train\2022_03_21_11_02_58_72.bmp,"[{""poligono_xy"": [[77, 76], [92, 64], [109, 64], [120, 78], [112, 94], [95, 96], [81, 87]]}, {""poligono_xy"": [[28, 105], [48, 93], [63, 98], [71, 115], [61, 131], [42, 130], [28, 118]]}, {""poligono_xy"": [[158, 173], [177, 160], [195, 164], [209, 180], [200, 198], [178, 197], [162, 186]]}, {""poligono_xy"": [[330, 24], [349, 14], [368, 18], [380, 32], [370, 47], [349, 46], [334, 35]]}, {""poligono_xy"": [[448, 443], [465, 430], [485, 433], [500, 448], [490, 465], [468, 465], [451, 455]]}, {""poligono_xy"": [[579, 334], [597, 321], [616, 323], [631, 337], [622, 353], [600, 353], [583, 343]]}, {""poligono_xy"": [[700, 74], [718, 61], [739, 65], [753, 81], [742, 97], [720, 95], [704, 84]]}, {""poligono_xy"": [[851, 232], [870, 218], [890, 221], [904, 238], [893, 254], [871, 252], [855, 241]]}, {""poligono_xy"": [[922, 470], [940, 457], [959, 460], [973, 476], [963, 492], [942, 490], [926, 480]]}, {""poligono_xy"": [[262, 356], [278, 344], [295, 347], [308, 361], [298, 376], [279, 374], [265, 364]]}, {""poligono_xy"": [[425, 172], [445, 158], [467, 163], [483, 181], [470, 200], [445, 197], [428, 185]]}, {""poligono_xy"": [[555, 56], [578, 40], [600, 47], [617, 67], [602, 88], [574, 84], [556, 70]]}, {""poligono_xy"": [[805, 522], [827, 508], [850, 514], [866, 533], [853, 551], [828, 548], [810, 536]]}]",Imagem de microscopia de campo claro com células de formato aproximadamente circular. Baixo contraste e presença de artefatos. Possível presença de debris ou pequenas partículas fora de foco.
2022_03_21_11_02_58_89.bmp,C:\Users\sthem\OneDrive\Documentos\GitHub\master-2025\7-gemini\train\2022_03_21_11_02_58_89.bmp,"[{""poligono_xy"": [[52, 135], [70, 120], [90, 118], [105, 130], [95, 148], [72, 152]]}, {""poligono_xy"": [[45, 280], [70, 258], [98, 265], [110, 288], [90, 310], [60, 305]]}, {""poligono_xy"": [[150, 450], [175, 435], [200, 440], [215, 460], [195, 480], [165, 475]]}, {""poligono_xy"": [[255, 100], [275, 90], [300, 95], [315, 110], [300, 130], [270, 125]]}, {""poligono_xy"": [[280, 45], [300, 35], [325, 40], [340, 60], [320, 75], [295, 70]]}, {""poligono_xy"": [[355, 150], [380, 135], [410, 145], [425, 165], [400, 185], [370, 175]]}, {""poligono_xy"": [[450, 470], [480, 450], [510, 460], [525, 485], [500, 510], [465, 500]]}, {""poligono_xy"": [[560, 105], [585, 90], [610, 95], [630, 115], [610, 135], [580, 130]]}, {""poligono_xy"": [[670, 250], [700, 230], [730, 240], [745, 265], [720, 285], [690, 275]]}, {""poligono_xy"": [[750, 480], [780, 460], [810, 470], [820, 495], [800, 515], [770, 505]]}, {""poligono_xy"": [[850, 120], [870, 105], [895, 115], [910, 135], [890, 150], [865, 140]]}]","Imagem de microscopia de campo claro com células de formato variado, possivelmente leveduras, com baixo contraste e algumas sobreposições. Presença de detritos e ruído de fundo."
2022_03_21_11_02_58_98.bmp,C:\Users\sthem\OneDrive\Documentos\GitHub\master-2025\7-gemini\train\2022_03_21_11_02_58_98.bmp,"[{""poligono_xy"": [[92, 35], [108, 32], [118, 42], [115, 55], [100, 60], [85, 55]]}, {""poligono_xy"": [[160, 145], [175, 140], [188, 150], [190, 165], [175, 175], [160, 168]]}, {""poligono_xy"": [[250, 580], [265, 575], [280, 588], [285, 605], [270, 615], [252, 605]]}, {""poligono_xy"": [[380, 600], [395, 595], [410, 605], [415, 620], [400, 630], [380, 620]]}, {""poligono_xy"": [[450, 455], [470, 450], [485, 465], [488, 480], [475, 490], [455, 480]]}, {""poligono_xy"": [[500, 100], [515, 95], [530, 105], [535, 120], [520, 130], [500, 120]]}, {""poligono_xy"": [[585, 70], [605, 65], [620, 80], [620, 95], [600, 105], [580, 95]]}, {""poligono_xy"": [[610, 140], [630, 140], [640, 155], [635, 165], [615, 165], [605, 155]]}, {""poligono_xy"": [[680, 480], [700, 475], [715, 490], [715, 505], [695, 515], [675, 505]]}, {""poligono_xy"": [[750, 605], [770, 600], [785, 615], [785, 630], [765, 640], [745, 630]]}]",Imagem de microscopia de campo claro com células esféricas de baixo contraste em um fundo heterogêneo. A imagem apresenta ruído e alguns artefatos. Possível presença de debris.
2022_03_21_11_02_59_14.bmp,C:\Users\sthem\OneDrive\Documentos\GitHub\master-2025\7-gemini\train\2022_03_21_11_02_59_14.bmp,"[{""poligono_xy"": [[110, 35], [125, 25], [140, 30], [145, 45], [135, 55], [120, 50]]}, {""poligono_xy"": [[155, 100], [175, 90], [190, 100], [195, 120], [180, 135], [160, 125]]}, {""poligono_xy"": [[230, 380], [245, 370], [265, 380], [270, 400], [255, 410], [240, 400]]}, {""poligono_xy"": [[380, 490], [395, 480], [410, 490], [415, 510], [400, 520], [385, 510]]}, {""poligono_xy"": [[450, 200], [470, 190], [490, 205], [500, 225], [480, 240], [460, 230]]}, {""poligono_xy"": [[580, 850], [600, 840], [620, 850], [625, 870], [610, 885], [590, 875]]}, {""poligono_xy"": [[700, 650], [720, 640], [740, 655], [750, 675], [730, 690], [710, 680]]}, {""poligono_xy"": [[800, 250], [815, 240], [830, 250], [835, 270], [820, 280], [805, 270]]}, {""poligono_xy"": [[880, 900], [900, 890], [920, 905], [930, 925], [910, 940], [890, 930]]}]","Imagem de microscopia de campo claro com células de formato variado, possivelmente leveduras ou bactérias, com baixo contraste e alguma sobreposição. A imagem apresenta ruído de fundo e alguns detritos."
2022_03_21_11_02_59_23.bmp,C:\Users\sthem\OneDrive\Documentos\GitHub\master-2025\7-gemini\train\2022_03_21_11_02_59_23.bmp,"[{""poligono_xy"": [[42, 25], [55, 18], [65, 22], [68, 35], [60, 45], [48, 42]]}, {""poligono_xy"": [[100, 155], [115, 150], [125, 160], [120, 170], [105, 175], [95, 165]]}, {""poligono_xy"": [[200, 350], [215, 345], [230, 355], [225, 370], [210, 375], [195, 365]]}, {""poligono_xy"": [[380, 40], [390, 30], [405, 35], [415, 45], [405, 55], [390, 50]]}, {""poligono_xy"": [[450, 220], [460, 210], [475, 215], [485, 225], [475, 235], [460, 230]]}, {""poligono_xy"": [[580, 70], [595, 60], [610, 65], [620, 75], [610, 85], [595, 80]]}, {""poligono_xy"": [[680, 320], [695, 310], [710, 315], [720, 325], [710, 335], [695, 330]]}, {""poligono_xy"": [[750, 100], [765, 90], [780, 95], [790, 105], [780, 115], [765, 110]]}, {""poligono_xy"": [[850, 450], [865, 440], [880, 445], [890, 455], [880, 465], [865, 460]]}, {""poligono_xy"": [[25, 400], [35, 400], [35, 415], [25, 415]]}, {""poligono_xy"": [[80, 500], [90, 500], [90, 515], [80, 515]]}, {""poligono_xy"": [[280, 480], [290, 480], [290, 495], [280, 495]]}, {""poligono_xy"": [[480, 520], [490, 520], [490, 535], [480, 535]]}, {""poligono_xy"": [[920, 550], [930, 550], [930, 565], [920, 565]]}, {""poligono_xy"": [[150, 25], [160, 15], [175, 20], [185, 30], [170, 40], [155, 35]]}, {""poligono_xy"": [[250, 120], [265, 110], [280, 115], [290, 125], [280, 135], [265, 130]]}, {""poligono_xy"": [[520, 380], [535, 370], [550, 375], [560, 385], [550, 395], [535, 390]]}, {""poligono_xy"": [[820, 200], [835, 190], [850, 195], [860, 205], [850, 215], [835, 210]]}]","Imagem de microscopia de campo claro com células de formato aproximadamente circular e algumas estruturas alongadas, possivelmente artefatos. Baixo contraste e presença de ruído."
2022_03_21_11_02_59_32.bmp,C:\Users\sthem\OneDrive\Documentos\GitHub\master-2025\7-gemini\train\2022_03_21_11_02_59_32.bmp,[],Imagem de microscopia de campo claro com células de formato irregular e baixo contraste. A imagem apresenta ruído e alguns artefatos.
2022_03_21_11_02_59_40.bmp,C:\Users\sthem\OneDrive\Documentos\GitHub\master-2025\7-gemini\train\2022_03_21_11_02_59_40.bmp,"[{""poligono_xy"": [[62, 45], [78, 41], [88, 51], [84, 65], [70, 70], [58, 61]]}, {""poligono_xy"": [[115, 70], [135, 66], [146, 79], [142, 94], [125, 99], [110, 88]]}, {""poligono_xy"": [[175, 218], [190, 210], [205, 220], [208, 238], [195, 248], [178, 240]]}, {""poligono_xy"": [[220, 480], [240, 475], [255, 490], [255, 510], [235, 520], [215, 500]]}, {""poligono_xy"": [[285, 585], [305, 575], [320, 590], [320, 610], [300, 625], [280, 610]]}, {""poligono_xy"": [[360, 490], [380, 480], [395, 500], [395, 520], [375, 535], [355, 520]]}, {""poligono_xy"": [[420, 100], [440, 90], [460, 105], [460, 125], [440, 135], [415, 120]]}, {""poligono_xy"": [[480, 405], [500, 395], [515, 410], [515, 430], [495, 440], [475, 425]]}, {""poligono_xy"": [[535, 605], [555, 595], [570, 610], [570, 630], [550, 645], [530, 630]]}, {""poligono_xy"": [[600, 230], [620, 220], [640, 240], [640, 260], [620, 270], [595, 255]]}, {""poligono_xy"": [[680, 85], [700, 75], [720, 90], [720, 110], [700, 120], [675, 105]]}, {""poligono_xy"": [[750, 520], [770, 510], [790, 530], [790, 550], [770, 565], [745, 550]]}, {""poligono_xy"": [[820, 180], [840, 170], [860, 190], [860, 210], [840, 225], [815, 205]]}, {""poligono_xy"": [[890, 450], [910, 440], [930, 460], [930, 480], [910, 495], [885, 475]]}]",Imagem de microscopia de campo claro com células esféricas de baixo contraste em um fundo heterogêneo. A imagem apresenta ruído e alguns artefatos.
2022_03_21_11_02_59_48.bmp,C:\Users\sthem\OneDrive\Documentos\GitHub\master-2025\7-gemini\train\2022_03_21_11_02_59_48.bmp,"[{""poligono_xy"": [[92, 372], [118, 354], [140, 348], [160, 352], [172, 368], [166, 388], [144, 400], [118, 394]]}, {""poligono_xy"": [[45, 558], [71, 540], [93, 534], [111, 542], [123, 560], [111, 580], [89, 592], [63, 584]]}, {""poligono_xy"": [[276, 104], [298, 90], [324, 86], [346, 94], [358, 112], [344, 132], [318, 140], [292, 130]]}, {""poligono_xy"": [[396, 452], [422, 438], [450, 432], [474, 440], [486, 460], [472, 478], [444, 486], [418, 476]]}, {""poligono_xy"": [[580, 252], [606, 236], [634, 230], [658, 240], [670, 260], [654, 280], [626, 290], [598, 278]]}, {""poligono_xy"": [[704, 84], [730, 70], [760, 64], [786, 72], [800, 92], [782, 114], [754, 124], [724, 114]]}, {""poligono_xy"": [[796, 876], [824, 860], [854, 856], [878, 866], [890, 886], [872, 908], [842, 916], [814, 902]]}, {""poligono_xy"": [[884, 668], [906, 652], [928, 648], [946, 658], [954, 676], [938, 694], [914, 700], [890, 688]]}, {""poligono_xy"": [[368, 804], [394, 788], [420, 782], [442, 792], [454, 812], [436, 830], [406, 838], [378, 826]]}, {""poligono_xy"": [[284, 588], [308, 574], [330, 570], [350, 580], [360, 600], [344, 618], [316, 624], [290, 612]]}, {""poligono_xy"": [[184, 124], [206, 110], [228, 104], [248, 112], [258, 130], [242, 148], [216, 156], [192, 144]]}, {""poligono_xy"": [[344, 284], [374, 264], [404, 260], [430, 276], [438, 300], [416, 320], [380, 322], [350, 306]]}]","Imagem de microscopia de campo claro com células de formato ovalado, possivelmente leveduras, com baixo contraste e fora de foco. Presença de artefatos e detritos."
2022_03_21_11_02_59_57.bmp,C:\Users\sthem\OneDrive\Documentos\GitHub\master-2025\7-gemini\train\2022_03_21_11_02_59_57.bmp,"[{""poligono_xy"": [[28, 13], [38, 7], [50, 9], [56, 18], [52, 28], [41, 31], [29, 26]]}, {""poligono_xy"": [[100, 250], [115, 240], [130, 245], [140, 260], [135, 275], [120, 280], [105, 270]]}, {""poligono_xy"": [[220, 100], [230, 90], [245, 95], [255, 105], [250, 120], [235, 120], [225, 110]]}, {""poligono_xy"": [[280, 20], [295, 15], [310, 20], [315, 35], [305, 45], [285, 40]]}, {""poligono_xy"": [[350, 250], [365, 240], [380, 245], [390, 260], [380, 280], [360, 285], [350, 270]]}, {""poligono_xy"": [[420, 105], [435, 95], [455, 100], [465, 115], [455, 130], [435, 130], [420, 120]]}, {""poligono_xy"": [[500, 20], [510, 12], [525, 15], [535, 25], [530, 38], [515, 40], [500, 32]]}, {""poligono_xy"": [[580, 260], [595, 250], [615, 255], [625, 270], [615, 290], [595, 295], [580, 285]]}, {""poligono_xy"": [[680, 80], [690, 70], [705, 72], [715, 85], [710, 95], [695, 100], [685, 90]]}, {""poligono_xy"": [[750, 280], [765, 265], [785, 270], [795, 285], [785, 305], [765, 310], [750, 295]]}, {""poligono_xy"": [[150, 150], [165, 140], [180, 142], [190, 155], [185, 170], [170, 175], [155, 165]]}, {""poligono_xy"": [[50, 300], [65, 290], [80, 295], [90, 310], [80, 325], [60, 330], [50, 320]]}, {""poligono_xy"": [[720, 180], [730, 165], [750, 170], [765, 185], [760, 200], [740, 200], [725, 190]]}, {""poligono_xy"": [[250, 320], [265, 310], [285, 315], [295, 330], [285, 345], [265, 345], [250, 335]]}, {""poligono_xy"": [[450, 350], [470, 335], [495, 340], [510, 355], [500, 375], [475, 380], [455, 365]]}, {""poligono_xy"": [[620, 120], [635, 110], [655, 115], [670, 130], [660, 145], [640, 145], [625, 135]]}]",Imagem de microscopia de campo claro com células de formato aproximadamente circular/elíptico. Baixo contraste e alguns detritos presentes.
2022_03_21_11_02_59_65.bmp,C:\Users\sthem\OneDrive\Documentos\GitHub\master-2025\7-gemini\train\2022_03_21_11_02_59_65.bmp,"[{""poligono_xy"": [[42, 52], [62, 42], [80, 50], [70, 68], [50, 78], [30, 68]]}, {""poligono_xy"": [[270, 265], [290, 255], [310, 265], [300, 285], [280, 295], [260, 285]]}, {""poligono_xy"": [[105, 455], [130, 440], [150, 450], [140, 475], [115, 490], [90, 475]]}, {""poligono_xy"": [[450, 50], [470, 40], [490, 50], [480, 70], [460, 80], [440, 70]]}, {""poligono_xy"": [[505, 280], [530, 265], [555, 280], [545, 305], [520, 320], [500, 305]]}, {""poligono_xy"": [[400, 420], [425, 405], [450, 420], [440, 445], [415, 460], [390, 445]]}, {""poligono_xy"": [[590, 450], [615, 435], [640, 450], [630, 475], [605, 490], [580, 475]]}, {""poligono_xy"": [[270, 100], [285, 85], [305, 95], [295, 115], [280, 125], [260, 115]]}, {""poligono_xy"": [[85, 880], [110, 865], [135, 880], [125, 905], [100, 920], [75, 905]]}, {""poligono_xy"": [[255, 605], [280, 590], [305, 605], [295, 630], [270, 645], [245, 630]]}, {""poligono_xy"": [[455, 720], [480, 705], [505, 720], [495, 745], [470, 760], [445, 745]]}, {""poligono_xy"": [[600, 880], [625, 865], [650, 880], [640, 905], [615, 920], [590, 905]]}, {""poligono_xy"": [[40, 280], [55, 295], [55, 305], [40, 315], [25, 305], [25, 295]]}, {""poligono_xy"": [[180, 280], [205, 295], [205, 305], [180, 315], [155, 305], [155, 295]]}, {""poligono_xy"": [[355, 520], [380, 535], [380, 545], [355, 555], [330, 545], [330, 535]]}, {""poligono_xy"": [[530, 580], [545, 565], [565, 575], [555, 595], [540, 605], [520, 595]]}]","Imagem de microscopia de campo claro com células de formato e contraste variáveis, possivelmente leveduras ou bactérias, em meio líquido. A imagem apresenta algum ruído e artefatos."
2022_03_21_11_02_59_73.bmp,C:\Users\sthem\OneDrive\Documentos\GitHub\master-2025\7-gemini\train\2022_03_21_11_02_59_73.bmp,"[{""poligono_xy"": [[28, 13], [43, 9], [55, 14], [51, 23], [36, 27], [23, 22]]}, {""poligono_xy"": [[150, 255], [170, 245], [188, 255], [185, 275], [163, 285], [145, 270]]}, {""poligono_xy"": [[280, 480], [300, 470], [320, 485], [315, 505], [290, 515], [270, 500]]}, {""poligono_xy"": [[385, 585], [405, 570], [425, 580], [420, 600], [395, 610], [375, 595]]}, {""poligono_xy"": [[450, 100], [470, 90], [490, 100], [485, 120], [460, 130], [440, 115]]}, {""poligono_xy"": [[550, 200], [565, 190], [580, 200], [575, 215], [555, 225], [540, 210]]}, {""poligono_xy"": [[630, 350], [650, 340], [670, 350], [665, 370], [640, 380], [620, 365]]}, {""poligono_xy"": [[700, 50], [715, 40], [730, 50], [725, 70], [705, 80], [690, 65]]}, {""poligono_xy"": [[270, 150], [290, 135], [315, 155], [305, 180], [280, 190], [255, 170]]}, {""poligono_xy"": [[350, 280], [370, 265], [390, 280], [380, 305], [355, 315], [335, 295]]}, {""poligono_xy"": [[450, 420], [465, 405], [485, 420], [480, 440], [455, 455], [435, 435]]}, {""poligono_xy"": [[580, 550], [600, 535], [620, 550], [610, 575], [585, 585], [565, 565]]}, {""poligono_xy"": [[100, 450], [115, 440], [130, 455], [125, 475], [105, 485], [90, 465]]}, {""poligono_xy"": [[200, 50], [220, 40], [240, 55], [230, 75], [205, 85], [185, 65]]}]","Imagem de microscopia de campo claro com células de formato e contraste variáveis, possivelmente leveduras ou bactérias, em meio líquido. A imagem apresenta algum ruído de fundo e artefatos."
2022_03_21_11_02_59_82.bmp,C:\Users\sthem\OneDrive\Documentos\GitHub\master-2025\7-gemini\train\2022_03_21_11_02_59_82.bmp,"[{""poligono_xy"": [[170, 50], [190, 40], [210, 45], [220, 60], [210, 75], [190, 70], [175, 60]]}, {""poligono_xy"": [[50, 100], [70, 90], [90, 95], [100, 110], [90, 125], [70, 120], [55, 110]]}, {""poligono_xy"": [[150, 150], [170, 140], [190, 145], [200, 160], [190, 175], [170, 170], [155, 160]]}, {""poligono_xy"": [[40, 200], [60, 190], [80, 195], [90, 210], [80, 225], [60, 220], [45, 210]]}, {""poligono_xy"": [[250, 250], [270, 240], [290, 245], [300, 260], [290, 275], [270, 270], [255, 260]]}, {""poligono_xy"": [[50, 300], [70, 290], [90, 295], [100, 310], [90, 325], [70, 320], [55, 310]]}, {""poligono_xy"": [[350, 350], [370, 340], [390, 345], [400, 360], [390, 375], [370, 370], [355, 360]]}, {""poligono_xy"": [[100, 400], [120, 390], [140, 395], [150, 410], [140, 425], [120, 420], [105, 410]]}, {""poligono_xy"": [[450, 450], [470, 440], [490, 445], [500, 460], [490, 475], [470, 470], [455, 460]]}, {""poligono_xy"": [[200, 500], [220, 490], [240, 495], [250, 510], [240, 525], [220, 520], [205, 510]]}]","Imagem de microscopia de campo claro com células de formato e contraste variáveis. A qualidade da imagem é moderada, com presença de ruído de fundo."
2022_03_21_11_02_59_90.bmp,C:\Users\sthem\OneDrive\Documentos\GitHub\master-2025\7-gemini\train\2022_03_21_11_02_59_90.bmp,"[{""poligono_xy"": [[170, 185], [185, 170], [200, 170], [210, 185], [200, 200], [185, 200]]}, {""poligono_xy"": [[35, 370], [50, 355], [65, 360], [70, 375], [60, 390], [45, 385]]}, {""poligono_xy"": [[100, 405], [120, 395], [135, 400], [140, 415], [130, 430], [110, 425]]}, {""poligono_xy"": [[255, 420], [275, 410], [290, 415], [300, 430], [285, 445], [265, 440]]}, {""poligono_xy"": [[355, 570], [370, 560], [385, 560], [400, 575], [390, 590], [370, 585]]}, {""poligono_xy"": [[455, 280], [470, 270], [490, 275], [505, 290], [490, 305], [470, 300]]}, {""poligono_xy"": [[585, 85], [600, 75], [615, 80], [625, 95], [615, 110], [595, 100]]}, {""poligono_xy"": [[705, 355], [720, 345], [740, 350], [750, 365], [735, 380], [715, 370]]}, {""poligono_xy"": [[820, 155], [840, 140], [860, 150], [870, 170], [855, 185], [835, 175]]}, {""poligono_xy"": [[890, 575], [910, 560], [930, 570], [940, 585], [925, 600], [905, 590]]}, {""poligono_xy"": [[50, 100], [70, 90], [90, 100], [100, 115], [85, 130], [65, 120]]}, {""poligono_xy"": [[155, 285], [175, 270], [195, 280], [205, 300], [185, 315], [160, 305]]}, {""poligono_xy"": [[280, 145], [295, 130], [315, 140], [325, 155], [310, 170], [290, 160]]}, {""poligono_xy"": [[450, 50], [470, 40], [490, 45], [500, 65], [480, 80], [460, 70]]}, {""poligono_xy"": [[565, 480], [585, 465], [605, 475], [615, 495], [595, 510], [570, 500]]}, {""poligono_xy"": [[680, 215], [700, 200], [720, 210], [735, 230], [715, 245], [690, 235]]}, {""poligono_xy"": [[795, 495], [815, 480], [835, 490], [845, 510], [825, 525], [800, 515]]}]","Imagem de microscopia de campo claro com células esféricas de baixo contraste em um fundo com ruído. A imagem sugere a presença de artefatos e detritos, dificultando a segmentação precisa."
2022_03_21_11_02_59_98.bmp,C:\Users\sthem\OneDrive\Documentos\GitHub\master-2025\7-gemini\train\2022_03_21_11_02_59_98.bmp,"[{""poligono_xy"": [[17, 12], [28, 7], [35, 11], [33, 20], [23, 25], [14, 21]]}, {""poligono_xy"": [[50, 2], [62, 0], [70, 7], [66, 18], [55, 21], [46, 16]]}, {""poligono_xy"": [[220, 235], [232, 228], [242, 235], [240, 248], [228, 255], [215, 248]]}, {""poligono_xy"": [[280, 80], [295, 75], [308, 85], [305, 98], [290, 103], [277, 95]]}, {""poligono_xy"": [[385, 585], [398, 578], [410, 585], [408, 600], [395, 608], [382, 600]]}, {""poligono_xy"": [[450, 920], [465, 912], [480, 920], [475, 935], [460, 942], [445, 933]]}, {""poligono_xy"": [[580, 280], [595, 270], [610, 280], [605, 295], [590, 300], [575, 290]]}, {""poligono_xy"": [[680, 780], [692, 772], [705, 780], [700, 795], [688, 802], [675, 792]]}, {""poligono_xy"": [[750, 450], [765, 440], [780, 450], [775, 465], [762, 470], [748, 460]]}, {""poligono_xy"": [[850, 120], [865, 110], [880, 120], [875, 135], [860, 140], [845, 130]]}, {""poligono_xy"": [[920, 620], [935, 610], [950, 620], [945, 635], [930, 640], [915, 630]]}, {""poligono_xy"": [[885, 885], [900, 875], [915, 885], [910, 900], [895, 905], [880, 895]]}]","Imagem de microscopia de campo claro com células de formato aproximadamente circular/elíptico, possivelmente leveduras ou bactérias, com baixo contraste e algumas fora de foco. Presença de ruído e pequenos detritos."
2022_03_21_11_03_00_36.bmp,C:\Users\sthem\OneDrive\Documentos\GitHub\master-2025\7-gemini\train\2022_03_21_11_03_00_36.bmp,"[{""poligono_xy"": [[170, 280], [190, 280], [195, 300], [190, 320], [170, 320], [165, 300]]}, {""poligono_xy"": [[35, 375], [55, 370], [65, 390], [60, 410], [40, 415], [30, 395]]}, {""poligono_xy"": [[420, 500], [440, 500], [445, 520], [440, 540], [420, 540], [415, 520]]}, {""poligono_xy"": [[750, 850], [780, 845], [795, 870], [790, 895], [765, 900], [750, 875]]}, {""poligono_xy"": [[855, 680], [880, 675], [890, 695], [885, 715], [865, 720], [850, 700]]}, {""poligono_xy"": [[20, 60], [40, 55], [50, 75], [45, 95], [25, 100], [15, 80]]}, {""poligono_xy"": [[350, 100], [370, 95], [380, 115], [375, 135], [355, 140], [340, 120]]}, {""poligono_xy"": [[700, 100], [725, 90], [740, 110], [730, 135], [705, 140], [690, 115]]}, {""poligono_xy"": [[850, 20], [870, 15], [880, 35], [875, 55], [855, 60], [840, 40]]}, {""poligono_xy"": [[50, 850], [70, 845], [80, 865], [75, 885], [55, 890], [40, 870]]}, {""poligono_xy"": [[250, 700], [270, 695], [280, 715], [275, 735], [255, 740], [240, 720]]}, {""poligono_xy"": [[600, 750], [620, 745], [630, 765], [625, 785], [605, 790], [590, 770]]}, {""poligono_xy"": [[35, 200], [45, 190], [60, 205], [65, 230], [50, 245], [35, 225]]}, {""poligono_xy"": [[350, 450], [365, 440], [380, 460], [380, 485], [360, 500], [345, 475]]}]","Imagem de microscopia de campo claro com células de formato variado, possivelmente leveduras ou bactérias, com baixo contraste e alguns detritos no fundo. A imagem apresenta um nível de ruído que dificulta a segmentação precisa."
2022_03_21_11_03_00_42.bmp,C:\Users\sthem\OneDrive\Documentos\GitHub\master-2025\7-gemini\train\2022_03_21_11_03_00_42.bmp,"[{""poligono_xy"": [[120, 140], [135, 140], [135, 155], [120, 155]]}, {""poligono_xy"": [[150, 350], [170, 350], [170, 370], [150, 370]]}, {""poligono_xy"": [[175, 100], [190, 100], [190, 115], [175, 115]]}, {""poligono_xy"": [[200, 200], [220, 200], [220, 220], [200, 220]]}, {""poligono_xy"": [[240, 300], [260, 300], [260, 320], [240, 320]]}, {""poligono_xy"": [[280, 150], [300, 150], [300, 170], [280, 170]]}, {""poligono_xy"": [[320, 250], [340, 250], [340, 270], [320, 270]]}, {""poligono_xy"": [[350, 50], [370, 50], [370, 70], [350, 70]]}, {""poligono_xy"": [[380, 380], [400, 380], [400, 400], [380, 400]]}, {""poligono_xy"": [[420, 120], [440, 120], [440, 140], [420, 140]]}, {""poligono_xy"": [[460, 280], [480, 280], [480, 300], [460, 300]]}, {""poligono_xy"": [[500, 80], [520, 80], [520, 100], [500, 100]]}]","Imagem de microscopia de campo claro com células esféricas, possivelmente leveduras, em diferentes planos focais. Baixo contraste e presença de artefatos."
2022_03_21_11_03_00_49.bmp,C:\Users\sthem\OneDrive\Documentos\GitHub\master-2025\7-gemini\train\2022_03_21_11_03_00_49.bmp,[],"Imagem de microscopia de campo claro com células esféricas, possivelmente leveduras, em baixa resolução e com baixo contraste.  Algumas células estão fora de foco."
2022_03_21_11_03_00_57.bmp,C:\Users\sthem\OneDrive\Documentos\GitHub\master-2025\7-gemini\train\2022_03_21_11_03_00_57.bmp,[],"Imagem de microscopia de campo claro com células de formato variado, possivelmente leveduras ou bactérias, com baixo contraste e algumas sobreposições. A imagem apresenta ruído de fundo."
2022_03_21_11_03_00_65.bmp,C:\Users\sthem\OneDrive\Documentos\GitHub\master-2025\7-gemini\train\2022_03_21_11_03_00_65.bmp,"[{""poligono_xy"": [[100, 60], [115, 55], [125, 65], [120, 75], [105, 80], [95, 70]]}, {""poligono_xy"": [[25, 175], [40, 165], [55, 175], [50, 190], [35, 200], [20, 190]]}, {""poligono_xy"": [[175, 25], [185, 20], [195, 30], [190, 40], [180, 45], [170, 35]]}, {""poligono_xy"": [[250, 100], [265, 90], [280, 100], [275, 115], [260, 125], [245, 115]]}, {""poligono_xy"": [[375, 380], [390, 370], [405, 380], [400, 395], [385, 405], [370, 395]]}, {""poligono_xy"": [[450, 200], [465, 190], [480, 200], [475, 215], [460, 225], [445, 215]]}, {""poligono_xy"": [[570, 75], [585, 65], [600, 75], [595, 90], [580, 100], [565, 90]]}, {""poligono_xy"": [[680, 350], [695, 340], [710, 350], [705, 365], [690, 375], [675, 365]]}, {""poligono_xy"": [[750, 125], [765, 115], [780, 125], [775, 140], [760, 150], [745, 140]]}, {""poligono_xy"": [[850, 275], [865, 265], [880, 275], [875, 290], [860, 300], [845, 290]]}, {""poligono_xy"": [[375, 80], [385, 75], [395, 85], [390, 95], [380, 100], [370, 90]]}, {""poligono_xy"": [[480, 45], [490, 40], [500, 50], [495, 60], [485, 65], [475, 55]]}, {""poligono_xy"": [[550, 280], [560, 275], [570, 285], [565, 295], [555, 300], [545, 290]]}, {""poligono_xy"": [[700, 180], [710, 175], [720, 185], [715, 195], [705, 200], [695, 190]]}, {""poligono_xy"": [[820, 50], [830, 45], [840, 55], [835, 65], [825, 70], [815, 60]]}]",Imagem de microscopia de campo claro com células esféricas de baixo contraste em um fundo com alguns detritos. A imagem apresenta um nível de ruído moderado.
2022_03_21_11_03_00_73.bmp,C:\Users\sthem\OneDrive\Documentos\GitHub\master-2025\7-gemini\train\2022_03_21_11_03_00_73.bmp,"[{""poligono_xy"": [[27, 52], [40, 40], [55, 43], [62, 58], [50, 70], [35, 67]]}, {""poligono_xy"": [[105, 120], [125, 110], [140, 115], [150, 130], [140, 145], [120, 140]]}, {""poligono_xy"": [[180, 250], [195, 240], [215, 245], [225, 260], [210, 275], [185, 270]]}, {""poligono_xy"": [[250, 380], [270, 370], [290, 375], [300, 390], [285, 405], [260, 400]]}, {""poligono_xy"": [[350, 450], [370, 440], [390, 445], [405, 465], [390, 480], [360, 470]]}, {""poligono_xy"": [[420, 550], [440, 540], [460, 545], [470, 565], [455, 580], [430, 570]]}, {""poligono_xy"": [[500, 620], [520, 610], [540, 615], [550, 635], [530, 650], [510, 640]]}, {""poligono_xy"": [[580, 100], [600, 90], [620, 95], [630, 115], [610, 130], [590, 120]]}, {""poligono_xy"": [[650, 200], [670, 190], [690, 195], [700, 215], [680, 230], [660, 220]]}, {""poligono_xy"": [[720, 300], [740, 290], [760, 295], [770, 315], [750, 330], [730, 320]]}, {""poligono_xy"": [[40, 580], [55, 570], [70, 575], [80, 590], [70, 605], [50, 600]]}, {""poligono_xy"": [[120, 650], [140, 640], [160, 645], [170, 660], [150, 675], [130, 670]]}, {""poligono_xy"": [[200, 50], [215, 40], [230, 45], [240, 60], [225, 75], [205, 70]]}, {""poligono_xy"": [[280, 150], [300, 140], [320, 145], [330, 160], [310, 175], [290, 170]]}]","Imagem de microscopia de campo claro com células de formato irregular, possivelmente leveduras ou bactérias, com baixo contraste e algumas fora de foco. Presença de detritos e ruído de fundo."
2022_03_21_11_03_00_82.bmp,C:\Users\sthem\OneDrive\Documentos\GitHub\master-2025\7-gemini\train\2022_03_21_11_03_00_82.bmp,"[{""poligono_xy"": [[135, 15], [175, 25], [180, 45], [170, 60], [130, 55], [120, 35]]}, {""poligono_xy"": [[150, 120], [180, 125], [185, 150], [175, 170], [145, 165], [135, 145]]}, {""poligono_xy"": [[580, 580], [615, 585], [625, 610], [615, 630], [580, 625], [565, 605]]}, {""poligono_xy"": [[750, 700], [780, 700], [790, 730], [780, 755], [750, 755], [740, 730]]}, {""poligono_xy"": [[870, 100], [890, 105], [895, 125], [885, 140], [865, 135], [860, 115]]}, {""poligono_xy"": [[300, 600], [330, 605], [340, 630], [330, 650], [300, 645], [285, 625]]}, {""poligono_xy"": [[40, 600], [70, 605], [80, 635], [70, 660], [40, 655], [30, 630]]}, {""poligono_xy"": [[150, 400], [175, 405], [185, 430], [175, 450], [150, 440], [135, 420]]}, {""poligono_xy"": [[280, 300], [305, 305], [310, 325], [300, 340], [275, 330], [270, 315]]}, {""poligono_xy"": [[450, 100], [470, 100], [480, 120], [470, 135], [450, 135], [440, 115]]}, {""poligono_xy"": [[550, 50], [580, 60], [590, 85], [575, 105], [545, 95], [535, 70]]}, {""poligono_xy"": [[700, 200], [730, 205], [740, 230], [730, 250], [700, 245], [690, 225]]}, {""poligono_xy"": [[850, 450], [880, 455], [890, 480], [880, 500], [850, 490], [840, 470]]}, {""poligono_xy"": [[70, 850], [100, 855], [110, 880], [100, 900], [70, 895], [60, 875]]}, {""poligono_xy"": [[250, 800], [280, 805], [290, 830], [280, 850], [250, 845], [240, 825]]}, {""poligono_xy"": [[400, 700], [430, 705], [440, 730], [430, 750], [400, 745], [390, 725]]}, {""poligono_xy"": [[550, 400], [580, 405], [590, 430], [580, 450], [550, 445], [540, 425]]}, {""poligono_xy"": [[700, 550], [730, 555], [740, 580], [730, 600], [700, 595], [690, 575]]}, {""poligono_xy"": [[850, 800], [880, 805], [890, 830], [880, 850], [850, 845], [840, 825]]}, {""poligono_xy"": [[30, 250], [60, 260], [70, 290], [60, 315], [30, 305], [20, 280]]}, {""poligono_xy"": [[320, 150], [350, 155], [360, 180], [350, 200], [320, 195], [310, 175]]}, {""poligono_xy"": [[500, 250], [530, 255], [540, 280], [530, 300], [500, 295], [490, 275]]}, {""poligono_xy"": [[650, 350], [680, 355], [690, 380], [680, 400], [650, 395], [640, 375]]}]","Imagem de microscopia de campo claro com células ovais de baixo contraste, possivelmente leveduras, em diferentes planos focais. Presença de ruído e detritos."
2022_03_21_11_03_00_90.bmp,C:\Users\sthem\OneDrive\Documentos\GitHub\master-2025\7-gemini\train\2022_03_21_11_03_00_90.bmp,"[{""poligono_xy"": [[170, 40], [185, 30], [200, 35], [210, 50], [205, 65], [190, 70], [175, 60]]}, {""poligono_xy"": [[25, 10], [40, 5], [55, 15], [60, 30], [50, 45], [35, 40], [20, 30]]}, {""poligono_xy"": [[140, 120], [160, 110], [180, 120], [190, 140], [175, 160], [155, 150], [140, 140]]}, {""poligono_xy"": [[250, 50], [270, 40], [290, 50], [300, 70], [285, 90], [265, 80], [250, 70]]}, {""poligono_xy"": [[350, 100], [370, 90], [390, 100], [400, 120], [385, 140], [365, 130], [350, 120]]}, {""poligono_xy"": [[450, 20], [470, 10], [490, 20], [500, 40], [485, 60], [465, 50], [450, 40]]}, {""poligono_xy"": [[550, 150], [570, 140], [590, 150], [600, 170], [585, 190], [565, 180], [550, 170]]}, {""poligono_xy"": [[50, 200], [70, 190], [90, 200], [100, 220], [85, 240], [65, 230], [50, 220]]}, {""poligono_xy"": [[150, 250], [170, 240], [190, 250], [200, 270], [185, 290], [165, 280], [150, 270]]}, {""poligono_xy"": [[400, 260], [415, 250], [430, 255], [440, 270], [430, 285], [415, 280], [400, 270]]}, {""poligono_xy"": [[520, 220], [540, 210], [560, 220], [570, 240], [555, 260], [535, 250], [520, 240]]}]",Imagem de microscopia de campo claro com células de formato aproximadamente circular e baixo contraste. Possível presença de artefatos e detritos.
2022_03_21_11_03_00_98.bmp,C:\Users\sthem\OneDrive\Documentos\GitHub\master-2025\7-gemini\train\2022_03_21_11_03_00_98.bmp,"[{""poligono_xy"": [[42, 46], [60, 32], [74, 38], [82, 56], [68, 70], [50, 64]]}, {""poligono_xy"": [[470, 548], [490, 530], [518, 534], [536, 554], [522, 572], [494, 566]]}, {""poligono_xy"": [[288, 478], [308, 462], [332, 468], [348, 488], [330, 504], [302, 496]]}, {""poligono_xy"": [[606, 80], [630, 62], [658, 70], [676, 94], [660, 114], [630, 104]]}, {""poligono_xy"": [[198, 500], [226, 482], [256, 496], [274, 522], [248, 542], [216, 530]]}, {""poligono_xy"": [[368, 284], [392, 262], [420, 272], [436, 298], [414, 318], [384, 306]]}, {""poligono_xy"": [[724, 602], [750, 586], [776, 598], [792, 624], [770, 644], [740, 632]]}, {""poligono_xy"": [[864, 306], [888, 286], [914, 298], [928, 320], [906, 340], [876, 328]]}, {""poligono_xy"": [[580, 384], [608, 358], [646, 376], [668, 406], [640, 430], [600, 410]]}, {""poligono_xy"": [[446, 660], [476, 640], [506, 654], [524, 680], [500, 702], [466, 688]]}, {""poligono_xy"": [[270, 268], [292, 248], [316, 258], [330, 280], [306, 300], [278, 288]]}, {""poligono_xy"": [[106, 102], [130, 86], [156, 98], [170, 120], [148, 138], [120, 124]]}, {""poligono_xy"": [[728, 246], [758, 222], [792, 240], [810, 268], [784, 290], [750, 272]]}, {""poligono_xy"": [[378, 608], [404, 586], [436, 600], [454, 628], [428, 650], [396, 634]]}, {""poligono_xy"": [[88, 618], [114, 596], [144, 614], [160, 642], [136, 666], [102, 648]]}]",Imagem de microscopia de campo claro com células de formato irregular e baixo contraste. Possível presença de artefatos e detritos.
2022_03_21_11_03_01_07.bmp,C:\Users\sthem\OneDrive\Documentos\GitHub\master-2025\7-gemini\train\2022_03_21_11_03_01_07.bmp,"[{""poligono_xy"": [[24, 32], [40, 22], [54, 28], [52, 44], [36, 52], [22, 44]]}, {""poligono_xy"": [[84, 58], [102, 50], [110, 56], [106, 72], [88, 78], [78, 70]]}, {""poligono_xy"": [[470, 56], [488, 46], [504, 50], [500, 68], [480, 76], [464, 68]]}, {""poligono_xy"": [[568, 22], [588, 14], [606, 20], [600, 38], [578, 46], [560, 36]]}, {""poligono_xy"": [[884, 20], [906, 10], [926, 18], [924, 38], [902, 48], [882, 36]]}, {""poligono_xy"": [[456, 156], [478, 142], [498, 152], [494, 174], [470, 186], [450, 172]]}, {""poligono_xy"": [[538, 224], [560, 210], [580, 222], [576, 244], [552, 258], [532, 242]]}, {""poligono_xy"": [[866, 466], [890, 454], [912, 468], [906, 490], [880, 504], [860, 488]]}, {""poligono_xy"": [[922, 476], [948, 460], [970, 474], [964, 498], [938, 514], [918, 496]]}, {""poligono_xy"": [[454, 508], [482, 492], [508, 506], [502, 532], [474, 546], [448, 530]]}, {""poligono_xy"": [[706, 556], [734, 538], [758, 554], [750, 580], [722, 596], [698, 578]]}]","Imagem de microscopia de campo claro com possível presença de leveduras ou células similares, com baixo contraste e algumas fora de foco. A imagem apresenta ruído e artefatos que dificultam a segmentação precisa."
2022_03_21_11_03_01_15.bmp,C:\Users\sthem\OneDrive\Documentos\GitHub\master-2025\7-gemini\train\2022_03_21_11_03_01_15.bmp,"[{""poligono_xy"": [[130, 70], [150, 60], [170, 70], [170, 90], [150, 100], [130, 90]]}, {""poligono_xy"": [[140, 220], [165, 210], [190, 220], [190, 250], [170, 260], [140, 250]]}, {""poligono_xy"": [[250, 140], [270, 130], [290, 140], [290, 160], [270, 170], [250, 160]]}, {""poligono_xy"": [[330, 40], [350, 35], [370, 45], [370, 65], [350, 75], [330, 65]]}, {""poligono_xy"": [[340, 280], [360, 270], [380, 280], [380, 300], [360, 310], [340, 300]]}, {""poligono_xy"": [[400, 480], [420, 470], [440, 480], [440, 500], [420, 510], [400, 500]]}, {""poligono_xy"": [[450, 170], [470, 160], [490, 170], [490, 190], [470, 200], [450, 190]]}, {""poligono_xy"": [[480, 330], [500, 320], [520, 330], [520, 350], [500, 360], [480, 350]]}, {""poligono_xy"": [[570, 70], [590, 60], [610, 70], [610, 90], [590, 100], [570, 90]]}, {""poligono_xy"": [[600, 240], [620, 230], [640, 240], [640, 260], [620, 270], [600, 260]]}, {""poligono_xy"": [[640, 420], [660, 410], [680, 420], [680, 440], [660, 450], [640, 440]]}, {""poligono_xy"": [[720, 100], [740, 90], [760, 100], [760, 120], [740, 130], [720, 120]]}, {""poligono_xy"": [[750, 280], [770, 270], [790, 280], [790, 300], [770, 310], [750, 300]]}, {""poligono_xy"": [[780, 480], [800, 470], [820, 480], [820, 500], [800, 510], [780, 500]]}]",Imagem de microscopia de campo claro com células de formato aproximadamente elíptico/circular. Baixo contraste e alguns detritos presentes. Possível presença de leveduras ou células similares.
2022_03_21_11_03_01_23.bmp,C:\Users\sthem\OneDrive\Documentos\GitHub\master-2025\7-gemini\train\2022_03_21_11_03_01_23.bmp,"[{""poligono_xy"": [[27, 52], [47, 42], [62, 47], [67, 62], [52, 77], [32, 72]]}, {""poligono_xy"": [[85, 273], [100, 263], [120, 273], [125, 293], [105, 308], [85, 298]]}, {""poligono_xy"": [[185, 42], [205, 37], [225, 47], [230, 67], [210, 77], [185, 67]]}, {""poligono_xy"": [[252, 22], [277, 12], [302, 22], [307, 47], [282, 62], [257, 52]]}, {""poligono_xy"": [[327, 277], [352, 272], [372, 282], [377, 302], [357, 312], [332, 302]]}, {""poligono_xy"": [[402, 72], [417, 62], [437, 67], [447, 82], [432, 97], [412, 92]]}, {""poligono_xy"": [[487, 22], [502, 17], [522, 22], [527, 42], [507, 52], [492, 47]]}, {""poligono_xy"": [[57, 152], [77, 142], [97, 157], [102, 177], [82, 192], [62, 177]]}, {""poligono_xy"": [[152, 272], [177, 267], [197, 277], [202, 297], [177, 307], [157, 292]]}, {""poligono_xy"": [[477, 277], [502, 272], [527, 287], [532, 307], [512, 322], [487, 312]]}, {""poligono_xy"": [[577, 72], [597, 67], [617, 77], [622, 97], [602, 107], [582, 97]]}, {""poligono_xy"": [[652, 227], [672, 222], [692, 232], [697, 252], [677, 262], [657, 252]]}, {""poligono_xy"": [[72, 377], [82, 367], [102, 372], [107, 392], [92, 402], [77, 392]]}, {""poligono_xy"": [[442, 407], [462, 402], [482, 412], [487, 432], [467, 442], [447, 432]]}]","Imagem de microscopia de campo claro com células de formato variado, possivelmente leveduras ou bactérias, com baixo contraste e alguma sobreposição. A imagem apresenta ruído de fundo e alguns detritos."
2022_03_21_11_03_01_32.bmp,C:\Users\sthem\OneDrive\Documentos\GitHub\master-2025\7-gemini\train\2022_03_21_11_03_01_32.bmp,"[{""poligono_xy"": [[22, 22], [38, 22], [38, 38], [22, 38]]}, {""poligono_xy"": [[85, 18], [105, 18], [105, 40], [85, 40]]}, {""poligono_xy"": [[150, 25], [165, 25], [165, 40], [150, 40]]}, {""poligono_xy"": [[200, 220], [220, 220], [220, 240], [200, 240]]}, {""poligono_xy"": [[250, 100], [270, 100], [270, 125], [250, 125]]}, {""poligono_xy"": [[280, 280], [300, 280], [300, 300], [280, 300]]}, {""poligono_xy"": [[320, 50], [340, 50], [340, 70], [320, 70]]}, {""poligono_xy"": [[380, 180], [400, 180], [400, 200], [380, 200]]}, {""poligono_xy"": [[420, 20], [440, 20], [440, 40], [420, 40]]}, {""poligono_xy"": [[480, 250], [500, 250], [500, 270], [480, 270]]}, {""poligono_xy"": [[180, 50], [200, 50], [200, 70], [180, 70]]}, {""poligono_xy"": [[220, 180], [245, 180], [245, 205], [220, 205]]}, {""poligono_xy"": [[50, 150], [70, 150], [70, 170], [50, 170]]}, {""poligono_xy"": [[100, 250], [120, 250], [120, 270], [100, 270]]}, {""poligono_xy"": [[350, 100], [370, 100], [370, 120], [350, 120]]}, {""poligono_xy"": [[450, 50], [470, 50], [470, 70], [450, 70]]}, {""poligono_xy"": [[40, 280], [60, 280], [60, 300], [40, 300]]}, {""poligono_xy"": [[130, 80], [150, 80], [150, 100], [130, 100]]}, {""poligono_xy"": [[260, 20], [280, 20], [280, 40], [260, 40]]}]",Imagem de microscopia de campo claro com células esféricas de baixo contraste em um fundo cinza. A imagem apresenta ruído e alguns artefatos. As células variam em tamanho e algumas parecem estar ligeiramente fora de foco.
2022_03_21_11_03_01_40.bmp,C:\Users\sthem\OneDrive\Documentos\GitHub\master-2025\7-gemini\train\2022_03_21_11_03_01_40.bmp,"[{""poligono_xy"": [[170, 40], [190, 30], [210, 40], [210, 60], [190, 70], [170, 60]]}, {""poligono_xy"": [[50, 80], [70, 70], [90, 80], [90, 110], [70, 120], [50, 110]]}, {""poligono_xy"": [[150, 100], [170, 90], [190, 100], [190, 120], [170, 130], [150, 120]]}, {""poligono_xy"": [[250, 150], [270, 140], [290, 150], [290, 170], [270, 180], [250, 170]]}, {""poligono_xy"": [[350, 180], [370, 170], [390, 180], [390, 200], [370, 210], [350, 200]]}, {""poligono_xy"": [[450, 220], [470, 210], [490, 220], [490, 240], [470, 250], [450, 240]]}, {""poligono_xy"": [[550, 260], [570, 250], [590, 260], [590, 280], [570, 290], [550, 280]]}, {""poligono_xy"": [[50, 280], [70, 270], [90, 280], [90, 300], [70, 310], [50, 300]]}, {""poligono_xy"": [[150, 320], [170, 310], [190, 320], [190, 340], [170, 350], [150, 340]]}, {""poligono_xy"": [[280, 360], [300, 350], [320, 360], [320, 380], [300, 390], [280, 380]]}, {""poligono_xy"": [[400, 40], [420, 30], [440, 40], [440, 60], [420, 70], [400, 60]]}, {""poligono_xy"": [[500, 80], [520, 70], [540, 80], [540, 100], [520, 110], [500, 100]]}, {""poligono_xy"": [[600, 120], [620, 110], [640, 120], [640, 140], [620, 150], [600, 140]]}]",Imagem de microscopia de campo claro com células de formato aproximadamente circular. Baixo contraste e alguns detritos presentes.
2022_03_21_11_03_01_57.bmp,C:\Users\sthem\OneDrive\Documentos\GitHub\master-2025\7-gemini\train\2022_03_21_11_03_01_57.bmp,"[{""poligono_xy"": [[42, 100], [55, 85], [70, 80], [80, 90], [75, 105], [60, 110]]}, {""poligono_xy"": [[100, 50], [115, 40], [130, 45], [140, 60], [130, 75], [115, 70]]}, {""poligono_xy"": [[20, 200], [35, 185], [50, 190], [55, 205], [40, 220], [25, 215]]}, {""poligono_xy"": [[150, 150], [165, 140], [180, 145], [190, 160], [180, 175], [165, 170]]}, {""poligono_xy"": [[250, 25], [260, 15], [270, 20], [275, 35], [265, 45], [255, 40]]}, {""poligono_xy"": [[300, 100], [310, 90], [320, 95], [330, 110], [320, 120], [310, 115]]}, {""poligono_xy"": [[400, 200], [410, 190], [420, 195], [430, 210], [420, 220], [410, 215]]}, {""poligono_xy"": [[480, 75], [495, 60], [510, 65], [520, 80], [510, 95], [495, 90]]}, {""poligono_xy"": [[550, 150], [560, 140], [570, 145], [580, 160], [570, 170], [560, 165]]}, {""poligono_xy"": [[600, 250], [615, 235], [630, 240], [640, 255], [630, 270], [615, 265]]}, {""poligono_xy"": [[680, 50], [690, 40], [700, 45], [710, 60], [700, 70], [690, 65]]}, {""poligono_xy"": [[750, 120], [760, 110], [770, 115], [780, 130], [770, 140], [760, 135]]}, {""poligono_xy"": [[450, 710], [460, 695], [475, 705], [485, 720], [470, 735], [455, 725]]}]","Imagem de microscopia de campo claro com múltiplas células de formato irregular, possivelmente leveduras ou bactérias, com baixo contraste e alguns detritos no fundo. A imagem apresenta um nível de ruído que dificulta a segmentação precisa."
2022_03_21_11_03_01_70.bmp,C:\Users\sthem\OneDrive\Documentos\GitHub\master-2025\7-gemini\train\2022_03_21_11_03_01_70.bmp,"[{""poligono_xy"": [[42, 32], [56, 30], [60, 40], [50, 46], [38, 44]]}, {""poligono_xy"": [[420, 485], [440, 478], [455, 495], [448, 510], [425, 508]]}, {""poligono_xy"": [[480, 70], [500, 65], [515, 80], [500, 90], [480, 82]]}, {""poligono_xy"": [[585, 455], [605, 450], [615, 470], [605, 485], [588, 480]]}, {""poligono_xy"": [[665, 280], [685, 275], [700, 295], [690, 310], [665, 300]]}, {""poligono_xy"": [[720, 50], [745, 45], [760, 65], [745, 80], [720, 70]]}, {""poligono_xy"": [[755, 880], [780, 870], [795, 895], [780, 915], [755, 905]]}, {""poligono_xy"": [[850, 680], [870, 670], [890, 695], [880, 715], [855, 705]]}, {""poligono_xy"": [[380, 480], [395, 470], [405, 490], [390, 505], [370, 495]]}, {""poligono_xy"": [[285, 780], [305, 770], [320, 790], [310, 810], [285, 800]]}, {""poligono_xy"": [[180, 885], [200, 875], [215, 900], [200, 915], [180, 900]]}, {""poligono_xy"": [[350, 405], [370, 395], [385, 415], [370, 430], [350, 420]]}, {""poligono_xy"": [[450, 785], [470, 775], [485, 800], [470, 815], [450, 800]]}]","Imagem de microscopia de campo claro com células de formato variado, possivelmente leveduras ou bactérias, com baixo contraste e alguma sobreposição. A imagem apresenta ruído de fundo e alguns detritos."
2022_03_21_11_03_01_77.bmp,C:\Users\sthem\OneDrive\Documentos\GitHub\master-2025\7-gemini\train\2022_03_21_11_03_01_77.bmp,"[{""poligono_xy"": [[42, 25], [54, 21], [65, 25], [68, 37], [63, 48], [51, 51], [39, 46], [35, 35]]}, {""poligono_xy"": [[86, 78], [105, 71], [120, 80], [124, 97], [112, 110], [92, 112], [79, 100]]}, {""poligono_xy"": [[155, 175], [170, 165], [188, 175], [195, 195], [180, 210], [160, 208], [148, 195]]}, {""poligono_xy"": [[210, 45], [225, 35], [240, 40], [248, 55], [240, 68], [222, 68], [210, 60]]}, {""poligono_xy"": [[285, 80], [300, 70], [315, 78], [325, 95], [315, 110], [295, 115], [280, 100]]}, {""poligono_xy"": [[350, 180], [370, 170], [390, 185], [400, 205], [385, 225], [360, 225], [345, 210]]}, {""poligono_xy"": [[410, 50], [425, 42], [445, 50], [455, 70], [440, 85], [420, 80], [405, 65]]}, {""poligono_xy"": [[480, 215], [495, 205], [515, 215], [525, 235], [510, 250], [485, 245], [470, 230]]}, {""poligono_xy"": [[555, 75], [575, 65], [595, 75], [605, 95], [590, 110], [565, 105], [550, 90]]}, {""poligono_xy"": [[610, 175], [630, 160], [650, 170], [660, 190], [650, 210], [625, 220], [605, 205]]}, {""poligono_xy"": [[15, 170], [30, 160], [50, 175], [60, 195], [45, 215], [25, 210], [10, 190]]}, {""poligono_xy"": [[70, 180], [90, 180], [100, 195], [95, 210], [75, 210], [60, 200]]}]","Imagem de microscopia de campo claro com células esféricas, possivelmente leveduras, em baixa concentração. A imagem apresenta baixo contraste e alguns detritos."
2022_03_21_11_03_01_84.bmp,C:\Users\sthem\OneDrive\Documentos\GitHub\master-2025\7-gemini\train\2022_03_21_11_03_01_84.bmp,"[{""poligono_xy"": [[48, 40], [58, 32], [70, 34], [78, 44], [74, 56], [62, 60], [50, 52]]}, {""poligono_xy"": [[100, 528], [114, 518], [128, 522], [136, 538], [130, 550], [114, 552], [102, 544]]}, {""poligono_xy"": [[152, 142], [168, 134], [186, 140], [196, 158], [188, 172], [168, 174], [154, 160]]}, {""poligono_xy"": [[154, 526], [170, 514], [190, 518], [206, 536], [198, 554], [176, 556], [158, 544]]}, {""poligono_xy"": [[222, 62], [236, 52], [254, 58], [266, 72], [260, 88], [240, 94], [224, 82]]}, {""poligono_xy"": [[278, 882], [290, 874], [306, 878], [318, 892], [310, 908], [290, 908], [280, 896]]}, {""poligono_xy"": [[302, 282], [316, 270], [336, 276], [350, 292], [340, 308], [318, 310], [304, 298]]}, {""poligono_xy"": [[362, 668], [378, 656], [398, 664], [410, 682], [398, 700], [374, 700], [360, 686]]}, {""poligono_xy"": [[420, 486], [434, 474], [456, 480], [470, 498], [460, 514], [438, 516], [422, 502]]}, {""poligono_xy"": [[480, 146], [496, 136], [518, 142], [532, 160], [520, 178], [494, 178], [478, 162]]}, {""poligono_xy"": [[536, 778], [550, 766], [572, 774], [586, 792], [576, 808], [552, 806], [538, 790]]}, {""poligono_xy"": [[602, 408], [618, 398], [640, 406], [654, 424], [644, 440], [618, 438], [600, 422]]}, {""poligono_xy"": [[664, 106], [680, 94], [700, 100], [714, 118], [704, 136], [678, 136], [662, 120]]}, {""poligono_xy"": [[726, 588], [742, 576], [764, 584], [778, 604], [766, 622], [740, 620], [724, 604]]}, {""poligono_xy"": [[790, 244], [808, 232], [830, 240], [844, 258], [832, 274], [806, 272], [788, 256]]}, {""poligono_xy"": [[850, 850], [864, 840], [882, 844], [894, 860], [884, 878], [862, 878], [850, 864]]}]",Imagem de microscopia de campo claro com células esféricas de baixo contraste em um fundo com ruído. A imagem sugere possível presença de artefatos e detritos.
2022_03_21_11_03_01_90.bmp,C:\Users\sthem\OneDrive\Documentos\GitHub\master-2025\7-gemini\train\2022_03_21_11_03_01_90.bmp,"[{""poligono_xy"": [[45, 55], [60, 40], [75, 45], [85, 60], [70, 75], [50, 70]]}, {""poligono_xy"": [[45, 270], [60, 260], [75, 265], [85, 280], [70, 295], [50, 290]]}, {""poligono_xy"": [[110, 580], [130, 575], [150, 585], [150, 600], [130, 605], [110, 595]]}, {""poligono_xy"": [[200, 400], [215, 390], [230, 395], [240, 410], [225, 420], [210, 415]]}, {""poligono_xy"": [[260, 60], [270, 50], [290, 55], [300, 70], [280, 80], [270, 75]]}, {""poligono_xy"": [[310, 280], [330, 270], [350, 280], [350, 300], [330, 310], [310, 300]]}, {""poligono_xy"": [[380, 600], [400, 590], [420, 600], [420, 620], [400, 630], [380, 620]]}, {""poligono_xy"": [[450, 80], [460, 70], [470, 75], [480, 90], [470, 100], [460, 95]]}, {""poligono_xy"": [[500, 290], [520, 280], [540, 290], [540, 310], [520, 320], [500, 310]]}, {""poligono_xy"": [[580, 610], [600, 600], [620, 610], [620, 630], [600, 640], [580, 630]]}, {""poligono_xy"": [[630, 50], [645, 40], [660, 45], [670, 60], [655, 70], [640, 65]]}, {""poligono_xy"": [[680, 290], [700, 280], [720, 290], [720, 310], [700, 320], [680, 310]]}, {""poligono_xy"": [[750, 580], [770, 570], [790, 580], [790, 600], [770, 610], [750, 600]]}]","Imagem de microscopia de campo claro com células de formato variado, possivelmente leveduras ou bactérias, com baixo contraste e algumas fora de foco. A imagem apresenta ruído e alguns detritos."
2022_03_21_11_03_02_11.bmp,C:\Users\sthem\OneDrive\Documentos\GitHub\master-2025\7-gemini\train\2022_03_21_11_03_02_11.bmp,"[{""poligono_xy"": [[42, 82], [58, 70], [70, 74], [78, 88], [70, 100], [56, 96]]}, {""poligono_xy"": [[100, 20], [120, 24], [130, 40], [124, 54], [102, 50], [92, 36]]}, {""poligono_xy"": [[28, 208], [48, 200], [62, 210], [64, 228], [50, 238], [32, 230]]}, {""poligono_xy"": [[150, 106], [170, 96], [190, 100], [200, 118], [186, 132], [160, 130]]}, {""poligono_xy"": [[220, 220], [240, 210], [260, 216], [272, 234], [260, 250], [234, 246]]}, {""poligono_xy"": [[284, 44], [298, 30], [314, 34], [326, 50], [314, 64], [292, 58]]}, {""poligono_xy"": [[360, 80], [380, 70], [400, 72], [410, 90], [396, 106], [370, 100]]}, {""poligono_xy"": [[440, 20], [452, 8], [470, 12], [484, 28], [472, 42], [450, 36]]}, {""poligono_xy"": [[480, 120], [496, 106], [516, 112], [528, 130], [514, 146], [488, 140]]}, {""poligono_xy"": [[540, 220], [560, 204], [584, 210], [600, 230], [580, 250], [550, 244]]}, {""poligono_xy"": [[40, 20], [50, 10], [70, 16], [80, 30], [66, 44], [46, 38]]}, {""poligono_xy"": [[280, 180], [288, 164], [304, 170], [310, 188], [298, 200], [284, 192]]}]","Imagem de microscopia de campo claro com células de formato variado, possivelmente leveduras e bactérias, com baixo contraste e alguns detritos no fundo. A imagem apresenta um nível de ruído que dificulta a segmentação precisa."
2022_03_21_11_03_02_17.bmp,C:\Users\sthem\OneDrive\Documentos\GitHub\master-2025\7-gemini\train\2022_03_21_11_03_02_17.bmp,"[{""poligono_xy"": [[25, 35], [35, 35], [35, 45], [25, 45]]}, {""poligono_xy"": [[75, 25], [85, 20], [90, 25], [90, 35], [80, 40], [70, 35]]}, {""poligono_xy"": [[150, 100], [165, 100], [165, 115], [150, 115]]}, {""poligono_xy"": [[200, 250], [215, 245], [220, 255], [220, 270], [205, 275], [195, 265]]}, {""poligono_xy"": [[250, 50], [260, 50], [260, 60], [250, 60]]}, {""poligono_xy"": [[280, 280], [295, 280], [295, 295], [280, 295]]}, {""poligono_xy"": [[300, 100], [310, 95], [315, 105], [315, 115], [305, 120], [295, 110]]}, {""poligono_xy"": [[350, 200], [360, 195], [365, 205], [365, 215], [355, 220], [345, 210]]}, {""poligono_xy"": [[400, 50], [410, 45], [415, 55], [415, 65], [405, 70], [395, 60]]}, {""poligono_xy"": [[450, 250], [465, 245], [470, 255], [470, 270], [455, 275], [445, 265]]}, {""poligono_xy"": [[480, 80], [485, 75], [490, 80], [490, 90], [485, 95], [480, 90]]}, {""poligono_xy"": [[500, 180], [510, 180], [510, 190], [500, 190]]}, {""poligono_xy"": [[550, 50], [560, 50], [560, 60], [550, 60]]}, {""poligono_xy"": [[580, 280], [590, 275], [595, 285], [595, 295], [585, 300], [575, 290]]}, {""poligono_xy"": [[250, 380], [260, 375], [270, 385], [270, 400], [260, 405], [250, 395]]}, {""poligono_xy"": [[400, 350], [410, 350], [410, 360], [400, 360]]}, {""poligono_xy"": [[550, 120], [560, 115], [565, 125], [565, 135], [555, 140], [545, 130]]}]","Imagem de microscopia de campo claro com células de formato variado, possivelmente leveduras ou bactérias, com baixo contraste e alguma sobreposição. A imagem apresenta ruído de fundo e alguns detritos."
2022_03_21_11_03_02_31.bmp,C:\Users\sthem\OneDrive\Documentos\GitHub\master-2025\7-gemini\train\2022_03_21_11_03_02_31.bmp,"[{""poligono_xy"": [[120, 140], [145, 135], [160, 145], [155, 160], [135, 165], [120, 155]]}, {""poligono_xy"": [[70, 80], [90, 75], [105, 90], [95, 105], [80, 100], [70, 90]]}, {""poligono_xy"": [[280, 300], [300, 290], [315, 300], [310, 315], [295, 320], [280, 310]]}, {""poligono_xy"": [[450, 510], [470, 500], [490, 515], [480, 530], [460, 530], [450, 520]]}, {""poligono_xy"": [[590, 700], [610, 690], [630, 700], [625, 715], [605, 720], [590, 710]]}, {""poligono_xy"": [[720, 780], [740, 775], [755, 790], [750, 800], [730, 805], [720, 795]]}, {""poligono_xy"": [[850, 890], [870, 880], [890, 900], [880, 910], [860, 910], [850, 900]]}, {""poligono_xy"": [[200, 400], [220, 390], [240, 410], [230, 425], [210, 425], [200, 415]]}, {""poligono_xy"": [[350, 550], [370, 540], [390, 560], [380, 575], [360, 570], [350, 560]]}, {""poligono_xy"": [[500, 200], [520, 190], [535, 205], [530, 220], [510, 220], [500, 210]]}, {""poligono_xy"": [[650, 350], [670, 340], [690, 355], [680, 370], [660, 370], [650, 360]]}, {""poligono_xy"": [[800, 50], [820, 40], [840, 55], [830, 70], [810, 70], [800, 60]]}]",Imagem de microscopia de campo claro com células de formato irregular e baixo contraste. Possível presença de detritos e artefatos.
2022_03_21_11_03_02_39.bmp,C:\Users\sthem\OneDrive\Documentos\GitHub\master-2025\7-gemini\train\2022_03_21_11_03_02_39.bmp,"[{""poligono_xy"": [[240, 60], [260, 55], [270, 65], [265, 75], [245, 80], [235, 70]]}, {""poligono_xy"": [[355, 100], [375, 95], [390, 105], [385, 120], [360, 125], [345, 115]]}, {""poligono_xy"": [[100, 230], [115, 225], [125, 240], [120, 255], [105, 260], [90, 245]]}, {""poligono_xy"": [[250, 255], [270, 250], [285, 265], [280, 280], [260, 285], [245, 270]]}, {""poligono_xy"": [[450, 300], [470, 290], [490, 310], [480, 330], [455, 335], [440, 315]]}, {""poligono_xy"": [[580, 360], [600, 350], [620, 370], [610, 390], [585, 400], [570, 380]]}, {""poligono_xy"": [[70, 400], [90, 390], [105, 410], [95, 430], [75, 435], [60, 415]]}, {""poligono_xy"": [[180, 450], [200, 440], [220, 460], [210, 480], [185, 490], [170, 470]]}, {""poligono_xy"": [[25, 120], [35, 110], [45, 125], [40, 140], [25, 145], [15, 130]]}, {""poligono_xy"": [[880, 450], [900, 440], [915, 455], [910, 470], [890, 480], [875, 465]]}, {""poligono_xy"": [[850, 100], [865, 90], [880, 100], [875, 115], [860, 120], [845, 105]]}, {""poligono_xy"": [[720, 200], [740, 190], [760, 210], [750, 230], [730, 235], [710, 215]]}, {""poligono_xy"": [[50, 40], [60, 30], [65, 40], [60, 50], [50, 55], [40, 45]]}, {""poligono_xy"": [[900, 20], [910, 15], [920, 25], [915, 35], [905, 40], [895, 30]]}]","Imagem de microscopia de campo claro com células de formato variado, possivelmente leveduras e bactérias, com baixo contraste e alguns detritos. A imagem apresenta um fundo cinza relativamente uniforme."
2022_03_21_11_03_02_47.bmp,C:\Users\sthem\OneDrive\Documentos\GitHub\master-2025\7-gemini\train\2022_03_21_11_03_02_47.bmp,"[{""poligono_xy"": [[92, 47], [108, 42], [118, 52], [114, 66], [100, 72], [86, 65]]}, {""poligono_xy"": [[224, 70], [240, 62], [252, 72], [250, 88], [236, 96], [218, 88]]}, {""poligono_xy"": [[148, 100], [166, 94], [178, 106], [176, 122], [160, 130], [142, 120]]}, {""poligono_xy"": [[280, 108], [298, 100], [312, 112], [310, 130], [292, 138], [274, 128]]}, {""poligono_xy"": [[364, 50], [380, 44], [394, 54], [392, 70], [376, 78], [358, 70]]}, {""poligono_xy"": [[420, 84], [438, 78], [452, 90], [450, 106], [434, 114], [416, 104]]}, {""poligono_xy"": [[486, 140], [504, 130], [518, 144], [516, 160], [498, 170], [478, 160]]}, {""poligono_xy"": [[562, 78], [580, 70], [594, 82], [592, 98], [576, 106], [558, 96]]}, {""poligono_xy"": [[616, 116], [634, 106], [650, 120], [648, 138], [630, 148], [610, 136]]}, {""poligono_xy"": [[18, 210], [36, 200], [52, 216], [50, 234], [34, 244], [16, 232]]}, {""poligono_xy"": [[104, 252], [122, 244], [138, 258], [134, 276], [118, 286], [98, 274]]}, {""poligono_xy"": [[216, 184], [232, 176], [246, 190], [242, 206], [226, 216], [208, 204]]}, {""poligono_xy"": [[268, 228], [284, 218], [300, 234], [296, 252], [278, 260], [260, 248]]}, {""poligono_xy"": [[352, 180], [370, 170], [386, 186], [382, 204], [364, 214], [344, 202]]}, {""poligono_xy"": [[456, 212], [474, 202], [490, 218], [486, 236], [468, 246], [448, 234]]}, {""poligono_xy"": [[584, 196], [602, 186], [618, 202], [614, 220], [596, 230], [576, 218]]}]","Imagem de microscopia de campo claro com células esféricas, possivelmente leveduras, em baixo contraste e com alguns detritos no fundo. A imagem apresenta ruído e as células variam ligeiramente em tamanho."
2022_03_21_11_03_02_56.bmp,C:\Users\sthem\OneDrive\Documentos\GitHub\master-2025\7-gemini\train\2022_03_21_11_03_02_56.bmp,"[{""poligono_xy"": [[92, 78], [112, 68], [128, 74], [124, 92], [104, 100], [88, 90]]}, {""poligono_xy"": [[132, 156], [154, 144], [172, 156], [174, 178], [158, 188], [138, 180]]}, {""poligono_xy"": [[216, 420], [234, 406], [256, 418], [260, 440], [240, 454], [218, 440]]}, {""poligono_xy"": [[294, 602], [316, 592], [338, 608], [340, 630], [316, 644], [292, 628]]}, {""poligono_xy"": [[388, 72], [410, 62], [430, 78], [426, 98], [400, 106], [380, 92]]}, {""poligono_xy"": [[444, 204], [470, 188], [496, 208], [498, 236], [472, 248], [442, 230]]}, {""poligono_xy"": [[512, 486], [542, 470], [568, 492], [570, 520], [540, 538], [510, 516]]}, {""poligono_xy"": [[600, 664], [628, 646], [656, 668], [662, 698], [634, 710], [602, 690]]}, {""poligono_xy"": [[686, 124], [708, 108], [732, 128], [734, 154], [708, 166], [680, 148]]}, {""poligono_xy"": [[750, 320], [778, 302], [802, 326], [800, 354], [770, 368], [742, 346]]}, {""poligono_xy"": [[820, 558], [852, 536], [878, 562], [876, 592], [846, 608], [814, 584]]}, {""poligono_xy"": [[152, 558], [184, 540], [206, 554], [202, 586], [176, 600], [148, 578]]}, {""poligono_xy"": [[280, 292], [300, 276], [320, 290], [318, 316], [296, 326], [276, 308]]}, {""poligono_xy"": [[582, 242], [604, 228], [624, 246], [620, 270], [592, 280], [570, 260]]}, {""poligono_xy"": [[712, 494], [736, 474], [760, 490], [758, 518], [730, 530], [704, 508]]}]","Imagem de microscopia de campo claro com células de formato irregular, possivelmente leveduras ou bactérias, com baixo contraste e alguns detritos no fundo. A imagem apresenta um nível de ruído que dificulta a segmentação precisa."
2022_03_21_11_03_02_72.bmp,C:\Users\sthem\OneDrive\Documentos\GitHub\master-2025\7-gemini\train\2022_03_21_11_03_02_72.bmp,"[{""poligono_xy"": [[62, 75], [78, 65], [92, 72], [88, 88], [72, 95], [58, 87]]}, {""poligono_xy"": [[45, 155], [60, 142], [80, 155], [78, 175], [55, 185], [38, 170]]}, {""poligono_xy"": [[150, 50], [165, 45], [178, 55], [175, 70], [160, 75], [145, 65]]}, {""poligono_xy"": [[220, 105], [235, 95], [250, 100], [250, 120], [235, 125], [220, 115]]}, {""poligono_xy"": [[285, 48], [300, 40], [315, 50], [315, 70], [300, 75], [282, 65]]}, {""poligono_xy"": [[375, 80], [390, 70], [405, 80], [405, 100], [390, 108], [375, 98]]}, {""poligono_xy"": [[420, 155], [440, 145], [460, 155], [460, 175], [440, 185], [420, 172]]}, {""poligono_xy"": [[480, 20], [495, 15], [510, 25], [510, 40], [495, 48], [480, 38]]}, {""poligono_xy"": [[520, 80], [540, 70], [560, 85], [555, 105], [535, 110], [515, 95]]}, {""poligono_xy"": [[580, 155], [600, 145], [615, 155], [615, 175], [600, 182], [580, 170]]}, {""poligono_xy"": [[630, 50], [650, 40], [670, 50], [670, 70], [650, 80], [630, 70]]}, {""poligono_xy"": [[700, 85], [715, 75], [730, 85], [730, 105], [715, 115], [700, 100]]}, {""poligono_xy"": [[750, 160], [770, 150], [790, 160], [790, 180], [770, 190], [750, 180]]}, {""poligono_xy"": [[800, 85], [815, 75], [830, 85], [830, 100], [815, 110], [800, 100]]}, {""poligono_xy"": [[860, 20], [875, 12], [890, 20], [890, 35], [875, 42], [860, 32]]}, {""poligono_xy"": [[920, 170], [940, 160], [955, 170], [955, 190], [940, 200], [920, 190]]}]","Imagem de microscopia de campo claro com células esféricas, possivelmente leveduras, em baixa resolução e com baixo contraste. Alguns artefatos e detritos estão presentes."
2022_03_21_11_03_02_81.bmp,C:\Users\sthem\OneDrive\Documentos\GitHub\master-2025\7-gemini\train\2022_03_21_11_03_02_81.bmp,"[{""poligono_xy"": [[24, 32], [38, 22], [50, 24], [58, 36], [52, 48], [38, 46]]}, {""poligono_xy"": [[222, 266], [236, 254], [252, 258], [262, 272], [256, 288], [238, 290], [226, 280]]}, {""poligono_xy"": [[280, 52], [294, 44], [312, 48], [322, 60], [314, 74], [292, 70], [280, 62]]}, {""poligono_xy"": [[364, 250], [380, 238], [398, 244], [410, 260], [402, 278], [382, 282], [368, 270]]}, {""poligono_xy"": [[458, 68], [472, 58], [490, 62], [500, 76], [490, 90], [468, 88], [456, 80]]}, {""poligono_xy"": [[518, 254], [534, 240], [556, 244], [570, 260], [562, 280], [540, 286], [522, 274]]}, {""poligono_xy"": [[602, 88], [618, 74], [638, 80], [650, 96], [640, 110], [618, 106], [604, 98]]}, {""poligono_xy"": [[692, 286], [708, 270], [730, 278], [744, 294], [734, 312], [712, 310], [696, 300]]}, {""poligono_xy"": [[750, 86], [766, 72], [786, 78], [800, 96], [788, 112], [768, 110], [752, 100]]}, {""poligono_xy"": [[858, 248], [874, 234], [896, 240], [910, 258], [900, 276], [876, 278], [862, 266]]}, {""poligono_xy"": [[888, 82], [904, 68], [924, 74], [936, 90], [926, 106], [902, 104], [890, 94]]}, {""poligono_xy"": [[930, 290], [946, 276], [968, 282], [980, 300], [970, 318], [946, 316], [932, 304]]}]",Imagem de microscopia de campo claro com células de formato aproximadamente circular. Baixo contraste e presença de artefatos. Possível presença de debris ou pequenas vesículas.
2022_03_21_11_03_02_89.bmp,C:\Users\sthem\OneDrive\Documentos\GitHub\master-2025\7-gemini\train\2022_03_21_11_03_02_89.bmp,"[{""poligono_xy"": [[62, 75], [82, 65], [98, 75], [98, 95], [82, 105], [62, 95]]}, {""poligono_xy"": [[165, 78], [188, 65], [218, 78], [225, 101], [201, 121], [168, 111]]}, {""poligono_xy"": [[295, 380], [315, 365], [340, 375], [348, 400], [328, 418], [298, 405]]}, {""poligono_xy"": [[388, 208], [408, 195], [433, 210], [438, 235], [415, 250], [385, 235]]}, {""poligono_xy"": [[480, 405], [500, 390], [525, 405], [530, 430], [505, 445], [475, 430]]}, {""poligono_xy"": [[575, 85], [595, 70], [620, 80], [625, 105], [600, 120], [570, 105]]}, {""poligono_xy"": [[665, 575], [690, 555], [720, 570], [730, 600], [705, 625], [665, 605]]}, {""poligono_xy"": [[755, 235], [775, 220], [800, 235], [805, 260], [780, 275], [750, 260]]}, {""poligono_xy"": [[850, 88], [875, 70], [910, 85], [920, 120], [890, 140], [850, 120]]}, {""poligono_xy"": [[915, 480], [940, 460], [970, 475], [980, 510], [955, 530], [920, 510]]}]","Imagem de microscopia de campo claro com células esféricas de baixo contraste, possivelmente leveduras ou células em suspensão. A imagem apresenta ruído de fundo e alguns detritos."
2022_03_21_11_03_02_97.bmp,C:\Users\sthem\OneDrive\Documentos\GitHub\master-2025\7-gemini\train\2022_03_21_11_03_02_97.bmp,"[{""poligono_xy"": [[28, 22], [40, 14], [52, 16], [58, 26], [52, 36], [40, 34]]}, {""poligono_xy"": [[88, 26], [106, 16], [126, 20], [134, 34], [124, 48], [104, 44]]}, {""poligono_xy"": [[18, 120], [34, 108], [52, 114], [58, 128], [48, 140], [30, 134]]}, {""poligono_xy"": [[158, 124], [176, 110], [198, 116], [210, 132], [196, 150], [170, 142]]}, {""poligono_xy"": [[246, 16], [262, 6], [282, 10], [294, 22], [284, 34], [262, 30]]}, {""poligono_xy"": [[238, 154], [258, 138], [284, 148], [298, 166], [282, 186], [254, 176]]}, {""poligono_xy"": [[342, 46], [360, 32], [386, 40], [400, 58], [380, 74], [354, 64]]}, {""poligono_xy"": [[398, 150], [422, 134], [452, 146], [468, 168], [448, 188], [416, 174]]}, {""poligono_xy"": [[468, 24], [486, 12], [510, 18], [524, 36], [508, 50], [480, 40]]}, {""poligono_xy"": [[506, 152], [530, 136], [556, 142], [570, 160], [552, 178], [522, 170]]}, {""poligono_xy"": [[592, 42], [612, 28], [638, 36], [652, 56], [632, 72], [606, 62]]}, {""poligono_xy"": [[650, 158], [674, 140], [700, 148], [714, 170], [694, 190], [662, 178]]}]","Imagem de microscopia de campo claro com células de formato aproximadamente circular/elíptico, possivelmente leveduras ou algum tipo de esporo, com baixo contraste e algumas sobreposições. Presença de ruído e pequenos detritos no fundo."
2022_03_21_11_03_03_06.bmp,C:\Users\sthem\OneDrive\Documentos\GitHub\master-2025\7-gemini\train\2022_03_21_11_03_03_06.bmp,"[{""poligono_xy"": [[92, 112], [108, 96], [128, 96], [136, 112], [128, 132], [104, 136], [92, 124]]}, {""poligono_xy"": [[252, 260], [272, 248], [292, 248], [308, 264], [296, 284], [268, 292], [248, 280]]}, {""poligono_xy"": [[28, 284], [52, 268], [72, 272], [84, 292], [68, 316], [44, 324], [24, 308]]}, {""poligono_xy"": [[172, 308], [192, 296], [216, 300], [228, 320], [212, 336], [184, 340], [164, 328]]}, {""poligono_xy"": [[444, 328], [468, 312], [492, 316], [508, 336], [492, 356], [460, 364], [436, 348]]}, {""poligono_xy"": [[568, 200], [592, 188], [616, 192], [632, 212], [616, 232], [584, 236], [560, 220]]}, {""poligono_xy"": [[364, 140], [384, 124], [408, 128], [424, 148], [408, 168], [376, 172], [356, 156]]}, {""poligono_xy"": [[164, 184], [188, 172], [212, 176], [232, 196], [216, 216], [184, 220], [160, 204]]}, {""poligono_xy"": [[268, 112], [288, 96], [316, 100], [332, 120], [316, 140], [284, 144], [260, 128]]}, {""poligono_xy"": [[84, 92], [100, 76], [124, 80], [140, 100], [124, 120], [96, 124], [76, 108]]}, {""poligono_xy"": [[456, 76], [480, 64], [508, 72], [528, 92], [512, 112], [480, 116], [452, 96]]}, {""poligono_xy"": [[672, 108], [696, 92], [724, 96], [744, 116], [728, 136], [696, 140], [668, 124]]}, {""poligono_xy"": [[368, 412], [392, 396], [420, 404], [440, 428], [420, 452], [388, 456], [360, 436]]}, {""poligono_xy"": [[572, 440], [600, 424], [632, 432], [656, 456], [636, 480], [596, 488], [564, 468]]}]","Imagem de microscopia de campo claro com células de formato aproximadamente circular/elíptico, possivelmente leveduras, com baixo contraste e alguns detritos no fundo. A imagem apresenta ruído e algumas células estão ligeiramente fora de foco."
2022_03_21_11_03_03_14.bmp,C:\Users\sthem\OneDrive\Documentos\GitHub\master-2025\7-gemini\train\2022_03_21_11_03_03_14.bmp,"[{""poligono_xy"": [[52, 47], [78, 35], [100, 45], [95, 70], [70, 80], [45, 65]]}, {""poligono_xy"": [[25, 125], [50, 105], [75, 120], [70, 150], [45, 165], [20, 145]]}, {""poligono_xy"": [[15, 200], [35, 185], [55, 200], [50, 225], [25, 235], [10, 220]]}, {""poligono_xy"": [[40, 270], [60, 255], [80, 270], [75, 295], [55, 305], [35, 290]]}, {""poligono_xy"": [[100, 305], [130, 285], [155, 305], [150, 335], [120, 350], [90, 330]]}, {""poligono_xy"": [[175, 50], [200, 40], [220, 55], [210, 75], [185, 80], [165, 65]]}, {""poligono_xy"": [[250, 80], [280, 65], [305, 80], [295, 105], [270, 115], [240, 95]]}, {""poligono_xy"": [[320, 120], [345, 105], [370, 125], [360, 150], [335, 160], [310, 140]]}, {""poligono_xy"": [[380, 175], [405, 160], [430, 180], [415, 205], [390, 210], [370, 190]]}, {""poligono_xy"": [[450, 220], [480, 200], [505, 220], [495, 245], [470, 255], [440, 235]]}, {""poligono_xy"": [[520, 270], [550, 255], [575, 275], [565, 300], [535, 310], [510, 290]]}, {""poligono_xy"": [[590, 320], [620, 300], [645, 325], [630, 350], [600, 360], [575, 340]]}, {""poligono_xy"": [[100, 120], [120, 110], [135, 125], [125, 145], [105, 150], [90, 135]]}, {""poligono_xy"": [[200, 180], [225, 165], [250, 185], [240, 210], [215, 220], [190, 200]]}, {""poligono_xy"": [[290, 250], [315, 235], [340, 255], [330, 280], [300, 290], [275, 270]]}, {""poligono_xy"": [[390, 330], [415, 310], [440, 330], [430, 355], [405, 365], [380, 345]]}, {""poligono_xy"": [[480, 50], [500, 35], [520, 50], [510, 70], [490, 75], [470, 60]]}]","Imagem de microscopia de campo claro com células de formato aproximadamente circular/elíptico, com baixo contraste e algumas sobreposições. Possível presença de debris ou artefatos."
2022_03_21_11_03_03_23.bmp,C:\Users\sthem\OneDrive\Documentos\GitHub\master-2025\7-gemini\train\2022_03_21_11_03_03_23.bmp,[],"Imagem de microscopia de campo claro com células de formato variado, possivelmente leveduras ou bactérias, com baixo contraste e algumas sobreposições. A imagem apresenta ruído de fundo e alguns detritos."
2022_03_21_11_03_03_31.bmp,C:\Users\sthem\OneDrive\Documentos\GitHub\master-2025\7-gemini\train\2022_03_21_11_03_03_31.bmp,"[{""poligono_xy"": [[170, 70], [185, 60], [200, 65], [210, 80], [200, 95], [180, 95], [170, 85]]}, {""poligono_xy"": [[25, 15], [45, 10], [60, 20], [60, 40], [45, 50], [25, 40]]}, {""poligono_xy"": [[155, 155], [175, 145], [195, 150], [205, 170], [190, 190], [165, 190], [150, 175]]}, {""poligono_xy"": [[280, 20], [295, 15], [315, 25], [320, 40], [305, 55], [285, 45]]}, {""poligono_xy"": [[100, 240], [120, 230], [140, 240], [150, 260], [135, 280], [110, 275]]}, {""poligono_xy"": [[250, 260], [270, 250], [290, 260], [300, 280], [280, 300], [260, 290]]}, {""poligono_xy"": [[355, 105], [375, 95], [390, 105], [400, 125], [385, 140], [365, 130]]}, {""poligono_xy"": [[450, 220], [470, 210], [490, 220], [500, 240], [480, 260], [460, 250]]}, {""poligono_xy"": [[580, 50], [600, 40], [620, 50], [630, 70], [610, 85], [590, 75]]}, {""poligono_xy"": [[50, 320], [70, 310], [90, 320], [100, 340], [80, 360], [60, 350]]}, {""poligono_xy"": [[220, 380], [240, 370], [260, 380], [270, 400], [250, 420], [230, 410]]}, {""poligono_xy"": [[420, 350], [440, 340], [460, 350], [470, 370], [450, 390], [430, 380]]}]",Imagem de microscopia de campo claro com células de formato aproximadamente circular. Baixo contraste e alguns detritos presentes.
2022_03_21_11_03_03_40.bmp,C:\Users\sthem\OneDrive\Documentos\GitHub\master-2025\7-gemini\train\2022_03_21_11_03_03_40.bmp,"[{""poligono_xy"": [[110, 110], [130, 100], [150, 110], [140, 130], [110, 130]]}, {""poligono_xy"": [[40, 40], [60, 30], [80, 40], [70, 60], [40, 60]]}, {""poligono_xy"": [[250, 50], [270, 40], [290, 50], [280, 70], [250, 70]]}, {""poligono_xy"": [[400, 20], [420, 10], [440, 20], [430, 40], [400, 40]]}, {""poligono_xy"": [[550, 80], [570, 70], [590, 80], [580, 100], [550, 100]]}, {""poligono_xy"": [[700, 150], [720, 140], [740, 150], [730, 170], [700, 170]]}, {""poligono_xy"": [[800, 200], [820, 190], [840, 200], [830, 220], [800, 220]]}, {""poligono_xy"": [[850, 250], [870, 240], [890, 250], [880, 270], [850, 270]]}, {""poligono_xy"": [[700, 280], [720, 270], [740, 280], [730, 300], [700, 300]]}, {""poligono_xy"": [[550, 320], [570, 310], [590, 320], [580, 340], [550, 340]]}, {""poligono_xy"": [[400, 380], [420, 370], [440, 380], [430, 400], [400, 400]]}, {""poligono_xy"": [[250, 430], [270, 420], [290, 430], [280, 450], [250, 450]]}, {""poligono_xy"": [[100, 480], [120, 470], [140, 480], [130, 500], [100, 500]]}, {""poligono_xy"": [[300, 150], [330, 140], [350, 160], [330, 180], [300, 170]]}, {""poligono_xy"": [[450, 250], [470, 230], [490, 250], [480, 270], [450, 260]]}, {""poligono_xy"": [[620, 380], [640, 360], [660, 380], [650, 400], [620, 390]]}, {""poligono_xy"": [[780, 50], [800, 30], [810, 50], [790, 70], [770, 60]]}]","Imagem de microscopia de campo claro com células de formato ovalado, possivelmente leveduras, com baixo contraste e alguns detritos no fundo. A imagem apresenta um pouco de desfoque."
2022_03_21_11_03_03_48.bmp,C:\Users\sthem\OneDrive\Documentos\GitHub\master-2025\7-gemini\train\2022_03_21_11_03_03_48.bmp,"[{""poligono_xy"": [[92, 220], [125, 210], [145, 220], [140, 240], [110, 250], [85, 240]]}, {""poligono_xy"": [[35, 375], [60, 365], [80, 380], [75, 405], [50, 415], [30, 395]]}, {""poligono_xy"": [[155, 460], [190, 455], [215, 475], [210, 500], [180, 510], [150, 490]]}, {""poligono_xy"": [[280, 50], [305, 45], [325, 60], [320, 80], [295, 85], [275, 70]]}, {""poligono_xy"": [[285, 285], [315, 280], [340, 300], [330, 320], [300, 325], [275, 310]]}, {""poligono_xy"": [[400, 140], [420, 130], [440, 145], [435, 165], [415, 170], [395, 160]]}, {""poligono_xy"": [[470, 280], [495, 270], [515, 290], [510, 315], [485, 325], [465, 305]]}, {""poligono_xy"": [[580, 40], [605, 30], [625, 45], [615, 65], [590, 70], [570, 55]]}, {""poligono_xy"": [[615, 205], [645, 195], [670, 215], [660, 240], [635, 250], [610, 230]]}, {""poligono_xy"": [[655, 480], [685, 470], [710, 495], [700, 520], [670, 530], [650, 510]]}, {""poligono_xy"": [[750, 80], [775, 70], [800, 90], [790, 115], [765, 120], [740, 100]]}, {""poligono_xy"": [[790, 370], [820, 360], [845, 380], [835, 405], [805, 410], [785, 390]]}, {""poligono_xy"": [[850, 550], [880, 540], [905, 560], [895, 585], [865, 595], [840, 575]]}]","Imagem de microscopia de campo claro com células de formato aproximadamente elíptico, possivelmente leveduras, com baixo contraste e algumas fora de foco. Presença de ruído e pequenos detritos."
2022_03_21_11_03_03_56.bmp,C:\Users\sthem\OneDrive\Documentos\GitHub\master-2025\7-gemini\train\2022_03_21_11_03_03_56.bmp,"[{""poligono_xy"": [[92, 102], [112, 92], [128, 98], [136, 114], [126, 128], [108, 124]]}, {""poligono_xy"": [[250, 40], [270, 34], [288, 42], [296, 58], [282, 70], [260, 60]]}, {""poligono_xy"": [[28, 178], [48, 164], [68, 172], [78, 194], [62, 210], [38, 200]]}, {""poligono_xy"": [[180, 212], [202, 200], [220, 208], [230, 228], [214, 244], [188, 234]]}, {""poligono_xy"": [[260, 272], [282, 258], [302, 270], [314, 290], [298, 308], [270, 298]]}, {""poligono_xy"": [[388, 46], [406, 34], [428, 44], [440, 64], [422, 80], [400, 68]]}, {""poligono_xy"": [[486, 110], [508, 96], [530, 108], [540, 128], [520, 144], [496, 130]]}, {""poligono_xy"": [[590, 224], [612, 210], [636, 224], [648, 248], [630, 266], [600, 250]]}, {""poligono_xy"": [[682, 54], [704, 42], [726, 50], [738, 72], [718, 88], [694, 74]]}, {""poligono_xy"": [[758, 184], [780, 168], [806, 180], [818, 202], [798, 220], [770, 204]]}, {""poligono_xy"": [[844, 288], [868, 270], [890, 282], [904, 308], [880, 326], [852, 312]]}, {""poligono_xy"": [[352, 448], [374, 434], [398, 446], [410, 470], [388, 488], [362, 472]]}, {""poligono_xy"": [[460, 360], [480, 346], [502, 358], [514, 380], [494, 398], [468, 384]]}, {""poligono_xy"": [[720, 392], [742, 376], [768, 390], [782, 416], [760, 434], [730, 416]]}]","Imagem de microscopia de campo claro com células de formato aproximadamente circular/elíptico, possivelmente leveduras ou bactérias, com baixo contraste e alguns detritos no fundo. A imagem apresenta ruído e as bordas das células não são perfeitamente nítidas."
2022_03_21_11_03_03_65.bmp,C:\Users\sthem\OneDrive\Documentos\GitHub\master-2025\7-gemini\train\2022_03_21_11_03_03_65.bmp,"[{""poligono_xy"": [[42, 28], [54, 22], [64, 28], [64, 42], [54, 50], [40, 44]]}, {""poligono_xy"": [[88, 40], [102, 38], [110, 46], [106, 58], [94, 58], [86, 50]]}, {""poligono_xy"": [[224, 42], [236, 36], [248, 42], [248, 56], [236, 62], [222, 56]]}, {""poligono_xy"": [[14, 270], [28, 262], [38, 270], [38, 286], [26, 296], [14, 288]]}, {""poligono_xy"": [[56, 318], [72, 310], [86, 320], [84, 336], [70, 344], [56, 336]]}, {""poligono_xy"": [[150, 356], [164, 348], [178, 358], [176, 374], [162, 382], [148, 372]]}, {""poligono_xy"": [[262, 400], [278, 394], [292, 404], [290, 420], [276, 428], [260, 418]]}, {""poligono_xy"": [[460, 420], [476, 410], [490, 418], [490, 436], [474, 446], [458, 436]]}, {""poligono_xy"": [[568, 458], [584, 450], [600, 460], [598, 476], [582, 484], [566, 474]]}, {""poligono_xy"": [[680, 486], [696, 478], [710, 488], [708, 504], [694, 512], [678, 502]]}, {""poligono_xy"": [[806, 508], [820, 500], [832, 506], [832, 522], [818, 530], [804, 522]]}, {""poligono_xy"": [[36, 546], [50, 538], [62, 546], [62, 562], [50, 570], [34, 560]]}, {""poligono_xy"": [[250, 562], [264, 552], [278, 560], [276, 578], [262, 586], [248, 576]]}, {""poligono_xy"": [[476, 580], [492, 570], [508, 580], [506, 596], [490, 604], [474, 594]]}, {""poligono_xy"": [[700, 602], [714, 594], [728, 604], [726, 620], [712, 628], [698, 618]]}, {""poligono_xy"": [[852, 624], [868, 616], [882, 624], [880, 640], [866, 648], [850, 638]]}]","Imagem de microscopia de campo claro com células esféricas, possivelmente leveduras, em baixa resolução e com baixo contraste. Alguns artefatos e detritos estão presentes."
2022_03_21_11_03_03_73.bmp,C:\Users\sthem\OneDrive\Documentos\GitHub\master-2025\7-gemini\train\2022_03_21_11_03_03_73.bmp,"[{""poligono_xy"": [[75, 55], [85, 55], [85, 80], [75, 80]]}, {""poligono_xy"": [[370, 10], [385, 5], [395, 15], [390, 25], [375, 25]]}, {""poligono_xy"": [[120, 505], [140, 500], [150, 515], [140, 530], [120, 525]]}, {""poligono_xy"": [[220, 590], [250, 585], [260, 600], [250, 615], [220, 610]]}, {""poligono_xy"": [[375, 490], [400, 485], [410, 500], [400, 515], [375, 510]]}, {""poligono_xy"": [[480, 120], [500, 115], [510, 130], [500, 145], [480, 140]]}, {""poligono_xy"": [[585, 220], [605, 215], [615, 230], [605, 245], [585, 240]]}, {""poligono_xy"": [[705, 85], [725, 80], [735, 95], [725, 110], [705, 105]]}, {""poligono_xy"": [[800, 20], [820, 15], [830, 30], [820, 45], [800, 40]]}, {""poligono_xy"": [[880, 520], [900, 515], [910, 530], [900, 545], [880, 540]]}, {""poligono_xy"": [[920, 910], [945, 900], [960, 920], [950, 940], [925, 935]]}]",Imagem de microscopia de campo claro com possível presença de leveduras ou bactérias. Baixo contraste e presença de artefatos dificultam a segmentação precisa. Algumas células podem estar fora de foco.
2022_03_21_11_03_03_82.bmp,C:\Users\sthem\OneDrive\Documentos\GitHub\master-2025\7-gemini\train\2022_03_21_11_03_03_82.bmp,"[{""poligono_xy"": [[110, 70], [130, 60], [145, 70], [140, 90], [115, 95], [100, 85]]}, {""poligono_xy"": [[25, 155], [45, 135], [70, 145], [75, 175], [55, 195], [30, 180]]}, {""poligono_xy"": [[255, 25], [280, 20], [295, 35], [290, 55], [270, 60], [250, 45]]}, {""poligono_xy"": [[160, 220], [180, 210], [200, 225], [195, 250], [170, 255], [155, 240]]}, {""poligono_xy"": [[340, 100], [360, 90], [380, 100], [380, 125], [360, 135], [340, 125]]}, {""poligono_xy"": [[450, 20], [470, 15], [490, 25], [485, 45], [460, 50], [445, 35]]}, {""poligono_xy"": [[570, 100], [595, 90], [620, 110], [615, 135], [585, 145], [565, 125]]}, {""poligono_xy"": [[680, 220], [700, 210], [725, 225], [720, 250], [695, 260], [675, 245]]}, {""poligono_xy"": [[250, 280], [270, 270], [290, 285], [285, 310], [260, 315], [245, 300]]}, {""poligono_xy"": [[420, 300], [440, 290], [460, 305], [455, 325], [435, 330], [415, 315]]}, {""poligono_xy"": [[560, 380], [580, 370], [600, 380], [595, 405], [575, 410], [555, 395]]}, {""poligono_xy"": [[700, 370], [720, 355], [745, 370], [740, 395], [715, 405], [695, 385]]}, {""poligono_xy"": [[280, 420], [300, 410], [320, 420], [315, 445], [290, 450], [275, 435]]}]",Imagem de microscopia de campo claro com células esféricas de baixo contraste em um fundo cinza. A imagem apresenta ruído e alguns detritos. Possível cultura celular com células em suspensão.
2022_03_21_11_03_03_90.bmp,C:\Users\sthem\OneDrive\Documentos\GitHub\master-2025\7-gemini\train\2022_03_21_11_03_03_90.bmp,"[{""poligono_xy"": [[120, 20], [140, 20], [140, 40], [120, 40]]}, {""poligono_xy"": [[150, 120], [170, 120], [170, 145], [150, 145]]}, {""poligono_xy"": [[200, 250], [230, 250], [230, 280], [200, 280]]}, {""poligono_xy"": [[280, 180], [300, 180], [300, 200], [280, 200]]}, {""poligono_xy"": [[350, 300], [380, 300], [380, 330], [350, 330]]}, {""poligono_xy"": [[390, 480], [420, 480], [420, 510], [390, 510]]}, {""poligono_xy"": [[430, 100], [460, 100], [460, 130], [430, 130]]}, {""poligono_xy"": [[480, 220], [510, 220], [510, 250], [480, 250]]}, {""poligono_xy"": [[500, 380], [530, 380], [530, 410], [500, 410]]}, {""poligono_xy"": [[580, 50], [610, 50], [610, 80], [580, 80]]}, {""poligono_xy"": [[600, 180], [630, 180], [630, 210], [600, 210]]}, {""poligono_xy"": [[650, 300], [680, 300], [680, 330], [650, 330]]}, {""poligono_xy"": [[680, 450], [710, 450], [710, 480], [680, 480]]}, {""poligono_xy"": [[720, 120], [750, 120], [750, 150], [720, 150]]}, {""poligono_xy"": [[750, 280], [780, 280], [780, 310], [750, 310]]}, {""poligono_xy"": [[790, 40], [810, 40], [810, 70], [790, 70]]}, {""poligono_xy"": [[850, 180], [880, 180], [880, 210], [850, 210]]}, {""poligono_xy"": [[880, 350], [910, 350], [910, 380], [880, 380]]}, {""poligono_xy"": [[920, 500], [950, 500], [950, 530], [920, 530]]}]",Imagem de microscopia de campo claro com células de formato aproximadamente circular. Baixo contraste e presença de artefatos. Possível presença de debris ou pequenas vesículas.
2022_03_21_11_03_04_05.bmp,C:\Users\sthem\OneDrive\Documentos\GitHub\master-2025\7-gemini\train\2022_03_21_11_03_04_05.bmp,"[{""poligono_xy"": [[170, 230], [190, 220], [210, 225], [220, 240], [210, 260], [190, 265], [170, 255]]}, {""poligono_xy"": [[250, 70], [270, 60], [290, 65], [300, 80], [290, 95], [270, 100], [250, 90]]}, {""poligono_xy"": [[150, 80], [170, 70], [190, 75], [200, 90], [190, 105], [170, 110], [150, 100]]}, {""poligono_xy"": [[300, 280], [320, 270], [340, 275], [350, 290], [340, 305], [320, 310], [300, 300]]}, {""poligono_xy"": [[590, 290], [610, 280], [630, 285], [640, 300], [630, 315], [610, 320], [590, 310]]}, {""poligono_xy"": [[50, 350], [70, 340], [90, 345], [100, 360], [90, 375], [70, 380], [50, 370]]}, {""poligono_xy"": [[100, 150], [120, 140], [140, 145], [150, 160], [140, 175], [120, 180], [100, 170]]}, {""poligono_xy"": [[240, 350], [260, 340], [280, 345], [290, 360], [280, 375], [260, 380], [240, 370]]}, {""poligono_xy"": [[550, 50], [570, 40], [590, 45], [600, 60], [590, 75], [570, 80], [550, 70]]}, {""poligono_xy"": [[400, 450], [420, 440], [440, 445], [450, 460], [440, 475], [420, 480], [400, 470]]}]",Imagem de microscopia de campo claro com células de formato aproximadamente circular. Baixo contraste e presença de artefatos. Possível presença de debris ou pequenas vesículas.
2022_03_21_11_03_04_13.bmp,C:\Users\sthem\OneDrive\Documentos\GitHub\master-2025\7-gemini\train\2022_03_21_11_03_04_13.bmp,"[{""poligono_xy"": [[170, 520], [190, 520], [195, 540], [195, 555], [185, 570], [165, 570], [155, 555], [155, 540]]}, {""poligono_xy"": [[290, 290], [315, 290], [325, 310], [325, 330], [310, 345], [285, 345], [270, 330], [270, 310]]}, {""poligono_xy"": [[450, 480], [480, 480], [495, 505], [500, 530], [490, 545], [465, 545], [445, 525], [440, 500]]}, {""poligono_xy"": [[600, 200], [620, 200], [630, 215], [635, 235], [625, 250], [600, 250], [585, 235], [590, 215]]}, {""poligono_xy"": [[705, 680], [730, 680], [740, 700], [745, 720], [730, 735], [705, 735], [690, 715], [695, 700]]}, {""poligono_xy"": [[800, 350], [830, 350], [845, 375], [850, 400], [835, 415], [805, 415], [785, 395], [790, 370]]}, {""poligono_xy"": [[880, 80], [910, 80], [925, 100], [930, 120], [915, 140], [885, 140], [865, 120], [870, 100]]}, {""poligono_xy"": [[920, 580], [950, 580], [965, 605], [970, 630], [955, 650], [925, 650], [905, 630], [910, 605]]}]","Imagem de microscopia de campo claro com células esféricas, possivelmente leveduras, em baixa resolução e com baixo contraste. Presença de artefatos e detritos."
2022_03_21_11_03_04_19.bmp,C:\Users\sthem\OneDrive\Documentos\GitHub\master-2025\7-gemini\train\2022_03_21_11_03_04_19.bmp,[],Imagem de microscopia de campo claro com células de formato variável e baixo contraste. A imagem apresenta algum ruído de fundo e artefatos.
2022_03_21_11_03_04_26.bmp,C:\Users\sthem\OneDrive\Documentos\GitHub\master-2025\7-gemini\train\2022_03_21_11_03_04_26.bmp,"[{""poligono_xy"": [[92, 108], [118, 92], [140, 99], [155, 122], [140, 145], [112, 138]]}, {""poligono_xy"": [[280, 288], [305, 270], [335, 275], [358, 300], [345, 325], [315, 320]]}, {""poligono_xy"": [[450, 45], [470, 25], [495, 30], [515, 50], [500, 75], [470, 70]]}, {""poligono_xy"": [[585, 270], [610, 255], [640, 265], [660, 290], [645, 315], [615, 305]]}, {""poligono_xy"": [[705, 85], [730, 65], [760, 70], [780, 95], [765, 120], [735, 115]]}, {""poligono_xy"": [[870, 220], [890, 200], [915, 205], [935, 230], [920, 250], [890, 245]]}, {""poligono_xy"": [[205, 430], [230, 410], [260, 420], [280, 450], [260, 475], [225, 465]]}, {""poligono_xy"": [[365, 505], [390, 485], [420, 495], [440, 520], [420, 545], [385, 535]]}, {""poligono_xy"": [[600, 430], [625, 410], [655, 415], [675, 440], [660, 465], [630, 460]]}, {""poligono_xy"": [[800, 480], [825, 460], [855, 470], [875, 500], [860, 525], [825, 515]]}, {""poligono_xy"": [[890, 590], [915, 570], [945, 580], [965, 610], [950, 635], [915, 625]]}]",Imagem de microscopia de campo claro com células de formato irregular e baixo contraste. A imagem apresenta algum ruído de fundo e artefatos.
2022_03_21_11_03_04_33.bmp,C:\Users\sthem\OneDrive\Documentos\GitHub\master-2025\7-gemini\train\2022_03_21_11_03_04_33.bmp,"[{""poligono_xy"": [[110, 60], [140, 50], [160, 65], [150, 85], [120, 90]]}, {""poligono_xy"": [[280, 80], [310, 70], [330, 90], [315, 110], [285, 100]]}, {""poligono_xy"": [[40, 150], [70, 140], [90, 160], [80, 180], [50, 190]]}, {""poligono_xy"": [[200, 200], [230, 190], [250, 210], [240, 230], [210, 220]]}, {""poligono_xy"": [[350, 220], [380, 210], [400, 230], [390, 250], [360, 240]]}, {""poligono_xy"": [[480, 250], [510, 240], [530, 260], [520, 280], [490, 270]]}, {""poligono_xy"": [[580, 290], [610, 280], [630, 300], [620, 320], [590, 310]]}, {""poligono_xy"": [[450, 350], [480, 340], [500, 360], [490, 380], [460, 370]]}, {""poligono_xy"": [[580, 100], [600, 90], [610, 105], [600, 120], [585, 110]]}, {""poligono_xy"": [[300, 380], [330, 370], [350, 390], [340, 410], [310, 400]]}, {""poligono_xy"": [[490, 50], [520, 40], [540, 60], [530, 80], [500, 70]]}, {""poligono_xy"": [[400, 120], [430, 110], [450, 130], [440, 150], [410, 140]]}, {""poligono_xy"": [[100, 280], [130, 270], [150, 290], [140, 310], [110, 300]]}, {""poligono_xy"": [[470, 450], [500, 440], [520, 460], [510, 480], [480, 470]]}, {""poligono_xy"": [[40, 380], [70, 370], [90, 390], [80, 410], [50, 400]]}, {""poligono_xy"": [[250, 480], [280, 470], [300, 490], [290, 510], [260, 500]]}, {""poligono_xy"": [[500, 180], [530, 170], [550, 190], [540, 210], [510, 200]]}, {""poligono_xy"": [[340, 520], [370, 510], [390, 530], [380, 550], [350, 540]]}, {""poligono_xy"": [[120, 480], [150, 470], [170, 490], [160, 510], [130, 500]]}]","Imagem de microscopia de campo claro com células de formato ovalado, possivelmente leveduras, com baixo contraste e alguns detritos no fundo. A imagem apresenta um nível de ruído que dificulta a segmentação precisa."
2022_03_21_11_03_04_46.bmp,C:\Users\sthem\OneDrive\Documentos\GitHub\master-2025\7-gemini\train\2022_03_21_11_03_04_46.bmp,"[{""poligono_xy"": [[92, 85], [112, 72], [130, 75], [145, 90], [135, 108], [112, 105]]}, {""poligono_xy"": [[210, 215], [235, 205], [258, 210], [270, 230], [260, 250], [235, 250], [215, 235]]}, {""poligono_xy"": [[215, 70], [230, 60], [250, 65], [265, 80], [255, 95], [235, 90], [220, 80]]}, {""poligono_xy"": [[300, 405], [320, 400], [340, 410], [345, 430], [330, 440], [310, 430]]}, {""poligono_xy"": [[480, 480], [500, 470], [520, 475], [535, 495], [525, 515], [500, 510], [485, 500]]}, {""poligono_xy"": [[590, 880], [610, 870], [630, 875], [645, 895], [635, 915], [610, 910], [595, 900]]}, {""poligono_xy"": [[705, 655], [725, 645], [745, 650], [760, 670], [750, 690], [725, 685], [710, 675]]}, {""poligono_xy"": [[810, 280], [830, 270], [850, 275], [865, 295], [855, 315], [830, 310], [815, 300]]}, {""poligono_xy"": [[895, 50], [915, 40], [935, 45], [950, 65], [940, 85], [915, 80], [900, 70]]}]","Imagem de microscopia de campo claro com células de formato variado, possivelmente leveduras, com baixo contraste e algumas sobreposições. Presença de detritos e ruído de fundo."
2022_03_21_11_03_04_52.bmp,C:\Users\sthem\OneDrive\Documentos\GitHub\master-2025\7-gemini\train\2022_03_21_11_03_04_52.bmp,"[{""poligono_xy"": [[92, 82], [108, 74], [120, 78], [126, 92], [116, 104], [98, 100]]}, {""poligono_xy"": [[78, 248], [92, 238], [110, 244], [118, 260], [106, 274], [86, 272]]}, {""poligono_xy"": [[180, 156], [192, 146], [208, 148], [218, 162], [212, 176], [194, 172]]}, {""poligono_xy"": [[244, 366], [262, 354], [282, 360], [292, 380], [278, 398], [254, 390]]}, {""poligono_xy"": [[366, 60], [382, 50], [400, 56], [412, 72], [400, 88], [376, 84]]}, {""poligono_xy"": [[354, 240], [370, 228], [390, 236], [402, 254], [388, 270], [366, 260]]}, {""poligono_xy"": [[482, 100], [500, 86], [522, 94], [532, 112], [518, 130], [494, 120]]}, {""poligono_xy"": [[588, 86], [606, 74], [628, 80], [638, 98], [626, 112], [600, 106]]}, {""poligono_xy"": [[666, 220], [684, 208], [704, 218], [714, 238], [700, 252], [674, 244]]}, {""poligono_xy"": [[790, 82], [808, 70], [826, 78], [838, 96], [826, 110], [802, 100]]}, {""poligono_xy"": [[852, 284], [870, 270], [892, 280], [904, 300], [888, 318], [862, 306]]}, {""poligono_xy"": [[888, 854], [904, 840], [924, 850], [934, 870], [920, 888], [896, 878]]}, {""poligono_xy"": [[920, 944], [934, 932], [950, 938], [960, 956], [948, 972], [928, 964]]}]","Imagem de microscopia de campo claro com células esféricas, possivelmente leveduras, em baixa concentração. A imagem apresenta baixo contraste e alguns artefatos."
2022_03_21_11_03_04_60.bmp,C:\Users\sthem\OneDrive\Documentos\GitHub\master-2025\7-gemini\train\2022_03_21_11_03_04_60.bmp,"[{""poligono_xy"": [[17, 35], [30, 22], [42, 28], [45, 45], [32, 58], [18, 49]]}, {""poligono_xy"": [[78, 80], [98, 72], [115, 85], [118, 108], [95, 120], [75, 105]]}, {""poligono_xy"": [[145, 15], [160, 5], [178, 15], [185, 35], [168, 48], [150, 40]]}, {""poligono_xy"": [[100, 165], [115, 150], [135, 165], [140, 190], [115, 205], [95, 185]]}, {""poligono_xy"": [[170, 210], [190, 195], [210, 210], [215, 240], [195, 255], [170, 240]]}, {""poligono_xy"": [[250, 40], [270, 30], [290, 45], [295, 70], [270, 85], [245, 70]]}, {""poligono_xy"": [[305, 105], [330, 85], [360, 105], [370, 135], [345, 155], [310, 135]]}, {""poligono_xy"": [[390, 180], [405, 160], [430, 170], [440, 200], [420, 220], [395, 210]]}, {""poligono_xy"": [[450, 45], [470, 30], [495, 45], [505, 75], [480, 90], [455, 70]]}, {""poligono_xy"": [[480, 245], [500, 225], [525, 245], [535, 275], [510, 295], [480, 270]]}, {""poligono_xy"": [[555, 85], [580, 65], [605, 85], [615, 115], [585, 135], [555, 110]]}, {""poligono_xy"": [[630, 175], [655, 155], [680, 180], [690, 215], [660, 235], [630, 210]]}, {""poligono_xy"": [[680, 45], [700, 25], [725, 40], [735, 70], [710, 90], [680, 70]]}, {""poligono_xy"": [[750, 250], [775, 230], [800, 255], [805, 290], [775, 310], [745, 285]]}]",Imagem de microscopia de campo claro com células de formato aproximadamente circular. Baixo contraste e alguns detritos presentes.
2022_03_21_11_03_04_73.bmp,C:\Users\sthem\OneDrive\Documentos\GitHub\master-2025\7-gemini\train\2022_03_21_11_03_04_73.bmp,"[{""poligono_xy"": [[24, 42], [38, 30], [50, 34], [58, 48], [50, 60], [36, 56]]}, {""poligono_xy"": [[88, 200], [100, 188], [116, 196], [124, 212], [112, 224], [96, 218]]}, {""poligono_xy"": [[156, 44], [172, 32], [190, 38], [204, 56], [192, 70], [166, 62]]}, {""poligono_xy"": [[220, 246], [236, 230], [258, 240], [270, 260], [256, 276], [230, 268]]}, {""poligono_xy"": [[284, 56], [300, 42], [320, 48], [332, 68], [320, 84], [296, 76]]}, {""poligono_xy"": [[368, 196], [384, 178], [408, 188], [424, 210], [410, 230], [380, 218]]}, {""poligono_xy"": [[450, 46], [470, 30], [496, 40], [512, 62], [494, 80], [462, 68]]}, {""poligono_xy"": [[530, 252], [550, 234], [576, 246], [590, 270], [570, 290], [540, 276]]}, {""poligono_xy"": [[612, 70], [630, 52], [652, 60], [666, 84], [650, 100], [622, 88]]}, {""poligono_xy"": [[702, 206], [724, 186], [752, 198], [770, 226], [750, 248], [716, 234]]}]","Imagem de microscopia de campo claro com células de formato e contraste variáveis, possivelmente leveduras ou células sanguíneas em baixa resolução. A presença de artefatos e ruído dificulta a segmentação precisa."
2022_03_21_11_03_04_79.bmp,C:\Users\sthem\OneDrive\Documentos\GitHub\master-2025\7-gemini\train\2022_03_21_11_03_04_79.bmp,"[{""poligono_xy"": [[45, 45], [65, 45], [65, 70], [45, 70]]}, {""poligono_xy"": [[100, 105], [120, 105], [120, 130], [100, 130]]}, {""poligono_xy"": [[155, 255], [180, 255], [180, 280], [155, 280]]}, {""poligono_xy"": [[200, 450], [230, 450], [230, 480], [200, 480]]}, {""poligono_xy"": [[280, 180], [305, 180], [305, 205], [280, 205]]}, {""poligono_xy"": [[290, 300], [320, 300], [320, 335], [290, 335]]}, {""poligono_xy"": [[340, 40], [370, 40], [370, 70], [340, 70]]}, {""poligono_xy"": [[390, 230], [420, 230], [420, 260], [390, 260]]}, {""poligono_xy"": [[440, 460], [470, 460], [470, 490], [440, 490]]}, {""poligono_xy"": [[490, 100], [515, 100], [515, 130], [490, 130]]}, {""poligono_xy"": [[530, 280], [560, 280], [560, 310], [530, 310]]}, {""poligono_xy"": [[580, 50], [605, 50], [605, 80], [580, 80]]}, {""poligono_xy"": [[620, 400], [650, 400], [650, 430], [620, 430]]}, {""poligono_xy"": [[680, 150], [710, 150], [710, 180], [680, 180]]}, {""poligono_xy"": [[720, 320], [750, 320], [750, 350], [720, 350]]}, {""poligono_xy"": [[780, 80], [805, 80], [805, 110], [780, 110]]}, {""poligono_xy"": [[150, 380], [170, 380], [170, 400], [150, 400]]}, {""poligono_xy"": [[800, 470], [830, 470], [830, 500], [800, 500]]}]","Imagem de microscopia de campo claro com múltiplas células esféricas e ovais, possivelmente leveduras, em diferentes planos focais. Baixo contraste e presença de detritos."
2022_03_21_11_03_04_93.bmp,C:\Users\sthem\OneDrive\Documentos\GitHub\master-2025\7-gemini\train\2022_03_21_11_03_04_93.bmp,"[{""poligono_xy"": [[28, 32], [40, 22], [54, 26], [60, 38], [50, 50], [34, 46]]}, {""poligono_xy"": [[88, 148], [108, 130], [130, 138], [142, 160], [126, 180], [98, 174]]}, {""poligono_xy"": [[184, 26], [200, 14], [218, 18], [230, 32], [218, 46], [194, 40]]}, {""poligono_xy"": [[250, 244], [270, 230], [294, 238], [310, 258], [292, 276], [260, 266]]}, {""poligono_xy"": [[370, 38], [388, 24], [410, 30], [422, 48], [404, 62], [378, 54]]}, {""poligono_xy"": [[396, 154], [414, 138], [440, 148], [456, 170], [436, 190], [404, 178]]}, {""poligono_xy"": [[478, 256], [500, 238], [526, 248], [540, 270], [518, 288], [486, 276]]}, {""poligono_xy"": [[566, 60], [588, 44], [612, 52], [626, 74], [606, 90], [574, 78]]}, {""poligono_xy"": [[648, 188], [672, 168], [700, 180], [714, 206], [690, 228], [656, 214]]}, {""poligono_xy"": [[724, 306], [750, 288], [778, 298], [796, 324], [772, 346], [736, 332]]}, {""poligono_xy"": [[820, 82], [842, 64], [868, 74], [884, 98], [860, 116], [828, 100]]}, {""poligono_xy"": [[900, 216], [924, 196], [952, 210], [970, 238], [944, 260], [910, 244]]}]","Imagem de microscopia de campo claro com células de formato variável, possivelmente leveduras ou bactérias, com baixo contraste e algumas sobreposições. A qualidade da imagem é moderada, com presença de ruído de fundo."
2022_03_21_11_03_05_06.bmp,C:\Users\sthem\OneDrive\Documentos\GitHub\master-2025\7-gemini\train\2022_03_21_11_03_05_06.bmp,"[{""poligono_xy"": [[92, 82], [108, 70], [122, 72], [132, 86], [124, 98], [106, 96]]}, {""poligono_xy"": [[176, 174], [188, 162], [204, 166], [216, 180], [206, 194], [186, 190]]}, {""poligono_xy"": [[252, 86], [270, 78], [290, 82], [302, 98], [290, 110], [266, 108]]}, {""poligono_xy"": [[380, 200], [396, 190], [416, 194], [430, 210], [418, 224], [394, 220]]}, {""poligono_xy"": [[464, 74], [482, 62], [500, 64], [514, 80], [502, 94], [478, 90]]}, {""poligono_xy"": [[588, 174], [608, 164], [630, 170], [642, 188], [630, 202], [604, 196]]}, {""poligono_xy"": [[688, 88], [704, 78], [722, 80], [734, 96], [724, 108], [702, 104]]}, {""poligono_xy"": [[786, 214], [806, 200], [828, 206], [844, 226], [830, 242], [802, 234]]}, {""poligono_xy"": [[862, 86], [882, 74], [906, 80], [920, 100], [902, 116], [876, 108]]}, {""poligono_xy"": [[924, 188], [942, 176], [964, 180], [978, 198], [964, 212], [938, 206]]}, {""poligono_xy"": [[40, 258], [58, 242], [78, 248], [90, 268], [74, 284], [52, 276]]}, {""poligono_xy"": [[150, 300], [172, 284], [196, 292], [212, 314], [194, 330], [166, 322]]}, {""poligono_xy"": [[312, 374], [336, 356], [364, 364], [382, 388], [362, 406], [330, 396]]}, {""poligono_xy"": [[522, 288], [546, 272], [574, 280], [592, 302], [570, 320], [538, 310]]}, {""poligono_xy"": [[654, 368], [678, 352], [704, 360], [720, 380], [700, 398], [670, 388]]}, {""poligono_xy"": [[806, 326], [830, 308], [858, 316], [876, 338], [856, 356], [824, 346]]}, {""poligono_xy"": [[930, 306], [952, 290], [978, 298], [996, 318], [980, 336], [950, 326]]}]","Imagem de microscopia de campo claro com células de formato variável, possivelmente leveduras, com baixo contraste e alguns detritos no fundo. A imagem apresenta um nível de ruído que dificulta a segmentação precisa."
2022_03_21_11_03_05_20.bmp,C:\Users\sthem\OneDrive\Documentos\GitHub\master-2025\7-gemini\train\2022_03_21_11_03_05_20.bmp,"[{""poligono_xy"": [[90, 70], [110, 65], [125, 75], [120, 90], [100, 95], [85, 85]]}, {""poligono_xy"": [[115, 140], [140, 130], [155, 145], [150, 165], [130, 175], [110, 160]]}, {""poligono_xy"": [[420, 430], [440, 420], [460, 430], [460, 450], [440, 460], [420, 450]]}, {""poligono_xy"": [[310, 715], [330, 710], [350, 720], [350, 740], [330, 750], [310, 740]]}, {""poligono_xy"": [[580, 770], [600, 760], [620, 770], [620, 790], [600, 800], [580, 790]]}, {""poligono_xy"": [[700, 850], [720, 840], [740, 850], [740, 870], [720, 880], [700, 870]]}, {""poligono_xy"": [[300, 310], [315, 300], [330, 310], [325, 325], [310, 325]]}, {""poligono_xy"": [[130, 490], [150, 480], [170, 500], [165, 520], [145, 525], [130, 510]]}, {""poligono_xy"": [[600, 200], [620, 190], [635, 200], [630, 215], [610, 215]]}]","Imagem de microscopia de campo claro com múltiplas células de formato irregular, possivelmente leveduras ou bactérias, com baixo contraste e algumas fora de foco. Presença de artefatos e detritos."
2022_03_21_11_03_05_26.bmp,C:\Users\sthem\OneDrive\Documentos\GitHub\master-2025\7-gemini\train\2022_03_21_11_03_05_26.bmp,"[{""poligono_xy"": [[92, 72], [112, 62], [128, 72], [122, 90], [98, 96], [82, 84]]}, {""poligono_xy"": [[296, 80], [318, 72], [336, 88], [328, 108], [300, 114], [280, 98]]}, {""poligono_xy"": [[220, 224], [244, 212], [264, 228], [260, 252], [232, 264], [212, 246]]}, {""poligono_xy"": [[444, 258], [470, 244], [492, 262], [488, 286], [460, 300], [436, 280]]}, {""poligono_xy"": [[588, 366], [612, 352], [630, 368], [626, 390], [600, 404], [578, 384]]}, {""poligono_xy"": [[726, 422], [754, 406], [778, 428], [770, 452], [740, 466], [714, 446]]}, {""poligono_xy"": [[860, 500], [888, 486], [910, 504], [902, 530], [872, 542], [846, 520]]}, {""poligono_xy"": [[84, 488], [108, 474], [128, 496], [120, 520], [96, 532], [74, 510]]}, {""poligono_xy"": [[300, 586], [326, 570], [350, 590], [342, 616], [312, 628], [286, 606]]}, {""poligono_xy"": [[764, 116], [776, 96], [796, 98], [812, 120], [798, 138], [774, 134]]}, {""poligono_xy"": [[888, 186], [902, 164], [926, 168], [942, 190], [926, 210], [900, 204]]}, {""poligono_xy"": [[486, 122], [506, 106], [528, 124], [522, 148], [496, 160], [474, 140]]}]","Imagem de microscopia de campo claro com células de formato variado, possivelmente leveduras ou bactérias, com baixo contraste e alguns detritos no fundo. A imagem apresenta um nível de ruído que dificulta a segmentação precisa."
2022_03_21_11_03_05_34.bmp,C:\Users\sthem\OneDrive\Documentos\GitHub\master-2025\7-gemini\train\2022_03_21_11_03_05_34.bmp,"[{""poligono_xy"": [[27, 35], [40, 22], [55, 22], [66, 33], [65, 48], [52, 58], [38, 58], [26, 47]]}, {""poligono_xy"": [[100, 53], [120, 48], [135, 55], [142, 70], [130, 83], [110, 80], [98, 70]]}, {""poligono_xy"": [[180, 205], [195, 195], [215, 200], [228, 215], [220, 230], [200, 235], [185, 225]]}, {""poligono_xy"": [[250, 100], [265, 90], [285, 95], [300, 110], [290, 125], [265, 125], [250, 115]]}, {""poligono_xy"": [[380, 45], [395, 30], [415, 30], [430, 45], [425, 65], [405, 75], [385, 65]]}, {""poligono_xy"": [[450, 220], [470, 210], [495, 215], [510, 230], [500, 250], [470, 250], [455, 235]]}, {""poligono_xy"": [[560, 80], [580, 65], [600, 70], [615, 90], [605, 105], [580, 105], [560, 90]]}, {""poligono_xy"": [[680, 180], [700, 165], [725, 170], [740, 190], [730, 210], [700, 210], [680, 195]]}, {""poligono_xy"": [[780, 50], [795, 40], [815, 45], [830, 60], [820, 75], [800, 75], [785, 60]]}, {""poligono_xy"": [[880, 220], [900, 205], [920, 210], [935, 230], [925, 245], [900, 245], [880, 230]]}]",Imagem de microscopia de campo claro com células de formato e contraste variáveis. A imagem apresenta algum ruído de fundo e os limites das células podem ser difusos em alguns casos.
2022_03_21_11_03_05_41.bmp,C:\Users\sthem\OneDrive\Documentos\GitHub\master-2025\7-gemini\train\2022_03_21_11_03_05_41.bmp,[],"Imagem de microscopia de campo claro com células esféricas de baixo contraste em um fundo com alguns detritos. A imagem apresenta baixa resolução e as células estão desfocadas, dificultando a segmentação precisa."
2022_03_21_11_03_05_50.bmp,C:\Users\sthem\OneDrive\Documentos\GitHub\master-2025\7-gemini\train\2022_03_21_11_03_05_50.bmp,"[{""poligono_xy"": [[92, 105], [108, 92], [122, 95], [132, 108], [128, 125], [112, 132], [96, 125]]}, {""poligono_xy"": [[180, 232], [192, 220], [208, 220], [220, 235], [215, 250], [195, 258], [180, 248]]}, {""poligono_xy"": [[280, 325], [295, 315], [315, 315], [330, 330], [325, 350], [300, 355], [285, 345]]}, {""poligono_xy"": [[350, 60], [365, 50], [385, 55], [400, 70], [390, 90], [365, 95], [350, 80]]}, {""poligono_xy"": [[450, 200], [470, 185], [495, 190], [510, 210], [500, 230], [470, 235], [455, 220]]}, {""poligono_xy"": [[580, 355], [600, 340], [620, 345], [635, 365], [625, 385], [600, 390], [580, 375]]}, {""poligono_xy"": [[685, 80], [705, 65], [730, 70], [745, 90], [735, 110], [705, 110], [685, 95]]}, {""poligono_xy"": [[780, 230], [800, 215], [825, 220], [845, 240], [830, 265], [800, 265], [780, 250]]}, {""poligono_xy"": [[880, 380], [900, 360], [925, 370], [940, 390], [925, 415], [895, 415], [875, 400]]}, {""poligono_xy"": [[85, 280], [100, 265], [115, 270], [125, 285], [115, 300], [95, 300], [80, 290]]}, {""poligono_xy"": [[40, 150], [55, 140], [70, 140], [80, 155], [75, 170], [60, 175], [45, 165]]}, {""poligono_xy"": [[660, 90], [675, 80], [690, 85], [700, 100], [690, 115], [670, 115], [655, 105]]}, {""poligono_xy"": [[890, 85], [905, 75], [920, 80], [930, 95], [920, 110], [900, 110], [885, 100]]}, {""poligono_xy"": [[500, 405], [515, 395], [530, 400], [540, 415], [530, 430], [510, 430], [495, 420]]}, {""poligono_xy"": [[250, 120], [265, 110], [280, 115], [290, 130], [280, 145], [260, 145], [245, 135]]}, {""poligono_xy"": [[70, 380], [85, 370], [100, 375], [110, 390], [100, 405], [80, 405], [65, 395]]}, {""poligono_xy"": [[480, 55], [495, 45], [515, 50], [530, 65], [520, 80], [495, 80], [480, 70]]}, {""poligono_xy"": [[860, 275], [875, 265], [890, 270], [900, 285], [890, 300], [870, 300], [855, 290]]}, {""poligono_xy"": [[150, 70], [165, 60], [180, 65], [190, 80], [180, 95], [160, 95], [145, 85]]}]",Imagem de microscopia de campo claro com células esféricas de baixo contraste em um fundo heterogêneo. A imagem apresenta ruído e alguns artefatos.
2022_03_21_11_03_05_58.bmp,C:\Users\sthem\OneDrive\Documentos\GitHub\master-2025\7-gemini\train\2022_03_21_11_03_05_58.bmp,[],"Imagem de microscopia de campo claro com células de formato variado, possivelmente leveduras ou bactérias, com baixo contraste e alguns detritos no fundo. A imagem apresenta um nível de ruído que dificulta a segmentação precisa."
2022_03_21_11_03_05_66.bmp,C:\Users\sthem\OneDrive\Documentos\GitHub\master-2025\7-gemini\train\2022_03_21_11_03_05_66.bmp,"[{""poligono_xy"": [[170, 55], [195, 50], [210, 60], [210, 80], [190, 90], [165, 85]]}, {""poligono_xy"": [[55, 170], [75, 160], [90, 175], [85, 200], [65, 210], [45, 195]]}, {""poligono_xy"": [[280, 200], [300, 195], [315, 205], [315, 225], [300, 235], [280, 225]]}, {""poligono_xy"": [[440, 580], [460, 575], [480, 590], [480, 610], [460, 620], [435, 610]]}, {""poligono_xy"": [[580, 280], [600, 270], [620, 280], [620, 305], [600, 315], [575, 305]]}, {""poligono_xy"": [[700, 40], [720, 35], [740, 50], [740, 70], [720, 85], [700, 75]]}, {""poligono_xy"": [[820, 580], [840, 570], [860, 580], [865, 600], [850, 615], [825, 605]]}, {""poligono_xy"": [[290, 400], [310, 390], [330, 405], [330, 430], [310, 440], [285, 425]]}, {""poligono_xy"": [[120, 520], [145, 510], [165, 525], [165, 550], [145, 560], [115, 545]]}, {""poligono_xy"": [[680, 300], [700, 290], [715, 300], [715, 320], [700, 330], [680, 320]]}]","Imagem de microscopia de campo claro com células de formato variado, possivelmente leveduras ou bactérias, com baixo contraste e algumas sobreposições. A presença de detritos e ruído dificulta a segmentação precisa."
2022_03_21_11_03_05_75.bmp,C:\Users\sthem\OneDrive\Documentos\GitHub\master-2025\7-gemini\train\2022_03_21_11_03_05_75.bmp,"[{""poligono_xy"": [[62, 45], [82, 32], [98, 40], [95, 60], [75, 68], [58, 55]]}, {""poligono_xy"": [[125, 155], [150, 145], [170, 160], [165, 185], [140, 195], [115, 180]]}, {""poligono_xy"": [[280, 450], [300, 435], [320, 450], [320, 475], [300, 490], [280, 475]]}, {""poligono_xy"": [[380, 340], [400, 325], [420, 340], [420, 365], [400, 380], [380, 365]]}, {""poligono_xy"": [[450, 80], [470, 70], [490, 85], [485, 105], [465, 115], [445, 100]]}, {""poligono_xy"": [[520, 220], [545, 210], [570, 230], [565, 255], [540, 265], [515, 245]]}, {""poligono_xy"": [[600, 400], [620, 390], [640, 410], [635, 435], [615, 445], [595, 425]]}, {""poligono_xy"": [[680, 80], [700, 70], [720, 90], [715, 115], [695, 125], [675, 105]]}, {""poligono_xy"": [[750, 480], [770, 465], [790, 485], [785, 510], [765, 520], [745, 500]]}, {""poligono_xy"": [[820, 150], [840, 135], [860, 155], [855, 180], [835, 190], [815, 170]]}, {""poligono_xy"": [[880, 380], [900, 365], [920, 385], [915, 410], [895, 420], [875, 400]]}, {""poligono_xy"": [[950, 50], [970, 40], [990, 60], [985, 85], [965, 95], [945, 75]]}]",Imagem de microscopia de campo claro com células de formato irregular e baixo contraste. A imagem apresenta ruído e alguns artefatos.
2022_03_21_11_03_05_83.bmp,C:\Users\sthem\OneDrive\Documentos\GitHub\master-2025\7-gemini\train\2022_03_21_11_03_05_83.bmp,"[{""poligono_xy"": [[42, 82], [54, 68], [70, 64], [84, 72], [88, 88], [74, 100], [56, 98]]}, {""poligono_xy"": [[114, 226], [130, 210], [152, 208], [170, 222], [172, 242], [156, 258], [130, 256]]}, {""poligono_xy"": [[198, 462], [216, 448], [240, 450], [256, 468], [254, 490], [232, 504], [206, 494]]}, {""poligono_xy"": [[282, 276], [296, 258], [318, 252], [338, 266], [340, 290], [320, 306], [296, 300]]}, {""poligono_xy"": [[352, 488], [370, 470], [398, 472], [418, 490], [414, 512], [388, 524], [364, 514]]}, {""poligono_xy"": [[390, 80], [404, 64], [430, 60], [450, 74], [450, 94], [428, 106], [400, 100]]}, {""poligono_xy"": [[470, 358], [488, 340], [516, 340], [536, 358], [534, 380], [508, 396], [480, 388]]}, {""poligono_xy"": [[500, 508], [518, 492], [546, 490], [568, 508], [566, 532], [540, 546], [512, 540]]}, {""poligono_xy"": [[582, 222], [600, 204], [628, 202], [648, 220], [646, 242], [620, 256], [594, 250]]}, {""poligono_xy"": [[640, 40], [656, 28], [682, 28], [700, 44], [696, 62], [672, 72], [648, 64]]}, {""poligono_xy"": [[720, 486], [740, 468], [770, 470], [792, 490], [788, 516], [760, 530], [730, 520]]}, {""poligono_xy"": [[772, 264], [790, 248], [818, 248], [838, 268], [834, 290], [808, 304], [782, 296]]}]",Imagem de microscopia de campo claro com células de formato aproximadamente circular. Baixo contraste e presença de artefatos. Possível presença de leveduras.
2022_03_21_11_03_05_91.bmp,C:\Users\sthem\OneDrive\Documentos\GitHub\master-2025\7-gemini\train\2022_03_21_11_03_05_91.bmp,"[{""poligono_xy"": [[62, 78], [78, 72], [88, 82], [82, 92], [68, 98], [58, 90]]}, {""poligono_xy"": [[118, 150], [134, 146], [144, 158], [140, 170], [124, 176], [112, 166]]}, {""poligono_xy"": [[180, 248], [196, 240], [210, 250], [208, 264], [190, 270], [176, 260]]}, {""poligono_xy"": [[244, 120], [260, 114], [272, 126], [270, 140], [254, 148], [240, 138]]}, {""poligono_xy"": [[296, 300], [314, 294], [328, 308], [326, 324], [308, 332], [292, 320]]}, {""poligono_xy"": [[358, 76], [374, 70], [388, 80], [386, 94], [370, 102], [356, 92]]}, {""poligono_xy"": [[412, 256], [430, 250], [446, 262], [442, 278], [426, 286], [410, 274]]}, {""poligono_xy"": [[478, 174], [492, 168], [504, 178], [500, 192], [486, 200], [472, 190]]}, {""poligono_xy"": [[538, 58], [554, 52], [568, 64], [564, 78], [548, 86], [534, 74]]}, {""poligono_xy"": [[596, 312], [610, 304], [622, 314], [618, 328], [602, 336], [588, 324]]}]","Imagem de microscopia de campo claro com células esféricas, possivelmente leveduras, em baixa resolução e com baixo contraste. Presença de artefatos e detritos."
2022_03_21_11_03_06_00.bmp,C:\Users\sthem\OneDrive\Documentos\GitHub\master-2025\7-gemini\train\2022_03_21_11_03_06_00.bmp,"[{""poligono_xy"": [[170, 70], [190, 60], [210, 65], [220, 80], [210, 95], [190, 95], [175, 85]]}, {""poligono_xy"": [[240, 240], [260, 230], [280, 235], [295, 250], [290, 270], [270, 280], [250, 275]]}, {""poligono_xy"": [[245, 75], [265, 70], [285, 70], [300, 85], [290, 100], [265, 100], [250, 90]]}, {""poligono_xy"": [[370, 250], [390, 240], [410, 240], [420, 260], [410, 280], [390, 285], [375, 270]]}, {""poligono_xy"": [[450, 80], [470, 70], [490, 75], [505, 90], [495, 105], [470, 105], [455, 95]]}, {""poligono_xy"": [[590, 280], [610, 270], [630, 275], [640, 290], [630, 310], [610, 315], [595, 300]]}, {""poligono_xy"": [[700, 80], [720, 70], [740, 75], [750, 90], [740, 105], [720, 110], [705, 100]]}, {""poligono_xy"": [[750, 290], [770, 280], [790, 280], [800, 300], [790, 315], [770, 320], [755, 310]]}, {""poligono_xy"": [[200, 280], [220, 270], [240, 275], [250, 290], [240, 310], [220, 315], [205, 300]]}, {""poligono_xy"": [[350, 80], [370, 70], [390, 75], [400, 90], [390, 105], [370, 110], [355, 100]]}]",Imagem de microscopia de campo claro com células esféricas de baixo contraste em um fundo com ruído. A imagem apresenta artefatos e algumas células estão fora de foco.
2022_03_21_11_03_06_08.bmp,C:\Users\sthem\OneDrive\Documentos\GitHub\master-2025\7-gemini\train\2022_03_21_11_03_06_08.bmp,"[{""poligono_xy"": [[92, 45], [108, 41], [118, 51], [114, 61], [100, 65], [88, 57]]}, {""poligono_xy"": [[56, 568], [70, 560], [82, 570], [82, 586], [68, 594], [54, 584]]}, {""poligono_xy"": [[178, 210], [194, 204], [208, 218], [206, 232], [190, 240], [174, 228]]}, {""poligono_xy"": [[180, 488], [198, 478], [216, 492], [218, 510], [200, 520], [178, 506]]}, {""poligono_xy"": [[296, 326], [312, 318], [328, 330], [330, 348], [316, 356], [298, 344]]}, {""poligono_xy"": [[488, 588], [508, 578], [526, 590], [528, 608], [510, 620], [486, 606]]}, {""poligono_xy"": [[588, 286], [606, 276], [624, 290], [624, 308], [608, 320], [588, 304]]}, {""poligono_xy"": [[602, 608], [620, 600], [636, 614], [636, 630], [620, 640], [598, 628]]}, {""poligono_xy"": [[682, 422], [700, 414], [718, 428], [718, 444], [702, 454], [680, 440]]}, {""poligono_xy"": [[726, 624], [742, 618], [758, 630], [758, 648], [744, 658], [724, 644]]}, {""poligono_xy"": [[724, 186], [742, 178], [760, 190], [762, 206], [746, 216], [724, 202]]}, {""poligono_xy"": [[842, 500], [858, 494], [872, 506], [872, 520], [856, 530], [838, 518]]}, {""poligono_xy"": [[886, 264], [904, 256], [920, 270], [918, 286], [900, 296], [882, 282]]}, {""poligono_xy"": [[920, 82], [936, 76], [950, 90], [948, 104], [932, 112], [916, 98]]}]",Imagem de microscopia de campo claro com células esféricas de baixo contraste em um fundo cinza. A imagem apresenta ruído e alguns artefatos. Possível presença de debris ou pequenas partículas fora de foco.
2022_03_21_11_03_06_16.bmp,C:\Users\sthem\OneDrive\Documentos\GitHub\master-2025\7-gemini\train\2022_03_21_11_03_06_16.bmp,"[{""poligono_xy"": [[23, 230], [40, 210], [60, 205], [75, 215], [80, 235], [70, 255], [50, 260], [30, 250]]}, {""poligono_xy"": [[100, 50], [115, 40], [135, 40], [150, 55], [155, 75], [140, 90], [120, 90], [105, 75]]}, {""poligono_xy"": [[180, 180], [195, 165], [215, 160], [230, 175], [235, 195], [220, 210], [200, 215], [185, 200]]}, {""poligono_xy"": [[260, 80], [275, 65], [295, 65], [310, 80], [315, 95], [300, 110], [280, 110], [265, 95]]}, {""poligono_xy"": [[350, 200], [370, 185], [395, 185], [415, 205], [420, 225], [400, 240], [375, 240], [360, 220]]}, {""poligono_xy"": [[440, 50], [460, 35], [485, 35], [505, 55], [510, 75], [490, 90], [465, 90], [450, 70]]}, {""poligono_xy"": [[550, 250], [570, 230], [595, 230], [615, 250], [620, 270], [600, 290], [575, 290], [560, 270]]}, {""poligono_xy"": [[650, 80], [670, 60], [695, 60], [715, 80], [720, 100], [700, 120], [675, 120], [660, 100]]}, {""poligono_xy"": [[750, 180], [770, 160], [795, 160], [815, 180], [820, 200], [800, 220], [775, 220], [760, 200]]}, {""poligono_xy"": [[850, 280], [870, 260], [895, 260], [915, 280], [920, 300], [900, 320], [875, 320], [860, 300]]}, {""poligono_xy"": [[450, 480], [470, 460], [495, 460], [515, 480], [520, 500], [500, 520], [475, 520], [460, 500]]}, {""poligono_xy"": [[780, 480], [800, 460], [825, 460], [845, 480], [850, 500], [830, 520], [805, 520], [790, 500]]}, {""poligono_xy"": [[100, 350], [120, 330], [145, 330], [165, 350], [170, 370], [150, 390], [125, 390], [110, 370]]}, {""poligono_xy"": [[280, 380], [300, 360], [325, 360], [345, 380], [350, 400], [330, 420], [305, 420], [290, 400]]}, {""poligono_xy"": [[600, 400], [620, 380], [645, 380], [665, 400], [670, 420], [650, 440], [625, 440], [610, 420]]}, {""poligono_xy"": [[880, 400], [900, 380], [925, 380], [945, 400], [950, 420], [930, 440], [905, 440], [890, 420]]}, {""poligono_xy"": [[20, 500], [40, 480], [65, 480], [85, 500], [90, 520], [70, 540], [45, 540], [30, 520]]}]",Imagem de microscopia de campo claro com células esféricas de baixo contraste em um fundo com alguns detritos. A imagem apresenta um nível de ruído moderado e as células variam ligeiramente em tamanho e intensidade.
2022_03_21_11_03_06_25.bmp,C:\Users\sthem\OneDrive\Documentos\GitHub\master-2025\7-gemini\train\2022_03_21_11_03_06_25.bmp,"[{""poligono_xy"": [[72, 72], [90, 60], [105, 65], [115, 80], [105, 95], [88, 92]]}, {""poligono_xy"": [[75, 275], [95, 260], [120, 265], [140, 285], [135, 310], [105, 315], [80, 300]]}, {""poligono_xy"": [[180, 555], [200, 535], [225, 540], [245, 560], [240, 585], [210, 595], [185, 580]]}, {""poligono_xy"": [[255, 100], [275, 90], [295, 95], [310, 115], [295, 135], [270, 130], [255, 120]]}, {""poligono_xy"": [[290, 455], [315, 445], [340, 450], [355, 470], [345, 490], [315, 490], [295, 475]]}, {""poligono_xy"": [[360, 250], [380, 235], [400, 240], [415, 260], [400, 280], [375, 285], [360, 270]]}, {""poligono_xy"": [[420, 60], [440, 50], [465, 55], [485, 75], [470, 95], [440, 90], [420, 80]]}, {""poligono_xy"": [[450, 560], [470, 545], [495, 550], [515, 575], [500, 600], [470, 595], [450, 580]]}, {""poligono_xy"": [[565, 85], [585, 70], [605, 75], [620, 95], [610, 115], [580, 110], [560, 100]]}, {""poligono_xy"": [[650, 605], [670, 590], [690, 595], [710, 615], [700, 640], [670, 640], [655, 625]]}, {""poligono_xy"": [[705, 200], [725, 185], [745, 190], [760, 210], [750, 230], [725, 230], [705, 215]]}, {""poligono_xy"": [[755, 490], [780, 475], [805, 480], [825, 505], [810, 530], [780, 525], [760, 510]]}, {""poligono_xy"": [[850, 85], [870, 70], [890, 75], [910, 95], [895, 120], [870, 115], [850, 105]]}, {""poligono_xy"": [[880, 310], [900, 295], [920, 300], [935, 320], [925, 340], [900, 340], [880, 325]]}, {""poligono_xy"": [[920, 585], [940, 570], [960, 575], [975, 595], [965, 615], [940, 615], [925, 600]]}]","Imagem de microscopia de campo claro com células de formato aproximadamente elíptico/circular, possivelmente leveduras ou algum tipo de célula eucariótica em suspensão. Baixo contraste e alguns detritos presentes."
2022_03_21_11_03_06_33.bmp,C:\Users\sthem\OneDrive\Documentos\GitHub\master-2025\7-gemini\train\2022_03_21_11_03_06_33.bmp,"[{""poligono_xy"": [[27, 22], [40, 14], [52, 18], [57, 29], [51, 40], [38, 44], [25, 36]]}, {""poligono_xy"": [[87, 4], [108, 2], [124, 10], [131, 25], [122, 39], [103, 43], [86, 36]]}, {""poligono_xy"": [[154, 147], [170, 138], [186, 143], [195, 158], [188, 172], [170, 177], [155, 167]]}, {""poligono_xy"": [[225, 14], [242, 5], [260, 10], [270, 25], [262, 40], [242, 45], [225, 37]]}, {""poligono_xy"": [[292, 573], [308, 563], [327, 568], [338, 582], [330, 598], [310, 602], [293, 592]]}, {""poligono_xy"": [[360, 485], [375, 475], [392, 480], [402, 496], [393, 510], [374, 514], [360, 503]]}, {""poligono_xy"": [[410, 295], [422, 282], [440, 285], [452, 300], [442, 315], [422, 318], [408, 305]]}, {""poligono_xy"": [[485, 585], [500, 572], [518, 578], [528, 595], [518, 610], [498, 613], [483, 600]]}, {""poligono_xy"": [[550, 80], [565, 70], [580, 75], [590, 90], [580, 105], [562, 108], [548, 95]]}, {""poligono_xy"": [[615, 515], [630, 505], [648, 510], [658, 528], [648, 542], [630, 545], [615, 535]]}]",Imagem de microscopia de campo claro com células esféricas de baixo contraste em um fundo cinza. A imagem apresenta ruído e alguns artefatos. Possível presença de debris ou pequenas partículas fora de foco.
2022_03_21_11_03_06_42.bmp,C:\Users\sthem\OneDrive\Documentos\GitHub\master-2025\7-gemini\train\2022_03_21_11_03_06_42.bmp,"[{""poligono_xy"": [[170, 25], [185, 20], [195, 25], [200, 40], [190, 50], [175, 50], [165, 40]]}, {""poligono_xy"": [[25, 45], [40, 35], [55, 40], [60, 60], [50, 75], [30, 75], [20, 60]]}, {""poligono_xy"": [[250, 20], [270, 15], [290, 25], [300, 45], [285, 60], [260, 60], [245, 45]]}, {""poligono_xy"": [[355, 5], [370, 0], [385, 5], [390, 20], [380, 30], [360, 30], [350, 20]]}, {""poligono_xy"": [[100, 120], [120, 110], [140, 120], [150, 145], [135, 160], [110, 155], [95, 140]]}, {""poligono_xy"": [[220, 130], [240, 120], [260, 135], [270, 160], [255, 180], [230, 175], [210, 155]]}, {""poligono_xy"": [[300, 100], [320, 90], [340, 100], [350, 125], [335, 145], [315, 140], [300, 120]]}, {""poligono_xy"": [[390, 120], [410, 110], [430, 125], [440, 150], [420, 170], [400, 165], [385, 145]]}, {""poligono_xy"": [[50, 200], [70, 185], [90, 200], [100, 225], [80, 245], [60, 240], [45, 220]]}, {""poligono_xy"": [[160, 210], [180, 200], [200, 215], [215, 240], [195, 260], [170, 255], [150, 235]]}, {""poligono_xy"": [[260, 205], [280, 195], [300, 210], [315, 240], [295, 260], [270, 255], [255, 230]]}, {""poligono_xy"": [[350, 220], [370, 210], [390, 225], [405, 255], [385, 275], [360, 270], [340, 245]]}]","Imagem de microscopia de campo claro com células esféricas, possivelmente leveduras, em baixa resolução e com baixo contraste. Alguns artefatos e detritos estão presentes."
2022_03_21_11_03_06_50.bmp,C:\Users\sthem\OneDrive\Documentos\GitHub\master-2025\7-gemini\train\2022_03_21_11_03_06_50.bmp,[],Imagem de microscopia de campo claro com células de formato irregular e baixo contraste. A imagem apresenta ruído e alguns artefatos.
2022_03_21_11_03_06_59.bmp,C:\Users\sthem\OneDrive\Documentos\GitHub\master-2025\7-gemini\train\2022_03_21_11_03_06_59.bmp,"[{""poligono_xy"": [[17, 22], [28, 17], [36, 19], [42, 27], [38, 36], [27, 39], [18, 33]]}, {""poligono_xy"": [[72, 4], [85, 2], [94, 8], [98, 18], [93, 27], [83, 32], [71, 29], [65, 22], [65, 13]]}, {""poligono_xy"": [[112, 84], [123, 78], [132, 81], [137, 91], [132, 100], [120, 103], [111, 98]]}, {""poligono_xy"": [[155, 15], [166, 11], [176, 15], [181, 24], [175, 33], [163, 36], [153, 31]]}, {""poligono_xy"": [[187, 225], [198, 219], [208, 223], [214, 233], [209, 241], [197, 245], [187, 239]]}, {""poligono_xy"": [[215, 122], [226, 116], [236, 119], [242, 129], [237, 138], [225, 142], [215, 136]]}, {""poligono_xy"": [[256, 69], [268, 64], [279, 68], [285, 78], [280, 88], [268, 91], [256, 86]]}, {""poligono_xy"": [[294, 202], [308, 197], [320, 202], [327, 213], [322, 224], [308, 228], [294, 222]]}, {""poligono_xy"": [[330, 49], [339, 43], [349, 46], [354, 55], [350, 64], [340, 68], [331, 63]]}, {""poligono_xy"": [[390, 156], [399, 148], [407, 149], [412, 157], [409, 167], [401, 172], [392, 168]]}, {""poligono_xy"": [[434, 24], [446, 17], [458, 20], [466, 31], [461, 42], [448, 46], [436, 39]]}, {""poligono_xy"": [[464, 178], [472, 169], [479, 169], [483, 176], [480, 185], [473, 190], [465, 186]]}, {""poligono_xy"": [[488, 81], [501, 76], [512, 81], [518, 92], [513, 102], [500, 105], [488, 99]]}]",Imagem de microscopia de campo claro com células esféricas de baixo contraste em um fundo cinza. A imagem apresenta ruído e alguns detritos. Possível cultura celular com células em suspensão.
2022_03_21_11_03_06_67.bmp,C:\Users\sthem\OneDrive\Documentos\GitHub\master-2025\7-gemini\train\2022_03_21_11_03_06_67.bmp,"[{""poligono_xy"": [[52, 82], [72, 64], [88, 64], [100, 78], [92, 94], [74, 98], [58, 90]]}, {""poligono_xy"": [[38, 328], [22, 344], [18, 366], [32, 380], [56, 374], [68, 354], [56, 336]]}, {""poligono_xy"": [[144, 326], [160, 312], [178, 310], [192, 324], [186, 342], [166, 348], [150, 340]]}, {""poligono_xy"": [[234, 486], [250, 468], [270, 466], [286, 482], [276, 502], [254, 508], [238, 498]]}, {""poligono_xy"": [[326, 226], [344, 210], [368, 210], [386, 228], [374, 250], [348, 258], [330, 246]]}, {""poligono_xy"": [[386, 480], [406, 460], [430, 458], [448, 476], [438, 498], [416, 508], [394, 496]]}, {""poligono_xy"": [[482, 548], [496, 530], [518, 528], [534, 544], [522, 564], [500, 570], [486, 558]]}, {""poligono_xy"": [[554, 246], [570, 228], [592, 224], [608, 240], [598, 258], [576, 266], [560, 256]]}, {""poligono_xy"": [[606, 86], [626, 70], [650, 70], [668, 88], [656, 108], [630, 114], [612, 100]]}, {""poligono_xy"": [[702, 862], [720, 848], [744, 848], [760, 864], [748, 882], [724, 888], [708, 876]]}, {""poligono_xy"": [[804, 84], [816, 68], [834, 64], [848, 78], [838, 94], [820, 100], [808, 90]]}, {""poligono_xy"": [[878, 656], [894, 640], [916, 638], [932, 652], [920, 670], [896, 678], [882, 666]]}, {""poligono_xy"": [[926, 262], [936, 244], [954, 238], [968, 250], [960, 270], [942, 278], [930, 270]]}]","Imagem de microscopia de campo claro com células de formato ovalado, possivelmente leveduras, com baixo contraste e algumas fora de foco. Presença de artefatos e detritos."
2022_03_21_11_03_06_75.bmp,C:\Users\sthem\OneDrive\Documentos\GitHub\master-2025\7-gemini\train\2022_03_21_11_03_06_75.bmp,"[{""poligono_xy"": [[72, 45], [88, 32], [102, 38], [100, 56], [84, 66]]}, {""poligono_xy"": [[156, 108], [174, 98], [190, 106], [188, 128], [166, 134]]}, {""poligono_xy"": [[244, 582], [260, 570], [280, 576], [286, 596], [264, 610], [248, 602]]}, {""poligono_xy"": [[330, 470], [350, 460], [368, 470], [366, 490], [346, 502]]}, {""poligono_xy"": [[382, 520], [398, 506], [418, 514], [420, 536], [400, 546]]}, {""poligono_xy"": [[456, 338], [474, 324], [494, 332], [494, 352], [470, 364]]}, {""poligono_xy"": [[500, 508], [518, 496], [538, 508], [536, 528], [512, 538]]}, {""poligono_xy"": [[582, 586], [600, 574], [620, 584], [618, 606], [596, 616]]}, {""poligono_xy"": [[668, 366], [688, 354], [706, 364], [700, 384], [678, 394]]}, {""poligono_xy"": [[724, 82], [742, 70], [764, 80], [760, 100], [736, 108]]}, {""poligono_xy"": [[808, 52], [822, 40], [840, 46], [840, 64], [820, 74]]}, {""poligono_xy"": [[876, 20], [892, 8], [910, 16], [908, 36], [886, 44]]}, {""poligono_xy"": [[920, 596], [940, 582], [960, 592], [956, 614], [932, 624]]}]",Imagem de microscopia de campo claro com células de formato aproximadamente circular e baixo contraste. Presença de ruído e alguns artefatos.
2022_03_21_11_03_06_84.bmp,C:\Users\sthem\OneDrive\Documentos\GitHub\master-2025\7-gemini\train\2022_03_21_11_03_06_84.bmp,"[{""poligono_xy"": [[110, 85], [125, 75], [140, 75], [150, 85], [150, 100], [140, 110], [125, 110], [110, 100]]}, {""poligono_xy"": [[125, 280], [140, 275], [155, 280], [160, 295], [150, 305], [135, 305], [120, 295]]}, {""poligono_xy"": [[200, 400], [215, 395], [230, 400], [235, 415], [225, 425], [205, 420], [195, 410]]}, {""poligono_xy"": [[270, 120], [285, 115], [300, 120], [305, 135], [295, 145], [275, 140], [265, 130]]}, {""poligono_xy"": [[300, 370], [320, 370], [330, 385], [325, 400], [310, 400], [295, 390]]}, {""poligono_xy"": [[340, 480], [355, 475], [370, 480], [375, 495], [365, 505], [350, 505], [335, 490]]}, {""poligono_xy"": [[400, 200], [415, 190], [430, 195], [440, 210], [430, 225], [410, 225], [395, 215]]}, {""poligono_xy"": [[450, 40], [465, 35], [480, 40], [485, 55], [475, 65], [460, 60], [445, 50]]}, {""poligono_xy"": [[500, 290], [515, 285], [530, 290], [535, 305], [525, 315], [510, 310], [495, 300]]}, {""poligono_xy"": [[580, 80], [595, 70], [610, 75], [620, 90], [610, 105], [590, 105], [575, 95]]}, {""poligono_xy"": [[600, 440], [615, 430], [630, 435], [640, 450], [630, 465], [610, 460], [595, 450]]}]","Imagem de microscopia de campo claro com células de formato aproximadamente circular, possivelmente leveduras ou algum tipo de célula eucariótica em suspensão. A imagem apresenta baixo contraste e algumas células estão ligeiramente fora de foco."
2022_03_21_11_03_06_92.bmp,C:\Users\sthem\OneDrive\Documentos\GitHub\master-2025\7-gemini\train\2022_03_21_11_03_06_92.bmp,"[{""poligono_xy"": [[92, 82], [118, 72], [135, 85], [125, 102], [100, 108]]}, {""poligono_xy"": [[158, 200], [185, 192], [205, 210], [198, 230], [170, 235]]}, {""poligono_xy"": [[280, 355], [300, 340], [320, 350], [315, 370], [295, 380]]}, {""poligono_xy"": [[400, 450], [425, 435], [445, 450], [440, 470], [415, 480]]}, {""poligono_xy"": [[510, 90], [530, 80], [550, 95], [540, 115], [515, 110]]}, {""poligono_xy"": [[595, 220], [615, 210], [630, 220], [625, 240], [600, 245]]}, {""poligono_xy"": [[705, 370], [730, 355], [750, 370], [740, 395], [715, 400]]}, {""poligono_xy"": [[820, 75], [845, 65], [865, 80], [855, 100], [830, 95]]}, {""poligono_xy"": [[905, 215], [930, 200], [950, 215], [940, 240], [915, 235]]}, {""poligono_xy"": [[20, 480], [45, 465], [65, 485], [55, 510], [30, 505]]}, {""poligono_xy"": [[170, 50], [190, 40], [205, 50], [195, 70], [175, 65]]}, {""poligono_xy"": [[70, 290], [90, 275], [110, 290], [100, 315], [80, 310]]}, {""poligono_xy"": [[280, 100], [300, 90], [315, 105], [305, 125], [285, 120]]}, {""poligono_xy"": [[400, 180], [420, 165], [440, 180], [430, 200], [405, 195]]}, {""poligono_xy"": [[520, 320], [540, 305], [560, 320], [550, 340], [525, 335]]}, {""poligono_xy"": [[630, 460], [650, 445], [670, 460], [660, 480], [635, 475]]}, {""poligono_xy"": [[750, 140], [770, 125], [790, 140], [780, 160], [755, 155]]}, {""poligono_xy"": [[870, 350], [890, 335], [910, 350], [900, 370], [875, 365]]}, {""poligono_xy"": [[980, 500], [1000, 485], [1015, 500], [1005, 520], [985, 515]]}]","Imagem de microscopia de campo claro com células de formato variado, possivelmente leveduras, com baixo contraste e alguma sobreposição. A imagem apresenta ruído de fundo e alguns detritos."
2022_03_21_11_03_07_08.bmp,C:\Users\sthem\OneDrive\Documentos\GitHub\master-2025\7-gemini\train\2022_03_21_11_03_07_08.bmp,[],"Imagem de microscopia de campo claro com células de formato variado, possivelmente leveduras ou bactérias, com baixo contraste e algumas sobreposições. A qualidade da imagem é razoável, mas a falta de foco dificulta a segmentação precisa."
2022_03_21_11_03_07_22.bmp,C:\Users\sthem\OneDrive\Documentos\GitHub\master-2025\7-gemini\train\2022_03_21_11_03_07_22.bmp,"[{""poligono_xy"": [[77, 33], [92, 25], [105, 33], [102, 48], [88, 55], [75, 46]]}, {""poligono_xy"": [[220, 222], [238, 215], [252, 225], [250, 242], [232, 250], [217, 238]]}, {""poligono_xy"": [[380, 45], [395, 35], [412, 42], [415, 60], [400, 70], [382, 60]]}, {""poligono_xy"": [[450, 120], [470, 110], [490, 122], [490, 145], [470, 155], [450, 140]]}, {""poligono_xy"": [[485, 405], [505, 395], [522, 405], [525, 425], [505, 435], [485, 425]]}, {""poligono_xy"": [[570, 780], [590, 770], [610, 780], [610, 800], [590, 810], [570, 800]]}, {""poligono_xy"": [[680, 605], [700, 595], [715, 605], [715, 625], [700, 632], [682, 620]]}, {""poligono_xy"": [[755, 80], [775, 70], [795, 80], [795, 105], [775, 115], [755, 100]]}, {""poligono_xy"": [[850, 280], [870, 270], [890, 280], [890, 300], [870, 310], [850, 300]]}, {""poligono_xy"": [[920, 720], [935, 710], [950, 715], [955, 735], [940, 745], [925, 740]]}]",Imagem de microscopia de campo claro com células esféricas de baixo contraste em um fundo cinza. Possível presença de artefatos e detritos. A imagem apresenta baixa resolução e profundidade de campo limitada.
2022_03_21_11_03_07_28.bmp,C:\Users\sthem\OneDrive\Documentos\GitHub\master-2025\7-gemini\train\2022_03_21_11_03_07_28.bmp,"[{""poligono_xy"": [[92, 552], [135, 530], [165, 522], [188, 530], [205, 555], [185, 578], [150, 585], [115, 575]]}, {""poligono_xy"": [[140, 110], [175, 95], [210, 90], [240, 100], [255, 125], [235, 145], [200, 150], [165, 140]]}, {""poligono_xy"": [[50, 120], [75, 100], [110, 95], [135, 110], [130, 135], [100, 150], [70, 145]]}, {""poligono_xy"": [[280, 35], [310, 25], [340, 25], [365, 40], [370, 60], [350, 80], [315, 80], [290, 65]]}, {""poligono_xy"": [[705, 870], [740, 855], [775, 850], [800, 865], [800, 890], [770, 910], [730, 905], [700, 890]]}, {""poligono_xy"": [[610, 655], [640, 640], [670, 640], [695, 655], [695, 680], [665, 700], [635, 695], [610, 675]]}, {""poligono_xy"": [[400, 370], [430, 360], [455, 360], [480, 375], [480, 400], [450, 415], [420, 410], [400, 390]]}, {""poligono_xy"": [[360, 580], [390, 565], [420, 560], [445, 570], [450, 595], [420, 610], [385, 605], [360, 590]]}, {""poligono_xy"": [[550, 480], [565, 455], [580, 440], [600, 445], [615, 470], [600, 490], [575, 500], [555, 490]]}, {""poligono_xy"": [[500, 200], [530, 190], [560, 190], [585, 205], [585, 230], [555, 245], [525, 240], [500, 220]]}]","Imagem de microscopia de campo claro com células de formato e contraste variáveis, possivelmente leveduras ou bactérias, em meio líquido. A qualidade da imagem é moderada, com alguma granulação e artefatos."
2022_03_21_11_03_07_35.bmp,C:\Users\sthem\OneDrive\Documentos\GitHub\master-2025\7-gemini\train\2022_03_21_11_03_07_35.bmp,"[{""poligono_xy"": [[170, 70], [195, 60], [215, 70], [215, 95], [190, 105], [165, 95]]}, {""poligono_xy"": [[240, 120], [260, 115], [280, 130], [285, 150], [265, 160], [240, 150]]}, {""poligono_xy"": [[555, 540], [580, 530], [600, 545], [600, 570], [580, 585], [555, 570]]}, {""poligono_xy"": [[700, 600], [725, 590], [745, 600], [750, 625], [730, 640], [705, 630]]}, {""poligono_xy"": [[880, 675], [905, 665], [925, 675], [930, 700], [910, 715], [885, 700]]}, {""poligono_xy"": [[290, 270], [315, 260], [335, 270], [340, 295], [320, 310], [295, 300]]}, {""poligono_xy"": [[450, 420], [470, 410], [490, 420], [495, 445], [475, 460], [455, 445]]}, {""poligono_xy"": [[100, 470], [125, 460], [145, 475], [150, 500], [130, 515], [105, 500]]}, {""poligono_xy"": [[70, 250], [90, 240], [110, 250], [115, 275], [95, 290], [75, 275]]}, {""poligono_xy"": [[15, 100], [35, 90], [55, 100], [60, 125], [40, 140], [20, 125]]}]","Imagem de microscopia de campo claro com células esféricas, possivelmente leveduras, em baixo contraste e com alguma variação de tamanho. A imagem apresenta ruído de fundo e alguns artefatos."
2022_03_21_11_03_07_42.bmp,C:\Users\sthem\OneDrive\Documentos\GitHub\master-2025\7-gemini\train\2022_03_21_11_03_07_42.bmp,"[{""poligono_xy"": [[27, 32], [38, 22], [50, 24], [59, 35], [55, 47], [42, 50], [30, 42]]}, {""poligono_xy"": [[82, 203], [94, 193], [108, 194], [118, 206], [113, 220], [97, 226], [85, 217]]}, {""poligono_xy"": [[187, 313], [200, 302], [215, 305], [226, 316], [220, 330], [203, 335], [188, 326]]}, {""poligono_xy"": [[255, 50], [270, 38], [288, 42], [300, 55], [293, 70], [275, 72], [260, 62]]}, {""poligono_xy"": [[286, 284], [299, 270], [317, 275], [328, 290], [320, 307], [305, 310], [290, 300]]}, {""poligono_xy"": [[355, 388], [370, 375], [388, 380], [400, 395], [392, 412], [375, 415], [360, 405]]}, {""poligono_xy"": [[420, 22], [432, 12], [448, 15], [458, 27], [452, 40], [435, 42], [423, 35]]}, {""poligono_xy"": [[480, 505], [495, 495], [515, 500], [528, 515], [520, 530], [500, 535], [485, 522]]}, {""poligono_xy"": [[575, 95], [590, 82], [608, 88], [620, 102], [612, 118], [592, 118], [578, 108]]}, {""poligono_xy"": [[668, 422], [685, 408], [705, 415], [718, 430], [708, 448], [688, 450], [670, 438]]}, {""poligono_xy"": [[725, 185], [740, 170], [760, 175], [775, 192], [765, 210], [745, 210], [730, 200]]}, {""poligono_xy"": [[850, 30], [865, 18], [885, 22], [900, 38], [890, 52], [870, 50], [855, 40]]}, {""poligono_xy"": [[920, 520], [935, 505], [955, 510], [970, 528], [960, 545], [940, 548], [925, 535]]}]","Imagem de microscopia de campo claro com células de formato aproximadamente circular, possivelmente leveduras, com baixo contraste e alguns detritos no fundo. A imagem apresenta ruído e as células variam em tamanho."
2022_03_21_11_03_07_51.bmp,C:\Users\sthem\OneDrive\Documentos\GitHub\master-2025\7-gemini\train\2022_03_21_11_03_07_51.bmp,"[{""poligono_xy"": [[120, 40], [140, 40], [140, 60], [120, 60]]}, {""poligono_xy"": [[40, 130], [60, 130], [60, 150], [40, 150]]}, {""poligono_xy"": [[220, 150], [250, 150], [250, 180], [220, 180]]}, {""poligono_xy"": [[290, 20], [320, 20], [320, 50], [290, 50]]}, {""poligono_xy"": [[180, 220], [210, 220], [210, 250], [180, 250]]}, {""poligono_xy"": [[350, 220], [380, 220], [380, 250], [350, 250]]}, {""poligono_xy"": [[20, 280], [50, 280], [50, 310], [20, 310]]}, {""poligono_xy"": [[250, 280], [280, 280], [280, 310], [250, 310]]}, {""poligono_xy"": [[100, 350], [130, 350], [130, 380], [100, 380]]}, {""poligono_xy"": [[220, 360], [250, 360], [250, 390], [220, 390]]}, {""poligono_xy"": [[360, 370], [390, 370], [390, 400], [360, 400]]}, {""poligono_xy"": [[200, 20], [230, 20], [230, 50], [200, 50]]}, {""poligono_xy"": [[250, 80], [280, 80], [280, 110], [250, 110]]}, {""poligono_xy"": [[340, 100], [370, 100], [370, 130], [340, 130]]}, {""poligono_xy"": [[80, 180], [110, 180], [110, 210], [80, 210]]}, {""poligono_xy"": [[140, 270], [170, 270], [170, 300], [140, 300]]}, {""poligono_xy"": [[300, 330], [330, 330], [330, 360], [300, 360]]}]","Imagem de microscopia de campo claro com células esféricas, possivelmente leveduras, em baixa resolução e com baixo contraste. Alguns artefatos e detritos estão presentes."
2022_03_21_11_03_07_59.bmp,C:\Users\sthem\OneDrive\Documentos\GitHub\master-2025\7-gemini\train\2022_03_21_11_03_07_59.bmp,"[{""poligono_xy"": [[220, 50], [240, 40], [260, 50], [260, 70], [240, 80], [220, 70]]}, {""poligono_xy"": [[350, 10], [370, 5], [390, 15], [390, 35], [370, 45], [350, 35]]}, {""poligono_xy"": [[50, 150], [70, 140], [90, 150], [90, 170], [70, 180], [50, 170]]}, {""poligono_xy"": [[150, 200], [170, 190], [190, 200], [190, 220], [170, 230], [150, 220]]}, {""poligono_xy"": [[280, 220], [300, 210], [320, 220], [320, 240], [300, 250], [280, 240]]}, {""poligono_xy"": [[400, 280], [420, 270], [440, 280], [440, 300], [420, 310], [400, 300]]}, {""poligono_xy"": [[550, 300], [570, 290], [590, 300], [590, 320], [570, 330], [550, 320]]}, {""poligono_xy"": [[680, 350], [700, 340], [720, 350], [720, 370], [700, 380], [680, 370]]}, {""poligono_xy"": [[50, 400], [70, 390], [90, 400], [90, 420], [70, 430], [50, 420]]}, {""poligono_xy"": [[180, 450], [200, 440], [220, 450], [220, 470], [200, 480], [180, 470]]}, {""poligono_xy"": [[320, 500], [340, 490], [360, 500], [360, 520], [340, 530], [320, 520]]}, {""poligono_xy"": [[450, 550], [470, 540], [490, 550], [490, 570], [470, 580], [450, 570]]}, {""poligono_xy"": [[600, 600], [620, 590], [640, 600], [640, 620], [620, 630], [600, 620]]}]","Imagem de microscopia de campo claro com células esféricas, possivelmente leveduras, em baixa resolução e com baixo contraste. Alguns artefatos e detritos estão presentes."
2022_03_21_11_03_07_67.bmp,C:\Users\sthem\OneDrive\Documentos\GitHub\master-2025\7-gemini\train\2022_03_21_11_03_07_67.bmp,"[{""poligono_xy"": [[45, 25], [55, 25], [55, 40], [45, 40]]}, {""poligono_xy"": [[220, 230], [235, 230], [235, 245], [220, 245]]}, {""poligono_xy"": [[245, 405], [265, 405], [265, 425], [245, 425]]}, {""poligono_xy"": [[355, 460], [375, 460], [375, 480], [355, 480]]}, {""poligono_xy"": [[405, 355], [420, 355], [420, 375], [405, 375]]}, {""poligono_xy"": [[450, 220], [470, 220], [470, 245], [450, 245]]}, {""poligono_xy"": [[500, 80], [515, 80], [515, 95], [500, 95]]}, {""poligono_xy"": [[580, 885], [600, 885], [600, 905], [580, 905]]}, {""poligono_xy"": [[650, 605], [670, 605], [670, 620], [650, 620]]}, {""poligono_xy"": [[705, 230], [725, 230], [725, 250], [705, 250]]}, {""poligono_xy"": [[750, 70], [770, 70], [770, 90], [750, 90]]}, {""poligono_xy"": [[805, 885], [825, 885], [825, 905], [805, 905]]}, {""poligono_xy"": [[860, 45], [880, 45], [880, 70], [860, 70]]}, {""poligono_xy"": [[920, 230], [940, 230], [940, 250], [920, 250]]}, {""poligono_xy"": [[950, 890], [970, 890], [970, 910], [950, 910]]}]",Imagem de microscopia de campo claro com células esféricas de baixo contraste em um fundo cinza. A imagem apresenta ruído e alguns detritos. Possível cultura celular com diferentes estágios de desenvolvimento ou diferentes tipos celulares.
2022_03_21_11_03_07_76.bmp,C:\Users\sthem\OneDrive\Documentos\GitHub\master-2025\7-gemini\train\2022_03_21_11_03_07_76.bmp,"[{""poligono_xy"": [[22, 22], [38, 22], [38, 38], [22, 38]]}, {""poligono_xy"": [[18, 128], [30, 128], [30, 142], [18, 142]]}, {""poligono_xy"": [[50, 180], [70, 180], [70, 205], [50, 205]]}, {""poligono_xy"": [[105, 25], [125, 25], [125, 45], [105, 45]]}, {""poligono_xy"": [[140, 140], [160, 140], [160, 165], [140, 165]]}, {""poligono_xy"": [[180, 20], [200, 20], [200, 40], [180, 40]]}, {""poligono_xy"": [[185, 105], [198, 105], [198, 118], [185, 118]]}, {""poligono_xy"": [[210, 250], [235, 250], [235, 275], [210, 275]]}, {""poligono_xy"": [[260, 180], [280, 180], [280, 200], [260, 200]]}, {""poligono_xy"": [[20, 250], [40, 250], [40, 280], [20, 280]]}, {""poligono_xy"": [[70, 40], [90, 40], [90, 70], [70, 70]]}, {""poligono_xy"": [[85, 110], [105, 110], [105, 130], [85, 130]]}, {""poligono_xy"": [[45, 85], [60, 85], [60, 105], [45, 105]]}, {""poligono_xy"": [[280, 40], [300, 40], [300, 60], [280, 60]]}, {""poligono_xy"": [[150, 260], [180, 260], [180, 290], [150, 290]]}, {""poligono_xy"": [[260, 80], [280, 80], [280, 100], [260, 100]]}]",Imagem de microscopia de campo claro com células esféricas de baixo contraste em um fundo com alguns detritos. A imagem apresenta baixa resolução e as bordas das células não são perfeitamente definidas.
2022_03_21_11_03_07_85.bmp,C:\Users\sthem\OneDrive\Documentos\GitHub\master-2025\7-gemini\train\2022_03_21_11_03_07_85.bmp,"[{""poligono_xy"": [[28, 32], [40, 22], [54, 25], [60, 36], [50, 48], [35, 44]]}, {""poligono_xy"": [[88, 82], [105, 75], [122, 80], [128, 95], [115, 108], [95, 102]]}, {""poligono_xy"": [[170, 205], [185, 195], [200, 200], [208, 215], [195, 228], [178, 225]]}, {""poligono_xy"": [[220, 55], [235, 45], [255, 50], [265, 65], [250, 80], [230, 75]]}, {""poligono_xy"": [[295, 200], [310, 190], [330, 195], [340, 210], [325, 225], [305, 220]]}, {""poligono_xy"": [[355, 70], [370, 60], [390, 62], [400, 75], [385, 90], [365, 88]]}, {""poligono_xy"": [[410, 215], [425, 200], [445, 205], [455, 220], [440, 235], [420, 230]]}, {""poligono_xy"": [[480, 85], [495, 75], [510, 80], [515, 95], [500, 105], [485, 100]]}, {""poligono_xy"": [[555, 220], [570, 210], [585, 215], [590, 230], [575, 240], [560, 235]]}, {""poligono_xy"": [[610, 60], [620, 50], [635, 55], [645, 70], [635, 80], [620, 75]]}, {""poligono_xy"": [[200, 305], [215, 295], [230, 300], [240, 315], [225, 330], [205, 325]]}, {""poligono_xy"": [[310, 350], [325, 340], [345, 345], [355, 360], [340, 375], [320, 370]]}, {""poligono_xy"": [[450, 380], [465, 370], [485, 375], [495, 390], [480, 405], [460, 400]]}, {""poligono_xy"": [[580, 345], [595, 335], [615, 340], [625, 355], [610, 370], [585, 365]]}]","Imagem de microscopia de campo claro com células de formato variável, possivelmente leveduras, com baixo contraste e algumas sobrepostas. Presença de ruído e detritos no fundo."
2022_03_21_11_03_08_10.bmp,C:\Users\sthem\OneDrive\Documentos\GitHub\master-2025\7-gemini\train\2022_03_21_11_03_08_10.bmp,"[{""poligono_xy"": [[92, 82], [112, 72], [128, 82], [122, 98], [102, 108], [86, 98]]}, {""poligono_xy"": [[220, 156], [240, 146], [256, 156], [250, 172], [230, 182], [214, 172]]}, {""poligono_xy"": [[104, 204], [124, 194], [140, 204], [134, 220], [114, 230], [98, 220]]}, {""poligono_xy"": [[352, 232], [372, 222], [388, 232], [382, 248], [362, 258], [346, 248]]}, {""poligono_xy"": [[48, 284], [68, 274], [84, 284], [78, 300], [58, 310], [42, 300]]}, {""poligono_xy"": [[336, 348], [356, 338], [372, 348], [366, 364], [346, 374], [330, 364]]}, {""poligono_xy"": [[484, 380], [504, 370], [520, 380], [514, 396], [494, 406], [478, 396]]}, {""poligono_xy"": [[84, 428], [104, 418], [120, 428], [114, 444], [94, 454], [78, 444]]}, {""poligono_xy"": [[248, 460], [268, 450], [284, 460], [278, 476], [258, 486], [242, 476]]}, {""poligono_xy"": [[488, 492], [508, 482], [524, 492], [518, 508], [498, 518], [482, 508]]}, {""poligono_xy"": [[180, 524], [200, 514], [216, 524], [210, 540], [190, 550], [174, 540]]}, {""poligono_xy"": [[588, 556], [608, 546], [624, 556], [618, 572], [598, 582], [582, 572]]}, {""poligono_xy"": [[76, 604], [96, 594], [112, 604], [106, 620], [86, 630], [70, 620]]}, {""poligono_xy"": [[884, 608], [904, 598], [920, 608], [914, 624], [894, 634], [878, 624]]}, {""poligono_xy"": [[700, 676], [720, 666], [736, 676], [730, 692], [710, 702], [694, 692]]}, {""poligono_xy"": [[872, 748], [892, 738], [908, 748], [902, 764], [882, 774], [866, 764]]}, {""poligono_xy"": [[52, 820], [72, 810], [88, 820], [82, 836], [62, 846], [46, 836]]}, {""poligono_xy"": [[844, 872], [864, 862], [880, 872], [874, 888], [854, 898], [838, 888]]}, {""poligono_xy"": [[688, 940], [708, 930], [724, 940], [718, 956], [698, 966], [682, 956]]}]","Imagem de microscopia de campo claro com células esféricas, possivelmente leveduras ou células em suspensão, com baixo contraste e alguns detritos no fundo. A imagem apresenta um nível de ruído moderado."
2022_03_21_11_03_08_22.bmp,C:\Users\sthem\OneDrive\Documentos\GitHub\master-2025\7-gemini\train\2022_03_21_11_03_08_22.bmp,"[{""poligono_xy"": [[42, 72], [52, 62], [64, 64], [72, 74], [68, 84], [56, 82]]}, {""poligono_xy"": [[234, 254], [246, 242], [260, 244], [270, 258], [264, 270], [250, 268]]}, {""poligono_xy"": [[280, 80], [290, 72], [306, 76], [316, 88], [310, 98], [294, 94]]}, {""poligono_xy"": [[214, 328], [228, 318], [246, 322], [258, 338], [250, 350], [232, 346]]}, {""poligono_xy"": [[458, 500], [472, 488], [490, 490], [504, 506], [498, 520], [482, 518]]}, {""poligono_xy"": [[582, 76], [596, 64], [616, 68], [630, 82], [622, 96], [602, 90]]}, {""poligono_xy"": [[668, 246], [680, 232], [700, 238], [712, 254], [704, 270], [684, 264]]}, {""poligono_xy"": [[724, 376], [740, 362], [762, 368], [778, 386], [770, 402], [750, 396]]}, {""poligono_xy"": [[798, 84], [812, 70], [834, 74], [850, 90], [840, 106], [818, 100]]}, {""poligono_xy"": [[868, 510], [884, 496], [906, 500], [920, 518], [910, 534], [888, 528]]}, {""poligono_xy"": [[922, 258], [938, 244], [960, 248], [974, 266], [966, 280], [946, 274]]}, {""poligono_xy"": [[470, 48], [484, 36], [500, 40], [510, 54], [500, 66], [482, 60]]}, {""poligono_xy"": [[130, 100], [146, 90], [162, 94], [174, 108], [166, 120], [148, 114]]}, {""poligono_xy"": [[472, 276], [488, 264], [508, 270], [522, 288], [512, 302], [490, 294]]}]","Imagem de microscopia de campo claro com células de formato aproximadamente circular/elíptico, possivelmente leveduras ou algum tipo de célula eucariótica em suspensão. A imagem apresenta baixo contraste e algumas células estão ligeiramente fora de foco."
2022_03_21_11_03_08_29.bmp,C:\Users\sthem\OneDrive\Documentos\GitHub\master-2025\7-gemini\train\2022_03_21_11_03_08_29.bmp,"[{""poligono_xy"": [[42, 25], [55, 22], [65, 28], [68, 40], [62, 50], [50, 53], [38, 47], [35, 35]]}, {""poligono_xy"": [[125, 138], [140, 132], [152, 140], [158, 155], [150, 168], [135, 173], [120, 165]]}, {""poligono_xy"": [[195, 220], [210, 212], [225, 222], [235, 240], [228, 255], [210, 260], [190, 250]]}, {""poligono_xy"": [[250, 45], [265, 35], [280, 40], [290, 55], [280, 70], [260, 75], [245, 65]]}, {""poligono_xy"": [[290, 190], [305, 180], [320, 185], [330, 200], [325, 215], [310, 220], [295, 210]]}, {""poligono_xy"": [[360, 70], [375, 60], [390, 65], [400, 80], [390, 95], [370, 100], [355, 90]]}, {""poligono_xy"": [[420, 230], [440, 220], [460, 225], [475, 245], [465, 265], [440, 270], [420, 260]]}, {""poligono_xy"": [[500, 80], [515, 70], [530, 75], [540, 90], [530, 105], [510, 110], [495, 100]]}, {""poligono_xy"": [[130, 25], [145, 18], [160, 22], [170, 35], [165, 48], [150, 52], [135, 45]]}, {""poligono_xy"": [[215, 85], [230, 75], [245, 80], [255, 95], [245, 110], [225, 115], [210, 100]]}]",Imagem de microscopia de campo claro com células esféricas de baixo contraste em um fundo cinza. A imagem apresenta ruído e alguns artefatos. Possível presença de debris.
2022_03_21_11_03_08_36.bmp,C:\Users\sthem\OneDrive\Documentos\GitHub\master-2025\7-gemini\train\2022_03_21_11_03_08_36.bmp,"[{""poligono_xy"": [[27, 70], [47, 58], [62, 62], [52, 78], [35, 88]]}, {""poligono_xy"": [[88, 205], [112, 195], [130, 205], [125, 225], [100, 235], [82, 222]]}, {""poligono_xy"": [[45, 282], [65, 268], [85, 278], [80, 300], [58, 310], [38, 298]]}, {""poligono_xy"": [[155, 50], [175, 42], [192, 50], [185, 65], [162, 72]]}, {""poligono_xy"": [[220, 85], [245, 75], [270, 90], [265, 110], [235, 118], [215, 105]]}, {""poligono_xy"": [[345, 25], [365, 15], [385, 25], [375, 40], [350, 45]]}, {""poligono_xy"": [[390, 220], [415, 210], [440, 225], [430, 245], [400, 250], [382, 235]]}, {""poligono_xy"": [[450, 430], [475, 415], [500, 430], [490, 455], [460, 465]]}, {""poligono_xy"": [[530, 880], [550, 865], [570, 880], [560, 900], [535, 905]]}, {""poligono_xy"": [[600, 905], [620, 895], [640, 905], [630, 925], [605, 920]]}, {""poligono_xy"": [[705, 580], [730, 565], [755, 580], [745, 605], [715, 610]]}, {""poligono_xy"": [[800, 20], [820, 10], [840, 20], [830, 40], [805, 35]]}, {""poligono_xy"": [[880, 850], [905, 840], [925, 855], [915, 875], [885, 878]]}, {""poligono_xy"": [[930, 600], [955, 585], [980, 605], [970, 630], [940, 635]]}]","Imagem de microscopia de campo claro com células de formato aproximadamente elíptico, possivelmente leveduras, com baixo contraste e variando em foco. Presença de ruído e artefatos pontuais."
2022_03_21_11_03_08_43.bmp,C:\Users\sthem\OneDrive\Documentos\GitHub\master-2025\7-gemini\train\2022_03_21_11_03_08_43.bmp,"[{""poligono_xy"": [[120, 350], [145, 355], [155, 375], [150, 390], [130, 385], [115, 370]]}, {""poligono_xy"": [[170, 120], [190, 115], [205, 130], [200, 145], [180, 150], [165, 135]]}, {""poligono_xy"": [[250, 220], [270, 215], [285, 230], [280, 250], [260, 255], [245, 240]]}, {""poligono_xy"": [[320, 80], [345, 75], [360, 95], [355, 115], [335, 120], [315, 100]]}, {""poligono_xy"": [[400, 280], [420, 270], [435, 290], [430, 310], [410, 315], [395, 295]]}, {""poligono_xy"": [[480, 150], [500, 140], [515, 160], [510, 180], [490, 185], [475, 165]]}, {""poligono_xy"": [[550, 350], [570, 340], [585, 360], [580, 380], [560, 390], [540, 370]]}, {""poligono_xy"": [[620, 220], [640, 210], [655, 230], [650, 250], [630, 260], [615, 240]]}, {""poligono_xy"": [[700, 80], [720, 70], [735, 90], [730, 110], [710, 120], [695, 100]]}, {""poligono_xy"": [[780, 280], [800, 270], [815, 290], [810, 310], [790, 320], [775, 300]]}]",Imagem de microscopia de campo claro com células de formato irregular e baixo contraste. Possível presença de artefatos e detritos. A imagem apresenta um fundo granuloso e as células variam em tamanho e forma.
2022_03_21_11_03_08_50.bmp,C:\Users\sthem\OneDrive\Documentos\GitHub\master-2025\7-gemini\train\2022_03_21_11_03_08_50.bmp,"[{""poligono_xy"": [[52, 76], [72, 64], [98, 68], [112, 84], [96, 98], [70, 94]]}, {""poligono_xy"": [[48, 288], [74, 274], [108, 282], [124, 302], [104, 320], [68, 314]]}, {""poligono_xy"": [[158, 466], [180, 450], [210, 454], [228, 476], [210, 494], [176, 488]]}, {""poligono_xy"": [[258, 480], [282, 460], [316, 468], [338, 490], [318, 512], [278, 506]]}, {""poligono_xy"": [[380, 406], [400, 394], [430, 398], [450, 418], [430, 436], [396, 430]]}, {""poligono_xy"": [[398, 488], [416, 472], [450, 480], [468, 502], [446, 522], [412, 512]]}, {""poligono_xy"": [[476, 226], [498, 208], [534, 216], [552, 240], [528, 260], [494, 250]]}, {""poligono_xy"": [[582, 86], [604, 70], [640, 76], [660, 98], [636, 118], [598, 110]]}, {""poligono_xy"": [[696, 380], [718, 362], [752, 370], [770, 396], [748, 416], [712, 406]]}, {""poligono_xy"": [[788, 246], [806, 228], [836, 238], [852, 258], [830, 274], [798, 266]]}, {""poligono_xy"": [[860, 500], [884, 484], [920, 494], [940, 518], [914, 538], [876, 526]]}, {""poligono_xy"": [[284, 104], [308, 88], [344, 98], [364, 122], [336, 142], [298, 130]]}, {""poligono_xy"": [[322, 182], [350, 160], [390, 176], [410, 202], [380, 226], [338, 210]]}, {""poligono_xy"": [[182, 312], [208, 292], [246, 306], [268, 332], [240, 354], [198, 340]]}, {""poligono_xy"": [[526, 354], [550, 336], [588, 348], [608, 372], [580, 392], [540, 380]]}, {""poligono_xy"": [[72, 504], [100, 490], [136, 506], [156, 534], [126, 554], [88, 540]]}]",Imagem de microscopia de campo claro com células ovais de baixo contraste em um fundo com ruído. Possível presença de artefatos.
2022_03_21_11_03_08_67.bmp,C:\Users\sthem\OneDrive\Documentos\GitHub\master-2025\7-gemini\train\2022_03_21_11_03_08_67.bmp,"[{""poligono_xy"": [[170, 20], [185, 25], [190, 40], [180, 50], [160, 45], [150, 35]]}, {""poligono_xy"": [[25, 70], [45, 65], [55, 85], [50, 100], [30, 105], [15, 90]]}, {""poligono_xy"": [[280, 100], [300, 90], [315, 105], [310, 125], [290, 130], [270, 115]]}, {""poligono_xy"": [[155, 160], [180, 150], [195, 170], [190, 190], [165, 200], [145, 180]]}, {""poligono_xy"": [[280, 185], [295, 180], [310, 190], [310, 205], [295, 215], [275, 210]]}, {""poligono_xy"": [[25, 220], [40, 210], [55, 225], [55, 245], [40, 255], [20, 240]]}, {""poligono_xy"": [[220, 250], [240, 240], [260, 260], [260, 280], [240, 290], [215, 275]]}, {""poligono_xy"": [[75, 290], [95, 280], [110, 300], [105, 320], [85, 325], [70, 310]]}, {""poligono_xy"": [[355, 5], [370, 10], [380, 20], [370, 35], [350, 30], [340, 15]]}, {""poligono_xy"": [[70, 85], [85, 80], [100, 95], [95, 110], [80, 110], [65, 100]]}, {""poligono_xy"": [[160, 280], [175, 275], [190, 290], [185, 305], [170, 310], [155, 295]]}, {""poligono_xy"": [[455, 80], [470, 75], [485, 90], [480, 105], [465, 110], [450, 95]]}, {""poligono_xy"": [[505, 100], [525, 90], [540, 110], [540, 130], [520, 140], [500, 120]]}, {""poligono_xy"": [[400, 170], [420, 160], [440, 180], [435, 200], [415, 205], [395, 190]]}, {""poligono_xy"": [[510, 220], [530, 210], [550, 230], [545, 250], [525, 260], [505, 240]]}, {""poligono_xy"": [[460, 285], [480, 280], [500, 300], [495, 320], [475, 325], [455, 310]]}, {""poligono_xy"": [[750, 290], [770, 285], [790, 305], [785, 325], [765, 330], [745, 315]]}, {""poligono_xy"": [[700, 75], [720, 70], [740, 90], [735, 110], [715, 115], [695, 95]]}, {""poligono_xy"": [[640, 165], [660, 160], [680, 180], [675, 200], [655, 205], [635, 190]]}, {""poligono_xy"": [[810, 180], [830, 170], [850, 190], [845, 210], [825, 215], [805, 195]]}, {""poligono_xy"": [[660, 270], [680, 260], [700, 280], [695, 300], [675, 305], [655, 285]]}]",Imagem de microscopia de campo claro com células de formato aproximadamente circular. Baixo contraste e presença de artefatos. Possível cultura celular com algumas células em diferentes planos focais.
2022_03_21_11_03_08_92.bmp,C:\Users\sthem\OneDrive\Documentos\GitHub\master-2025\7-gemini\train\2022_03_21_11_03_08_92.bmp,"[{""poligono_xy"": [[170, 15], [185, 5], [205, 10], [215, 25], [210, 40], [190, 45], [170, 35]]}, {""poligono_xy"": [[25, 75], [45, 55], [65, 60], [75, 85], [60, 105], [40, 100], [20, 90]]}, {""poligono_xy"": [[100, 120], [125, 110], [150, 120], [160, 145], [145, 165], [115, 160], [95, 140]]}, {""poligono_xy"": [[240, 135], [260, 120], [285, 130], [295, 150], [285, 170], [260, 175], [240, 160]]}, {""poligono_xy"": [[355, 165], [375, 150], [400, 160], [410, 180], [395, 200], [370, 195], [350, 180]]}, {""poligono_xy"": [[45, 205], [60, 185], [80, 195], [95, 215], [85, 240], [60, 235], [40, 215]]}, {""poligono_xy"": [[155, 220], [175, 200], [200, 210], [215, 235], [200, 255], [170, 250], [150, 235]]}, {""poligono_xy"": [[280, 255], [300, 240], [325, 255], [340, 275], [320, 295], [295, 290], [275, 270]]}, {""poligono_xy"": [[450, 280], [470, 260], [495, 275], [510, 295], [495, 315], [470, 310], [450, 290]]}, {""poligono_xy"": [[75, 320], [95, 300], [120, 315], [135, 340], [115, 360], [90, 350], [70, 330]]}, {""poligono_xy"": [[190, 350], [210, 330], [240, 345], [255, 370], [235, 390], [205, 380], [185, 360]]}, {""poligono_xy"": [[355, 390], [380, 370], [405, 385], [420, 410], [400, 430], [370, 420], [350, 400]]}, {""poligono_xy"": [[480, 410], [500, 390], [525, 405], [540, 430], [520, 450], [495, 440], [475, 425]]}]",Imagem de microscopia de campo claro com células de formato aproximadamente circular. Baixo contraste e alguns artefatos presentes.
2022_03_21_11_03_09_01.bmp,C:\Users\sthem\OneDrive\Documentos\GitHub\master-2025\7-gemini\train\2022_03_21_11_03_09_01.bmp,"[{""poligono_xy"": [[145, 155], [175, 145], [190, 160], [180, 180], [150, 190], [130, 175]]}, {""poligono_xy"": [[250, 50], [270, 45], [285, 60], [280, 75], [260, 80], [240, 65]]}, {""poligono_xy"": [[155, 280], [180, 270], [195, 290], [185, 310], [160, 315], [140, 295]]}, {""poligono_xy"": [[280, 220], [300, 210], [315, 230], [310, 250], [290, 255], [275, 235]]}, {""poligono_xy"": [[355, 155], [380, 150], [395, 170], [385, 190], [365, 190], [350, 170]]}, {""poligono_xy"": [[450, 280], [470, 270], [490, 290], [485, 310], [465, 315], [450, 300]]}, {""poligono_xy"": [[550, 80], [575, 70], [590, 90], [580, 110], [555, 115], [540, 95]]}, {""poligono_xy"": [[620, 200], [640, 190], [660, 210], [655, 230], [635, 235], [620, 215]]}, {""poligono_xy"": [[100, 80], [125, 65], [140, 85], [130, 105], [105, 100], [90, 85]]}, {""poligono_xy"": [[220, 150], [240, 140], [255, 155], [250, 175], [230, 180], [210, 165]]}, {""poligono_xy"": [[40, 220], [60, 210], [75, 230], [70, 250], [50, 255], [35, 235]]}, {""poligono_xy"": [[510, 160], [530, 150], [545, 170], [540, 190], [520, 195], [505, 175]]}, {""poligono_xy"": [[80, 380], [100, 370], [115, 390], [110, 410], [90, 415], [75, 395]]}, {""poligono_xy"": [[240, 320], [260, 310], [275, 330], [270, 350], [250, 355], [235, 335]]}, {""poligono_xy"": [[380, 380], [400, 370], [415, 390], [410, 410], [390, 415], [375, 395]]}, {""poligono_xy"": [[550, 350], [570, 340], [585, 360], [580, 380], [560, 385], [545, 365]]}]",Imagem de microscopia de campo claro com células de formato irregular e baixo contraste. Possível presença de artefatos e detritos. A imagem apresenta um fundo cinza relativamente uniforme.
2022_03_21_11_03_09_09.bmp,C:\Users\sthem\OneDrive\Documentos\GitHub\master-2025\7-gemini\train\2022_03_21_11_03_09_09.bmp,"[{""poligono_xy"": [[125, 155], [140, 140], [155, 145], [165, 160], [160, 175], [145, 175]]}, {""poligono_xy"": [[25, 35], [40, 25], [50, 30], [55, 45], [45, 55], [30, 50]]}, {""poligono_xy"": [[15, 170], [30, 160], [40, 165], [45, 180], [35, 190], [20, 185]]}, {""poligono_xy"": [[220, 15], [240, 5], [255, 10], [260, 25], [250, 35], [230, 30]]}, {""poligono_xy"": [[210, 220], [225, 205], [240, 210], [250, 225], [240, 240], [225, 235]]}, {""poligono_xy"": [[450, 50], [465, 35], [480, 40], [490, 55], [480, 70], [460, 65]]}, {""poligono_xy"": [[500, 220], [515, 205], [530, 215], [540, 230], [530, 245], [510, 240]]}, {""poligono_xy"": [[620, 50], [630, 35], [645, 40], [655, 55], [650, 70], [635, 65]]}, {""poligono_xy"": [[700, 180], [715, 165], [730, 170], [740, 185], [730, 200], [715, 195]]}, {""poligono_xy"": [[850, 220], [865, 205], [880, 210], [890, 225], [880, 240], [865, 235]]}, {""poligono_xy"": [[880, 45], [895, 30], [910, 35], [920, 50], [910, 65], [895, 60]]}, {""poligono_xy"": [[45, 400], [60, 385], [75, 390], [85, 405], [75, 420], [60, 415]]}, {""poligono_xy"": [[180, 450], [195, 435], [210, 440], [220, 455], [210, 470], [195, 465]]}, {""poligono_xy"": [[450, 480], [465, 465], [480, 470], [490, 485], [480, 500], [460, 495]]}, {""poligono_xy"": [[620, 500], [635, 485], [650, 490], [660, 505], [650, 520], [635, 515]]}, {""poligono_xy"": [[780, 420], [795, 405], [810, 410], [820, 425], [810, 440], [795, 435]]}, {""poligono_xy"": [[880, 500], [895, 485], [910, 490], [920, 505], [910, 520], [895, 515]]}]","Imagem de microscopia de campo claro com células de formato variado, possivelmente leveduras ou bactérias, com baixo contraste e algumas fora de foco. A imagem apresenta ruído de fundo e alguns detritos."
2022_03_21_11_03_09_17.bmp,C:\Users\sthem\OneDrive\Documentos\GitHub\master-2025\7-gemini\train\2022_03_21_11_03_09_17.bmp,"[{""poligono_xy"": [[280, 370], [300, 360], [315, 365], [320, 380], [305, 390], [285, 385]]}, {""poligono_xy"": [[400, 450], [420, 440], [440, 445], [450, 465], [440, 480], [420, 475], [405, 470]]}, {""poligono_xy"": [[500, 200], [520, 190], [535, 195], [540, 210], [525, 220], [505, 215]]}, {""poligono_xy"": [[600, 80], [615, 70], [630, 75], [640, 90], [630, 105], [610, 100]]}, {""poligono_xy"": [[700, 280], [715, 270], [730, 275], [740, 290], [730, 305], [710, 300]]}, {""poligono_xy"": [[800, 600], [820, 590], [835, 595], [845, 615], [830, 630], [810, 620]]}, {""poligono_xy"": [[150, 50], [170, 40], [180, 50], [180, 70], [160, 80], [140, 70]]}, {""poligono_xy"": [[250, 150], [270, 140], [290, 150], [290, 170], [270, 180], [250, 170]]}, {""poligono_xy"": [[350, 250], [370, 240], [390, 250], [390, 270], [370, 280], [350, 270]]}, {""poligono_xy"": [[450, 550], [470, 540], [490, 550], [490, 570], [470, 580], [450, 570]]}, {""poligono_xy"": [[550, 650], [570, 640], [590, 650], [590, 670], [570, 680], [550, 670]]}, {""poligono_xy"": [[650, 750], [670, 740], [690, 750], [690, 770], [670, 780], [650, 770]]}, {""poligono_xy"": [[200, 280], [220, 270], [240, 280], [240, 300], [220, 310], [200, 300]]}, {""poligono_xy"": [[70, 400], [90, 390], [110, 400], [110, 420], [90, 430], [70, 420]]}, {""poligono_xy"": [[580, 230], [595, 220], [610, 230], [610, 250], [595, 260], [580, 250]]}]","Imagem de microscopia de campo claro com células de formato variado, possivelmente leveduras ou bactérias, com baixo contraste e alguma sobreposição. A imagem apresenta ruído de fundo e alguns detritos."
2022_03_21_11_03_09_35.bmp,C:\Users\sthem\OneDrive\Documentos\GitHub\master-2025\7-gemini\train\2022_03_21_11_03_09_35.bmp,"[{""poligono_xy"": [[47, 110], [70, 100], [90, 108], [88, 128], [65, 138], [48, 128]]}, {""poligono_xy"": [[118, 50], [140, 42], [155, 50], [150, 70], [125, 78], [110, 70]]}, {""poligono_xy"": [[25, 205], [45, 195], [65, 205], [60, 225], [40, 235], [25, 225]]}, {""poligono_xy"": [[120, 190], [140, 180], [160, 190], [155, 210], [135, 220], [120, 210]]}, {""poligono_xy"": [[280, 50], [300, 40], [315, 50], [310, 70], [290, 80], [275, 70]]}, {""poligono_xy"": [[355, 100], [375, 90], [390, 100], [385, 120], [365, 130], [350, 120]]}, {""poligono_xy"": [[480, 20], [500, 10], [515, 20], [510, 40], [490, 50], [475, 40]]}, {""poligono_xy"": [[420, 190], [440, 180], [460, 190], [455, 210], [435, 220], [420, 210]]}, {""poligono_xy"": [[500, 220], [520, 210], [535, 220], [530, 240], [510, 250], [495, 240]]}, {""poligono_xy"": [[250, 450], [270, 440], [285, 450], [280, 470], [260, 480], [245, 470]]}, {""poligono_xy"": [[380, 480], [400, 470], [415, 480], [410, 500], [390, 510], [375, 500]]}, {""poligono_xy"": [[500, 490], [520, 480], [535, 490], [530, 510], [510, 520], [495, 510]]}]","Imagem de microscopia de campo claro com células de formato variado, possivelmente leveduras ou bactérias, com baixo contraste e alguma sobreposição. A imagem apresenta ruído de fundo e alguns detritos."
2022_03_21_11_03_09_43.bmp,C:\Users\sthem\OneDrive\Documentos\GitHub\master-2025\7-gemini\train\2022_03_21_11_03_09_43.bmp,"[{""poligono_xy"": [[52, 22], [68, 14], [82, 18], [88, 30], [78, 42], [60, 40]]}, {""poligono_xy"": [[210, 220], [228, 210], [242, 218], [250, 234], [240, 250], [220, 246]]}, {""poligono_xy"": [[350, 100], [365, 90], [380, 95], [390, 110], [380, 125], [360, 120]]}, {""poligono_xy"": [[480, 280], [495, 270], [515, 280], [525, 300], [510, 315], [485, 310]]}, {""poligono_xy"": [[600, 50], [615, 40], [630, 45], [640, 60], [630, 75], [610, 70]]}, {""poligono_xy"": [[705, 200], [720, 190], [740, 200], [750, 220], [735, 235], [710, 225]]}, {""poligono_xy"": [[800, 350], [820, 340], [840, 350], [850, 370], [830, 390], [805, 380]]}, {""poligono_xy"": [[90, 380], [110, 370], [125, 380], [130, 400], [115, 415], [95, 405]]}, {""poligono_xy"": [[280, 20], [295, 15], [310, 25], [315, 40], [300, 50], [285, 40]]}, {""poligono_xy"": [[780, 80], [795, 70], [810, 75], [820, 90], [810, 105], [785, 100]]}]","Imagem de microscopia de campo claro com células de formato variado, possivelmente leveduras ou bactérias, com baixo contraste e algumas sobreposições. A imagem apresenta ruído de fundo e alguns detritos."
2022_03_21_11_03_09_51.bmp,C:\Users\sthem\OneDrive\Documentos\GitHub\master-2025\7-gemini\train\2022_03_21_11_03_09_51.bmp,"[{""poligono_xy"": [[170, 250], [190, 250], [195, 270], [190, 290], [170, 290], [165, 270]]}, {""poligono_xy"": [[280, 40], [300, 35], [310, 45], [315, 65], [305, 75], [290, 70], [280, 60]]}, {""poligono_xy"": [[400, 450], [420, 450], [425, 470], [420, 485], [400, 485], [395, 470]]}, {""poligono_xy"": [[500, 230], [520, 225], [530, 240], [530, 260], [520, 270], [500, 265]]}, {""poligono_xy"": [[590, 550], [610, 550], [615, 570], [610, 590], [590, 590], [585, 570]]}, {""poligono_xy"": [[700, 100], [720, 95], [730, 110], [730, 130], [720, 140], [700, 135]]}, {""poligono_xy"": [[800, 400], [820, 400], [825, 420], [820, 440], [800, 440], [795, 420]]}, {""poligono_xy"": [[880, 600], [900, 600], [905, 620], [900, 640], [880, 640], [875, 620]]}, {""poligono_xy"": [[250, 580], [270, 580], [275, 600], [270, 615], [250, 615], [245, 600]]}, {""poligono_xy"": [[650, 280], [670, 280], [675, 300], [670, 315], [650, 315], [645, 300]]}, {""poligono_xy"": [[380, 120], [400, 120], [405, 140], [400, 155], [380, 155], [375, 140]]}, {""poligono_xy"": [[750, 520], [770, 520], [775, 540], [770, 555], [750, 555], [745, 540]]}]","Imagem de microscopia de campo claro com células esféricas de baixo contraste em um fundo com ruído. A imagem sugere a presença de artefatos e debris, dificultando a segmentação precisa."
2022_03_21_11_03_09_60.bmp,C:\Users\sthem\OneDrive\Documentos\GitHub\master-2025\7-gemini\train\2022_03_21_11_03_09_60.bmp,"[{""poligono_xy"": [[92, 130], [112, 110], [138, 118], [148, 144], [130, 164], [104, 156]]}, {""poligono_xy"": [[364, 368], [384, 352], [408, 360], [416, 388], [398, 408], [372, 396]]}, {""poligono_xy"": [[600, 604], [620, 588], [644, 596], [652, 620], [634, 636], [608, 624]]}, {""poligono_xy"": [[180, 220], [192, 200], [210, 204], [220, 224], [208, 240], [188, 232]]}, {""poligono_xy"": [[28, 384], [44, 368], [68, 376], [76, 400], [60, 416], [36, 404]]}, {""poligono_xy"": [[172, 448], [196, 436], [224, 452], [236, 480], [212, 500], [180, 484]]}, {""poligono_xy"": [[52, 552], [72, 536], [96, 548], [108, 576], [88, 596], [64, 580]]}, {""poligono_xy"": [[880, 904], [900, 888], [924, 896], [932, 920], [914, 936], [888, 924]]}, {""poligono_xy"": [[200, 700], [216, 680], [236, 688], [248, 712], [232, 732], [208, 720]]}, {""poligono_xy"": [[704, 208], [724, 192], [752, 208], [764, 236], [740, 256], [712, 240]]}, {""poligono_xy"": [[584, 304], [604, 280], [632, 292], [648, 320], [624, 344], [596, 328]]}]","Imagem de microscopia de campo claro com células de formato variado, possivelmente leveduras ou bactérias, com baixo contraste e algumas sobreposições. A qualidade da imagem é razoável, mas a presença de artefatos e o baixo contraste dificultam a segmentação precisa."
2022_03_21_11_03_09_68.bmp,C:\Users\sthem\OneDrive\Documentos\GitHub\master-2025\7-gemini\train\2022_03_21_11_03_09_68.bmp,"[{""poligono_xy"": [[135, 155], [155, 150], [165, 155], [170, 170], [160, 180], [140, 180], [130, 170]]}, {""poligono_xy"": [[220, 60], [240, 60], [245, 75], [240, 85], [220, 85], [215, 75]]}, {""poligono_xy"": [[150, 520], [170, 515], [185, 525], [190, 545], [175, 560], [150, 555], [140, 540]]}, {""poligono_xy"": [[250, 270], [270, 270], [280, 290], [275, 305], [255, 305], [245, 290]]}, {""poligono_xy"": [[355, 500], [375, 495], [390, 505], [400, 525], [385, 540], [360, 535], [350, 520]]}, {""poligono_xy"": [[450, 150], [470, 145], [480, 155], [485, 170], [475, 185], [455, 180], [445, 165]]}, {""poligono_xy"": [[500, 400], [515, 395], [525, 400], [530, 415], [520, 425], [505, 420], [495, 410]]}, {""poligono_xy"": [[290, 40], [305, 45], [315, 60], [310, 70], [295, 70], [285, 60]]}, {""poligono_xy"": [[580, 230], [600, 230], [610, 250], [605, 265], [585, 260], [575, 245]]}, {""poligono_xy"": [[350, 350], [365, 345], [380, 350], [385, 365], [375, 375], [360, 370], [350, 360]]}, {""poligono_xy"": [[420, 580], [440, 575], [455, 585], [460, 600], [445, 610], [425, 605], [415, 590]]}, {""poligono_xy"": [[200, 410], [220, 410], [230, 425], [225, 440], [205, 435], [195, 425]]}, {""poligono_xy"": [[50, 600], [70, 595], [85, 605], [90, 620], [75, 630], [55, 625], [45, 615]]}]","Imagem de microscopia de campo claro com múltiplas células de formato variado, possivelmente leveduras ou bactérias, com baixo contraste e algumas fora de foco. Presença de ruído e artefatos pontuais."
2022_03_21_11_03_09_85.bmp,C:\Users\sthem\OneDrive\Documentos\GitHub\master-2025\7-gemini\train\2022_03_21_11_03_09_85.bmp,"[{""poligono_xy"": [[180, 220], [195, 205], [215, 205], [230, 220], [230, 240], [215, 255], [195, 255], [180, 240]]}, {""poligono_xy"": [[355, 380], [370, 370], [390, 370], [405, 385], [405, 405], [390, 420], [370, 420], [355, 405]]}, {""poligono_xy"": [[450, 455], [465, 445], [480, 440], [495, 450], [495, 470], [480, 480], [465, 475], [450, 470]]}, {""poligono_xy"": [[365, 480], [380, 470], [400, 470], [415, 480], [415, 500], [400, 510], [380, 510], [365, 500]]}, {""poligono_xy"": [[590, 550], [610, 540], [630, 540], [650, 555], [650, 575], [630, 590], [610, 590], [590, 575]]}, {""poligono_xy"": [[705, 200], [720, 190], [740, 190], [755, 205], [755, 225], [740, 240], [720, 240], [705, 225]]}, {""poligono_xy"": [[200, 380], [220, 370], [240, 370], [260, 385], [260, 405], [240, 420], [220, 420], [200, 405]]}, {""poligono_xy"": [[455, 340], [475, 330], [495, 330], [515, 345], [515, 365], [495, 380], [475, 380], [455, 365]]}, {""poligono_xy"": [[300, 450], [320, 440], [340, 440], [360, 455], [360, 475], [340, 490], [320, 490], [300, 475]]}, {""poligono_xy"": [[700, 700], [720, 690], [740, 690], [760, 705], [760, 725], [740, 740], [720, 740], [700, 725]]}, {""poligono_xy"": [[80, 680], [100, 670], [120, 670], [140, 685], [140, 705], [120, 720], [100, 720], [80, 705]]}, {""poligono_xy"": [[80, 100], [100, 90], [120, 90], [140, 105], [140, 125], [120, 140], [100, 140], [80, 125]]}, {""poligono_xy"": [[260, 100], [280, 90], [300, 90], [320, 105], [320, 125], [300, 140], [280, 140], [260, 125]]}, {""poligono_xy"": [[580, 100], [600, 90], [620, 90], [640, 105], [640, 125], [620, 140], [600, 140], [580, 125]]}, {""poligono_xy"": [[850, 100], [870, 90], [890, 90], [910, 105], [910, 125], [890, 140], [870, 140], [850, 125]]}]",Imagem de microscopia de campo claro com células de formato aproximadamente circular. Baixo contraste e presença de artefatos. Possível cultura celular com algumas células em diferentes estágios do ciclo celular.
2022_03_21_11_03_09_93.bmp,C:\Users\sthem\OneDrive\Documentos\GitHub\master-2025\7-gemini\train\2022_03_21_11_03_09_93.bmp,"[{""poligono_xy"": [[92, 88], [112, 82], [125, 92], [120, 108], [100, 115], [85, 105]]}, {""poligono_xy"": [[105, 230], [130, 225], [145, 240], [145, 260], [125, 270], [100, 260]]}, {""poligono_xy"": [[240, 450], [260, 445], [275, 460], [275, 480], [260, 495], [235, 485]]}, {""poligono_xy"": [[380, 330], [400, 320], [415, 335], [410, 355], [390, 365], [370, 350]]}, {""poligono_xy"": [[450, 80], [470, 75], [490, 90], [485, 110], [460, 115], [440, 100]]}, {""poligono_xy"": [[500, 240], [525, 230], [545, 250], [540, 270], [515, 280], [495, 265]]}, {""poligono_xy"": [[600, 700], [625, 690], [645, 710], [640, 735], [615, 745], [590, 730]]}, {""poligono_xy"": [[705, 50], [730, 45], [750, 60], [745, 80], [720, 90], [700, 75]]}, {""poligono_xy"": [[780, 680], [800, 670], [815, 685], [810, 705], [790, 715], [775, 700]]}, {""poligono_xy"": [[850, 850], [870, 840], [890, 860], [885, 885], [865, 895], [845, 880]]}]","Imagem de microscopia de campo claro com múltiplas células esféricas, possivelmente leveduras ou células em suspensão, com baixo contraste e alguns detritos no fundo. A imagem apresenta um nível de ruído moderado."
2022_03_21_11_03_10_01.bmp,C:\Users\sthem\OneDrive\Documentos\GitHub\master-2025\7-gemini\train\2022_03_21_11_03_10_01.bmp,"[{""poligono_xy"": [[77, 85], [95, 70], [110, 70], [120, 85], [110, 100], [95, 100]]}, {""poligono_xy"": [[55, 540], [75, 530], [90, 535], [100, 550], [85, 570], [65, 565]]}, {""poligono_xy"": [[150, 150], [170, 140], [190, 145], [205, 160], [190, 180], [170, 175]]}, {""poligono_xy"": [[280, 440], [300, 430], [320, 435], [335, 450], [320, 470], [300, 465]]}, {""poligono_xy"": [[355, 485], [380, 475], [405, 480], [420, 500], [400, 515], [375, 510]]}, {""poligono_xy"": [[340, 580], [360, 570], [380, 575], [395, 590], [380, 610], [360, 605]]}, {""poligono_xy"": [[460, 355], [480, 340], [500, 350], [510, 370], [490, 390], [470, 380]]}, {""poligono_xy"": [[580, 80], [600, 70], [620, 75], [635, 90], [620, 105], [600, 100]]}, {""poligono_xy"": [[750, 760], [770, 750], [790, 755], [805, 770], [790, 790], [770, 785]]}, {""poligono_xy"": [[820, 715], [840, 705], [860, 710], [875, 725], [860, 745], [840, 740]]}, {""poligono_xy"": [[880, 660], [900, 650], [920, 655], [935, 670], [920, 690], [900, 685]]}, {""poligono_xy"": [[20, 290], [35, 285], [45, 295], [40, 305], [25, 310]]}]",Imagem de microscopia de campo claro com células esféricas de baixo contraste em um fundo com ruído. Possível presença de debris.
2022_03_21_11_03_10_10.bmp,C:\Users\sthem\OneDrive\Documentos\GitHub\master-2025\7-gemini\train\2022_03_21_11_03_10_10.bmp,"[{""poligono_xy"": [[92, 100], [112, 90], [130, 95], [140, 110], [130, 125], [110, 125], [95, 115]]}, {""poligono_xy"": [[100, 155], [125, 145], [145, 155], [155, 175], [140, 195], [115, 190], [95, 175]]}, {""poligono_xy"": [[355, 350], [375, 340], [395, 345], [410, 365], [395, 380], [370, 380], [355, 365]]}, {""poligono_xy"": [[270, 255], [290, 250], [305, 255], [310, 270], [295, 285], [275, 280], [265, 270]]}, {""poligono_xy"": [[255, 380], [280, 370], [300, 380], [305, 400], [285, 415], [260, 410], [250, 395]]}, {""poligono_xy"": [[450, 750], [470, 740], [490, 750], [500, 770], [480, 790], [455, 785], [445, 770]]}, {""poligono_xy"": [[710, 780], [730, 770], [750, 775], [760, 795], [745, 810], [720, 805], [710, 790]]}, {""poligono_xy"": [[250, 480], [265, 470], [285, 475], [295, 495], [280, 510], [260, 505], [250, 490]]}, {""poligono_xy"": [[340, 580], [360, 570], [380, 575], [390, 595], [375, 610], [350, 605], [340, 590]]}, {""poligono_xy"": [[240, 685], [260, 675], [280, 680], [290, 700], [275, 715], [250, 710], [240, 695]]}]","Imagem de microscopia de campo claro com células de formato variado, possivelmente leveduras ou bactérias, com baixo contraste e algumas fora de foco. A imagem apresenta ruído de fundo e alguns detritos."
2022_03_21_11_03_10_18.bmp,C:\Users\sthem\OneDrive\Documentos\GitHub\master-2025\7-gemini\train\2022_03_21_11_03_10_18.bmp,"[{""poligono_xy"": [[170, 70], [190, 60], [210, 65], [220, 80], [210, 95], [190, 90], [175, 85]]}, {""poligono_xy"": [[25, 45], [45, 35], [65, 40], [75, 60], [65, 80], [45, 75], [30, 60]]}, {""poligono_xy"": [[35, 140], [50, 130], [70, 135], [80, 155], [70, 175], [50, 170], [35, 160]]}, {""poligono_xy"": [[280, 170], [300, 160], [320, 165], [330, 180], [320, 195], [300, 190], [285, 185]]}, {""poligono_xy"": [[450, 50], [470, 40], [490, 45], [500, 60], [490, 75], [470, 70], [455, 65]]}, {""poligono_xy"": [[550, 100], [570, 90], [590, 95], [600, 110], [590, 125], [570, 120], [555, 115]]}, {""poligono_xy"": [[680, 20], [700, 10], [720, 15], [730, 30], [720, 45], [700, 40], [685, 35]]}, {""poligono_xy"": [[70, 220], [90, 210], [110, 215], [120, 230], [110, 245], [90, 240], [75, 235]]}, {""poligono_xy"": [[400, 220], [420, 210], [440, 215], [450, 230], [440, 245], [420, 240], [405, 235]]}, {""poligono_xy"": [[600, 200], [620, 190], [640, 195], [650, 210], [640, 225], [620, 220], [605, 215]]}, {""poligono_xy"": [[200, 10], [220, 0], [240, 5], [250, 20], [240, 35], [220, 30], [205, 25]]}, {""poligono_xy"": [[330, 50], [350, 40], [370, 45], [380, 60], [370, 75], [350, 70], [335, 65]]}]","Imagem de microscopia de campo claro com células de formato aproximadamente circular, possivelmente hemácias, com baixo contraste e algumas sobreposições. Presença de ruído e artefatos pontuais."
2022_03_21_11_03_10_26.bmp,C:\Users\sthem\OneDrive\Documentos\GitHub\master-2025\7-gemini\train\2022_03_21_11_03_10_26.bmp,"[{""poligono_xy"": [[92, 110], [118, 102], [135, 115], [125, 132], [100, 135]]}, {""poligono_xy"": [[295, 85], [315, 75], [330, 85], [320, 100], [300, 100]]}, {""poligono_xy"": [[130, 290], [150, 285], [165, 300], [160, 315], [140, 315]]}, {""poligono_xy"": [[220, 525], [245, 515], [265, 530], [255, 550], [230, 555]]}, {""poligono_xy"": [[350, 575], [370, 565], [390, 580], [380, 600], [355, 600]]}, {""poligono_xy"": [[455, 450], [475, 440], [495, 455], [485, 475], [460, 470]]}, {""poligono_xy"": [[580, 90], [600, 80], [620, 95], [610, 115], [590, 110]]}, {""poligono_xy"": [[680, 270], [700, 260], [715, 275], [705, 295], [685, 290]]}, {""poligono_xy"": [[750, 500], [770, 490], [790, 505], [780, 525], [760, 520]]}, {""poligono_xy"": [[850, 120], [870, 110], [885, 125], [875, 145], [855, 140]]}, {""poligono_xy"": [[350, 290], [360, 280], [375, 290], [370, 305], [355, 300]]}, {""poligono_xy"": [[480, 150], [495, 140], [510, 155], [500, 170], [485, 165]]}, {""poligono_xy"": [[70, 480], [90, 470], [105, 485], [95, 505], [75, 500]]}, {""poligono_xy"": [[180, 400], [195, 390], [210, 405], [200, 420], [185, 415]]}, {""poligono_xy"": [[600, 400], [615, 390], [630, 405], [620, 420], [605, 415]]}, {""poligono_xy"": [[820, 350], [835, 340], [850, 355], [840, 370], [825, 365]]}, {""poligono_xy"": [[340, 130], [345, 120], [360, 125], [360, 140], [345, 140]]}, {""poligono_xy"": [[520, 290], [530, 285], [540, 295], [535, 305], [525, 300]]}, {""poligono_xy"": [[200, 180], [215, 170], [230, 185], [220, 200], [205, 195]]}]","Imagem de microscopia de campo claro com células de formato e contraste variáveis, possivelmente leveduras ou bactérias. A qualidade da imagem é moderada, com algum ruído de fundo."
2022_03_21_11_03_10_35.bmp,C:\Users\sthem\OneDrive\Documentos\GitHub\master-2025\7-gemini\train\2022_03_21_11_03_10_35.bmp,"[{""poligono_xy"": [[92, 110], [112, 90], [132, 90], [152, 110], [152, 130], [132, 150], [112, 150], [92, 130]]}, {""poligono_xy"": [[118, 248], [138, 228], [158, 228], [178, 248], [178, 268], [158, 288], [138, 288], [118, 268]]}, {""poligono_xy"": [[295, 405], [315, 385], [335, 385], [355, 405], [355, 425], [335, 445], [315, 445], [295, 425]]}, {""poligono_xy"": [[320, 135], [340, 115], [360, 115], [380, 135], [380, 155], [360, 175], [340, 175], [320, 155]]}, {""poligono_xy"": [[400, 320], [420, 300], [440, 300], [460, 320], [460, 340], [440, 360], [420, 360], [400, 340]]}, {""poligono_xy"": [[450, 455], [470, 435], [490, 435], [510, 455], [510, 475], [490, 495], [470, 495], [450, 475]]}, {""poligono_xy"": [[505, 205], [525, 185], [545, 185], [565, 205], [565, 225], [545, 245], [525, 245], [505, 225]]}, {""poligono_xy"": [[570, 60], [590, 40], [610, 40], [630, 60], [630, 80], [610, 100], [590, 100], [570, 80]]}, {""poligono_xy"": [[650, 380], [670, 360], [690, 360], [710, 380], [710, 400], [690, 420], [670, 420], [650, 400]]}, {""poligono_xy"": [[720, 80], [740, 60], [760, 60], [780, 80], [780, 100], [760, 120], [740, 120], [720, 100]]}, {""poligono_xy"": [[755, 260], [775, 240], [795, 240], [815, 260], [815, 280], [795, 300], [775, 300], [755, 280]]}, {""poligono_xy"": [[830, 450], [850, 430], [870, 430], [890, 450], [890, 470], [870, 490], [850, 490], [830, 470]]}]",Imagem de microscopia de campo claro com células esféricas de baixo contraste em um fundo com ruído. A imagem apresenta artefatos e algumas células estão fora de foco.
2022_03_21_11_03_10_43.bmp,C:\Users\sthem\OneDrive\Documentos\GitHub\master-2025\7-gemini\train\2022_03_21_11_03_10_43.bmp,"[{""poligono_xy"": [[24, 32], [44, 22], [60, 28], [62, 48], [46, 58], [26, 50]]}, {""poligono_xy"": [[100, 8], [122, 4], [138, 12], [142, 28], [128, 38], [108, 32]]}, {""poligono_xy"": [[224, 40], [244, 34], [260, 40], [262, 58], [246, 66], [226, 58]]}, {""poligono_xy"": [[104, 100], [124, 92], [142, 102], [148, 120], [132, 132], [110, 124]]}, {""poligono_xy"": [[344, 448], [364, 440], [380, 450], [384, 468], [368, 478], [348, 468]]}, {""poligono_xy"": [[480, 500], [500, 490], [516, 500], [520, 520], [504, 530], [484, 520]]}, {""poligono_xy"": [[584, 544], [604, 536], [620, 546], [624, 564], [608, 574], [588, 564]]}, {""poligono_xy"": [[688, 464], [708, 456], [724, 466], [728, 484], [712, 494], [692, 484]]}, {""poligono_xy"": [[768, 72], [788, 64], [804, 74], [808, 92], [792, 102], [772, 92]]}, {""poligono_xy"": [[864, 104], [884, 96], [900, 106], [904, 124], [888, 134], [868, 124]]}, {""poligono_xy"": [[330, 48], [360, 32], [398, 50], [406, 86], [372, 104], [336, 84]]}, {""poligono_xy"": [[420, 100], [448, 88], [476, 104], [484, 132], [456, 148], [424, 128]]}, {""poligono_xy"": [[544, 224], [572, 212], [600, 228], [608, 256], [580, 272], [548, 252]]}, {""poligono_xy"": [[80, 384], [108, 372], [136, 388], [144, 416], [116, 432], [84, 412]]}, {""poligono_xy"": [[184, 528], [212, 516], [240, 532], [248, 560], [220, 576], [188, 556]]}, {""poligono_xy"": [[720, 288], [748, 276], [776, 292], [784, 320], [756, 336], [724, 316]]}, {""poligono_xy"": [[48, 576], [76, 564], [104, 580], [112, 608], [84, 624], [52, 604]]}]",Imagem de microscopia de campo claro com células de formato aproximadamente circular. Baixo contraste e presença de artefatos. Possível cultura de leveduras ou células similares.
2022_03_21_11_03_10_58.bmp,C:\Users\sthem\OneDrive\Documentos\GitHub\master-2025\7-gemini\train\2022_03_21_11_03_10_58.bmp,"[{""poligono_xy"": [[92, 45], [112, 45], [112, 65], [92, 65]]}, {""poligono_xy"": [[45, 155], [65, 155], [65, 175], [45, 175]]}, {""poligono_xy"": [[215, 105], [245, 105], [245, 135], [215, 135]]}, {""poligono_xy"": [[280, 25], [300, 25], [300, 45], [280, 45]]}, {""poligono_xy"": [[365, 470], [395, 470], [395, 500], [365, 500]]}, {""poligono_xy"": [[450, 580], [480, 580], [480, 610], [450, 610]]}, {""poligono_xy"": [[530, 180], [560, 180], [560, 210], [530, 210]]}, {""poligono_xy"": [[595, 60], [625, 60], [625, 90], [595, 90]]}, {""poligono_xy"": [[655, 250], [685, 250], [685, 280], [655, 280]]}, {""poligono_xy"": [[720, 420], [750, 420], [750, 450], [720, 450]]}, {""poligono_xy"": [[780, 550], [810, 550], [810, 580], [780, 580]]}, {""poligono_xy"": [[855, 120], [885, 120], [885, 150], [855, 150]]}, {""poligono_xy"": [[910, 280], [940, 280], [940, 310], [910, 310]]}, {""poligono_xy"": [[960, 450], [990, 450], [990, 480], [960, 480]]}]","Imagem de microscopia de campo claro com múltiplas células esféricas, possivelmente leveduras, em diferentes planos focais. Baixo contraste e presença de artefatos."
2022_03_21_11_03_10_65.bmp,C:\Users\sthem\OneDrive\Documentos\GitHub\master-2025\7-gemini\train\2022_03_21_11_03_10_65.bmp,"[{""poligono_xy"": [[170, 250], [185, 235], [200, 235], [215, 250], [200, 265], [185, 265]]}, {""poligono_xy"": [[25, 45], [40, 30], [55, 30], [70, 45], [55, 60], [40, 60]]}, {""poligono_xy"": [[155, 50], [170, 40], [185, 40], [200, 50], [185, 60], [170, 60]]}, {""poligono_xy"": [[355, 30], [370, 20], [385, 20], [400, 30], [385, 40], [370, 40]]}, {""poligono_xy"": [[50, 130], [65, 115], [80, 115], [95, 130], [80, 145], [65, 145]]}, {""poligono_xy"": [[140, 360], [155, 345], [170, 345], [185, 360], [170, 375], [155, 375]]}, {""poligono_xy"": [[255, 110], [270, 95], [285, 95], [300, 110], [285, 125], [270, 125]]}, {""poligono_xy"": [[340, 120], [355, 105], [370, 105], [385, 120], [370, 135], [355, 135]]}, {""poligono_xy"": [[30, 280], [45, 265], [60, 265], [75, 280], [60, 295], [45, 295]]}, {""poligono_xy"": [[455, 50], [470, 35], [485, 35], [500, 50], [485, 65], [470, 65]]}, {""poligono_xy"": [[550, 270], [565, 255], [580, 255], [595, 270], [580, 285], [565, 285]]}, {""poligono_xy"": [[700, 80], [715, 65], [730, 65], [745, 80], [730, 95], [715, 95]]}, {""poligono_xy"": [[820, 360], [835, 345], [850, 345], [865, 360], [850, 375], [835, 375]]}, {""poligono_xy"": [[890, 120], [905, 105], [920, 105], [935, 120], [920, 135], [905, 135]]}]",Imagem de microscopia de campo claro com células esféricas de baixo contraste em um fundo com ruído. A imagem apresenta artefatos e algumas células estão fora de foco.
2022_03_21_11_03_10_71.bmp,C:\Users\sthem\OneDrive\Documentos\GitHub\master-2025\7-gemini\train\2022_03_21_11_03_10_71.bmp,[],"Imagem de microscopia de campo claro com células de formato variável, possivelmente leveduras ou bactérias, com baixo contraste e algum ruído de fundo. A imagem apresenta artefatos de foco e algumas células estão fora de foco."
2022_03_21_11_03_10_78.bmp,C:\Users\sthem\OneDrive\Documentos\GitHub\master-2025\7-gemini\train\2022_03_21_11_03_10_78.bmp,"[{""poligono_xy"": [[120, 150], [140, 150], [140, 170], [120, 170]]}, {""poligono_xy"": [[170, 190], [190, 190], [190, 215], [170, 215]]}, {""poligono_xy"": [[290, 30], [315, 30], [315, 55], [290, 55]]}, {""poligono_xy"": [[150, 290], [175, 290], [175, 315], [150, 315]]}, {""poligono_xy"": [[300, 120], [320, 120], [320, 140], [300, 140]]}, {""poligono_xy"": [[350, 50], [370, 50], [370, 70], [350, 70]]}, {""poligono_xy"": [[350, 170], [380, 170], [380, 200], [350, 200]]}, {""poligono_xy"": [[400, 280], [430, 280], [430, 310], [400, 310]]}, {""poligono_xy"": [[480, 80], [500, 80], [500, 100], [480, 100]]}, {""poligono_xy"": [[550, 20], [570, 20], [570, 40], [550, 40]]}, {""poligono_xy"": [[590, 290], [620, 290], [620, 320], [590, 320]]}, {""poligono_xy"": [[670, 150], [700, 150], [700, 180], [670, 180]]}, {""poligono_xy"": [[230, 350], [250, 350], [250, 370], [230, 370]]}, {""poligono_xy"": [[500, 350], [520, 350], [520, 370], [500, 370]]}, {""poligono_xy"": [[300, 350], [330, 350], [330, 380], [300, 380]]}]","Imagem de microscopia de campo claro com células esféricas, possivelmente leveduras ou células em suspensão, com baixo contraste e algumas fora de foco. Presença de artefatos e detritos."
2022_03_21_11_03_10_85.bmp,C:\Users\sthem\OneDrive\Documentos\GitHub\master-2025\7-gemini\train\2022_03_21_11_03_10_85.bmp,"[{""poligono_xy"": [[92, 78], [112, 68], [128, 74], [124, 92], [104, 100], [88, 90]]}, {""poligono_xy"": [[180, 158], [198, 146], [218, 158], [216, 180], [192, 188], [174, 178]]}, {""poligono_xy"": [[254, 40], [278, 32], [296, 42], [290, 60], [268, 66], [248, 54]]}, {""poligono_xy"": [[366, 434], [386, 420], [408, 438], [404, 460], [380, 470], [360, 456]]}, {""poligono_xy"": [[458, 226], [480, 214], [500, 230], [494, 250], [470, 258], [450, 246]]}, {""poligono_xy"": [[522, 586], [548, 574], [570, 590], [566, 614], [538, 624], [516, 610]]}, {""poligono_xy"": [[612, 84], [630, 70], [654, 82], [650, 102], [628, 110], [606, 98]]}, {""poligono_xy"": [[680, 488], [702, 472], [728, 490], [724, 516], [698, 528], [676, 512]]}, {""poligono_xy"": [[768, 118], [784, 104], [804, 116], [800, 138], [778, 148], [760, 134]]}, {""poligono_xy"": [[842, 540], [868, 522], [892, 542], [884, 568], [856, 580], [832, 562]]}, {""poligono_xy"": [[898, 882], [920, 868], [942, 886], [936, 910], [912, 920], [890, 904]]}, {""poligono_xy"": [[936, 254], [958, 238], [982, 256], [974, 280], [950, 288], [928, 272]]}]","Imagem de microscopia de campo claro com células de formato e contraste variáveis, possivelmente leveduras ou bactérias, em meio líquido. A imagem apresenta baixo contraste e alguns detritos."
2022_03_21_11_03_11_01.bmp,C:\Users\sthem\OneDrive\Documentos\GitHub\master-2025\7-gemini\train\2022_03_21_11_03_11_01.bmp,"[{""poligono_xy"": [[170, 100], [190, 90], [210, 95], [220, 110], [210, 125], [190, 120]]}, {""poligono_xy"": [[200, 230], [220, 220], [240, 225], [250, 240], [240, 260], [220, 255]]}, {""poligono_xy"": [[300, 300], [320, 290], [340, 295], [350, 310], [340, 330], [320, 325]]}, {""poligono_xy"": [[400, 50], [420, 40], [440, 45], [450, 60], [440, 75], [420, 70]]}, {""poligono_xy"": [[480, 280], [500, 270], [520, 275], [530, 290], [520, 305], [500, 300]]}, {""poligono_xy"": [[580, 150], [600, 140], [620, 145], [630, 160], [620, 175], [600, 170]]}, {""poligono_xy"": [[650, 350], [670, 340], [690, 345], [700, 360], [690, 375], [670, 370]]}, {""poligono_xy"": [[750, 80], [770, 70], [790, 75], [800, 90], [790, 105], [770, 100]]}, {""poligono_xy"": [[820, 200], [840, 190], [860, 195], [870, 210], [860, 225], [840, 220]]}, {""poligono_xy"": [[900, 320], [920, 310], [940, 315], [950, 330], [940, 345], [920, 340]]}, {""poligono_xy"": [[50, 300], [75, 280], [90, 290], [90, 320], [65, 330], [50, 320]]}, {""poligono_xy"": [[100, 15], [120, 5], [150, 10], [160, 30], [140, 40], [110, 35]]}, {""poligono_xy"": [[250, 20], [270, 15], [290, 15], [300, 30], [285, 40], [260, 35]]}, {""poligono_xy"": [[700, 180], [710, 160], [740, 165], [750, 190], [730, 205], [710, 200]]}, {""poligono_xy"": [[850, 20], [870, 10], [890, 15], [900, 35], [880, 45], [860, 35]]}, {""poligono_xy"": [[450, 400], [470, 390], [490, 400], [500, 420], [480, 430], [460, 420]]}]","Imagem de microscopia de campo claro com células de formato predominantemente circular e algumas alongadas, possivelmente leveduras ou bactérias. Baixo contraste e presença de artefatos."
2022_03_21_11_03_11_09.bmp,C:\Users\sthem\OneDrive\Documentos\GitHub\master-2025\7-gemini\train\2022_03_21_11_03_11_09.bmp,"[{""poligono_xy"": [[27, 35], [38, 30], [47, 32], [53, 41], [50, 51], [40, 55], [30, 51]]}, {""poligono_xy"": [[88, 20], [99, 11], [113, 12], [122, 24], [118, 37], [103, 42], [89, 37]]}, {""poligono_xy"": [[22, 100], [36, 89], [50, 93], [58, 108], [50, 121], [35, 122], [22, 113]]}, {""poligono_xy"": [[100, 100], [118, 100], [128, 115], [125, 130], [108, 132], [95, 118]]}, {""poligono_xy"": [[180, 55], [195, 45], [210, 48], [220, 60], [215, 75], [195, 78], [178, 70]]}, {""poligono_xy"": [[255, 20], [270, 15], [285, 20], [292, 35], [282, 48], [265, 45], [250, 35]]}, {""poligono_xy"": [[70, 250], [85, 240], [100, 245], [110, 260], [100, 275], [80, 275], [65, 262]]}, {""poligono_xy"": [[155, 210], [170, 200], [185, 200], [195, 215], [190, 230], [170, 235], [155, 225]]}, {""poligono_xy"": [[250, 290], [265, 280], [280, 280], [290, 295], [285, 310], [265, 310], [250, 300]]}, {""poligono_xy"": [[10, 320], [25, 310], [40, 315], [50, 330], [40, 345], [25, 340], [12, 330]]}, {""poligono_xy"": [[80, 380], [95, 370], [110, 370], [120, 385], [115, 400], [95, 400], [80, 390]]}, {""poligono_xy"": [[270, 380], [285, 370], [300, 375], [310, 390], [300, 405], [280, 405], [265, 395]]}]",Imagem de microscopia de campo claro com células esféricas de baixo contraste em um fundo heterogêneo. A imagem apresenta ruído e alguns artefatos.
2022_03_21_11_03_11_18.bmp,C:\Users\sthem\OneDrive\Documentos\GitHub\master-2025\7-gemini\train\2022_03_21_11_03_11_18.bmp,"[{""poligono_xy"": [[220, 330], [240, 330], [240, 350], [220, 350]]}, {""poligono_xy"": [[350, 280], [370, 280], [370, 300], [350, 300]]}, {""poligono_xy"": [[400, 400], [430, 400], [430, 430], [400, 430]]}, {""poligono_xy"": [[480, 300], [510, 300], [510, 330], [480, 330]]}, {""poligono_xy"": [[520, 350], [550, 350], [550, 380], [520, 380]]}, {""poligono_xy"": [[580, 90], [610, 90], [610, 120], [580, 120]]}, {""poligono_xy"": [[660, 230], [690, 230], [690, 260], [660, 260]]}, {""poligono_xy"": [[720, 30], [750, 30], [750, 60], [720, 60]]}, {""poligono_xy"": [[780, 100], [810, 100], [810, 130], [780, 130]]}, {""poligono_xy"": [[850, 250], [880, 250], [880, 280], [850, 280]]}, {""poligono_xy"": [[900, 400], [930, 400], [930, 430], [900, 430]]}, {""poligono_xy"": [[80, 450], [110, 450], [110, 480], [80, 480]]}, {""poligono_xy"": [[100, 100], [130, 100], [130, 130], [100, 130]]}, {""poligono_xy"": [[150, 200], [180, 200], [180, 230], [150, 230]]}]","Imagem de microscopia de campo claro com células esféricas, possivelmente leveduras, em baixa resolução e com baixo contraste.  A presença de artefatos e debris dificulta a segmentação precisa."
2022_03_21_11_03_11_35.bmp,C:\Users\sthem\OneDrive\Documentos\GitHub\master-2025\7-gemini\train\2022_03_21_11_03_11_35.bmp,[],Imagem de microscopia de campo claro com células de formato irregular e baixo contraste. Possível presença de detritos e artefatos.
2022_03_21_11_03_11_51.bmp,C:\Users\sthem\OneDrive\Documentos\GitHub\master-2025\7-gemini\train\2022_03_21_11_03_11_51.bmp,"[{""poligono_xy"": [[72, 76], [88, 72], [94, 82], [86, 90], [72, 88]]}, {""poligono_xy"": [[156, 16], [174, 20], [178, 34], [166, 40], [150, 34]]}, {""poligono_xy"": [[46, 148], [60, 144], [68, 160], [58, 170], [42, 162]]}, {""poligono_xy"": [[158, 152], [182, 158], [190, 178], [176, 190], [154, 178]]}, {""poligono_xy"": [[290, 300], [308, 302], [314, 318], [302, 328], [286, 320]]}, {""poligono_xy"": [[288, 406], [308, 404], [318, 420], [306, 432], [282, 426]]}, {""poligono_xy"": [[404, 72], [420, 66], [428, 80], [416, 90], [398, 82]]}, {""poligono_xy"": [[486, 226], [504, 220], [512, 238], [500, 250], [480, 240]]}, {""poligono_xy"": [[552, 548], [572, 546], [580, 564], [566, 576], [548, 566]]}, {""poligono_xy"": [[666, 702], [688, 700], [696, 720], [680, 730], [660, 720]]}, {""poligono_xy"": [[722, 380], [742, 374], [752, 392], [738, 406], [718, 396]]}, {""poligono_xy"": [[832, 60], [850, 56], [860, 72], [846, 84], [826, 76]]}, {""poligono_xy"": [[892, 784], [914, 778], [924, 798], [908, 810], [886, 800]]}, {""poligono_xy"": [[170, 670], [190, 666], [200, 686], [186, 700], [164, 690]]}, {""poligono_xy"": [[622, 278], [640, 272], [650, 290], [636, 304], [616, 294]]}, {""poligono_xy"": [[780, 180], [800, 176], [810, 196], [794, 210], [770, 200]]}]",Imagem de microscopia de campo claro com células esféricas de baixo contraste em diferentes planos focais. Possível presença de detritos e artefatos.
2022_03_21_11_03_11_60.bmp,C:\Users\sthem\OneDrive\Documentos\GitHub\master-2025\7-gemini\train\2022_03_21_11_03_11_60.bmp,"[{""poligono_xy"": [[170, 450], [185, 450], [185, 465], [170, 465]]}, {""poligono_xy"": [[255, 100], [275, 100], [275, 120], [255, 120]]}, {""poligono_xy"": [[370, 80], [390, 80], [390, 100], [370, 100]]}, {""poligono_xy"": [[230, 230], [250, 230], [250, 250], [230, 250]]}, {""poligono_xy"": [[440, 240], [460, 240], [460, 260], [440, 260]]}, {""poligono_xy"": [[580, 100], [600, 100], [600, 120], [580, 120]]}, {""poligono_xy"": [[650, 20], [670, 20], [670, 40], [650, 40]]}, {""poligono_xy"": [[720, 270], [740, 270], [740, 290], [720, 290]]}, {""poligono_xy"": [[850, 450], [870, 450], [870, 470], [850, 470]]}, {""poligono_xy"": [[920, 100], [940, 100], [940, 120], [920, 120]]}, {""poligono_xy"": [[880, 220], [900, 220], [900, 240], [880, 240]]}, {""poligono_xy"": [[50, 870], [70, 870], [70, 890], [50, 890]]}, {""poligono_xy"": [[180, 750], [200, 750], [200, 770], [180, 770]]}, {""poligono_xy"": [[280, 650], [300, 650], [300, 670], [280, 670]]}, {""poligono_xy"": [[380, 850], [400, 850], [400, 870], [380, 870]]}, {""poligono_xy"": [[500, 750], [520, 750], [520, 770], [500, 770]]}, {""poligono_xy"": [[620, 680], [640, 680], [640, 700], [620, 700]]}, {""poligono_xy"": [[750, 800], [770, 800], [770, 820], [750, 820]]}, {""poligono_xy"": [[880, 700], [900, 700], [900, 720], [880, 720]]}, {""poligono_xy"": [[950, 850], [970, 850], [970, 870], [950, 870]]}]","Imagem de microscopia de campo claro com células esféricas de baixo contraste, possivelmente leveduras ou bactérias, em meio líquido. A imagem apresenta ruído e alguns artefatos."
2022_03_21_11_03_11_68.bmp,C:\Users\sthem\OneDrive\Documentos\GitHub\master-2025\7-gemini\train\2022_03_21_11_03_11_68.bmp,"[{""poligono_xy"": [[21, 13], [33, 11], [40, 17], [38, 28], [30, 33], [18, 29]]}, {""poligono_xy"": [[85, 2], [98, 0], [108, 7], [105, 19], [94, 24], [82, 19]]}, {""poligono_xy"": [[16, 83], [28, 78], [38, 88], [37, 101], [25, 107], [12, 98]]}, {""poligono_xy"": [[75, 86], [88, 82], [99, 91], [98, 105], [85, 112], [71, 103]]}, {""poligono_xy"": [[155, 54], [170, 50], [182, 59], [180, 72], [167, 79], [152, 72]]}, {""poligono_xy"": [[198, 10], [212, 6], [224, 15], [222, 28], [209, 34], [194, 26]]}, {""poligono_xy"": [[215, 81], [229, 76], [242, 86], [240, 100], [227, 108], [211, 99]]}, {""poligono_xy"": [[280, 223], [295, 217], [308, 228], [306, 242], [292, 250], [277, 240]]}, {""poligono_xy"": [[350, 88], [365, 82], [378, 93], [376, 108], [362, 116], [347, 106]]}, {""poligono_xy"": [[390, 220], [405, 214], [418, 225], [416, 240], [403, 248], [388, 238]]}, {""poligono_xy"": [[430, 60], [443, 56], [454, 66], [452, 79], [439, 86], [426, 76]]}, {""poligono_xy"": [[310, 38], [323, 33], [334, 42], [332, 55], [319, 61], [306, 52]]}, {""poligono_xy"": [[355, 175], [367, 169], [377, 179], [375, 193], [363, 200], [350, 191]]}, {""poligono_xy"": [[450, 155], [463, 150], [475, 160], [473, 175], [460, 182], [446, 173]]}]",Imagem de microscopia de campo claro com células esféricas de baixo contraste em diferentes planos focais. Possível presença de debris e artefatos.
2022_03_21_11_03_11_77.bmp,C:\Users\sthem\OneDrive\Documentos\GitHub\master-2025\7-gemini\train\2022_03_21_11_03_11_77.bmp,"[{""poligono_xy"": [[92, 100], [112, 88], [130, 95], [135, 115], [115, 128], [95, 120]]}, {""poligono_xy"": [[28, 155], [45, 145], [60, 155], [65, 175], [50, 185], [30, 175]]}, {""poligono_xy"": [[240, 25], [255, 15], [270, 25], [275, 40], [260, 50], [245, 40]]}, {""poligono_xy"": [[220, 130], [245, 120], [270, 140], [275, 160], [255, 175], [230, 160]]}, {""poligono_xy"": [[355, 80], [370, 70], [390, 85], [395, 105], [380, 115], [360, 100]]}, {""poligono_xy"": [[480, 105], [495, 90], [515, 100], [520, 120], [500, 135], [485, 120]]}, {""poligono_xy"": [[205, 230], [225, 215], [250, 230], [260, 255], [235, 270], [210, 255]]}, {""poligono_xy"": [[330, 200], [350, 190], [370, 205], [380, 230], [360, 245], [340, 230]]}, {""poligono_xy"": [[485, 285], [505, 270], [525, 285], [530, 305], [510, 320], [490, 305]]}, {""poligono_xy"": [[560, 905], [575, 895], [590, 905], [595, 925], [580, 935], [565, 920]]}, {""poligono_xy"": [[230, 480], [240, 465], [255, 475], [260, 495], [245, 505], [235, 490]]}, {""poligono_xy"": [[100, 620], [115, 605], [135, 620], [140, 645], [120, 660], [100, 645]]}, {""poligono_xy"": [[280, 725], [300, 710], [325, 730], [335, 755], [310, 770], [285, 750]]}, {""poligono_xy"": [[450, 820], [470, 805], [495, 825], [505, 850], [480, 865], [455, 845]]}, {""poligono_xy"": [[180, 890], [200, 875], [225, 895], [235, 920], [210, 935], [185, 915]]}]","Imagem de microscopia de campo claro com células de formato variado, possivelmente leveduras ou bactérias, com baixo contraste e algumas fora de foco. A presença de debris ou artefatos é mínima."
2022_03_21_11_03_11_85.bmp,C:\Users\sthem\OneDrive\Documentos\GitHub\master-2025\7-gemini\train\2022_03_21_11_03_11_85.bmp,"[{""poligono_xy"": [[42, 45], [55, 32], [65, 38], [70, 52], [60, 65], [48, 60]]}, {""poligono_xy"": [[130, 15], [145, 5], [160, 10], [170, 25], [160, 40], [145, 35]]}, {""poligono_xy"": [[25, 140], [35, 130], [45, 135], [50, 145], [40, 155], [30, 150]]}, {""poligono_xy"": [[150, 135], [165, 120], [185, 130], [195, 150], [180, 170], [160, 160]]}, {""poligono_xy"": [[280, 40], [295, 30], [315, 35], [325, 50], [310, 60], [290, 55]]}, {""poligono_xy"": [[380, 480], [395, 465], [410, 475], [420, 495], [405, 510], [390, 500]]}, {""poligono_xy"": [[450, 100], [470, 85], [490, 95], [500, 115], [480, 130], [460, 120]]}, {""poligono_xy"": [[560, 20], [575, 5], [595, 15], [605, 35], [590, 50], [570, 40]]}, {""poligono_xy"": [[500, 280], [515, 265], [535, 275], [545, 295], [530, 310], [510, 300]]}, {""poligono_xy"": [[600, 450], [620, 430], [640, 440], [650, 460], [635, 480], [615, 470]]}, {""poligono_xy"": [[180, 270], [190, 260], [200, 265], [205, 275], [200, 285], [190, 280]]}, {""poligono_xy"": [[390, 40], [405, 25], [425, 35], [435, 55], [420, 70], [400, 60]]}, {""poligono_xy"": [[400, 200], [415, 185], [435, 195], [445, 215], [430, 230], [410, 220]]}, {""poligono_xy"": [[580, 330], [595, 315], [615, 325], [625, 345], [610, 360], [590, 350]]}, {""poligono_xy"": [[200, 410], [215, 395], [235, 405], [245, 425], [230, 440], [210, 430]]}, {""poligono_xy"": [[100, 480], [115, 465], [135, 475], [145, 495], [130, 510], [110, 500]]}]","Imagem de microscopia de campo claro com células de formato e contraste variáveis, possivelmente leveduras ou bactérias. A imagem apresenta baixo contraste e alguns detritos."
2022_03_21_11_03_11_93.bmp,C:\Users\sthem\OneDrive\Documentos\GitHub\master-2025\7-gemini\train\2022_03_21_11_03_11_93.bmp,"[{""poligono_xy"": [[32, 112], [44, 100], [52, 94], [58, 92], [64, 94], [70, 100], [78, 110], [74, 120], [66, 128], [58, 130], [50, 126], [38, 120]]}, {""poligono_xy"": [[96, 70], [110, 62], [122, 60], [134, 64], [142, 74], [138, 86], [128, 94], [116, 96], [104, 90], [98, 80]]}, {""poligono_xy"": [[28, 56], [40, 46], [54, 42], [66, 46], [76, 58], [70, 70], [60, 78], [46, 76], [34, 68]]}, {""poligono_xy"": [[110, 144], [126, 134], [140, 130], [152, 136], [160, 148], [154, 160], [142, 168], [128, 168], [116, 160]]}, {""poligono_xy"": [[700, 100], [715, 90], [730, 85], [745, 90], [755, 105], [750, 115], [735, 125], [720, 120], [705, 115]]}, {""poligono_xy"": [[840, 80], [855, 70], [870, 70], [885, 75], [895, 90], [890, 105], [875, 115], [860, 110], [845, 100]]}, {""poligono_xy"": [[780, 530], [795, 520], [810, 515], [820, 520], [830, 535], [825, 550], [810, 560], [795, 555], [785, 545]]}, {""poligono_xy"": [[900, 580], [915, 570], [930, 565], [940, 570], [950, 585], [945, 600], [930, 610], [915, 605], [905, 595]]}]","Imagem de microscopia de campo claro com células de formato variado, possivelmente leveduras ou bactérias, com baixo contraste e algumas fora de foco. A imagem apresenta ruído e alguns detritos."
2022_03_21_11_03_12_02.bmp,C:\Users\sthem\OneDrive\Documentos\GitHub\master-2025\7-gemini\train\2022_03_21_11_03_12_02.bmp,"[{""poligono_xy"": [[170, 370], [195, 370], [200, 390], [195, 405], [170, 405], [165, 390]]}, {""poligono_xy"": [[250, 100], [265, 95], [275, 105], [270, 120], [255, 125], [240, 115]]}, {""poligono_xy"": [[355, 200], [375, 195], [390, 205], [385, 225], [365, 230], [350, 220]]}, {""poligono_xy"": [[480, 340], [500, 330], [515, 340], [510, 360], [490, 370], [475, 360]]}, {""poligono_xy"": [[50, 40], [65, 30], [70, 45], [60, 60], [45, 55], [40, 40]]}, {""poligono_xy"": [[100, 150], [120, 145], [135, 160], [130, 180], [110, 185], [95, 170]]}, {""poligono_xy"": [[180, 200], [195, 190], [210, 205], [200, 225], [180, 225], [170, 215]]}, {""poligono_xy"": [[280, 400], [300, 395], [315, 410], [310, 430], [290, 435], [275, 420]]}, {""poligono_xy"": [[380, 50], [395, 40], [405, 55], [400, 70], [385, 75], [370, 60]]}, {""poligono_xy"": [[450, 180], [470, 170], [485, 185], [480, 205], [460, 210], [445, 195]]}, {""poligono_xy"": [[550, 280], [570, 270], [585, 285], [580, 305], [560, 310], [545, 295]]}, {""poligono_xy"": [[60, 500], [80, 490], [95, 505], [90, 525], [70, 530], [55, 515]]}, {""poligono_xy"": [[150, 550], [170, 540], [185, 555], [180, 575], [160, 580], [145, 565]]}, {""poligono_xy"": [[255, 260], [265, 255], [275, 260], [275, 270], [265, 275], [255, 270]]}, {""poligono_xy"": [[340, 470], [360, 460], [375, 475], [370, 495], [350, 500], [335, 485]]}, {""poligono_xy"": [[430, 550], [450, 540], [465, 555], [460, 575], [440, 580], [425, 565]]}, {""poligono_xy"": [[520, 80], [535, 70], [545, 85], [540, 100], [525, 105], [510, 90]]}, {""poligono_xy"": [[590, 450], [610, 440], [625, 455], [620, 475], [600, 480], [585, 465]]}, {""poligono_xy"": [[330, 50], [340, 40], [355, 50], [355, 65], [345, 70], [330, 60]]}]","Imagem de microscopia de campo claro com células de formato variado, possivelmente leveduras ou bactérias, com baixo contraste e algumas sobreposições. A imagem apresenta ruído de fundo e alguns detritos."
2022_03_21_11_03_12_11.bmp,C:\Users\sthem\OneDrive\Documentos\GitHub\master-2025\7-gemini\train\2022_03_21_11_03_12_11.bmp,"[{""poligono_xy"": [[170, 180], [190, 170], [210, 180], [210, 200], [190, 210], [170, 200]]}, {""poligono_xy"": [[70, 370], [90, 360], [110, 370], [110, 390], [90, 400], [70, 390]]}, {""poligono_xy"": [[360, 370], [380, 360], [400, 370], [400, 390], [380, 400], [360, 390]]}, {""poligono_xy"": [[360, 480], [390, 460], [420, 480], [420, 510], [390, 530], [360, 510]]}, {""poligono_xy"": [[480, 100], [500, 90], [520, 100], [520, 120], [500, 130], [480, 120]]}, {""poligono_xy"": [[590, 80], [620, 70], [650, 90], [650, 120], [620, 140], [590, 120]]}, {""poligono_xy"": [[700, 180], [720, 170], [740, 180], [740, 200], [720, 210], [700, 200]]}, {""poligono_xy"": [[800, 40], [830, 30], [860, 50], [860, 80], [830, 100], [800, 80]]}, {""poligono_xy"": [[880, 480], [910, 470], [940, 490], [940, 520], [910, 540], [880, 520]]}, {""poligono_xy"": [[270, 580], [300, 570], [330, 590], [330, 620], [300, 640], [270, 620]]}]","Imagem de microscopia de campo claro com múltiplas células de formato irregular, possivelmente leveduras, com baixo contraste e alguns detritos no fundo. A imagem apresenta um nível de ruído moderado."
2022_03_21_11_03_12_19.bmp,C:\Users\sthem\OneDrive\Documentos\GitHub\master-2025\7-gemini\train\2022_03_21_11_03_12_19.bmp,"[{""poligono_xy"": [[120, 135], [140, 120], [160, 125], [175, 145], [170, 165], [150, 175], [130, 160]]}, {""poligono_xy"": [[145, 280], [170, 270], [190, 285], [200, 310], [185, 330], [160, 320], [145, 305]]}, {""poligono_xy"": [[450, 480], [470, 465], [495, 475], [510, 500], [500, 520], [475, 525], [455, 505]]}, {""poligono_xy"": [[580, 880], [600, 865], [625, 880], [635, 905], [620, 920], [595, 910], [580, 895]]}, {""poligono_xy"": [[705, 855], [725, 840], [750, 850], [765, 875], [755, 895], [730, 900], [710, 880]]}, {""poligono_xy"": [[880, 680], [900, 665], [920, 675], [930, 700], [920, 715], [900, 720], [885, 700]]}, {""poligono_xy"": [[280, 60], [300, 50], [320, 60], [330, 80], [315, 95], [295, 85], [280, 75]]}, {""poligono_xy"": [[350, 80], [370, 70], [390, 80], [400, 105], [385, 120], [360, 110], [345, 95]]}, {""poligono_xy"": [[45, 850], [65, 835], [90, 850], [105, 875], [90, 900], [65, 890], [50, 870]]}, {""poligono_xy"": [[850, 280], [870, 265], [890, 275], [905, 300], [890, 320], [865, 315], [850, 295]]}, {""poligono_xy"": [[255, 400], [275, 390], [295, 405], [305, 430], [290, 445], [265, 435], [250, 420]]}, {""poligono_xy"": [[380, 380], [400, 370], [420, 380], [430, 405], [415, 420], [390, 410], [375, 395]]}, {""poligono_xy"": [[70, 580], [90, 565], [115, 580], [130, 605], [115, 625], [90, 615], [75, 595]]}, {""poligono_xy"": [[85, 70], [105, 55], [130, 65], [145, 90], [130, 110], [105, 100], [90, 85]]}]",Imagem de microscopia de campo claro com células de formato aproximadamente circular. Baixo contraste e presença de artefatos. Possível amostra de sangue com hemácias.
2022_03_21_11_03_12_27.bmp,C:\Users\sthem\OneDrive\Documentos\GitHub\master-2025\7-gemini\train\2022_03_21_11_03_12_27.bmp,"[{""poligono_xy"": [[145, 75], [160, 60], [175, 65], [185, 80], [175, 95], [160, 95], [145, 85]]}, {""poligono_xy"": [[210, 180], [230, 170], [250, 180], [255, 200], [240, 215], [220, 210], [205, 200]]}, {""poligono_xy"": [[290, 30], [310, 25], [325, 35], [330, 50], [320, 65], [300, 60], [285, 50]]}, {""poligono_xy"": [[350, 110], [370, 100], [390, 115], [400, 135], [385, 150], [365, 145], [350, 130]]}, {""poligono_xy"": [[420, 480], [440, 470], [460, 485], [470, 505], [460, 520], [440, 520], [425, 505]]}, {""poligono_xy"": [[500, 230], [515, 220], [530, 225], [540, 240], [530, 255], [515, 255], [500, 245]]}, {""poligono_xy"": [[580, 60], [600, 50], [620, 60], [630, 80], [615, 95], [595, 90], [580, 75]]}, {""poligono_xy"": [[650, 420], [670, 410], [690, 420], [700, 440], [685, 460], [665, 450], [650, 440]]}, {""poligono_xy"": [[720, 180], [740, 170], [760, 185], [770, 205], [755, 220], [735, 215], [720, 200]]}, {""poligono_xy"": [[800, 50], [815, 40], [830, 45], [840, 60], [830, 75], [815, 75], [800, 65]]}, {""poligono_xy"": [[870, 300], [890, 290], [910, 300], [920, 320], [905, 335], [885, 330], [870, 320]]}, {""poligono_xy"": [[940, 80], [955, 70], [970, 75], [980, 90], [970, 105], [955, 105], [940, 95]]}, {""poligono_xy"": [[180, 550], [190, 535], [200, 535], [210, 550], [205, 570], [190, 570], [180, 560]]}, {""poligono_xy"": [[200, 350], [220, 340], [240, 350], [250, 370], [235, 385], [215, 380], [200, 370]]}, {""poligono_xy"": [[50, 380], [70, 365], [90, 375], [100, 400], [85, 415], [65, 410], [50, 395]]}, {""poligono_xy"": [[80, 150], [100, 140], [120, 150], [130, 170], [115, 185], [95, 180], [80, 170]]}]",Imagem de microscopia de campo claro com células de formato aproximadamente circular e baixo contraste. Possível presença de artefatos e detritos.
2022_03_21_11_03_12_36.bmp,C:\Users\sthem\OneDrive\Documentos\GitHub\master-2025\7-gemini\train\2022_03_21_11_03_12_36.bmp,"[{""poligono_xy"": [[42, 45], [58, 35], [70, 40], [75, 58], [65, 70], [50, 70], [38, 60]]}, {""poligono_xy"": [[100, 50], [120, 45], [135, 55], [140, 75], [125, 85], [105, 80]]}, {""poligono_xy"": [[50, 150], [70, 140], [90, 150], [95, 170], [80, 185], [60, 180]]}, {""poligono_xy"": [[150, 120], [170, 110], [190, 120], [200, 140], [180, 160], [155, 150]]}, {""poligono_xy"": [[220, 20], [240, 15], [260, 25], [270, 45], [255, 60], [230, 50]]}, {""poligono_xy"": [[280, 150], [295, 140], [315, 155], [325, 175], [310, 190], [285, 180]]}, {""poligono_xy"": [[350, 50], [370, 40], [390, 50], [400, 70], [380, 85], [355, 75]]}, {""poligono_xy"": [[420, 100], [440, 90], [460, 105], [470, 125], [450, 140], [425, 130]]}, {""poligono_xy"": [[480, 20], [495, 10], [515, 20], [525, 40], [510, 55], [485, 45]]}, {""poligono_xy"": [[550, 160], [570, 150], [590, 165], [600, 185], [580, 200], [555, 190]]}]","Imagem de microscopia de campo claro com células de formato variável, possivelmente leveduras ou bactérias, com baixo contraste e algumas sobreposições. A imagem apresenta ruído de fundo e alguns detritos."
2022_03_21_11_03_12_44.bmp,C:\Users\sthem\OneDrive\Documentos\GitHub\master-2025\7-gemini\train\2022_03_21_11_03_12_44.bmp,"[{""poligono_xy"": [[110, 120], [130, 110], [150, 120], [150, 140], [130, 150], [110, 140]]}, {""poligono_xy"": [[230, 230], [250, 220], [270, 230], [270, 250], [250, 260], [230, 250]]}, {""poligono_xy"": [[350, 40], [370, 30], [390, 40], [390, 60], [370, 70], [350, 60]]}, {""poligono_xy"": [[450, 150], [470, 140], [490, 150], [490, 170], [470, 180], [450, 170]]}, {""poligono_xy"": [[580, 80], [600, 70], [620, 80], [620, 100], [600, 110], [580, 100]]}, {""poligono_xy"": [[700, 200], [720, 190], [740, 200], [740, 220], [720, 230], [700, 220]]}, {""poligono_xy"": [[800, 50], [820, 40], [840, 50], [840, 70], [820, 80], [800, 70]]}, {""poligono_xy"": [[900, 100], [920, 90], [940, 100], [940, 120], [920, 130], [900, 120]]}, {""poligono_xy"": [[300, 350], [330, 340], [350, 360], [340, 380], [310, 380], [290, 360]]}, {""poligono_xy"": [[480, 280], [500, 270], [520, 280], [520, 300], [500, 310], [480, 300]]}, {""poligono_xy"": [[620, 320], [650, 300], [680, 320], [680, 350], [650, 370], [620, 350]]}, {""poligono_xy"": [[780, 280], [800, 260], [820, 270], [820, 290], [800, 310], [780, 300]]}, {""poligono_xy"": [[890, 350], [910, 330], [930, 340], [930, 370], [910, 390], [890, 370]]}]","Imagem de microscopia de campo claro com células de formato aproximadamente circular, possivelmente leveduras ou células em suspensão. Baixo contraste e presença de artefatos dificultam a segmentação precisa."
2022_03_21_11_03_12_52.bmp,C:\Users\sthem\OneDrive\Documentos\GitHub\master-2025\7-gemini\train\2022_03_21_11_03_12_52.bmp,"[{""poligono_xy"": [[52, 78], [72, 62], [98, 62], [114, 78], [98, 94], [72, 94]]}, {""poligono_xy"": [[148, 148], [174, 134], [208, 138], [228, 158], [210, 180], [174, 174]]}, {""poligono_xy"": [[154, 28], [182, 20], [214, 28], [232, 48], [214, 68], [184, 62]]}, {""poligono_xy"": [[286, 400], [302, 386], [326, 390], [340, 408], [326, 424], [300, 420]]}, {""poligono_xy"": [[382, 106], [400, 88], [430, 90], [448, 110], [432, 130], [400, 126]]}, {""poligono_xy"": [[468, 248], [488, 234], [514, 240], [530, 260], [514, 278], [486, 274]]}, {""poligono_xy"": [[578, 80], [600, 66], [630, 70], [646, 90], [630, 106], [598, 104]]}, {""poligono_xy"": [[662, 396], [686, 378], [716, 384], [736, 408], [716, 430], [682, 424]]}, {""poligono_xy"": [[754, 172], [780, 156], [810, 164], [828, 186], [806, 204], [776, 196]]}, {""poligono_xy"": [[860, 56], [882, 44], [910, 50], [926, 70], [908, 88], [878, 82]]}, {""poligono_xy"": [[28, 270], [48, 254], [74, 262], [90, 282], [70, 300], [44, 292]]}, {""poligono_xy"": [[84, 404], [112, 392], [140, 400], [156, 420], [134, 438], [100, 430]]}, {""poligono_xy"": [[270, 184], [292, 166], [320, 172], [338, 194], [318, 212], [288, 204]]}, {""poligono_xy"": [[472, 42], [496, 28], [526, 34], [546, 54], [526, 72], [494, 66]]}, {""poligono_xy"": [[768, 302], [790, 288], [818, 296], [834, 316], [816, 334], [786, 326]]}, {""poligono_xy"": [[912, 262], [934, 246], [962, 254], [978, 274], [960, 292], [930, 284]]}]","Imagem de microscopia de campo claro com células de formato aproximadamente elíptico, possivelmente leveduras, com baixo contraste e algumas sobreposições. A imagem apresenta ruído de fundo e alguns detritos."
2022_03_21_11_03_12_74.bmp,C:\Users\sthem\OneDrive\Documentos\GitHub\master-2025\7-gemini\train\2022_03_21_11_03_12_74.bmp,"[{""poligono_xy"": [[92, 105], [108, 92], [120, 97], [128, 112], [117, 126], [100, 122]]}, {""poligono_xy"": [[230, 458], [247, 448], [260, 452], [267, 465], [255, 480], [237, 475]]}, {""poligono_xy"": [[280, 238], [295, 225], [312, 230], [320, 248], [308, 260], [290, 255]]}, {""poligono_xy"": [[365, 370], [380, 358], [395, 365], [402, 380], [390, 395], [372, 388]]}, {""poligono_xy"": [[410, 508], [428, 495], [445, 505], [452, 522], [435, 537], [418, 528]]}, {""poligono_xy"": [[480, 240], [495, 225], [515, 235], [525, 255], [510, 270], [485, 260]]}, {""poligono_xy"": [[555, 585], [575, 570], [590, 580], [600, 600], [580, 615], [560, 605]]}, {""poligono_xy"": [[600, 105], [615, 90], [635, 95], [645, 115], [630, 130], [610, 120]]}, {""poligono_xy"": [[680, 470], [695, 455], [715, 465], [725, 485], [710, 500], [685, 490]]}, {""poligono_xy"": [[750, 270], [770, 250], [790, 260], [800, 285], [780, 305], [755, 295]]}, {""poligono_xy"": [[880, 905], [900, 890], [920, 900], [930, 920], [910, 940], [885, 930]]}, {""poligono_xy"": [[950, 205], [970, 190], [990, 200], [1000, 220], [980, 240], [955, 230]]}]",Imagem de microscopia de campo claro com células de formato aproximadamente circular e baixo contraste. Possível presença de artefatos e detritos.
2022_03_21_11_03_12_80.bmp,C:\Users\sthem\OneDrive\Documentos\GitHub\master-2025\7-gemini\train\2022_03_21_11_03_12_80.bmp,"[{""poligono_xy"": [[170, 220], [185, 220], [190, 230], [190, 240], [180, 245], [170, 245], [165, 240], [165, 230]]}, {""poligono_xy"": [[240, 100], [260, 100], [270, 115], [270, 130], [260, 140], [240, 140], [230, 130], [230, 115]]}, {""poligono_xy"": [[350, 40], [370, 45], [380, 60], [380, 75], [365, 85], [350, 80], [340, 70], [340, 55]]}, {""poligono_xy"": [[400, 270], [420, 275], [430, 290], [430, 305], [415, 315], [400, 310], [390, 300], [390, 285]]}, {""poligono_xy"": [[480, 50], [500, 50], [510, 60], [510, 75], [500, 85], [480, 85], [470, 75], [470, 60]]}, {""poligono_xy"": [[580, 200], [600, 200], [610, 215], [610, 230], [595, 240], [580, 240], [570, 230], [570, 215]]}, {""poligono_xy"": [[650, 90], [670, 90], [680, 100], [680, 115], [670, 125], [650, 125], [640, 115], [640, 100]]}, {""poligono_xy"": [[720, 280], [740, 280], [750, 295], [750, 310], [735, 320], [720, 320], [710, 310], [710, 295]]}, {""poligono_xy"": [[800, 40], [820, 40], [830, 55], [830, 70], [815, 80], [800, 80], [790, 70], [790, 55]]}, {""poligono_xy"": [[880, 220], [900, 220], [910, 235], [910, 250], [895, 260], [880, 260], [870, 250], [870, 235]]}]","Imagem de microscopia de campo claro com múltiplas células esféricas, possivelmente leveduras, em diferentes planos focais. Baixo contraste e presença de artefatos."
2022_03_21_11_03_12_88.bmp,C:\Users\sthem\OneDrive\Documentos\GitHub\master-2025\7-gemini\train\2022_03_21_11_03_12_88.bmp,"[{""poligono_xy"": [[100, 150], [115, 145], [125, 155], [120, 170], [105, 175], [95, 165]]}, {""poligono_xy"": [[170, 280], [185, 275], [195, 285], [190, 300], [175, 305], [165, 295]]}, {""poligono_xy"": [[280, 480], [295, 475], [305, 485], [300, 500], [285, 505], [275, 495]]}, {""poligono_xy"": [[350, 100], [365, 95], [375, 105], [370, 120], [355, 125], [345, 115]]}, {""poligono_xy"": [[420, 220], [435, 215], [445, 225], [440, 240], [425, 245], [415, 235]]}, {""poligono_xy"": [[500, 350], [515, 345], [525, 355], [520, 370], [505, 375], [495, 365]]}, {""poligono_xy"": [[580, 580], [590, 570], [600, 585], [600, 600], [585, 610], [575, 600]]}, {""poligono_xy"": [[650, 80], [660, 70], [675, 85], [675, 100], [665, 110], [650, 100]]}, {""poligono_xy"": [[720, 200], [730, 190], [745, 205], [745, 220], [735, 230], [720, 220]]}, {""poligono_xy"": [[800, 420], [810, 410], [825, 425], [825, 440], [815, 450], [800, 440]]}, {""poligono_xy"": [[880, 550], [890, 540], [905, 555], [905, 570], [895, 580], [880, 570]]}]","Imagem de microscopia de campo claro com células esféricas de baixo contraste em um fundo com ruído. A imagem sugere a presença de artefatos e detritos, dificultando a segmentação precisa. Possível cultura celular com algumas células em foco."
2022_03_21_11_03_12_97.bmp,C:\Users\sthem\OneDrive\Documentos\GitHub\master-2025\7-gemini\train\2022_03_21_11_03_12_97.bmp,"[{""poligono_xy"": [[52, 45], [70, 32], [90, 35], [102, 50], [92, 68], [70, 65]]}, {""poligono_xy"": [[120, 80], [145, 70], [165, 80], [160, 100], [135, 110], [115, 95]]}, {""poligono_xy"": [[25, 140], [45, 125], [60, 130], [65, 150], [50, 165], [30, 160]]}, {""poligono_xy"": [[250, 25], [270, 15], [290, 20], [300, 35], [285, 50], [260, 45]]}, {""poligono_xy"": [[240, 140], [270, 130], [295, 145], [305, 165], [280, 180], [250, 170]]}, {""poligono_xy"": [[450, 50], [470, 40], [490, 50], [495, 70], [475, 80], [455, 70]]}, {""poligono_xy"": [[555, 5], [570, 0], [580, 5], [580, 20], [565, 25], [550, 20]]}, {""poligono_xy"": [[600, 135], [620, 125], [640, 135], [645, 155], [625, 165], [605, 155]]}, {""poligono_xy"": [[705, 180], [725, 170], [745, 180], [750, 200], [730, 210], [710, 200]]}, {""poligono_xy"": [[85, 250], [110, 240], [130, 260], [125, 280], [100, 290], [80, 275]]}, {""poligono_xy"": [[230, 270], [250, 255], [270, 260], [280, 280], [265, 295], [245, 290]]}, {""poligono_xy"": [[340, 215], [360, 200], [380, 210], [385, 230], [365, 245], [345, 235]]}, {""poligono_xy"": [[470, 285], [490, 270], [510, 280], [515, 300], [495, 315], [475, 305]]}, {""poligono_xy"": [[580, 280], [600, 265], [620, 275], [625, 295], [605, 310], [585, 300]]}, {""poligono_xy"": [[700, 290], [725, 280], [750, 295], [755, 315], [735, 330], [710, 320]]}]","Imagem de microscopia de campo claro com células de formato aproximadamente elíptico, possivelmente leveduras, com baixo contraste e variabilidade de tamanho. Presença de ruído e artefatos pontuais. A imagem aparenta estar ligeiramente desfocada."
2022_03_21_11_03_13_05.bmp,C:\Users\sthem\OneDrive\Documentos\GitHub\master-2025\7-gemini\train\2022_03_21_11_03_13_05.bmp,"[{""poligono_xy"": [[100, 50], [115, 45], [125, 55], [120, 70], [105, 75], [95, 65]]}, {""poligono_xy"": [[100, 120], [110, 115], [120, 125], [115, 140], [100, 140], [90, 130]]}, {""poligono_xy"": [[280, 340], [295, 330], [310, 340], [310, 360], [295, 365], [280, 355]]}, {""poligono_xy"": [[350, 100], [365, 95], [380, 105], [380, 120], [365, 125], [350, 115]]}, {""poligono_xy"": [[400, 490], [415, 480], [430, 490], [430, 510], [415, 520], [400, 510]]}, {""poligono_xy"": [[480, 200], [490, 190], [505, 200], [510, 215], [500, 225], [485, 220]]}, {""poligono_xy"": [[580, 50], [600, 45], [615, 60], [610, 75], [590, 85], [570, 70]]}, {""poligono_xy"": [[650, 400], [665, 390], [680, 400], [685, 420], [675, 430], [660, 420]]}, {""poligono_xy"": [[720, 100], [735, 90], [750, 105], [750, 125], [735, 135], [720, 120]]}, {""poligono_xy"": [[800, 550], [815, 540], [830, 555], [830, 575], [815, 585], [800, 570]]}]","Imagem de microscopia de campo claro com células esféricas de baixo contraste em um fundo com ruído. A imagem sugere a presença de artefatos e detritos, dificultando a segmentação precisa."
2022_03_21_11_03_13_13.bmp,C:\Users\sthem\OneDrive\Documentos\GitHub\master-2025\7-gemini\train\2022_03_21_11_03_13_13.bmp,"[{""poligono_xy"": [[92, 100], [112, 88], [128, 98], [122, 118], [100, 126], [86, 114]]}, {""poligono_xy"": [[212, 76], [234, 66], [250, 78], [248, 100], [228, 108], [208, 94]]}, {""poligono_xy"": [[28, 614], [52, 602], [70, 618], [64, 640], [42, 648], [22, 634]]}, {""poligono_xy"": [[200, 218], [218, 204], [238, 220], [234, 244], [212, 254], [192, 236]]}, {""poligono_xy"": [[328, 344], [350, 332], [372, 348], [368, 374], [344, 384], [320, 366]]}, {""poligono_xy"": [[446, 484], [472, 468], [494, 486], [490, 514], [464, 528], [440, 508]]}, {""poligono_xy"": [[588, 286], [606, 270], [628, 288], [622, 312], [598, 324], [576, 306]]}, {""poligono_xy"": [[712, 622], [738, 608], [762, 628], [756, 656], [728, 668], [704, 648]]}, {""poligono_xy"": [[834, 136], [858, 118], [882, 138], [874, 164], [848, 176], [822, 154]]}, {""poligono_xy"": [[914, 414], [940, 396], [966, 418], [958, 448], [930, 462], [904, 438]]}, {""poligono_xy"": [[484, 724], [510, 704], [536, 728], [528, 758], [500, 770], [474, 748]]}, {""poligono_xy"": [[682, 876], [710, 858], [738, 880], [730, 910], [700, 922], [670, 900]]}]","Imagem de microscopia de campo claro com células de formato aproximadamente circular e baixo contraste. A imagem apresenta ruído e alguns detritos, dificultando a segmentação precisa."
2022_03_21_11_03_13_22.bmp,C:\Users\sthem\OneDrive\Documentos\GitHub\master-2025\7-gemini\train\2022_03_21_11_03_13_22.bmp,"[{""poligono_xy"": [[52, 70], [65, 58], [80, 58], [92, 70], [80, 83], [65, 83]]}, {""poligono_xy"": [[120, 25], [135, 18], [148, 18], [160, 25], [148, 35], [135, 35]]}, {""poligono_xy"": [[195, 125], [215, 115], [235, 115], [250, 125], [235, 140], [215, 140]]}, {""poligono_xy"": [[280, 205], [295, 195], [315, 195], [330, 205], [315, 220], [295, 220]]}, {""poligono_xy"": [[365, 55], [380, 45], [395, 45], [410, 55], [395, 70], [380, 70]]}, {""poligono_xy"": [[400, 405], [415, 395], [430, 395], [445, 405], [430, 415], [415, 415]]}, {""poligono_xy"": [[470, 255], [490, 240], [510, 240], [525, 255], [510, 270], [490, 270]]}, {""poligono_xy"": [[560, 75], [575, 60], [595, 60], [610, 75], [595, 90], [575, 90]]}, {""poligono_xy"": [[630, 410], [650, 400], [670, 400], [685, 410], [670, 425], [650, 425]]}, {""poligono_xy"": [[705, 180], [720, 165], [740, 165], [755, 180], [740, 195], [720, 195]]}, {""poligono_xy"": [[780, 30], [795, 15], [815, 15], [830, 30], [815, 45], [795, 45]]}, {""poligono_xy"": [[850, 260], [870, 245], [890, 245], [905, 260], [890, 275], [870, 275]]}, {""poligono_xy"": [[250, 340], [270, 325], [290, 325], [305, 340], [290, 355], [270, 355]]}, {""poligono_xy"": [[100, 420], [120, 405], [140, 405], [155, 420], [140, 435], [120, 435]]}]","Imagem de microscopia de campo claro com células esféricas de baixo contraste, possivelmente leveduras, em meio líquido. A imagem apresenta ruído e alguns artefatos."
2022_03_21_11_03_13_30.bmp,C:\Users\sthem\OneDrive\Documentos\GitHub\master-2025\7-gemini\train\2022_03_21_11_03_13_30.bmp,"[{""poligono_xy"": [[92, 76], [108, 64], [120, 64], [132, 76], [132, 92], [118, 106], [98, 104], [86, 90]]}, {""poligono_xy"": [[230, 246], [244, 236], [260, 234], [274, 244], [278, 260], [266, 272], [248, 276], [234, 264]]}, {""poligono_xy"": [[106, 280], [122, 270], [140, 268], [154, 280], [154, 298], [138, 310], [116, 310], [102, 296]]}, {""poligono_xy"": [[380, 56], [396, 46], [416, 44], [432, 58], [430, 76], [414, 88], [392, 90], [378, 74]]}, {""poligono_xy"": [[286, 84], [304, 74], [322, 76], [336, 90], [334, 106], [316, 118], [296, 118], [280, 100]]}, {""poligono_xy"": [[568, 86], [586, 78], [606, 80], [620, 94], [618, 110], [598, 120], [574, 118], [560, 102]]}, {""poligono_xy"": [[468, 250], [486, 240], [508, 242], [526, 258], [524, 278], [504, 292], [478, 290], [462, 270]]}, {""poligono_xy"": [[664, 262], [682, 250], [704, 252], [722, 268], [718, 288], [698, 302], [674, 298], [658, 278]]}, {""poligono_xy"": [[868, 306], [888, 294], [910, 296], [928, 312], [924, 332], [902, 346], [876, 342], [860, 324]]}, {""poligono_xy"": [[886, 862], [904, 850], [924, 854], [940, 870], [936, 890], [916, 904], [892, 900], [876, 880]]}, {""poligono_xy"": [[734, 888], [750, 876], [768, 878], [782, 892], [778, 910], [758, 920], [738, 916], [724, 898]]}, {""poligono_xy"": [[404, 476], [424, 466], [446, 470], [462, 486], [458, 504], [438, 516], [414, 510], [398, 492]]}, {""poligono_xy"": [[200, 612], [218, 602], [238, 606], [254, 620], [250, 640], [230, 650], [208, 646], [194, 628]]}, {""poligono_xy"": [[54, 766], [74, 754], [96, 758], [112, 774], [108, 794], [86, 806], [64, 800], [50, 782]]}, {""poligono_xy"": [[244, 864], [260, 854], [278, 856], [292, 870], [288, 888], [268, 900], [248, 894], [234, 876]]}]",Imagem de microscopia de campo claro com células esféricas de baixo contraste em um fundo heterogêneo. A imagem apresenta ruído e alguns artefatos.
2022_03_21_11_03_13_47.bmp,C:\Users\sthem\OneDrive\Documentos\GitHub\master-2025\7-gemini\train\2022_03_21_11_03_13_47.bmp,"[{""poligono_xy"": [[280, 70], [295, 60], [310, 65], [315, 80], [305, 90], [285, 85]]}, {""poligono_xy"": [[100, 310], [115, 300], [130, 305], [140, 320], [130, 335], [110, 330]]}, {""poligono_xy"": [[360, 370], [375, 360], [390, 365], [400, 380], [390, 395], [370, 390]]}, {""poligono_xy"": [[450, 640], [465, 630], [480, 635], [490, 650], [480, 665], [460, 660]]}, {""poligono_xy"": [[650, 680], [665, 670], [680, 675], [690, 690], [680, 705], [660, 700]]}, {""poligono_xy"": [[850, 600], [865, 590], [880, 595], [890, 610], [880, 625], [860, 620]]}, {""poligono_xy"": [[120, 50], [140, 40], [160, 50], [160, 70], [140, 80], [120, 70]]}, {""poligono_xy"": [[70, 200], [90, 185], [110, 195], [115, 215], [95, 230], [75, 220]]}, {""poligono_xy"": [[200, 150], [215, 140], [230, 145], [240, 160], [230, 175], [210, 170]]}, {""poligono_xy"": [[580, 50], [600, 40], [620, 45], [630, 60], [615, 75], [590, 70]]}, {""poligono_xy"": [[750, 100], [770, 90], [790, 95], [800, 110], [785, 125], [760, 120]]}, {""poligono_xy"": [[900, 250], [920, 240], [940, 245], [950, 260], [935, 275], [910, 270]]}, {""poligono_xy"": [[500, 450], [520, 435], [540, 445], [550, 465], [530, 480], [510, 470]]}, {""poligono_xy"": [[700, 550], [720, 535], [740, 545], [750, 565], [730, 580], [710, 570]]}, {""poligono_xy"": [[850, 380], [870, 365], [890, 375], [900, 395], [880, 410], [860, 400]]}]","Imagem de microscopia de campo claro com células esféricas, possivelmente leveduras ou células em suspensão, com baixo contraste e alguns detritos no fundo. A imagem apresenta um nível de ruído moderado."
2022_03_21_11_03_13_55.bmp,C:\Users\sthem\OneDrive\Documentos\GitHub\master-2025\7-gemini\train\2022_03_21_11_03_13_55.bmp,"[{""poligono_xy"": [[28, 22], [40, 22], [40, 34], [28, 34]]}, {""poligono_xy"": [[82, 8], [98, 8], [98, 22], [82, 22]]}, {""poligono_xy"": [[18, 88], [30, 88], [30, 100], [18, 100]]}, {""poligono_xy"": [[88, 102], [108, 102], [108, 122], [88, 122]]}, {""poligono_xy"": [[158, 26], [174, 26], [174, 42], [158, 42]]}, {""poligono_xy"": [[210, 10], [228, 10], [228, 28], [210, 28]]}, {""poligono_xy"": [[284, 86], [300, 86], [300, 102], [284, 102]]}, {""poligono_xy"": [[360, 18], [376, 18], [376, 34], [360, 34]]}, {""poligono_xy"": [[450, 106], [470, 106], [470, 126], [450, 126]]}, {""poligono_xy"": [[486, 204], [502, 204], [502, 220], [486, 220]]}, {""poligono_xy"": [[280, 158], [298, 158], [298, 176], [280, 176]]}, {""poligono_xy"": [[340, 220], [360, 220], [360, 240], [340, 240]]}, {""poligono_xy"": [[130, 160], [152, 160], [152, 182], [130, 182]]}, {""poligono_xy"": [[212, 228], [232, 228], [232, 248], [212, 248]]}, {""poligono_xy"": [[164, 62], [184, 62], [184, 82], [164, 82]]}, {""poligono_xy"": [[290, 32], [310, 32], [310, 52], [290, 52]]}, {""poligono_xy"": [[416, 56], [436, 56], [436, 76], [416, 76]]}, {""poligono_xy"": [[76, 224], [96, 224], [96, 244], [76, 244]]}]",Imagem de microscopia de campo claro com células esféricas de baixo contraste em um fundo heterogêneo. A imagem apresenta ruído e alguns artefatos.
2022_03_21_11_03_13_63.bmp,C:\Users\sthem\OneDrive\Documentos\GitHub\master-2025\7-gemini\train\2022_03_21_11_03_13_63.bmp,"[{""poligono_xy"": [[280, 60], [295, 45], [310, 40], [325, 45], [335, 60], [330, 80], [315, 90], [295, 85], [280, 75]]}, {""poligono_xy"": [[45, 255], [60, 240], [80, 235], [95, 245], [105, 260], [95, 280], [75, 290], [55, 280]]}, {""poligono_xy"": [[280, 285], [295, 270], [315, 270], [330, 280], [335, 300], [320, 315], [300, 315], [285, 305]]}, {""poligono_xy"": [[450, 310], [470, 300], [490, 295], [505, 305], [515, 320], [500, 340], [480, 345], [460, 335]]}, {""poligono_xy"": [[650, 350], [670, 335], [690, 330], [710, 340], [715, 360], [700, 375], [680, 380], [660, 370]]}, {""poligono_xy"": [[140, 400], [160, 390], [180, 390], [195, 400], [200, 420], [185, 435], [165, 435], [150, 420]]}, {""poligono_xy"": [[355, 420], [375, 405], [395, 400], [410, 410], [415, 430], [400, 445], [380, 450], [360, 440]]}, {""poligono_xy"": [[580, 470], [600, 460], [620, 455], [635, 465], [645, 480], [630, 495], [610, 500], [590, 490]]}, {""poligono_xy"": [[50, 520], [70, 505], [90, 500], [105, 510], [115, 530], [100, 545], [80, 550], [60, 540]]}, {""poligono_xy"": [[250, 550], [270, 535], [290, 530], [305, 540], [310, 560], [295, 575], [275, 575], [260, 565]]}]",Imagem de microscopia de campo claro com células esféricas de baixo contraste em um fundo com ruído. A imagem apresenta artefatos e algumas células estão fora de foco.
2022_03_21_11_03_13_70.bmp,C:\Users\sthem\OneDrive\Documentos\GitHub\master-2025\7-gemini\train\2022_03_21_11_03_13_70.bmp,"[{""poligono_xy"": [[52, 56], [70, 40], [92, 43], [102, 60], [90, 75], [67, 72]]}, {""poligono_xy"": [[120, 105], [145, 90], [170, 95], [185, 115], [170, 135], [140, 130]]}, {""poligono_xy"": [[200, 50], [220, 40], [240, 45], [255, 60], [240, 75], [215, 70]]}, {""poligono_xy"": [[280, 170], [300, 160], [320, 160], [335, 175], [320, 190], [295, 190]]}, {""poligono_xy"": [[370, 450], [390, 435], [410, 440], [425, 460], [410, 475], [385, 470]]}, {""poligono_xy"": [[450, 80], [470, 70], [490, 70], [505, 90], [490, 105], [465, 100]]}, {""poligono_xy"": [[520, 200], [540, 185], [560, 190], [575, 210], [560, 225], [535, 220]]}, {""poligono_xy"": [[590, 480], [610, 465], [630, 470], [645, 490], [630, 505], [605, 500]]}, {""poligono_xy"": [[660, 80], [680, 65], [700, 70], [715, 90], [700, 105], [675, 100]]}, {""poligono_xy"": [[730, 220], [750, 205], [770, 210], [785, 230], [770, 245], [745, 240]]}, {""poligono_xy"": [[800, 45], [820, 30], [840, 35], [855, 55], [840, 70], [815, 65]]}, {""poligono_xy"": [[880, 500], [900, 485], [920, 490], [935, 510], [920, 525], [895, 520]]}]","Imagem de microscopia de campo claro com células de formato irregular, possivelmente leveduras ou bactérias, com baixo contraste e alguns detritos no fundo. A imagem apresenta um nível de ruído que dificulta a segmentação precisa."
2022_03_21_11_03_13_79.bmp,C:\Users\sthem\OneDrive\Documentos\GitHub\master-2025\7-gemini\train\2022_03_21_11_03_13_79.bmp,"[{""poligono_xy"": [[170, 355], [190, 340], [210, 340], [225, 355], [215, 370], [180, 370]]}, {""poligono_xy"": [[280, 230], [300, 220], [325, 225], [340, 240], [330, 260], [300, 260], [285, 250]]}, {""poligono_xy"": [[390, 40], [420, 30], [440, 40], [440, 60], [420, 70], [390, 60]]}, {""poligono_xy"": [[450, 450], [470, 440], [490, 440], [505, 455], [495, 470], [465, 470]]}, {""poligono_xy"": [[580, 280], [600, 270], [620, 275], [630, 290], [620, 305], [595, 305], [580, 295]]}, {""poligono_xy"": [[700, 80], [720, 70], [740, 75], [750, 90], [740, 105], [715, 100], [700, 90]]}, {""poligono_xy"": [[790, 480], [810, 470], [830, 475], [840, 490], [830, 505], [805, 500], [790, 490]]}, {""poligono_xy"": [[880, 230], [900, 220], [920, 225], [930, 240], [920, 255], [895, 250], [880, 240]]}, {""poligono_xy"": [[290, 380], [305, 365], [325, 370], [335, 385], [320, 400], [295, 395]]}, {""poligono_xy"": [[100, 500], [120, 490], [140, 495], [150, 510], [140, 525], [115, 520], [100, 510]]}, {""poligono_xy"": [[60, 180], [75, 165], [95, 170], [105, 185], [90, 200], [65, 195]]}, {""poligono_xy"": [[250, 80], [270, 70], [290, 75], [300, 90], [290, 105], [265, 100], [250, 90]]}, {""poligono_xy"": [[450, 180], [470, 170], [490, 175], [500, 190], [490, 205], [465, 200], [450, 190]]}, {""poligono_xy"": [[850, 40], [870, 30], [890, 35], [900, 50], [890, 65], [865, 60], [850, 50]]}]","Imagem de microscopia de campo claro com células de formato variado, possivelmente leveduras ou bactérias, com baixo contraste e alguma sobreposição. A imagem apresenta ruído de fundo e alguns detritos."
2022_03_21_11_03_15_30.bmp,C:\Users\sthem\OneDrive\Documentos\GitHub\master-2025\7-gemini\train\2022_03_21_11_03_15_30.bmp,"[{""poligono_xy"": [[24, 22], [38, 22], [38, 36], [24, 36]]}, {""poligono_xy"": [[88, 8], [100, 8], [100, 20], [88, 20]]}, {""poligono_xy"": [[112, 76], [128, 76], [128, 92], [112, 92]]}, {""poligono_xy"": [[184, 148], [196, 148], [196, 160], [184, 160]]}, {""poligono_xy"": [[258, 24], [274, 24], [274, 40], [258, 40]]}, {""poligono_xy"": [[286, 114], [302, 114], [302, 130], [286, 130]]}, {""poligono_xy"": [[356, 78], [370, 78], [370, 92], [356, 92]]}, {""poligono_xy"": [[396, 158], [410, 158], [410, 172], [396, 172]]}, {""poligono_xy"": [[450, 26], [464, 26], [464, 40], [450, 40]]}, {""poligono_xy"": [[486, 88], [500, 88], [500, 102], [486, 102]]}, {""poligono_xy"": [[532, 146], [548, 146], [548, 162], [532, 162]]}, {""poligono_xy"": [[572, 44], [586, 44], [586, 58], [572, 58]]}, {""poligono_xy"": [[100, 150], [120, 140], [125, 160], [105, 170]]}, {""poligono_xy"": [[250, 150], [270, 140], [275, 160], [255, 170]]}, {""poligono_xy"": [[280, 40], [300, 30], [305, 50], [285, 60]]}, {""poligono_xy"": [[420, 50], [440, 40], [445, 60], [425, 70]]}, {""poligono_xy"": [[550, 80], [570, 70], [575, 90], [555, 100]]}]","Imagem de microscopia de campo claro com células esféricas, possivelmente leveduras ou células em suspensão, com baixo contraste e alguma variação de tamanho. A imagem apresenta ruído de fundo e alguns artefatos."
2022_03_21_11_03_21_99.bmp,C:\Users\sthem\OneDrive\Documentos\GitHub\master-2025\7-gemini\train\2022_03_21_11_03_21_99.bmp,"[{""poligono_xy"": [[27, 30], [43, 30], [43, 45], [27, 45]]}, {""poligono_xy"": [[85, 5], [108, 5], [108, 28], [85, 28]]}, {""poligono_xy"": [[175, 183], [198, 183], [198, 205], [175, 205]]}, {""poligono_xy"": [[215, 285], [240, 285], [240, 310], [215, 310]]}, {""poligono_xy"": [[258, 5], [275, 5], [275, 22], [258, 22]]}, {""poligono_xy"": [[300, 300], [325, 300], [325, 325], [300, 325]]}, {""poligono_xy"": [[345, 105], [370, 105], [370, 130], [345, 130]]}, {""poligono_xy"": [[390, 20], [410, 20], [410, 40], [390, 40]]}, {""poligono_xy"": [[430, 270], [460, 270], [460, 300], [430, 300]]}, {""poligono_xy"": [[480, 85], [500, 85], [500, 105], [480, 105]]}, {""poligono_xy"": [[75, 100], [100, 100], [100, 125], [75, 125]]}, {""poligono_xy"": [[130, 20], [155, 20], [155, 45], [130, 45]]}, {""poligono_xy"": [[145, 240], [170, 240], [170, 265], [145, 265]]}, {""poligono_xy"": [[180, 20], [205, 20], [205, 45], [180, 45]]}, {""poligono_xy"": [[220, 120], [245, 120], [245, 145], [220, 145]]}, {""poligono_xy"": [[280, 180], [305, 180], [305, 205], [280, 205]]}, {""poligono_xy"": [[400, 150], [425, 150], [425, 175], [400, 175]]}, {""poligono_xy"": [[460, 20], [485, 20], [485, 45], [460, 45]]}]",Imagem de microscopia de campo claro com células esféricas de baixo contraste em diferentes planos focais. Possível presença de detritos e artefatos.
2022_03_21_11_03_23_67.bmp,C:\Users\sthem\OneDrive\Documentos\GitHub\master-2025\7-gemini\train\2022_03_21_11_03_23_67.bmp,"[{""poligono_xy"": [[105, 155], [125, 145], [140, 145], [155, 160], [150, 175], [135, 180], [115, 175]]}, {""poligono_xy"": [[220, 85], [240, 80], [260, 85], [270, 100], [260, 115], [240, 120], [220, 115]]}, {""poligono_xy"": [[290, 340], [310, 335], [325, 340], [330, 355], [320, 370], [300, 370], [285, 360]]}, {""poligono_xy"": [[360, 210], [380, 200], [400, 205], [415, 220], [410, 240], [390, 245], [370, 235]]}, {""poligono_xy"": [[450, 50], [470, 45], [490, 50], [500, 65], [490, 80], [470, 85], [455, 75]]}, {""poligono_xy"": [[580, 300], [600, 290], [620, 295], [630, 310], [620, 325], [600, 330], [580, 320]]}, {""poligono_xy"": [[690, 90], [710, 80], [730, 85], [740, 100], [730, 115], [710, 120], [690, 110]]}, {""poligono_xy"": [[780, 380], [800, 370], [815, 375], [825, 390], [815, 405], [795, 410], [775, 400]]}, {""poligono_xy"": [[880, 170], [900, 160], [920, 165], [930, 180], [920, 195], [900, 200], [880, 190]]}, {""poligono_xy"": [[340, 480], [360, 470], [380, 475], [390, 490], [380, 505], [360, 510], [345, 500]]}, {""poligono_xy"": [[500, 420], [520, 410], [540, 415], [550, 430], [540, 445], [520, 450], [505, 440]]}, {""poligono_xy"": [[660, 490], [680, 480], [700, 485], [710, 500], [700, 515], [680, 520], [665, 510]]}, {""poligono_xy"": [[820, 550], [840, 540], [860, 545], [870, 560], [860, 575], [840, 580], [825, 570]]}]","Imagem de microscopia de campo claro com células esféricas, possivelmente leveduras, em diferentes planos focais. Baixo contraste e presença de artefatos."
2022_03_21_11_03_25_34.bmp,C:\Users\sthem\OneDrive\Documentos\GitHub\master-2025\7-gemini\train\2022_03_21_11_03_25_34.bmp,"[{""poligono_xy"": [[170, 35], [195, 30], [215, 40], [215, 60], [190, 70], [165, 60]]}, {""poligono_xy"": [[50, 100], [75, 90], [100, 105], [100, 130], [75, 140], [50, 130]]}, {""poligono_xy"": [[150, 170], [175, 160], [200, 175], [200, 200], [175, 210], [150, 200]]}, {""poligono_xy"": [[450, 20], [470, 15], [490, 25], [490, 45], [470, 55], [450, 45]]}, {""poligono_xy"": [[30, 220], [50, 210], [70, 225], [70, 245], [50, 255], [30, 245]]}, {""poligono_xy"": [[450, 100], [470, 95], [490, 105], [490, 125], [470, 135], [450, 125]]}, {""poligono_xy"": [[330, 150], [350, 140], [370, 155], [370, 175], [350, 185], [330, 175]]}, {""poligono_xy"": [[50, 300], [70, 290], [90, 305], [90, 325], [70, 335], [50, 325]]}, {""poligono_xy"": [[150, 380], [170, 370], [190, 385], [190, 405], [170, 415], [150, 405]]}, {""poligono_xy"": [[580, 380], [600, 370], [620, 385], [620, 405], [600, 415], [580, 405]]}, {""poligono_xy"": [[340, 320], [360, 310], [380, 325], [380, 345], [360, 355], [340, 345]]}, {""poligono_xy"": [[170, 80], [185, 70], [205, 90], [215, 90], [210, 110], [190, 110], [170, 100]]}, {""poligono_xy"": [[330, 30], [360, 40], [370, 40], [370, 20], [350, 10], [320, 20]]}, {""poligono_xy"": [[550, 80], [580, 70], [600, 90], [600, 100], [580, 110], [560, 100]]}]",Imagem de microscopia de campo claro com células esféricas de baixo contraste em um fundo heterogêneo. A imagem apresenta ruído e alguns artefatos.
2022_03_21_11_03_27_01.bmp,C:\Users\sthem\OneDrive\Documentos\GitHub\master-2025\7-gemini\train\2022_03_21_11_03_27_01.bmp,"[{""poligono_xy"": [[130, 60], [145, 50], [160, 55], [170, 70], [165, 85], [150, 90], [135, 80]]}, {""poligono_xy"": [[200, 170], [220, 160], [240, 165], [255, 180], [250, 200], [230, 210], [210, 200]]}, {""poligono_xy"": [[290, 40], [310, 35], [330, 45], [340, 60], [330, 75], [310, 80], [295, 70]]}, {""poligono_xy"": [[400, 640], [415, 630], [430, 635], [440, 650], [435, 670], [415, 680], [400, 670]]}, {""poligono_xy"": [[490, 100], [505, 90], [520, 95], [530, 110], [525, 125], [505, 130], [490, 120]]}, {""poligono_xy"": [[580, 680], [595, 670], [610, 675], [620, 690], [615, 710], [595, 720], [580, 710]]}, {""poligono_xy"": [[680, 450], [695, 440], [710, 445], [720, 460], [715, 475], [695, 480], [680, 470]]}, {""poligono_xy"": [[750, 180], [765, 170], [780, 175], [790, 190], [785, 205], [765, 210], [750, 200]]}]",Imagem de microscopia de campo claro com células esféricas de baixo contraste em um fundo cinza. A imagem apresenta ruído e alguns artefatos. Possível presença de debris.
2022_03_21_11_03_28_69.bmp,C:\Users\sthem\OneDrive\Documentos\GitHub\master-2025\7-gemini\train\2022_03_21_11_03_28_69.bmp,"[{""poligono_xy"": [[42, 46], [58, 34], [70, 42], [66, 60], [48, 68], [32, 56]]}, {""poligono_xy"": [[144, 150], [164, 140], [182, 152], [180, 174], [160, 190], [138, 176]]}, {""poligono_xy"": [[148, 312], [170, 302], [194, 318], [196, 344], [170, 358], [144, 342]]}, {""poligono_xy"": [[212, 506], [236, 496], [260, 510], [260, 532], [234, 548], [206, 530]]}, {""poligono_xy"": [[284, 154], [306, 138], [330, 150], [330, 176], [304, 194], [278, 178]]}, {""poligono_xy"": [[300, 486], [322, 474], [344, 488], [348, 510], [326, 528], [300, 512]]}, {""poligono_xy"": [[382, 38], [400, 28], [420, 40], [418, 60], [396, 70], [374, 56]]}, {""poligono_xy"": [[398, 224], [416, 208], [440, 226], [440, 250], [418, 266], [392, 248]]}, {""poligono_xy"": [[460, 482], [486, 464], [516, 486], [520, 518], [490, 540], [458, 516]]}, {""poligono_xy"": [[532, 74], [552, 62], [574, 78], [574, 102], [550, 116], [526, 98]]}, {""poligono_xy"": [[552, 182], [574, 168], [598, 186], [598, 210], [572, 226], [546, 206]]}, {""poligono_xy"": [[650, 40], [670, 30], [696, 46], [694, 70], [668, 86], [644, 68]]}, {""poligono_xy"": [[678, 500], [702, 488], [728, 506], [730, 532], [702, 548], [674, 528]]}, {""poligono_xy"": [[730, 260], [752, 246], [776, 264], [778, 290], [750, 308], [724, 288]]}, {""poligono_xy"": [[788, 86], [810, 72], [834, 90], [836, 118], [808, 136], [782, 114]]}, {""poligono_xy"": [[868, 496], [894, 480], [922, 500], [924, 530], [892, 550], [862, 528]]}, {""poligono_xy"": [[912, 284], [936, 268], [962, 288], [966, 316], [938, 336], [908, 312]]}]","Imagem de microscopia de campo claro com células esféricas, possivelmente leveduras ou células sanguíneas, com baixo contraste e algumas sobreposições. Presença de detritos e ruído de fundo."
2022_03_21_11_03_30_36.bmp,C:\Users\sthem\OneDrive\Documentos\GitHub\master-2025\7-gemini\train\2022_03_21_11_03_30_36.bmp,"[{""poligono_xy"": [[72, 72], [88, 64], [100, 72], [96, 88], [80, 96], [64, 84]]}, {""poligono_xy"": [[44, 180], [60, 168], [76, 184], [72, 204], [52, 216], [36, 200]]}, {""poligono_xy"": [[116, 244], [136, 236], [152, 252], [148, 272], [128, 280], [108, 264]]}, {""poligono_xy"": [[204, 208], [224, 200], [240, 212], [236, 232], [216, 240], [196, 228]]}, {""poligono_xy"": [[288, 52], [308, 44], [328, 60], [320, 80], [300, 88], [280, 72]]}, {""poligono_xy"": [[368, 120], [384, 108], [400, 124], [396, 144], [376, 152], [360, 136]]}, {""poligono_xy"": [[456, 24], [476, 16], [496, 32], [488, 52], [468, 60], [448, 44]]}, {""poligono_xy"": [[532, 88], [552, 80], [572, 96], [564, 116], [544, 124], [524, 108]]}, {""poligono_xy"": [[600, 164], [620, 156], [640, 172], [632, 192], [612, 200], [592, 184]]}, {""poligono_xy"": [[684, 68], [704, 60], [724, 76], [716, 96], [696, 104], [676, 88]]}, {""poligono_xy"": [[752, 200], [772, 192], [792, 208], [784, 228], [764, 236], [744, 220]]}, {""poligono_xy"": [[828, 84], [848, 76], [868, 92], [860, 112], [840, 120], [820, 104]]}, {""poligono_xy"": [[892, 268], [912, 260], [932, 276], [924, 296], [904, 304], [884, 288]]}]",Imagem de microscopia de campo claro com células esféricas de baixo contraste em diferentes planos focais. A imagem apresenta ruído e alguns detritos.
2022_03_21_11_03_32_03.bmp,C:\Users\sthem\OneDrive\Documentos\GitHub\master-2025\7-gemini\train\2022_03_21_11_03_32_03.bmp,"[{""poligono_xy"": [[92, 45], [112, 40], [125, 50], [120, 65], [100, 70], [85, 60]]}, {""poligono_xy"": [[280, 80], [300, 75], [315, 85], [310, 100], [290, 105], [275, 95]]}, {""poligono_xy"": [[155, 120], [175, 115], [190, 125], [185, 140], [165, 145], [150, 135]]}, {""poligono_xy"": [[330, 155], [350, 150], [365, 160], [360, 175], [340, 180], [325, 170]]}, {""poligono_xy"": [[50, 200], [70, 195], [85, 205], [80, 220], [60, 225], [45, 215]]}, {""poligono_xy"": [[250, 240], [270, 235], [285, 245], [280, 260], [260, 265], [245, 255]]}, {""poligono_xy"": [[450, 280], [470, 275], [485, 285], [480, 300], [460, 305], [445, 295]]}, {""poligono_xy"": [[75, 320], [95, 315], [110, 325], [105, 340], [85, 345], [70, 335]]}, {""poligono_xy"": [[480, 380], [500, 375], [515, 385], [510, 400], [490, 405], [475, 395]]}, {""poligono_xy"": [[50, 430], [70, 425], [85, 435], [80, 450], [60, 455], [45, 445]]}, {""poligono_xy"": [[180, 480], [200, 475], [215, 485], [210, 500], [190, 505], [175, 495]]}, {""poligono_xy"": [[405, 520], [425, 515], [440, 525], [435, 540], [415, 545], [400, 535]]}]",Imagem de microscopia de campo claro com células esféricas de baixo contraste em um fundo com ruído. A imagem apresenta artefatos e algumas células estão fora de foco.
2022_03_21_11_03_33_71.bmp,C:\Users\sthem\OneDrive\Documentos\GitHub\master-2025\7-gemini\train\2022_03_21_11_03_33_71.bmp,"[{""poligono_xy"": [[105, 45], [125, 40], [135, 50], [130, 60], [115, 65], [100, 55]]}, {""poligono_xy"": [[25, 85], [40, 75], [55, 80], [50, 95], [35, 100], [20, 90]]}, {""poligono_xy"": [[155, 100], [175, 90], [190, 100], [185, 115], [165, 120], [150, 110]]}, {""poligono_xy"": [[250, 25], [270, 20], [285, 30], [280, 45], [260, 50], [245, 40]]}, {""poligono_xy"": [[320, 80], [340, 70], [355, 85], [350, 100], [330, 105], [315, 95]]}, {""poligono_xy"": [[400, 120], [420, 110], [435, 120], [430, 135], [410, 140], [395, 130]]}, {""poligono_xy"": [[480, 45], [500, 40], [515, 55], [510, 70], [490, 75], [475, 60]]}, {""poligono_xy"": [[550, 90], [570, 80], [585, 95], [580, 110], [560, 115], [545, 100]]}, {""poligono_xy"": [[110, 200], [130, 195], [145, 205], [140, 220], [120, 225], [105, 215]]}, {""poligono_xy"": [[220, 240], [240, 230], [255, 245], [250, 260], [230, 265], [215, 255]]}, {""poligono_xy"": [[340, 180], [360, 170], [375, 185], [370, 200], [350, 205], [335, 190]]}, {""poligono_xy"": [[450, 220], [470, 210], [485, 225], [480, 240], [460, 245], [445, 230]]}, {""poligono_xy"": [[520, 170], [540, 160], [555, 175], [550, 190], [530, 195], [515, 180]]}]",Imagem de microscopia de campo claro com células de formato e contraste variáveis. A imagem apresenta algum ruído de fundo e os limites celulares podem ser difusos em alguns casos.
2022_03_21_11_03_35_38.bmp,C:\Users\sthem\OneDrive\Documentos\GitHub\master-2025\7-gemini\train\2022_03_21_11_03_35_38.bmp,"[{""poligono_xy"": [[170, 105], [190, 90], [210, 90], [230, 105], [230, 130], [210, 145], [190, 145], [170, 130]]}, {""poligono_xy"": [[35, 25], [55, 15], [75, 15], [90, 25], [90, 45], [75, 60], [55, 60], [35, 45]]}, {""poligono_xy"": [[355, 15], [375, 5], [390, 5], [410, 15], [410, 35], [390, 45], [375, 45], [355, 35]]}, {""poligono_xy"": [[855, 910], [880, 895], [900, 895], [920, 910], [920, 930], [900, 945], [880, 945], [855, 930]]}, {""poligono_xy"": [[740, 815], [760, 805], [780, 805], [800, 815], [800, 835], [780, 845], [760, 845], [740, 835]]}, {""poligono_xy"": [[580, 720], [600, 710], [620, 710], [635, 720], [635, 740], [620, 750], [600, 750], [580, 740]]}, {""poligono_xy"": [[350, 620], [370, 610], [390, 610], [410, 620], [410, 640], [390, 650], [370, 650], [350, 640]]}, {""poligono_xy"": [[100, 520], [125, 505], [145, 505], [165, 520], [165, 545], [145, 560], [125, 560], [100, 545]]}, {""poligono_xy"": [[880, 415], [900, 400], [920, 400], [940, 415], [940, 435], [920, 450], [900, 450], [880, 435]]}, {""poligono_xy"": [[685, 315], [705, 300], [725, 300], [745, 315], [745, 335], [725, 350], [705, 350], [685, 335]]}, {""poligono_xy"": [[450, 215], [470, 200], [490, 200], [510, 215], [510, 235], [490, 250], [470, 250], [450, 235]]}, {""poligono_xy"": [[210, 115], [230, 100], [250, 100], [270, 115], [270, 135], [250, 150], [230, 150], [210, 135]]}]",Imagem de microscopia de campo claro com células esféricas de baixo contraste em um fundo com ruído. A imagem apresenta artefatos e algumas células estão fora de foco.
2022_03_21_11_03_37_06.bmp,C:\Users\sthem\OneDrive\Documentos\GitHub\master-2025\7-gemini\train\2022_03_21_11_03_37_06.bmp,"[{""poligono_xy"": [[24, 42], [38, 30], [52, 32], [62, 46], [54, 60], [36, 56]]}, {""poligono_xy"": [[88, 78], [108, 64], [128, 68], [140, 86], [128, 104], [102, 100]]}, {""poligono_xy"": [[250, 248], [264, 234], [282, 238], [296, 254], [284, 270], [262, 264]]}, {""poligono_xy"": [[384, 386], [400, 372], [420, 378], [436, 396], [426, 416], [400, 408]]}, {""poligono_xy"": [[488, 506], [508, 490], [532, 496], [550, 516], [536, 538], [508, 530]]}, {""poligono_xy"": [[586, 24], [606, 12], [630, 16], [646, 32], [632, 50], [600, 44]]}, {""poligono_xy"": [[704, 526], [722, 508], [746, 516], [762, 538], [748, 558], [720, 550]]}, {""poligono_xy"": [[826, 80], [848, 64], [874, 70], [890, 92], [872, 110], [842, 102]]}, {""poligono_xy"": [[914, 278], [934, 260], [956, 268], [970, 288], [954, 308], [928, 300]]}, {""poligono_xy"": [[908, 746], [926, 728], [950, 734], [968, 758], [952, 778], [924, 770]]}, {""poligono_xy"": [[888, 448], [904, 430], [924, 434], [938, 452], [924, 470], [900, 464]]}, {""poligono_xy"": [[388, 780], [408, 764], [430, 770], [446, 792], [430, 812], [404, 804]]}, {""poligono_xy"": [[268, 614], [286, 600], [306, 606], [320, 628], [306, 646], [282, 638]]}, {""poligono_xy"": [[100, 490], [118, 476], [138, 482], [150, 502], [136, 520], [112, 512]]}, {""poligono_xy"": [[144, 258], [164, 242], [186, 250], [200, 270], [182, 290], [156, 280]]}, {""poligono_xy"": [[54, 374], [72, 358], [92, 366], [104, 388], [88, 406], [66, 396]]}, {""poligono_xy"": [[732, 172], [750, 156], [772, 162], [788, 182], [774, 200], [748, 192]]}, {""poligono_xy"": [[608, 682], [628, 664], [652, 672], [668, 694], [654, 714], [626, 704]]}, {""poligono_xy"": [[480, 136], [500, 118], [524, 126], [540, 148], [522, 168], [496, 158]]}]",Imagem de microscopia de campo claro com células esféricas de baixo contraste em diferentes planos focais. Possível presença de debris.
2022_03_21_11_03_38_73.bmp,C:\Users\sthem\OneDrive\Documentos\GitHub\master-2025\7-gemini\train\2022_03_21_11_03_38_73.bmp,[],"Imagem de microscopia de campo claro com células de formato predominantemente circular/oval, possivelmente leveduras ou algum tipo de célula eucariótica em suspensão. Baixo contraste e presença de artefatos. Dificuldade moderada para segmentação devido à sobreposição e variação de intensidade."
2022_03_21_11_03_40_40.bmp,C:\Users\sthem\OneDrive\Documentos\GitHub\master-2025\7-gemini\train\2022_03_21_11_03_40_40.bmp,"[{""poligono_xy"": [[52, 222], [72, 202], [92, 197], [107, 212], [97, 232], [77, 237], [62, 232]]}, {""poligono_xy"": [[100, 125], [120, 110], [145, 110], [160, 125], [150, 145], [130, 150], [110, 140]]}, {""poligono_xy"": [[180, 50], [195, 35], [215, 35], [230, 50], [220, 70], [200, 70]]}, {""poligono_xy"": [[285, 25], [300, 15], [320, 15], [335, 25], [325, 40], [305, 45], [290, 40]]}, {""poligono_xy"": [[390, 70], [405, 55], [430, 50], [450, 65], [440, 85], [415, 90], [395, 80]]}, {""poligono_xy"": [[480, 220], [500, 205], [525, 205], [545, 225], [530, 245], [505, 245], [490, 235]]}, {""poligono_xy"": [[585, 90], [605, 75], [630, 75], [650, 95], [635, 115], [610, 115], [590, 105]]}, {""poligono_xy"": [[705, 255], [725, 240], [750, 240], [770, 260], [755, 280], [730, 285], [710, 275]]}, {""poligono_xy"": [[800, 120], [820, 100], [845, 100], [865, 120], [850, 145], [825, 150], [805, 135]]}, {""poligono_xy"": [[880, 20], [900, 5], [925, 5], [945, 25], [930, 45], [905, 45], [885, 35]]}, {""poligono_xy"": [[90, 285], [115, 265], [140, 270], [155, 290], [135, 315], [110, 310]]}, {""poligono_xy"": [[155, 185], [175, 170], [200, 175], [215, 195], [195, 215], [170, 210]]}, {""poligono_xy"": [[450, 455], [470, 435], [495, 440], [510, 460], [490, 480], [465, 475]]}, {""poligono_xy"": [[660, 285], [680, 270], [705, 275], [720, 295], [700, 315], [675, 310]]}, {""poligono_xy"": [[780, 430], [800, 410], [825, 415], [840, 435], [820, 455], [795, 450]]}, {""poligono_xy"": [[890, 360], [910, 340], [935, 345], [950, 365], [930, 385], [905, 380]]}]","Imagem de microscopia de campo claro com células esféricas de baixo contraste, possivelmente leveduras, em diferentes planos focais. Presença de ruído e artefatos."
2022_03_21_11_03_42_08.bmp,C:\Users\sthem\OneDrive\Documentos\GitHub\master-2025\7-gemini\train\2022_03_21_11_03_42_08.bmp,"[{""poligono_xy"": [[27, 77], [42, 62], [58, 58], [70, 65], [75, 82], [65, 95], [50, 98], [35, 92]]}, {""poligono_xy"": [[10, 205], [22, 195], [35, 192], [42, 200], [40, 215], [28, 225], [15, 220]]}, {""poligono_xy"": [[180, 18], [195, 5], [215, 10], [228, 22], [220, 38], [205, 45], [188, 35]]}, {""poligono_xy"": [[155, 155], [170, 142], [190, 145], [205, 160], [195, 178], [175, 180], [160, 170]]}, {""poligono_xy"": [[280, 280], [295, 268], [315, 270], [325, 285], [315, 300], [295, 305], [280, 295]]}, {""poligono_xy"": [[385, 55], [400, 45], [415, 50], [425, 65], [415, 75], [400, 78], [388, 70]]}, {""poligono_xy"": [[450, 200], [465, 190], [480, 192], [490, 205], [485, 220], [470, 225], [455, 215]]}, {""poligono_xy"": [[555, 80], [570, 70], [585, 75], [595, 90], [585, 102], [570, 105], [558, 95]]}, {""poligono_xy"": [[630, 220], [645, 210], [665, 212], [680, 225], [670, 240], [650, 245], [635, 235]]}, {""poligono_xy"": [[720, 70], [735, 60], [750, 62], [762, 75], [755, 90], [740, 95], [725, 85]]}, {""poligono_xy"": [[800, 180], [815, 165], [835, 170], [850, 185], [840, 200], [820, 205], [805, 195]]}, {""poligono_xy"": [[880, 285], [895, 270], [915, 275], [930, 290], [920, 305], [900, 310], [885, 300]]}, {""poligono_xy"": [[200, 300], [220, 290], [235, 300], [240, 315], [225, 325], [210, 320], [200, 310]]}, {""poligono_xy"": [[50, 480], [70, 465], [90, 470], [100, 485], [90, 500], [70, 505], [55, 495]]}, {""poligono_xy"": [[350, 500], [370, 485], [390, 490], [405, 505], [395, 520], [375, 525], [360, 515]]}, {""poligono_xy"": [[600, 400], [620, 385], [640, 390], [655, 405], [645, 420], [625, 425], [610, 415]]}, {""poligono_xy"": [[850, 480], [870, 465], [890, 470], [905, 485], [895, 500], [875, 505], [860, 495]]}]","Imagem de microscopia de campo claro com células esféricas, possivelmente leveduras, em baixo contraste e com alguma variação de tamanho. A imagem apresenta ruído de fundo e alguns artefatos."
2022_03_21_11_03_43_75.bmp,C:\Users\sthem\OneDrive\Documentos\GitHub\master-2025\7-gemini\train\2022_03_21_11_03_43_75.bmp,"[{""poligono_xy"": [[170, 35], [185, 25], [200, 28], [210, 40], [205, 55], [190, 58], [175, 50]]}, {""poligono_xy"": [[250, 220], [265, 210], [280, 215], [290, 230], [285, 245], [270, 250], [255, 240]]}, {""poligono_xy"": [[380, 410], [395, 400], [410, 405], [420, 420], [415, 435], [400, 440], [385, 430]]}, {""poligono_xy"": [[50, 150], [65, 140], [80, 145], [90, 160], [85, 175], [70, 180], [55, 170]]}, {""poligono_xy"": [[255, 35], [270, 25], [285, 30], [295, 45], [290, 60], [275, 65], [260, 55]]}, {""poligono_xy"": [[350, 180], [365, 170], [380, 175], [390, 190], [385, 205], [370, 210], [355, 200]]}, {""poligono_xy"": [[480, 20], [495, 10], [510, 15], [520, 30], [515, 45], [500, 50], [485, 40]]}, {""poligono_xy"": [[120, 450], [135, 440], [150, 445], [160, 460], [155, 475], [140, 480], [125, 470]]}, {""poligono_xy"": [[580, 450], [595, 440], [610, 445], [620, 460], [615, 475], [600, 480], [585, 470]]}, {""poligono_xy"": [[20, 280], [35, 270], [50, 275], [60, 290], [55, 305], [40, 310], [25, 300]]}, {""poligono_xy"": [[340, 30], [355, 20], [370, 25], [380, 40], [375, 55], [360, 60], [345, 50]]}, {""poligono_xy"": [[450, 280], [465, 270], [480, 275], [490, 290], [485, 305], [470, 310], [455, 300]]}, {""poligono_xy"": [[550, 120], [565, 110], [580, 115], [590, 130], [585, 145], [570, 150], [555, 140]]}, {""poligono_xy"": [[80, 350], [95, 340], [110, 345], [120, 360], [115, 375], [100, 380], [85, 370]]}]","Imagem de microscopia de campo claro com células de formato irregular, possivelmente leveduras ou bactérias, com baixo contraste e alguns detritos no fundo. A imagem apresenta um nível de ruído que dificulta a segmentação precisa."
2022_03_21_11_03_45_42.bmp,C:\Users\sthem\OneDrive\Documentos\GitHub\master-2025\7-gemini\train\2022_03_21_11_03_45_42.bmp,"[{""poligono_xy"": [[110, 50], [125, 45], [135, 55], [130, 65], [115, 70], [105, 60]]}, {""poligono_xy"": [[25, 135], [40, 125], [55, 135], [50, 150], [35, 160], [20, 150]]}, {""poligono_xy"": [[170, 155], [185, 150], [200, 160], [195, 175], [180, 180], [165, 170]]}, {""poligono_xy"": [[285, 20], [300, 15], [315, 25], [310, 40], [295, 45], [280, 35]]}, {""poligono_xy"": [[355, 100], [370, 95], [385, 105], [380, 120], [365, 125], [350, 115]]}, {""poligono_xy"": [[420, 205], [435, 200], [450, 210], [445, 225], [430, 230], [415, 220]]}, {""poligono_xy"": [[500, 80], [515, 75], [530, 85], [525, 100], [510, 105], [495, 95]]}, {""poligono_xy"": [[580, 185], [595, 180], [610, 190], [605, 205], [590, 210], [575, 200]]}, {""poligono_xy"": [[250, 260], [270, 250], [290, 270], [280, 290], [255, 295], [240, 275]]}, {""poligono_xy"": [[855, 265], [870, 260], [880, 270], [875, 285], [865, 290], [850, 280]]}]","Imagem de microscopia de campo claro com células esféricas, possivelmente leveduras, em baixa resolução. Baixo contraste e presença de artefatos."
2022_03_21_11_03_48_77.bmp,C:\Users\sthem\OneDrive\Documentos\GitHub\master-2025\7-gemini\train\2022_03_21_11_03_48_77.bmp,"[{""poligono_xy"": [[320, 80], [335, 65], [350, 60], [365, 65], [375, 85], [365, 100], [350, 105], [330, 100]]}, {""poligono_xy"": [[100, 330], [115, 320], [130, 320], [140, 330], [140, 345], [125, 355], [110, 350]]}, {""poligono_xy"": [[330, 340], [345, 330], [365, 330], [380, 345], [375, 365], [355, 375], [335, 370]]}, {""poligono_xy"": [[450, 400], [470, 390], [490, 395], [505, 410], [500, 430], [480, 440], [460, 430]]}, {""poligono_xy"": [[700, 470], [715, 460], [730, 460], [745, 475], [740, 490], [720, 500], [705, 490]]}, {""poligono_xy"": [[880, 500], [900, 485], [920, 490], [930, 505], [925, 525], [900, 535], [885, 520]]}, {""poligono_xy"": [[570, 570], [590, 560], [610, 565], [625, 580], [620, 600], [600, 610], [580, 600]]}, {""poligono_xy"": [[750, 750], [770, 740], [790, 740], [810, 755], [805, 775], [785, 785], [765, 775]]}, {""poligono_xy"": [[900, 850], [915, 840], [935, 840], [950, 855], [945, 870], [925, 880], [910, 870]]}, {""poligono_xy"": [[580, 920], [600, 905], [625, 910], [640, 930], [630, 950], [605, 960], [585, 945]]}]","Imagem de microscopia de campo claro com células de formato variado, possivelmente leveduras, com baixo contraste e algum ruído de fundo. A imagem apresenta artefatos de halo."
2022_03_21_11_03_50_44.bmp,C:\Users\sthem\OneDrive\Documentos\GitHub\master-2025\7-gemini\train\2022_03_21_11_03_50_44.bmp,"[{""poligono_xy"": [[170, 100], [195, 85], [220, 95], [210, 120], [185, 135], [160, 125]]}, {""poligono_xy"": [[250, 25], [270, 15], [290, 25], [280, 45], [260, 55], [240, 45]]}, {""poligono_xy"": [[290, 130], [310, 120], [330, 130], [320, 150], [300, 160], [280, 150]]}, {""poligono_xy"": [[380, 50], [400, 40], [420, 50], [410, 70], [390, 80], [370, 70]]}, {""poligono_xy"": [[480, 220], [500, 210], [520, 220], [510, 240], [490, 250], [470, 240]]}, {""poligono_xy"": [[550, 50], [570, 40], [590, 50], [580, 70], [560, 80], [540, 70]]}, {""poligono_xy"": [[600, 250], [620, 240], [640, 250], [630, 270], [610, 280], [590, 270]]}, {""poligono_xy"": [[700, 100], [720, 90], [740, 100], [730, 120], [710, 130], [690, 120]]}, {""poligono_xy"": [[780, 220], [800, 210], [820, 220], [810, 240], [790, 250], [770, 240]]}, {""poligono_xy"": [[850, 70], [870, 60], [890, 70], [880, 90], [860, 100], [840, 90]]}, {""poligono_xy"": [[50, 250], [75, 235], [100, 250], [90, 275], [65, 290], [40, 275]]}, {""poligono_xy"": [[120, 200], [145, 185], [170, 200], [160, 225], [135, 240], [110, 225]]}, {""poligono_xy"": [[180, 300], [205, 285], [230, 300], [220, 325], [195, 340], [170, 325]]}, {""poligono_xy"": [[280, 350], [305, 335], [330, 350], [320, 375], [295, 390], [270, 375]]}, {""poligono_xy"": [[400, 300], [425, 285], [450, 300], [440, 325], [415, 340], [390, 325]]}, {""poligono_xy"": [[500, 380], [525, 365], [550, 380], [540, 405], [515, 420], [490, 405]]}, {""poligono_xy"": [[650, 320], [675, 305], [700, 320], [690, 345], [665, 360], [640, 345]]}, {""poligono_xy"": [[750, 380], [775, 365], [800, 380], [790, 405], [765, 420], [740, 405]]}]","Imagem de microscopia de campo claro com células de formato aproximadamente circular/elíptico, com baixo contraste e algumas sobreposições. Possível presença de detritos ou artefatos."
2022_03_21_11_03_52_12.bmp,C:\Users\sthem\OneDrive\Documentos\GitHub\master-2025\7-gemini\train\2022_03_21_11_03_52_12.bmp,"[{""poligono_xy"": [[100, 45], [115, 40], [125, 50], [120, 60], [105, 65], [95, 55]]}, {""poligono_xy"": [[45, 80], [60, 75], [70, 85], [65, 95], [50, 100], [40, 90]]}, {""poligono_xy"": [[230, 50], [245, 45], [255, 55], [250, 65], [235, 70], [225, 60]]}, {""poligono_xy"": [[150, 150], [165, 145], [175, 155], [170, 165], [155, 170], [145, 160]]}, {""poligono_xy"": [[300, 200], [315, 195], [325, 205], [320, 215], [305, 220], [295, 210]]}, {""poligono_xy"": [[50, 250], [65, 245], [75, 255], [70, 265], [55, 270], [45, 260]]}, {""poligono_xy"": [[400, 300], [415, 295], [425, 305], [420, 315], [405, 320], [395, 310]]}, {""poligono_xy"": [[180, 350], [195, 345], [205, 355], [200, 365], [185, 370], [175, 360]]}, {""poligono_xy"": [[500, 450], [515, 445], [525, 455], [520, 465], [505, 470], [495, 460]]}, {""poligono_xy"": [[320, 50], [330, 40], [340, 50], [335, 60], [325, 60], [315, 50]]}, {""poligono_xy"": [[450, 100], [460, 90], [470, 100], [465, 110], [455, 110], [445, 100]]}, {""poligono_xy"": [[580, 180], [590, 170], [600, 180], [595, 190], [585, 190], [575, 180]]}, {""poligono_xy"": [[50, 400], [60, 390], [70, 400], [65, 410], [55, 410], [45, 400]]}, {""poligono_xy"": [[280, 480], [290, 470], [300, 480], [295, 490], [285, 490], [275, 480]]}, {""poligono_xy"": [[420, 20], [430, 10], [440, 20], [435, 30], [425, 30], [415, 20]]}]",Imagem de microscopia de campo claro com células de formato ovalado e baixo contraste. Possível presença de detritos e artefatos.
2022_03_21_11_03_53_80.bmp,C:\Users\sthem\OneDrive\Documentos\GitHub\master-2025\7-gemini\train\2022_03_21_11_03_53_80.bmp,"[{""poligono_xy"": [[92, 180], [112, 172], [128, 178], [136, 194], [124, 206], [100, 200]]}, {""poligono_xy"": [[188, 88], [204, 84], [220, 92], [224, 108], [212, 116], [192, 108]]}, {""poligono_xy"": [[284, 280], [296, 272], [316, 280], [324, 296], [312, 308], [292, 300]]}, {""poligono_xy"": [[312, 388], [332, 380], [352, 392], [360, 408], [344, 420], [320, 408]]}, {""poligono_xy"": [[440, 100], [456, 96], [476, 108], [480, 128], [464, 136], [444, 124]]}, {""poligono_xy"": [[508, 228], [528, 216], [552, 228], [564, 248], [548, 264], [520, 252]]}, {""poligono_xy"": [[588, 404], [608, 396], [632, 412], [644, 436], [628, 452], [600, 436]]}, {""poligono_xy"": [[672, 84], [692, 76], [716, 92], [724, 112], [704, 124], [680, 108]]}, {""poligono_xy"": [[740, 292], [760, 284], [780, 296], [792, 316], [776, 332], [752, 320]]}, {""poligono_xy"": [[828, 420], [852, 412], [876, 428], [888, 452], [868, 468], [840, 452]]}]","Imagem de microscopia de campo claro com células de formato variado, possivelmente leveduras ou bactérias, com baixo contraste e algumas sobreposições. A qualidade da imagem é moderada, com presença de ruído de fundo."
2022_03_21_11_03_57_14.bmp,C:\Users\sthem\OneDrive\Documentos\GitHub\master-2025\7-gemini\train\2022_03_21_11_03_57_14.bmp,"[{""poligono_xy"": [[170, 105], [190, 95], [210, 95], [225, 105], [225, 125], [210, 135], [190, 135], [170, 125]]}, {""poligono_xy"": [[285, 205], [300, 195], [320, 195], [335, 205], [335, 225], [320, 235], [300, 235], [285, 225]]}, {""poligono_xy"": [[45, 260], [60, 250], [80, 250], [95, 260], [95, 280], [80, 290], [60, 290], [45, 280]]}, {""poligono_xy"": [[150, 300], [170, 290], [195, 290], [215, 300], [215, 325], [195, 335], [170, 335], [150, 325]]}, {""poligono_xy"": [[255, 390], [275, 380], [300, 380], [320, 390], [320, 410], [300, 420], [275, 420], [255, 410]]}, {""poligono_xy"": [[390, 425], [410, 415], [430, 415], [450, 425], [450, 445], [430, 455], [410, 455], [390, 445]]}, {""poligono_xy"": [[500, 470], [520, 460], [540, 460], [560, 470], [560, 490], [540, 500], [520, 500], [500, 490]]}, {""poligono_xy"": [[650, 500], [670, 490], [690, 490], [710, 500], [710, 520], [690, 530], [670, 530], [650, 520]]}, {""poligono_xy"": [[20, 520], [40, 510], [60, 510], [80, 520], [80, 540], [60, 550], [40, 550], [20, 540]]}, {""poligono_xy"": [[750, 200], [760, 195], [780, 195], [790, 200], [790, 210], [780, 215], [760, 215], [750, 210]]}, {""poligono_xy"": [[400, 200], [415, 190], [440, 190], [460, 200], [460, 225], [440, 235], [415, 235], [400, 225]]}, {""poligono_xy"": [[580, 100], [600, 90], [620, 90], [640, 100], [640, 120], [620, 130], [600, 130], [580, 120]]}]","Imagem de microscopia de campo claro com células de formato e contraste variáveis, possivelmente leveduras ou bactérias, em meio líquido. A imagem apresenta baixo contraste e alguns artefatos."
2022_03_21_11_03_58_82.bmp,C:\Users\sthem\OneDrive\Documentos\GitHub\master-2025\7-gemini\train\2022_03_21_11_03_58_82.bmp,"[{""poligono_xy"": [[180, 405], [195, 400], [205, 405], [208, 418], [200, 428], [185, 428], [175, 415]]}, {""poligono_xy"": [[290, 220], [305, 215], [320, 225], [325, 240], [315, 250], [295, 245], [285, 235]]}, {""poligono_xy"": [[390, 480], [405, 475], [415, 480], [420, 495], [410, 505], [395, 505], [385, 490]]}, {""poligono_xy"": [[450, 230], [460, 220], [475, 225], [485, 240], [480, 255], [465, 260], [450, 250]]}, {""poligono_xy"": [[500, 355], [515, 345], [530, 350], [535, 370], [525, 380], [505, 375], [495, 365]]}, {""poligono_xy"": [[585, 70], [600, 60], [615, 70], [620, 90], [610, 105], [590, 100], [575, 85]]}, {""poligono_xy"": [[655, 400], [670, 395], [685, 405], [690, 420], [680, 430], [660, 425], [650, 415]]}, {""poligono_xy"": [[720, 200], [740, 190], [760, 200], [765, 220], [750, 235], [730, 230], [715, 215]]}, {""poligono_xy"": [[800, 50], [815, 45], [830, 55], [835, 70], [825, 80], [810, 75], [795, 60]]}, {""poligono_xy"": [[880, 570], [895, 560], [910, 570], [915, 590], [900, 605], [880, 600], [865, 580]]}, {""poligono_xy"": [[920, 280], [935, 270], [950, 280], [955, 295], [945, 305], [930, 300], [915, 285]]}, {""poligono_xy"": [[105, 120], [125, 110], [140, 125], [145, 145], [130, 160], [110, 150], [95, 135]]}, {""poligono_xy"": [[15, 300], [30, 285], [50, 300], [60, 320], [45, 335], [25, 330], [10, 315]]}, {""poligono_xy"": [[755, 515], [775, 505], [790, 520], [795, 540], [780, 555], [755, 550], [740, 530]]}]","Imagem de microscopia de campo claro com células esféricas de baixo contraste em um fundo com ruído. A imagem sugere a presença de artefatos e possíveis debris, dificultando a segmentação precisa."
2022_03_21_11_04_00_49.bmp,C:\Users\sthem\OneDrive\Documentos\GitHub\master-2025\7-gemini\train\2022_03_21_11_04_00_49.bmp,"[{""poligono_xy"": [[100, 70], [120, 60], [130, 75], [125, 90], [105, 95], [90, 85]]}, {""poligono_xy"": [[230, 50], [250, 40], [265, 50], [260, 70], [240, 80], [220, 70]]}, {""poligono_xy"": [[290, 240], [310, 230], [320, 240], [320, 260], [300, 270], [285, 260]]}, {""poligono_xy"": [[380, 100], [400, 90], [415, 105], [410, 125], [390, 130], [370, 120]]}, {""poligono_xy"": [[450, 20], [470, 15], [480, 25], [480, 40], [465, 50], [445, 40]]}, {""poligono_xy"": [[580, 270], [600, 260], [615, 270], [615, 290], [595, 300], [575, 290]]}, {""poligono_xy"": [[650, 80], [670, 70], [685, 85], [680, 100], [660, 110], [640, 100]]}, {""poligono_xy"": [[720, 200], [740, 190], [755, 200], [750, 220], [730, 230], [710, 220]]}, {""poligono_xy"": [[150, 180], [170, 170], [180, 180], [180, 200], [165, 210], [145, 200]]}, {""poligono_xy"": [[250, 320], [270, 310], [280, 320], [280, 340], [260, 350], [240, 340]]}, {""poligono_xy"": [[400, 200], [420, 190], [430, 205], [430, 220], [410, 230], [390, 220]]}, {""poligono_xy"": [[500, 120], [520, 110], [535, 120], [530, 140], [510, 150], [490, 140]]}, {""poligono_xy"": [[620, 15], [640, 10], [650, 20], [650, 35], [635, 45], [615, 35]]}]","Imagem de microscopia de campo claro com células esféricas, possivelmente leveduras, em baixa resolução e com baixo contraste. Presença de artefatos e detritos."
2022_03_21_11_04_02_16.bmp,C:\Users\sthem\OneDrive\Documentos\GitHub\master-2025\7-gemini\train\2022_03_21_11_04_02_16.bmp,"[{""poligono_xy"": [[92, 72], [112, 62], [128, 72], [122, 90], [100, 98], [86, 88]]}, {""poligono_xy"": [[156, 92], [180, 84], [196, 96], [198, 118], [182, 130], [158, 120]]}, {""poligono_xy"": [[252, 200], [270, 190], [288, 202], [290, 222], [274, 234], [254, 226]]}, {""poligono_xy"": [[298, 36], [318, 30], [338, 40], [340, 60], [320, 70], [300, 60]]}, {""poligono_xy"": [[352, 244], [370, 236], [390, 250], [394, 270], [376, 280], [356, 270]]}, {""poligono_xy"": [[410, 106], [430, 98], [450, 110], [454, 130], [434, 140], [412, 130]]}, {""poligono_xy"": [[484, 284], [504, 272], [522, 286], [526, 308], [508, 320], [488, 308]]}, {""poligono_xy"": [[566, 56], [582, 48], [598, 60], [600, 78], [584, 88], [568, 76]]}, {""poligono_xy"": [[622, 208], [640, 198], [660, 212], [664, 230], [646, 242], [626, 230]]}, {""poligono_xy"": [[686, 86], [706, 78], [724, 90], [728, 110], [710, 120], [690, 108]]}, {""poligono_xy"": [[752, 292], [766, 280], [782, 294], [788, 314], [774, 328], [758, 316]]}, {""poligono_xy"": [[82, 200], [96, 190], [110, 204], [110, 222], [98, 234], [84, 222]]}, {""poligono_xy"": [[170, 340], [190, 330], [210, 346], [212, 368], [192, 380], [170, 366]]}, {""poligono_xy"": [[58, 370], [76, 358], [94, 370], [98, 390], [80, 402], [62, 390]]}]","Imagem de microscopia de campo claro com células esféricas de baixo contraste, possivelmente leveduras ou células em suspensão. A imagem apresenta ruído e alguns detritos."
2022_03_21_11_04_03_83.bmp,C:\Users\sthem\OneDrive\Documentos\GitHub\master-2025\7-gemini\train\2022_03_21_11_04_03_83.bmp,"[{""poligono_xy"": [[52, 72], [72, 60], [88, 68], [92, 88], [76, 98], [58, 90]]}, {""poligono_xy"": [[152, 52], [176, 44], [196, 56], [198, 80], [178, 88], [154, 80]]}, {""poligono_xy"": [[356, 284], [376, 276], [392, 288], [396, 308], [380, 316], [360, 304]]}, {""poligono_xy"": [[424, 484], [448, 472], [472, 492], [480, 520], [456, 532], [432, 516]]}, {""poligono_xy"": [[284, 368], [304, 356], [328, 372], [336, 400], [312, 412], [292, 396]]}, {""poligono_xy"": [[400, 200], [416, 188], [436, 200], [444, 224], [428, 236], [408, 224]]}, {""poligono_xy"": [[548, 84], [568, 72], [592, 88], [600, 112], [576, 124], [552, 108]]}, {""poligono_xy"": [[672, 328], [692, 316], [716, 336], [724, 364], [700, 376], [680, 356]]}, {""poligono_xy"": [[752, 88], [768, 76], [792, 92], [800, 120], [776, 132], [756, 116]]}, {""poligono_xy"": [[852, 408], [876, 396], [900, 416], [908, 444], [884, 456], [860, 436]]}, {""poligono_xy"": [[888, 552], [912, 536], [936, 556], [944, 584], [920, 596], [896, 576]]}, {""poligono_xy"": [[384, 480], [392, 468], [408, 476], [416, 492], [408, 500], [396, 492]]}, {""poligono_xy"": [[432, 392], [448, 384], [472, 408], [480, 436], [456, 448], [436, 428]]}, {""poligono_xy"": [[488, 288], [508, 276], [532, 296], [540, 324], [516, 336], [492, 316]]}, {""poligono_xy"": [[304, 128], [316, 112], [336, 128], [348, 152], [332, 164], [312, 148]]}, {""poligono_xy"": [[728, 888], [752, 876], [776, 900], [784, 928], [760, 940], [736, 920]]}, {""poligono_xy"": [[400, 592], [420, 580], [444, 600], [452, 628], [428, 640], [404, 620]]}, {""poligono_xy"": [[264, 544], [284, 532], [308, 552], [316, 580], [292, 592], [272, 572]]}, {""poligono_xy"": [[608, 720], [632, 708], [656, 728], [664, 756], [640, 768], [616, 748]]}]","Imagem de microscopia de campo claro com células de formato variado, possivelmente leveduras ou bactérias, com baixo contraste e algumas sobreposições. A qualidade da imagem é moderada, com presença de ruído de fundo."
2022_03_21_11_04_07_18.bmp,C:\Users\sthem\OneDrive\Documentos\GitHub\master-2025\7-gemini\train\2022_03_21_11_04_07_18.bmp,"[{""poligono_xy"": [[170, 155], [190, 145], [205, 155], [200, 170], [175, 180], [160, 170]]}, {""poligono_xy"": [[210, 380], [235, 375], [250, 385], [250, 405], [230, 415], [210, 405]]}, {""poligono_xy"": [[300, 280], [320, 270], [335, 280], [335, 300], [320, 310], [300, 300]]}, {""poligono_xy"": [[360, 390], [380, 380], [395, 390], [400, 410], [380, 420], [360, 410]]}, {""poligono_xy"": [[450, 60], [470, 50], [490, 60], [490, 80], [470, 90], [450, 80]]}, {""poligono_xy"": [[500, 660], [520, 650], [540, 660], [540, 680], [520, 690], [500, 680]]}, {""poligono_xy"": [[580, 600], [600, 590], [615, 600], [615, 620], [600, 630], [580, 620]]}, {""poligono_xy"": [[650, 370], [665, 360], [680, 370], [680, 390], [665, 400], [650, 390]]}, {""poligono_xy"": [[700, 900], [720, 890], [735, 900], [735, 920], [720, 930], [700, 920]]}, {""poligono_xy"": [[800, 200], [815, 190], [830, 200], [830, 220], [815, 230], [800, 220]]}, {""poligono_xy"": [[880, 880], [900, 870], [915, 880], [915, 900], [900, 910], [880, 900]]}, {""poligono_xy"": [[950, 450], [970, 440], [985, 450], [985, 470], [970, 480], [950, 470]]}]","Imagem de microscopia de campo claro com células de formato variado, possivelmente leveduras ou bactérias, com baixo contraste e alguns detritos. A imagem apresenta ruído e as células estão dispersas, com algumas sobreposições."
2022_03_21_11_04_08_86.bmp,C:\Users\sthem\OneDrive\Documentos\GitHub\master-2025\7-gemini\train\2022_03_21_11_04_08_86.bmp,"[{""poligono_xy"": [[170, 270], [185, 260], [200, 265], [210, 280], [200, 295], [180, 295], [170, 280]]}, {""poligono_xy"": [[250, 175], [270, 170], [290, 180], [295, 200], [280, 215], [260, 215], [250, 200]]}, {""poligono_xy"": [[160, 455], [175, 445], [195, 450], [205, 470], [195, 490], [170, 490], [155, 475]]}, {""poligono_xy"": [[305, 45], [320, 40], [340, 50], [345, 70], [330, 80], [310, 75]]}, {""poligono_xy"": [[225, 80], [240, 70], [260, 80], [270, 100], [255, 115], [235, 110], [225, 95]]}, {""poligono_xy"": [[145, 120], [160, 110], [180, 120], [190, 140], [175, 155], [155, 150], [140, 135]]}, {""poligono_xy"": [[45, 250], [60, 240], [75, 250], [85, 270], [70, 285], [50, 280], [40, 265]]}, {""poligono_xy"": [[755, 470], [770, 460], [790, 470], [800, 490], [785, 505], [765, 500], [755, 485]]}, {""poligono_xy"": [[870, 230], [885, 220], [905, 230], [915, 250], [900, 265], [880, 260], [870, 245]]}, {""poligono_xy"": [[580, 305], [595, 295], [615, 305], [625, 325], [610, 340], [590, 335], [580, 320]]}, {""poligono_xy"": [[455, 105], [470, 95], [490, 105], [500, 125], [485, 140], [465, 135], [455, 120]]}, {""poligono_xy"": [[715, 85], [730, 75], [750, 85], [760, 105], [745, 120], [725, 115], [715, 100]]}]","Imagem de microscopia de campo claro com células esféricas de baixo contraste em um fundo com ruído. A imagem sugere a presença de artefatos e detritos, dificultando a segmentação precisa."
2022_03_21_11_04_12_21.bmp,C:\Users\sthem\OneDrive\Documentos\GitHub\master-2025\7-gemini\train\2022_03_21_11_04_12_21.bmp,[],"Imagem de microscopia de campo claro com células esféricas, possivelmente leveduras, em baixa densidade. A imagem apresenta baixo contraste e alguns artefatos."
2022_03_21_11_04_13_88.bmp,C:\Users\sthem\OneDrive\Documentos\GitHub\master-2025\7-gemini\train\2022_03_21_11_04_13_88.bmp,"[{""poligono_xy"": [[72, 76], [92, 64], [108, 68], [118, 84], [106, 98], [88, 94]]}, {""poligono_xy"": [[28, 104], [52, 92], [68, 96], [80, 112], [72, 128], [52, 124], [36, 116]]}, {""poligono_xy"": [[400, 364], [420, 356], [436, 364], [444, 380], [432, 396], [412, 392]]}, {""poligono_xy"": [[580, 48], [600, 40], [616, 44], [624, 56], [612, 72], [592, 64]]}, {""poligono_xy"": [[488, 120], [508, 108], [528, 116], [536, 136], [520, 152], [496, 140]]}, {""poligono_xy"": [[344, 200], [372, 188], [396, 196], [412, 216], [392, 236], [360, 224]]}, {""poligono_xy"": [[264, 288], [288, 272], [312, 284], [324, 308], [304, 328], [276, 316]]}, {""poligono_xy"": [[588, 280], [608, 268], [628, 276], [636, 292], [624, 312], [600, 300]]}, {""poligono_xy"": [[844, 300], [872, 280], [896, 292], [912, 316], [892, 340], [860, 328]]}, {""poligono_xy"": [[724, 388], [752, 372], [776, 384], [792, 404], [772, 424], [740, 408]]}, {""poligono_xy"": [[888, 440], [916, 424], [940, 436], [952, 456], [936, 476], [904, 460]]}, {""poligono_xy"": [[600, 504], [628, 488], [652, 500], [668, 524], [648, 548], [616, 532]]}, {""poligono_xy"": [[448, 568], [476, 552], [500, 564], [516, 588], [496, 608], [464, 592]]}, {""poligono_xy"": [[280, 600], [308, 584], [336, 596], [356, 620], [332, 644], [296, 628]]}, {""poligono_xy"": [[104, 648], [132, 632], [156, 644], [172, 668], [152, 692], [120, 676]]}, {""poligono_xy"": [[84, 784], [112, 768], [140, 780], [156, 804], [136, 828], [100, 812]]}, {""poligono_xy"": [[864, 728], [892, 712], [920, 724], [936, 748], [916, 772], [880, 756]]}, {""poligono_xy"": [[704, 824], [736, 800], [768, 816], [788, 844], [764, 872], [728, 852]]}, {""poligono_xy"": [[504, 896], [536, 876], [564, 892], [584, 920], [556, 948], [520, 924]]}]","Imagem de microscopia de campo claro com múltiplas células esféricas e ovais, possivelmente leveduras, em diferentes planos focais. Baixo contraste e presença de artefatos."
2022_03_21_11_04_15_55.bmp,C:\Users\sthem\OneDrive\Documentos\GitHub\master-2025\7-gemini\train\2022_03_21_11_04_15_55.bmp,"[{""poligono_xy"": [[12, 152], [28, 142], [40, 140], [50, 150], [45, 165], [30, 170], [15, 165]]}, {""poligono_xy"": [[80, 80], [95, 70], [115, 75], [130, 90], [120, 110], [100, 110], [85, 95]]}, {""poligono_xy"": [[170, 30], [185, 25], [195, 30], [200, 40], [190, 50], [175, 45]]}, {""poligono_xy"": [[230, 380], [245, 375], [260, 380], [265, 395], [255, 405], [235, 400]]}, {""poligono_xy"": [[355, 355], [375, 345], [390, 350], [400, 370], [385, 385], [365, 380]]}, {""poligono_xy"": [[420, 450], [440, 440], [460, 445], [470, 460], [460, 475], [440, 470]]}, {""poligono_xy"": [[500, 100], [510, 90], [525, 90], [535, 100], [530, 115], [515, 115]]}, {""poligono_xy"": [[580, 60], [595, 50], [610, 55], [620, 70], [610, 85], [590, 80]]}, {""poligono_xy"": [[660, 380], [670, 370], [685, 370], [695, 385], [685, 400], [670, 395]]}, {""poligono_xy"": [[720, 80], [730, 70], [745, 75], [755, 90], [745, 100], [730, 95]]}]","Imagem de microscopia de campo claro com células de formato variado, possivelmente leveduras ou bactérias, com baixo contraste e algumas fora de foco. A imagem apresenta ruído de fundo e alguns detritos."
2022_03_21_11_04_17_23.bmp,C:\Users\sthem\OneDrive\Documentos\GitHub\master-2025\7-gemini\train\2022_03_21_11_04_17_23.bmp,"[{""poligono_xy"": [[100, 85], [120, 75], [135, 85], [130, 100], [110, 110], [95, 100]]}, {""poligono_xy"": [[180, 280], [200, 275], [215, 290], [210, 310], [190, 315], [175, 300]]}, {""poligono_xy"": [[280, 80], [295, 70], [310, 80], [305, 95], [290, 100], [275, 90]]}, {""poligono_xy"": [[355, 370], [380, 360], [400, 375], [395, 400], [375, 410], [350, 400]]}, {""poligono_xy"": [[420, 140], [440, 130], [460, 145], [455, 165], [435, 170], [415, 160]]}, {""poligono_xy"": [[500, 250], [520, 240], [540, 250], [535, 270], [515, 275], [495, 265]]}, {""poligono_xy"": [[585, 90], [595, 80], [605, 85], [600, 95], [590, 105], [580, 100]]}, {""poligono_xy"": [[640, 310], [660, 300], [680, 315], [675, 335], [655, 340], [635, 330]]}, {""poligono_xy"": [[720, 180], [740, 170], [755, 180], [750, 200], [730, 205], [715, 195]]}, {""poligono_xy"": [[800, 50], [815, 40], [830, 50], [825, 65], [810, 70], [795, 60]]}]","Imagem de microscopia de campo claro com células de formato variável, possivelmente leveduras ou bactérias, com baixo contraste e algum ruído de fundo. A imagem apresenta artefatos de halo."
2022_03_21_11_04_18_90.bmp,C:\Users\sthem\OneDrive\Documentos\GitHub\master-2025\7-gemini\train\2022_03_21_11_04_18_90.bmp,"[{""poligono_xy"": [[52, 27], [64, 21], [74, 27], [77, 40], [71, 51], [58, 54], [46, 48], [43, 36]]}, {""poligono_xy"": [[114, 66], [128, 60], [140, 68], [145, 82], [137, 93], [122, 96], [108, 89], [104, 77]]}, {""poligono_xy"": [[198, 200], [212, 195], [225, 205], [230, 220], [222, 232], [206, 235], [192, 225], [188, 212]]}, {""poligono_xy"": [[255, 48], [268, 42], [280, 49], [286, 62], [278, 74], [264, 78], [251, 71], [246, 58]]}, {""poligono_xy"": [[298, 124], [310, 116], [322, 122], [328, 137], [320, 149], [305, 152], [292, 144], [287, 131]]}, {""poligono_xy"": [[352, 53], [365, 46], [378, 54], [384, 68], [375, 79], [360, 83], [347, 75], [341, 62]]}, {""poligono_xy"": [[410, 235], [423, 228], [435, 236], [440, 250], [431, 260], [416, 264], [403, 255], [398, 242]]}, {""poligono_xy"": [[480, 80], [494, 73], [507, 81], [513, 95], [504, 106], [489, 110], [475, 102], [470, 88]]}, {""poligono_xy"": [[538, 17], [550, 10], [561, 17], [566, 30], [558, 41], [544, 44], [531, 36], [526, 24]]}, {""poligono_xy"": [[588, 250], [601, 242], [613, 249], [618, 264], [609, 275], [595, 278], [581, 270], [576, 257]]}, {""poligono_xy"": [[638, 84], [651, 77], [663, 84], [669, 98], [661, 109], [646, 113], [633, 105], [628, 91]]}, {""poligono_xy"": [[712, 155], [726, 148], [739, 156], [745, 170], [736, 181], [721, 185], [708, 177], [702, 163]]}, {""poligono_xy"": [[765, 27], [778, 20], [790, 27], [795, 41], [787, 52], [773, 56], [759, 48], [754, 35]]}, {""poligono_xy"": [[822, 218], [835, 211], [847, 218], [853, 233], [844, 244], [829, 248], [816, 239], [810, 226]]}, {""poligono_xy"": [[882, 88], [895, 81], [908, 89], [913, 103], [905, 114], [890, 118], [877, 110], [871, 96]]}, {""poligono_xy"": [[936, 182], [949, 174], [962, 181], [967, 196], [958, 207], [944, 211], [930, 203], [925, 189]]}]",Imagem de microscopia de campo claro com células esféricas de baixo contraste em um fundo heterogêneo. A imagem apresenta ruído e alguns artefatos.
2022_03_21_11_04_20_57.bmp,C:\Users\sthem\OneDrive\Documentos\GitHub\master-2025\7-gemini\train\2022_03_21_11_04_20_57.bmp,"[{""poligono_xy"": [[72, 32], [88, 32], [88, 48], [72, 48]]}, {""poligono_xy"": [[112, 56], [136, 56], [136, 80], [112, 80]]}, {""poligono_xy"": [[24, 120], [40, 120], [40, 136], [24, 136]]}, {""poligono_xy"": [[104, 152], [128, 152], [128, 176], [104, 176]]}, {""poligono_xy"": [[248, 160], [272, 160], [272, 184], [248, 184]]}, {""poligono_xy"": [[280, 208], [304, 208], [304, 232], [280, 232]]}, {""poligono_xy"": [[48, 240], [72, 240], [72, 264], [48, 264]]}, {""poligono_xy"": [[168, 256], [192, 256], [192, 280], [168, 280]]}, {""poligono_xy"": [[360, 272], [384, 272], [384, 296], [360, 296]]}, {""poligono_xy"": [[16, 304], [40, 304], [40, 328], [16, 328]]}, {""poligono_xy"": [[88, 320], [112, 320], [112, 344], [88, 344]]}, {""poligono_xy"": [[200, 336], [224, 336], [224, 360], [200, 360]]}, {""poligono_xy"": [[288, 368], [320, 368], [320, 400], [288, 400]]}, {""poligono_xy"": [[56, 400], [80, 400], [80, 424], [56, 424]]}, {""poligono_xy"": [[152, 416], [184, 416], [184, 448], [152, 448]]}, {""poligono_xy"": [[248, 448], [272, 448], [272, 472], [248, 472]]}, {""poligono_xy"": [[360, 464], [392, 464], [392, 496], [360, 496]]}]",Imagem de microscopia de campo claro com células esféricas de baixo contraste em um fundo cinza. A imagem apresenta ruído e alguns artefatos. Possível presença de debris.
2022_03_21_11_04_22_25.bmp,C:\Users\sthem\OneDrive\Documentos\GitHub\master-2025\7-gemini\train\2022_03_21_11_04_22_25.bmp,"[{""poligono_xy"": [[92, 28], [106, 22], [116, 28], [118, 42], [108, 50], [92, 46]]}, {""poligono_xy"": [[26, 76], [40, 64], [54, 70], [54, 88], [40, 96], [24, 88]]}, {""poligono_xy"": [[150, 90], [168, 84], [182, 94], [184, 112], [168, 122], [148, 114]]}, {""poligono_xy"": [[222, 40], [240, 32], [256, 42], [260, 58], [246, 68], [226, 58]]}, {""poligono_xy"": [[284, 146], [300, 136], [318, 148], [322, 168], [306, 180], [284, 170]]}, {""poligono_xy"": [[366, 22], [384, 16], [400, 24], [404, 40], [390, 50], [368, 42]]}, {""poligono_xy"": [[430, 84], [448, 74], [468, 86], [472, 104], [454, 116], [432, 102]]}, {""poligono_xy"": [[502, 158], [522, 148], [542, 162], [548, 182], [530, 194], [506, 182]]}, {""poligono_xy"": [[182, 212], [198, 204], [214, 216], [218, 236], [200, 246], [180, 232]]}, {""poligono_xy"": [[262, 274], [280, 262], [298, 276], [304, 298], [284, 310], [262, 296]]}, {""poligono_xy"": [[346, 218], [366, 206], [384, 220], [390, 242], [372, 256], [348, 240]]}, {""poligono_xy"": [[460, 286], [480, 274], [500, 290], [506, 312], [486, 326], [462, 310]]}]",Imagem de microscopia de campo claro com células esféricas de baixo contraste em um fundo com ruído. A imagem sugere a presença de artefatos e possíveis células fora de foco.
2022_03_21_11_04_23_92.bmp,C:\Users\sthem\OneDrive\Documentos\GitHub\master-2025\7-gemini\train\2022_03_21_11_04_23_92.bmp,"[{""poligono_xy"": [[92, 8], [125, 12], [132, 28], [125, 42], [90, 39], [82, 24]]}, {""poligono_xy"": [[75, 120], [108, 118], [118, 140], [110, 160], [75, 162], [62, 145]]}, {""poligono_xy"": [[180, 255], [200, 245], [215, 260], [210, 280], [185, 288], [170, 270]]}, {""poligono_xy"": [[280, 50], [295, 35], [310, 40], [318, 60], [305, 75], [285, 65]]}, {""poligono_xy"": [[295, 140], [325, 130], [340, 150], [335, 175], [305, 180], [285, 160]]}, {""poligono_xy"": [[355, 250], [380, 235], [400, 250], [400, 275], [375, 290], [350, 280]]}, {""poligono_xy"": [[420, 80], [450, 70], [470, 90], [465, 115], [435, 120], [415, 100]]}, {""poligono_xy"": [[490, 20], [510, 15], [525, 30], [520, 45], [495, 45], [485, 30]]}, {""poligono_xy"": [[550, 140], [580, 130], [600, 155], [590, 180], [555, 185], [540, 160]]}, {""poligono_xy"": [[620, 260], [650, 250], [670, 270], [665, 295], [635, 300], [615, 280]]}, {""poligono_xy"": [[700, 80], [720, 65], [740, 75], [745, 95], [725, 105], [705, 90]]}, {""poligono_xy"": [[780, 180], [805, 165], [825, 180], [825, 205], [800, 215], [775, 200]]}, {""poligono_xy"": [[850, 40], [870, 30], [890, 45], [885, 65], [860, 70], [845, 55]]}, {""poligono_xy"": [[880, 270], [905, 255], [925, 270], [920, 290], [890, 300], [870, 285]]}]","Imagem de microscopia de campo claro com células de formato e contraste variáveis, possivelmente leveduras ou bactérias, em meio líquido. A imagem apresenta baixo contraste e alguns detritos."
2022_03_21_11_04_27_27.bmp,C:\Users\sthem\OneDrive\Documentos\GitHub\master-2025\7-gemini\train\2022_03_21_11_04_27_27.bmp,"[{""poligono_xy"": [[27, 45], [45, 42], [55, 52], [50, 68], [35, 72], [20, 60]]}, {""poligono_xy"": [[80, 205], [105, 200], [120, 215], [115, 240], [90, 245], [75, 230]]}, {""poligono_xy"": [[15, 15], [35, 10], [50, 25], [45, 45], [25, 50], [10, 35]]}, {""poligono_xy"": [[25, 250], [50, 240], [70, 260], [65, 285], [40, 295], [20, 275]]}, {""poligono_xy"": [[155, 35], [180, 30], [195, 45], [190, 65], [170, 70], [150, 55]]}, {""poligono_xy"": [[255, 20], [280, 15], [295, 30], [290, 50], [270, 55], [250, 40]]}, {""poligono_xy"": [[360, 5], [385, 0], [400, 15], [395, 35], [375, 40], [360, 25]]}, {""poligono_xy"": [[355, 280], [380, 275], [395, 290], [390, 310], [370, 315], [350, 300]]}, {""poligono_xy"": [[480, 85], [505, 80], [520, 95], [515, 115], [490, 120], [475, 105]]}, {""poligono_xy"": [[565, 285], [590, 280], [605, 295], [600, 315], [580, 320], [560, 305]]}, {""poligono_xy"": [[540, 550], [565, 545], [580, 560], [575, 580], [550, 585], [535, 570]]}, {""poligono_xy"": [[405, 575], [430, 570], [445, 585], [440, 605], [420, 610], [400, 595]]}]",Imagem de microscopia de campo claro com células de formato variável e baixo contraste. A imagem apresenta algum ruído de fundo e artefatos.
2022_03_21_11_04_28_94.bmp,C:\Users\sthem\OneDrive\Documentos\GitHub\master-2025\7-gemini\train\2022_03_21_11_04_28_94.bmp,[],"Imagem de microscopia de campo claro com células esféricas, possivelmente leveduras, em baixa resolução e com baixo contraste. Presença de artefatos e detritos."
2022_03_21_11_04_30_62.bmp,C:\Users\sthem\OneDrive\Documentos\GitHub\master-2025\7-gemini\train\2022_03_21_11_04_30_62.bmp,[],"Imagem de microscopia de campo claro com células de formato aproximadamente circular, possivelmente hemácias, com baixo contraste e algumas sobrepostas. Presença de ruído e artefatos pontuais."
2022_03_21_11_04_33_96.bmp,C:\Users\sthem\OneDrive\Documentos\GitHub\master-2025\7-gemini\train\2022_03_21_11_04_33_96.bmp,"[{""poligono_xy"": [[110, 22], [125, 15], [138, 22], [135, 35], [120, 40], [105, 32]]}, {""poligono_xy"": [[20, 80], [40, 65], [55, 75], [50, 95], [30, 105], [15, 90]]}, {""poligono_xy"": [[100, 100], [120, 90], [140, 100], [140, 125], [120, 135], [100, 125]]}, {""poligono_xy"": [[180, 120], [195, 110], [210, 115], [215, 130], [200, 140], [185, 135]]}, {""poligono_xy"": [[250, 200], [270, 190], [290, 200], [290, 220], [270, 230], [250, 220]]}, {""poligono_xy"": [[320, 250], [340, 240], [360, 250], [360, 270], [340, 280], [320, 270]]}, {""poligono_xy"": [[400, 50], [420, 40], [440, 50], [440, 70], [420, 80], [400, 70]]}, {""poligono_xy"": [[480, 100], [500, 90], [520, 100], [520, 120], [500, 130], [480, 120]]}, {""poligono_xy"": [[550, 180], [570, 170], [590, 180], [590, 200], [570, 210], [550, 200]]}, {""poligono_xy"": [[620, 250], [640, 240], [660, 250], [660, 270], [640, 280], [620, 270]]}]",Imagem de microscopia de campo claro com células de formato aproximadamente circular. Baixo contraste e alguns detritos presentes.
2022_03_21_11_04_35_64.bmp,C:\Users\sthem\OneDrive\Documentos\GitHub\master-2025\7-gemini\train\2022_03_21_11_04_35_64.bmp,[],"Imagem de microscopia de campo claro com múltiplas células esféricas, possivelmente leveduras, em diferentes planos focais. Baixo contraste e presença de artefatos."
2022_03_21_11_04_37_31.bmp,C:\Users\sthem\OneDrive\Documentos\GitHub\master-2025\7-gemini\train\2022_03_21_11_04_37_31.bmp,"[{""poligono_xy"": [[92, 122], [108, 110], [120, 118], [128, 138], [112, 150], [96, 140]]}, {""poligono_xy"": [[230, 280], [248, 270], [262, 276], [270, 294], [256, 308], [238, 300]]}, {""poligono_xy"": [[244, 82], [260, 76], [276, 86], [284, 104], [266, 118], [250, 108]]}, {""poligono_xy"": [[480, 300], [498, 292], [514, 300], [520, 318], [504, 330], [486, 322]]}, {""poligono_xy"": [[588, 90], [606, 80], [622, 88], [630, 108], [612, 122], [594, 114]]}, {""poligono_xy"": [[682, 224], [700, 214], [718, 224], [726, 244], [706, 258], [688, 246]]}, {""poligono_xy"": [[768, 86], [784, 78], [800, 84], [806, 100], [790, 112], [772, 104]]}, {""poligono_xy"": [[860, 312], [878, 304], [894, 310], [902, 330], [884, 342], [864, 332]]}, {""poligono_xy"": [[920, 100], [936, 90], [950, 96], [956, 114], [940, 126], [924, 118]]}, {""poligono_xy"": [[40, 286], [52, 274], [62, 280], [66, 298], [54, 310], [42, 300]]}, {""poligono_xy"": [[150, 24], [158, 14], [168, 18], [174, 30], [166, 40], [154, 36]]}, {""poligono_xy"": [[84, 284], [98, 280], [102, 296], [88, 302]]}, {""poligono_xy"": [[222, 200], [236, 198], [242, 214], [228, 218]]}, {""poligono_xy"": [[486, 180], [500, 176], [510, 186], [496, 194]]}, {""poligono_xy"": [[80, 62], [90, 54], [100, 60], [92, 70]]}, {""poligono_xy"": [[760, 286], [772, 280], [780, 288], [774, 300], [762, 296]]}]","Imagem de microscopia de campo claro com células de formato variado, possivelmente leveduras ou bactérias, com baixo contraste e algumas fora de foco. A presença de detritos e ruído dificulta a segmentação precisa."
2022_03_21_11_04_38_98.bmp,C:\Users\sthem\OneDrive\Documentos\GitHub\master-2025\7-gemini\train\2022_03_21_11_04_38_98.bmp,"[{""poligono_xy"": [[72, 47], [92, 32], [118, 37], [128, 57], [112, 77], [85, 70]]}, {""poligono_xy"": [[28, 105], [45, 85], [78, 90], [95, 118], [78, 142], [45, 135]]}, {""poligono_xy"": [[155, 85], [180, 70], [210, 80], [225, 105], [205, 125], [170, 115]]}, {""poligono_xy"": [[280, 20], [295, 5], [320, 10], [335, 30], [320, 50], [295, 45]]}, {""poligono_xy"": [[285, 110], [305, 95], [335, 105], [350, 130], [330, 150], [300, 140]]}, {""poligono_xy"": [[355, 205], [380, 190], [405, 205], [415, 230], [395, 250], [365, 235]]}, {""poligono_xy"": [[450, 55], [470, 40], [500, 50], [515, 75], [495, 95], [465, 85]]}, {""poligono_xy"": [[480, 270], [505, 250], [540, 265], [560, 295], [540, 320], [500, 310]]}, {""poligono_xy"": [[590, 80], [615, 60], [650, 70], [665, 100], [640, 125], [605, 110]]}, {""poligono_xy"": [[675, 205], [700, 185], [730, 195], [745, 225], [725, 250], [690, 235]]}, {""poligono_xy"": [[750, 55], [775, 35], [810, 45], [830, 75], [810, 100], [775, 85]]}, {""poligono_xy"": [[820, 285], [845, 265], [880, 280], [895, 310], [870, 335], [835, 320]]}, {""poligono_xy"": [[290, 470], [320, 450], [355, 465], [370, 495], [345, 520], [305, 505]]}, {""poligono_xy"": [[450, 410], [480, 390], [515, 405], [535, 435], [510, 460], [470, 445]]}, {""poligono_xy"": [[620, 490], [650, 470], [685, 485], [705, 515], [680, 540], [640, 525]]}, {""poligono_xy"": [[780, 420], [810, 400], [845, 415], [865, 445], [840, 470], [800, 455]]}]","Imagem de microscopia de campo claro com células de formato aproximadamente circular/elíptico, possivelmente leveduras, com baixo contraste e variabilidade de tamanho. Presença de alguns detritos e ruído de fundo."
2022_03_21_11_04_40_66.bmp,C:\Users\sthem\OneDrive\Documentos\GitHub\master-2025\7-gemini\train\2022_03_21_11_04_40_66.bmp,"[{""poligono_xy"": [[62, 82], [82, 72], [98, 78], [104, 92], [92, 104], [72, 100]]}, {""poligono_xy"": [[136, 56], [158, 52], [174, 62], [176, 80], [160, 92], [138, 86]]}, {""poligono_xy"": [[188, 200], [208, 194], [228, 208], [230, 228], [210, 240], [186, 228]]}, {""poligono_xy"": [[248, 386], [270, 378], [292, 390], [300, 410], [280, 424], [254, 412]]}, {""poligono_xy"": [[288, 266], [306, 254], [328, 262], [338, 282], [322, 300], [298, 290]]}, {""poligono_xy"": [[368, 86], [392, 80], [412, 94], [416, 112], [396, 126], [370, 116]]}, {""poligono_xy"": [[452, 206], [480, 194], [508, 210], [516, 236], [492, 252], [460, 240]]}, {""poligono_xy"": [[556, 86], [578, 76], [600, 88], [606, 108], [586, 122], [558, 110]]}, {""poligono_xy"": [[600, 380], [616, 366], [636, 378], [644, 396], [628, 410], [608, 398]]}, {""poligono_xy"": [[678, 88], [696, 74], [720, 82], [730, 104], [710, 120], [682, 108]]}, {""poligono_xy"": [[726, 486], [738, 468], [760, 478], [770, 498], [754, 514], [732, 506]]}, {""poligono_xy"": [[780, 220], [796, 204], [820, 216], [832, 240], [812, 258], [784, 246]]}, {""poligono_xy"": [[864, 348], [876, 332], [896, 340], [906, 360], [890, 376], [868, 366]]}, {""poligono_xy"": [[920, 56], [934, 42], [958, 48], [968, 68], [950, 84], [924, 76]]}, {""poligono_xy"": [[48, 300], [64, 288], [84, 304], [88, 326], [70, 340], [48, 326]]}, {""poligono_xy"": [[104, 484], [118, 468], [140, 482], [150, 504], [132, 520], [108, 506]]}, {""poligono_xy"": [[564, 540], [582, 526], [606, 540], [616, 562], [596, 578], [568, 566]]}, {""poligono_xy"": [[884, 148], [896, 132], [918, 140], [928, 162], [910, 178], [886, 168]]}, {""poligono_xy"": [[216, 580], [236, 570], [260, 590], [268, 616], [246, 630], [218, 614]]}]","Imagem de microscopia de campo claro com células de formato predominantemente circular/elíptico, possivelmente leveduras ou algum tipo de esporo, com baixo contraste e alguns detritos no fundo. A imagem apresenta ruído e as células variam em tamanho e intensidade."
2022_03_21_11_04_42_34.bmp,C:\Users\sthem\OneDrive\Documentos\GitHub\master-2025\7-gemini\train\2022_03_21_11_04_42_34.bmp,"[{""poligono_xy"": [[72, 45], [88, 32], [102, 38], [105, 55], [92, 66], [75, 58]]}, {""poligono_xy"": [[22, 160], [40, 140], [62, 145], [70, 168], [55, 188], [30, 185]]}, {""poligono_xy"": [[150, 158], [165, 145], [182, 148], [192, 165], [180, 180], [160, 175]]}, {""poligono_xy"": [[225, 255], [245, 240], [265, 248], [275, 265], [260, 282], [235, 275]]}, {""poligono_xy"": [[215, 505], [235, 495], [260, 500], [270, 520], [250, 540], [220, 530]]}, {""poligono_xy"": [[310, 105], [330, 90], [355, 95], [365, 115], [350, 130], [320, 125]]}, {""poligono_xy"": [[380, 430], [400, 415], [425, 425], [435, 445], [420, 460], [390, 450]]}, {""poligono_xy"": [[450, 80], [470, 65], [495, 75], [505, 95], [485, 110], [460, 100]]}, {""poligono_xy"": [[520, 520], [545, 505], [570, 515], [580, 535], [560, 555], [530, 545]]}, {""poligono_xy"": [[650, 150], [670, 130], [695, 140], [705, 165], [685, 180], [660, 170]]}, {""poligono_xy"": [[720, 480], [740, 460], [765, 470], [775, 495], [755, 515], [730, 505]]}, {""poligono_xy"": [[850, 220], [870, 200], [895, 210], [905, 235], [885, 250], [860, 240]]}, {""poligono_xy"": [[920, 550], [940, 530], [965, 540], [975, 565], [955, 585], [930, 575]]}]","Imagem de microscopia de campo claro com células esféricas, possivelmente leveduras, em baixa resolução e com baixo contraste. Presença de artefatos e detritos."
2022_03_21_11_04_44_01.bmp,C:\Users\sthem\OneDrive\Documentos\GitHub\master-2025\7-gemini\train\2022_03_21_11_04_44_01.bmp,"[{""poligono_xy"": [[45, 52], [58, 42], [70, 48], [75, 62], [65, 75], [50, 70]]}, {""poligono_xy"": [[100, 80], [115, 72], [128, 80], [125, 95], [110, 105], [95, 95]]}, {""poligono_xy"": [[230, 55], [245, 45], [260, 50], [265, 65], [250, 78], [235, 72]]}, {""poligono_xy"": [[150, 150], [165, 140], [180, 145], [190, 160], [180, 175], [160, 170]]}, {""poligono_xy"": [[280, 155], [295, 145], [315, 155], [320, 170], [300, 185], [285, 175]]}, {""poligono_xy"": [[380, 200], [395, 190], [410, 195], [420, 210], [410, 225], [390, 220]]}, {""poligono_xy"": [[450, 50], [465, 40], [480, 45], [490, 60], [480, 75], [460, 70]]}, {""poligono_xy"": [[500, 120], [515, 110], [530, 115], [540, 130], [530, 145], [510, 140]]}, {""poligono_xy"": [[580, 20], [595, 10], [610, 15], [620, 30], [610, 45], [590, 40]]}, {""poligono_xy"": [[620, 80], [635, 70], [650, 75], [660, 90], [650, 105], [630, 100]]}, {""poligono_xy"": [[680, 180], [695, 170], [710, 175], [720, 190], [710, 205], [690, 200]]}, {""poligono_xy"": [[750, 80], [765, 70], [780, 75], [790, 90], [780, 105], [760, 100]]}]","Imagem de microscopia de campo claro com células esféricas de baixo contraste em um fundo ruidoso. A imagem sugere a presença de artefatos e debris, dificultando a segmentação precisa."
2022_03_21_11_04_45_68.bmp,C:\Users\sthem\OneDrive\Documentos\GitHub\master-2025\7-gemini\train\2022_03_21_11_04_45_68.bmp,"[{""poligono_xy"": [[120, 150], [135, 150], [135, 165], [120, 165]]}, {""poligono_xy"": [[25, 280], [40, 280], [40, 295], [25, 295]]}, {""poligono_xy"": [[80, 310], [100, 310], [100, 330], [80, 330]]}, {""poligono_xy"": [[155, 360], [175, 360], [175, 380], [155, 380]]}, {""poligono_xy"": [[250, 400], [270, 400], [270, 420], [250, 420]]}, {""poligono_xy"": [[350, 450], [370, 450], [370, 470], [350, 470]]}, {""poligono_xy"": [[100, 50], [120, 50], [120, 70], [100, 70]]}, {""poligono_xy"": [[180, 100], [200, 100], [200, 120], [180, 120]]}, {""poligono_xy"": [[280, 180], [300, 180], [300, 200], [280, 200]]}, {""poligono_xy"": [[380, 220], [400, 220], [400, 240], [380, 240]]}, {""poligono_xy"": [[450, 280], [470, 280], [470, 300], [450, 300]]}, {""poligono_xy"": [[520, 350], [540, 350], [540, 370], [520, 370]]}]",Imagem de microscopia de campo claro com células esféricas de baixo contraste em um fundo heterogêneo. A imagem apresenta ruído e alguns artefatos.
2022_03_21_11_04_47_35.bmp,C:\Users\sthem\OneDrive\Documentos\GitHub\master-2025\7-gemini\train\2022_03_21_11_04_47_35.bmp,"[{""poligono_xy"": [[100, 550], [120, 550], [120, 570], [100, 570]]}, {""poligono_xy"": [[150, 100], [170, 100], [170, 120], [150, 120]]}, {""poligono_xy"": [[200, 450], [230, 450], [230, 480], [200, 480]]}, {""poligono_xy"": [[280, 100], [310, 100], [310, 130], [280, 130]]}, {""poligono_xy"": [[350, 500], [380, 500], [380, 530], [350, 530]]}, {""poligono_xy"": [[400, 200], [430, 200], [430, 230], [400, 230]]}, {""poligono_xy"": [[450, 550], [480, 550], [480, 580], [450, 580]]}, {""poligono_xy"": [[500, 300], [540, 300], [540, 340], [500, 340]]}, {""poligono_xy"": [[550, 50], [570, 50], [570, 70], [550, 70]]}, {""poligono_xy"": [[600, 400], [630, 400], [630, 430], [600, 430]]}, {""poligono_xy"": [[650, 150], [680, 150], [680, 180], [650, 180]]}, {""poligono_xy"": [[700, 500], [730, 500], [730, 530], [700, 530]]}, {""poligono_xy"": [[750, 250], [780, 250], [780, 280], [750, 280]]}, {""poligono_xy"": [[800, 50], [820, 50], [820, 70], [800, 70]]}, {""poligono_xy"": [[850, 450], [880, 450], [880, 480], [850, 480]]}, {""poligono_xy"": [[900, 100], [920, 100], [920, 120], [900, 120]]}, {""poligono_xy"": [[300, 600], [330, 580], [350, 600], [320, 620]]}, {""poligono_xy"": [[600, 580], [630, 560], [650, 580], [620, 600]]}, {""poligono_xy"": [[850, 200], [880, 180], [900, 200], [870, 220]]}]",Imagem de microscopia de campo claro com células esféricas de baixo contraste em um fundo heterogêneo. A imagem apresenta ruído e alguns artefatos.
2022_03_21_11_04_49_03.bmp,C:\Users\sthem\OneDrive\Documentos\GitHub\master-2025\7-gemini\train\2022_03_21_11_04_49_03.bmp,"[{""poligono_xy"": [[92, 112], [122, 100], [140, 110], [140, 138], [118, 150], [88, 140]]}, {""poligono_xy"": [[270, 60], [295, 55], [315, 70], [315, 95], [290, 105], [260, 95]]}, {""poligono_xy"": [[115, 290], [140, 280], [160, 295], [165, 320], [145, 335], [115, 325]]}, {""poligono_xy"": [[260, 260], [280, 250], [295, 260], [300, 285], [280, 300], [260, 290]]}, {""poligono_xy"": [[385, 405], [410, 400], [430, 410], [435, 440], [410, 450], [380, 435]]}, {""poligono_xy"": [[500, 560], [530, 555], [550, 570], [555, 595], [530, 610], [500, 600]]}, {""poligono_xy"": [[600, 280], [620, 270], [640, 285], [640, 310], [620, 325], [595, 310]]}, {""poligono_xy"": [[705, 105], [730, 95], [755, 110], [760, 140], [735, 150], [705, 135]]}, {""poligono_xy"": [[820, 430], [850, 420], [870, 440], [875, 470], [850, 485], [820, 470]]}, {""poligono_xy"": [[920, 200], [945, 190], [970, 205], [975, 235], [950, 250], [915, 230]]}, {""poligono_xy"": [[380, 580], [395, 565], [410, 575], [410, 595], [390, 610], [370, 600]]}, {""poligono_xy"": [[390, 180], [420, 165], [450, 185], [455, 220], [425, 235], [390, 215]]}, {""poligono_xy"": [[550, 120], [570, 105], [590, 120], [595, 145], [570, 160], [545, 145]]}, {""poligono_xy"": [[250, 480], [275, 470], [300, 490], [305, 520], [280, 535], [250, 520]]}, {""poligono_xy"": [[750, 550], [780, 540], [805, 560], [810, 590], [785, 605], [755, 585]]}, {""poligono_xy"": [[890, 585], [920, 575], [945, 595], [950, 625], [920, 640], [885, 620]]}]","Imagem de microscopia de campo claro com células de formato variado, possivelmente leveduras ou bactérias, com baixo contraste e alguma sobreposição. A imagem apresenta ruído de fundo e alguns detritos."
2022_03_21_11_04_50_70.bmp,C:\Users\sthem\OneDrive\Documentos\GitHub\master-2025\7-gemini\train\2022_03_21_11_04_50_70.bmp,"[{""poligono_xy"": [[92, 110], [108, 100], [120, 105], [125, 118], [115, 128], [100, 123]]}, {""poligono_xy"": [[15, 285], [30, 275], [45, 280], [50, 295], [40, 308], [25, 303]]}, {""poligono_xy"": [[280, 80], [295, 72], [310, 78], [318, 90], [305, 98], [290, 92]]}, {""poligono_xy"": [[355, 455], [375, 445], [390, 450], [400, 465], [385, 480], [365, 470]]}, {""poligono_xy"": [[420, 490], [440, 475], [460, 485], [470, 505], [455, 520], [430, 510]]}, {""poligono_xy"": [[755, 830], [770, 820], [785, 825], [795, 840], [780, 855], [760, 845]]}, {""poligono_xy"": [[850, 230], [870, 215], [890, 225], [900, 245], [880, 260], [860, 250]]}, {""poligono_xy"": [[380, 380], [385, 355], [390, 330], [395, 305], [400, 280], [405, 255], [410, 230], [415, 205], [410, 180], [405, 155], [400, 130], [395, 105], [395, 400], [400, 425]]}, {""poligono_xy"": [[880, 780], [885, 755], [890, 730], [895, 705], [900, 680], [905, 655], [900, 630], [895, 605], [890, 580], [890, 800], [895, 825]]}, {""poligono_xy"": [[580, 580], [585, 555], [590, 530], [595, 505], [600, 480], [605, 455], [600, 430], [595, 405], [590, 380], [590, 600], [595, 625]]}]","Imagem de microscopia de campo claro com células de formato variado, possivelmente leveduras e bactérias, com baixo contraste e algumas sobreposições. A imagem apresenta ruído de fundo e alguns detritos."
2022_03_21_11_04_54_05.bmp,C:\Users\sthem\OneDrive\Documentos\GitHub\master-2025\7-gemini\train\2022_03_21_11_04_54_05.bmp,"[{""poligono_xy"": [[22, 22], [38, 18], [48, 28], [42, 40], [28, 40], [18, 30]]}, {""poligono_xy"": [[80, 88], [100, 85], [110, 100], [100, 115], [80, 112], [70, 98]]}, {""poligono_xy"": [[150, 20], [165, 15], [175, 25], [170, 40], [155, 35], [145, 25]]}, {""poligono_xy"": [[200, 100], [215, 95], [225, 105], [220, 120], [205, 115], [195, 105]]}, {""poligono_xy"": [[280, 200], [295, 195], [305, 205], [300, 220], [285, 215], [275, 205]]}, {""poligono_xy"": [[350, 50], [365, 45], [375, 55], [370, 70], [355, 65], [345, 55]]}, {""poligono_xy"": [[400, 150], [415, 145], [425, 155], [420, 170], [405, 165], [395, 155]]}, {""poligono_xy"": [[480, 250], [495, 245], [505, 255], [500, 270], [485, 265], [475, 255]]}, {""poligono_xy"": [[550, 80], [565, 75], [575, 85], [570, 100], [555, 95], [545, 85]]}, {""poligono_xy"": [[600, 200], [615, 195], [625, 205], [620, 220], [605, 215], [595, 205]]}, {""poligono_xy"": [[50, 200], [70, 190], [85, 210], [75, 230], [55, 220]]}, {""poligono_xy"": [[130, 270], [145, 260], [160, 280], [150, 300], [135, 290]]}, {""poligono_xy"": [[380, 380], [360, 390], [350, 370], [370, 360], [390, 370]]}, {""poligono_xy"": [[450, 50], [470, 40], [485, 60], [475, 80], [455, 70]]}, {""poligono_xy"": [[580, 120], [560, 130], [550, 110], [570, 100], [590, 110]]}]",Imagem de microscopia de campo claro com células de formato irregular e baixo contraste em um fundo com alguns detritos. A imagem apresenta baixa resolução e algumas células estão fora de foco.
2022_03_21_11_04_55_72.bmp,C:\Users\sthem\OneDrive\Documentos\GitHub\master-2025\7-gemini\train\2022_03_21_11_04_55_72.bmp,"[{""poligono_xy"": [[92, 76], [112, 64], [128, 68], [136, 84], [124, 98], [100, 94]]}, {""poligono_xy"": [[72, 104], [96, 92], [108, 100], [104, 120], [84, 128], [68, 116]]}, {""poligono_xy"": [[276, 244], [296, 236], [312, 244], [316, 260], [300, 272], [280, 264]]}, {""poligono_xy"": [[60, 252], [76, 244], [92, 252], [96, 272], [80, 284], [60, 276]]}, {""poligono_xy"": [[156, 300], [180, 292], [196, 304], [200, 324], [180, 336], [156, 328]]}, {""poligono_xy"": [[44, 404], [64, 396], [80, 408], [84, 428], [68, 440], [48, 428]]}, {""poligono_xy"": [[244, 444], [268, 432], [288, 440], [296, 460], [276, 476], [252, 464]]}, {""poligono_xy"": [[644, 68], [664, 56], [684, 64], [692, 84], [672, 100], [648, 92]]}, {""poligono_xy"": [[768, 268], [792, 256], [812, 268], [820, 288], [800, 304], [776, 288]]}, {""poligono_xy"": [[404, 364], [428, 356], [452, 372], [456, 396], [436, 412], [412, 396]]}, {""poligono_xy"": [[556, 420], [584, 408], [608, 424], [616, 448], [592, 464], [564, 448]]}]","Imagem de microscopia de campo claro com células de formato variado, possivelmente leveduras ou bactérias, com baixo contraste e algumas sobreposições. A imagem apresenta ruído de fundo e alguns detritos."
2022_03_21_11_04_57_40.bmp,C:\Users\sthem\OneDrive\Documentos\GitHub\master-2025\7-gemini\train\2022_03_21_11_04_57_40.bmp,"[{""poligono_xy"": [[22, 13], [32, 11], [39, 15], [38, 22], [30, 25], [22, 22]]}, {""poligono_xy"": [[78, 120], [92, 115], [102, 125], [98, 138], [85, 140]]}, {""poligono_xy"": [[150, 220], [165, 212], [178, 225], [175, 240], [160, 245], [148, 235]]}, {""poligono_xy"": [[220, 50], [230, 42], [245, 50], [242, 60], [228, 65], [218, 58]]}, {""poligono_xy"": [[270, 180], [285, 170], [295, 180], [290, 195], [275, 200], [265, 190]]}, {""poligono_xy"": [[330, 80], [345, 75], [360, 90], [355, 100], [340, 95], [325, 90]]}, {""poligono_xy"": [[390, 20], [400, 15], [410, 25], [405, 35], [395, 30]]}, {""poligono_xy"": [[450, 150], [465, 140], [480, 155], [475, 170], [460, 165], [445, 160]]}, {""poligono_xy"": [[510, 70], [525, 60], [535, 70], [530, 85], [515, 85]]}, {""poligono_xy"": [[580, 220], [595, 210], [610, 220], [605, 235], [590, 240], [575, 230]]}, {""poligono_xy"": [[100, 20], [110, 15], [118, 22], [115, 30], [105, 30]]}, {""poligono_xy"": [[50, 200], [60, 195], [70, 205], [68, 215], [58, 218]]}, {""poligono_xy"": [[180, 20], [188, 12], [195, 18], [192, 28], [185, 30]]}, {""poligono_xy"": [[250, 250], [260, 240], [270, 250], [265, 265], [255, 265]]}, {""poligono_xy"": [[310, 150], [320, 142], [330, 150], [328, 160], [318, 160]]}, {""poligono_xy"": [[370, 250], [380, 245], [390, 255], [385, 270], [375, 265]]}, {""poligono_xy"": [[430, 40], [440, 30], [450, 40], [445, 50], [435, 48]]}, {""poligono_xy"": [[490, 210], [500, 200], [510, 210], [505, 225], [495, 220]]}, {""poligono_xy"": [[550, 90], [560, 80], [570, 90], [565, 105], [555, 100]]}, {""poligono_xy"": [[610, 50], [620, 40], [630, 50], [625, 65], [615, 60]]}]","Imagem de microscopia de campo claro com células de formato variado, possivelmente leveduras, com baixo contraste e alguma sobreposição. A imagem apresenta ruído de fundo e alguns detritos."
2022_03_21_11_04_59_07.bmp,C:\Users\sthem\OneDrive\Documentos\GitHub\master-2025\7-gemini\train\2022_03_21_11_04_59_07.bmp,"[{""poligono_xy"": [[22, 15], [40, 10], [50, 20], [40, 30], [20, 25]]}, {""poligono_xy"": [[28, 280], [45, 275], [55, 290], [48, 305], [30, 300]]}, {""poligono_xy"": [[80, 105], [100, 100], [110, 115], [100, 130], [85, 125]]}, {""poligono_xy"": [[120, 285], [140, 280], [155, 300], [145, 315], [125, 310]]}, {""poligono_xy"": [[180, 40], [200, 30], [215, 45], [205, 60], [185, 50]]}, {""poligono_xy"": [[230, 130], [250, 120], [265, 140], [255, 155], [235, 145]]}, {""poligono_xy"": [[280, 25], [300, 20], [310, 35], [300, 50], [285, 40]]}, {""poligono_xy"": [[330, 220], [350, 210], [365, 230], [355, 245], [335, 235]]}, {""poligono_xy"": [[390, 55], [410, 50], [420, 70], [410, 85], [395, 75]]}, {""poligono_xy"": [[440, 280], [460, 270], [475, 290], [465, 305], [445, 295]]}, {""poligono_xy"": [[500, 80], [520, 70], [535, 90], [525, 105], [505, 95]]}, {""poligono_xy"": [[550, 200], [570, 190], [585, 210], [575, 225], [555, 215]]}, {""poligono_xy"": [[600, 20], [620, 10], [635, 30], [625, 45], [605, 35]]}, {""poligono_xy"": [[660, 260], [680, 250], [695, 270], [685, 285], [665, 275]]}, {""poligono_xy"": [[720, 90], [740, 80], [755, 100], [745, 115], [725, 105]]}, {""poligono_xy"": [[770, 180], [790, 170], [805, 190], [795, 205], [775, 195]]}]",Imagem de microscopia de campo claro com células de formato e contraste variáveis. A imagem apresenta algum ruído de fundo e os limites celulares podem ser difusos em alguns casos.
2022_03_21_11_05_00_75.bmp,C:\Users\sthem\OneDrive\Documentos\GitHub\master-2025\7-gemini\train\2022_03_21_11_05_00_75.bmp,"[{""poligono_xy"": [[78, 68], [92, 56], [108, 58], [118, 72], [110, 86], [94, 82]]}, {""poligono_xy"": [[42, 308], [60, 298], [74, 306], [78, 322], [62, 334], [44, 328]]}, {""poligono_xy"": [[280, 366], [296, 354], [316, 358], [328, 374], [318, 390], [294, 384]]}, {""poligono_xy"": [[150, 382], [170, 370], [188, 376], [200, 392], [186, 408], [162, 404]]}, {""poligono_xy"": [[380, 586], [396, 570], [420, 574], [436, 594], [424, 612], [398, 604]]}, {""poligono_xy"": [[668, 606], [690, 598], [712, 608], [716, 626], [696, 634], [670, 626]]}, {""poligono_xy"": [[764, 708], [782, 694], [804, 700], [816, 718], [802, 734], [774, 728]]}, {""poligono_xy"": [[884, 266], [902, 250], [928, 258], [940, 278], [922, 296], [894, 286]]}, {""poligono_xy"": [[204, 198], [228, 176], [260, 186], [276, 212], [254, 236], [216, 224]]}, {""poligono_xy"": [[58, 548], [84, 526], [114, 542], [124, 570], [100, 592], [66, 578]]}, {""poligono_xy"": [[758, 388], [788, 362], [826, 382], [838, 414], [810, 436], [768, 418]]}, {""poligono_xy"": [[662, 204], [690, 180], [726, 196], [742, 226], [716, 250], [678, 232]]}, {""poligono_xy"": [[502, 126], [530, 100], [566, 114], [584, 144], [556, 170], [518, 154]]}, {""poligono_xy"": [[364, 280], [388, 258], [418, 270], [430, 296], [406, 316], [372, 302]]}, {""poligono_xy"": [[202, 662], [230, 638], [264, 656], [278, 686], [248, 708], [210, 692]]}]","Imagem de microscopia de campo claro com células de formato variado, possivelmente leveduras e bactérias, com baixo contraste e alguma quantidade de debris. A imagem apresenta um fundo cinza relativamente uniforme."
2022_03_21_11_05_02_42.bmp,C:\Users\sthem\OneDrive\Documentos\GitHub\master-2025\7-gemini\train\2022_03_21_11_05_02_42.bmp,"[{""poligono_xy"": [[170, 352], [185, 335], [202, 322], [220, 315], [238, 318], [252, 330], [255, 348], [245, 362], [228, 370], [208, 368], [190, 360]]}, {""poligono_xy"": [[35, 365], [45, 348], [60, 338], [78, 340], [88, 355], [85, 372], [70, 385], [50, 385], [38, 378]]}, {""poligono_xy"": [[525, 500], [540, 485], [558, 478], [575, 485], [585, 500], [580, 518], [565, 530], [545, 528], [530, 515]]}, {""poligono_xy"": [[705, 90], [720, 78], [738, 70], [755, 75], [765, 90], [760, 105], [745, 115], [725, 110], [712, 100]]}, {""poligono_xy"": [[250, 570], [265, 555], [285, 545], [305, 550], [318, 565], [315, 580], [298, 595], [275, 590], [260, 578]]}, {""poligono_xy"": [[880, 555], [895, 540], [910, 530], [925, 535], [935, 550], [930, 570], [915, 580], [900, 575], [885, 565]]}, {""poligono_xy"": [[480, 230], [495, 215], [515, 205], [535, 210], [545, 225], [540, 240], [525, 250], [500, 245], [488, 235]]}, {""poligono_xy"": [[345, 505], [360, 495], [375, 490], [390, 500], [398, 515], [390, 530], [375, 535], [360, 530], [350, 518]]}, {""poligono_xy"": [[150, 180], [165, 165], [180, 158], [195, 165], [205, 175], [200, 190], [185, 200], [165, 195], [155, 185]]}, {""poligono_xy"": [[505, 405], [525, 395], [545, 390], [560, 400], [565, 415], [555, 430], [535, 435], [515, 430], [508, 418]]}, {""poligono_xy"": [[50, 80], [60, 65], [75, 55], [90, 60], [100, 75], [95, 90], [80, 100], [65, 95], [55, 85]]}, {""poligono_xy"": [[490, 50], [500, 35], [515, 25], [530, 30], [540, 45], [535, 60], [520, 70], [505, 65], [495, 55]]}]",Imagem de microscopia de campo claro com células de formato aproximadamente circular. Baixo contraste e presença de artefatos. Possível presença de debris ou pequenas vesículas.
2022_03_21_11_05_05_77.bmp,C:\Users\sthem\OneDrive\Documentos\GitHub\master-2025\7-gemini\train\2022_03_21_11_05_05_77.bmp,"[{""poligono_xy"": [[120, 145], [135, 130], [150, 130], [165, 145], [165, 160], [150, 175], [135, 175], [120, 160]]}, {""poligono_xy"": [[130, 370], [150, 355], [170, 360], [180, 380], [170, 400], [150, 405], [130, 390]]}, {""poligono_xy"": [[370, 400], [385, 390], [400, 390], [410, 400], [410, 415], [400, 425], [385, 425], [370, 415]]}, {""poligono_xy"": [[450, 580], [470, 565], [490, 570], [505, 590], [495, 610], [470, 615], [455, 600]]}, {""poligono_xy"": [[580, 680], [600, 670], [620, 675], [635, 695], [630, 715], [610, 725], [590, 720]]}, {""poligono_xy"": [[700, 700], [720, 685], [740, 690], [755, 710], [750, 730], [730, 745], [710, 740]]}, {""poligono_xy"": [[850, 90], [870, 75], [890, 80], [905, 100], [900, 120], [880, 135], [860, 130]]}, {""poligono_xy"": [[890, 250], [910, 235], [930, 240], [945, 260], [940, 280], [920, 295], [900, 290]]}, {""poligono_xy"": [[720, 480], [740, 465], [760, 470], [775, 490], [770, 510], [750, 525], [730, 520]]}, {""poligono_xy"": [[280, 600], [300, 585], [320, 590], [335, 610], [330, 630], [310, 645], [290, 640]]}, {""poligono_xy"": [[100, 780], [120, 765], [140, 770], [155, 790], [150, 810], [130, 825], [110, 820]]}, {""poligono_xy"": [[40, 900], [60, 885], [80, 890], [95, 910], [90, 930], [70, 945], [50, 940]]}]","Imagem de microscopia de campo claro com células de formato aproximadamente circular, possivelmente leveduras, com baixo contraste e variabilidade de tamanho. Presença de ruído e artefatos."
2022_03_21_11_05_09_12.bmp,C:\Users\sthem\OneDrive\Documentos\GitHub\master-2025\7-gemini\val\2022_03_21_11_05_09_12.bmp,"[{""poligono_xy"": [[28, 32], [48, 22], [60, 28], [64, 44], [52, 56], [32, 50]]}, {""poligono_xy"": [[88, 88], [104, 80], [120, 88], [124, 108], [104, 116], [84, 108]]}, {""poligono_xy"": [[156, 40], [180, 36], [196, 48], [196, 72], [176, 80], [152, 72]]}, {""poligono_xy"": [[220, 244], [240, 236], [260, 248], [268, 272], [252, 284], [228, 276]]}, {""poligono_xy"": [[284, 52], [304, 44], [324, 56], [328, 80], [300, 92], [276, 76]]}, {""poligono_xy"": [[352, 428], [376, 416], [400, 432], [408, 460], [384, 476], [356, 456]]}, {""poligono_xy"": [[408, 100], [432, 88], [452, 104], [460, 128], [436, 140], [408, 128]]}, {""poligono_xy"": [[468, 284], [492, 272], [516, 292], [524, 316], [500, 332], [472, 316]]}, {""poligono_xy"": [[536, 84], [560, 76], [580, 92], [588, 116], [568, 128], [540, 112]]}, {""poligono_xy"": [[608, 444], [636, 432], [660, 452], [672, 480], [648, 496], [616, 476]]}, {""poligono_xy"": [[672, 140], [696, 124], [716, 144], [724, 172], [700, 188], [672, 168]]}, {""poligono_xy"": [[740, 308], [768, 296], [792, 316], [800, 344], [772, 360], [744, 340]]}, {""poligono_xy"": [[820, 60], [844, 48], [868, 68], [876, 96], [852, 108], [824, 92]]}, {""poligono_xy"": [[892, 476], [920, 460], [944, 484], [956, 516], [928, 532], [896, 508]]}, {""poligono_xy"": [[952, 180], [980, 164], [1008, 188], [1020, 216], [992, 232], [956, 212]]}]","Imagem de microscopia de campo claro com células de formato variado, possivelmente leveduras, com baixo contraste e alguma sobreposição. Presença de pequenos detritos e ruído de fundo."
2022_03_21_11_05_10_79.bmp,C:\Users\sthem\OneDrive\Documentos\GitHub\master-2025\7-gemini\val\2022_03_21_11_05_10_79.bmp,"[{""poligono_xy"": [[170, 250], [190, 250], [195, 270], [190, 290], [170, 290], [165, 270]]}, {""poligono_xy"": [[150, 100], [170, 100], [175, 115], [170, 130], [150, 130], [145, 115]]}, {""poligono_xy"": [[250, 150], [280, 140], [290, 160], [280, 180], [250, 170], [240, 160]]}, {""poligono_xy"": [[350, 200], [370, 200], [380, 220], [370, 240], [350, 240], [340, 220]]}, {""poligono_xy"": [[450, 50], [470, 50], [480, 70], [470, 90], [450, 90], [440, 70]]}, {""poligono_xy"": [[550, 250], [570, 250], [580, 270], [570, 290], [550, 290], [540, 270]]}, {""poligono_xy"": [[650, 100], [670, 100], [680, 120], [670, 140], [650, 140], [640, 120]]}, {""poligono_xy"": [[750, 200], [770, 200], [780, 220], [770, 240], [750, 240], [740, 220]]}, {""poligono_xy"": [[80, 350], [100, 340], [110, 360], [100, 380], [80, 370], [70, 360]]}, {""poligono_xy"": [[700, 350], [720, 350], [730, 370], [720, 390], [700, 390], [690, 370]]}, {""poligono_xy"": [[480, 400], [500, 400], [510, 420], [500, 440], [480, 440], [470, 420]]}, {""poligono_xy"": [[200, 450], [220, 450], [230, 470], [220, 490], [200, 490], [190, 470]]}, {""poligono_xy"": [[50, 480], [70, 480], [80, 500], [70, 520], [50, 520], [40, 500]]}]","Imagem de microscopia de campo claro com células de formato e contraste variáveis, possivelmente leveduras ou bactérias, em meio líquido. A imagem apresenta algum ruído de fundo e artefatos."
2022_03_21_11_05_14_14.bmp,C:\Users\sthem\OneDrive\Documentos\GitHub\master-2025\7-gemini\val\2022_03_21_11_05_14_14.bmp,"[{""poligono_xy"": [[230, 270], [245, 270], [250, 280], [250, 290], [240, 295], [230, 295], [225, 290], [225, 280]]}, {""poligono_xy"": [[280, 50], [295, 50], [305, 60], [305, 75], [295, 80], [280, 80], [270, 70], [270, 60]]}, {""poligono_xy"": [[290, 360], [310, 360], [320, 375], [320, 390], [305, 400], [290, 400], [280, 390], [280, 375]]}, {""poligono_xy"": [[450, 400], [470, 400], [480, 410], [480, 425], [470, 435], [450, 435], [440, 425], [440, 410]]}, {""poligono_xy"": [[500, 120], [520, 120], [530, 135], [530, 150], [515, 160], [500, 160], [490, 150], [490, 135]]}, {""poligono_xy"": [[580, 20], [600, 20], [610, 30], [610, 45], [595, 55], [580, 55], [570, 45], [570, 30]]}, {""poligono_xy"": [[650, 470], [670, 470], [680, 485], [680, 500], [665, 510], [650, 510], [640, 500], [640, 485]]}, {""poligono_xy"": [[720, 140], [740, 140], [750, 155], [750, 170], [735, 180], [720, 180], [710, 170], [710, 155]]}, {""poligono_xy"": [[120, 50], [140, 50], [150, 65], [150, 80], [135, 90], [120, 90], [110, 80], [110, 65]]}, {""poligono_xy"": [[40, 480], [60, 480], [70, 495], [70, 510], [55, 520], [40, 520], [30, 510], [30, 495]]}]",Imagem de microscopia de campo claro com células esféricas de baixo contraste em um fundo com ruído. A imagem apresenta artefatos e algumas células estão fora de foco.
2022_03_21_11_05_15_81.bmp,C:\Users\sthem\OneDrive\Documentos\GitHub\master-2025\7-gemini\val\2022_03_21_11_05_15_81.bmp,"[{""poligono_xy"": [[62, 70], [82, 62], [95, 75], [90, 92], [70, 100], [55, 90]]}, {""poligono_xy"": [[240, 50], [265, 45], [285, 60], [280, 80], [255, 90], [230, 80]]}, {""poligono_xy"": [[170, 220], [190, 210], [210, 225], [210, 245], [190, 260], [170, 245]]}, {""poligono_xy"": [[355, 360], [375, 350], [395, 360], [395, 385], [375, 400], [350, 385]]}, {""poligono_xy"": [[280, 550], [300, 540], [320, 550], [320, 575], [300, 590], [280, 575]]}, {""poligono_xy"": [[50, 600], [70, 590], [90, 605], [90, 630], [70, 645], [50, 630]]}, {""poligono_xy"": [[150, 700], [170, 690], [190, 700], [190, 720], [170, 735], [150, 720]]}, {""poligono_xy"": [[450, 720], [470, 710], [490, 720], [490, 740], [470, 755], [450, 740]]}, {""poligono_xy"": [[270, 780], [290, 770], [310, 780], [310, 800], [290, 810], [270, 800]]}, {""poligono_xy"": [[400, 850], [420, 840], [440, 850], [440, 870], [420, 880], [400, 870]]}]",Imagem de microscopia de campo claro com células esféricas de baixo contraste em um fundo cinza. A imagem apresenta ruído e alguns artefatos. Possível presença de debris.
2022_03_21_11_05_17_48.bmp,C:\Users\sthem\OneDrive\Documentos\GitHub\master-2025\7-gemini\val\2022_03_21_11_05_17_48.bmp,"[{""poligono_xy"": [[24, 25], [38, 21], [48, 28], [42, 39], [29, 42]]}, {""poligono_xy"": [[86, 86], [105, 84], [116, 96], [110, 110], [90, 113]]}, {""poligono_xy"": [[150, 40], [165, 30], [180, 40], [175, 55], [158, 58]]}, {""poligono_xy"": [[200, 105], [215, 95], [230, 105], [225, 120], [205, 120]]}, {""poligono_xy"": [[280, 20], [285, 5], [295, 5], [300, 20], [295, 35], [285, 35]]}, {""poligono_xy"": [[285, 80], [300, 70], [315, 85], [310, 100], [290, 100]]}, {""poligono_xy"": [[350, 150], [370, 140], [385, 155], [380, 175], [360, 175]]}, {""poligono_xy"": [[400, 50], [415, 40], [430, 50], [425, 65], [405, 65]]}, {""poligono_xy"": [[450, 100], [470, 90], [490, 110], [480, 130], [455, 125]]}, {""poligono_xy"": [[500, 20], [510, 10], [520, 20], [515, 35], [505, 30]]}, {""poligono_xy"": [[530, 160], [545, 150], [560, 165], [555, 180], [535, 180]]}, {""poligono_xy"": [[180, 170], [190, 160], [200, 170], [195, 185], [185, 180]]}, {""poligono_xy"": [[50, 170], [65, 160], [80, 175], [70, 195], [55, 190]]}]","Imagem de microscopia de campo claro com células de formato variado, possivelmente leveduras ou bactérias, com baixo contraste e alguns detritos no fundo. A imagem apresenta um nível de ruído que dificulta a segmentação precisa."
2022_03_21_11_05_19_16.bmp,C:\Users\sthem\OneDrive\Documentos\GitHub\master-2025\7-gemini\val\2022_03_21_11_05_19_16.bmp,"[{""poligono_xy"": [[27, 22], [47, 14], [65, 18], [75, 32], [68, 46], [50, 50], [32, 42]]}, {""poligono_xy"": [[100, 155], [125, 150], [145, 160], [150, 180], [135, 195], [110, 190]]}, {""poligono_xy"": [[405, 450], [430, 440], [455, 450], [465, 470], [450, 490], [420, 495], [400, 480]]}, {""poligono_xy"": [[40, 455], [60, 445], [85, 455], [95, 475], [80, 495], [55, 490]]}, {""poligono_xy"": [[155, 10], [180, 5], [200, 15], [205, 30], [185, 40], [160, 30]]}, {""poligono_xy"": [[250, 20], [270, 15], [290, 25], [295, 45], [275, 55], [255, 45]]}, {""poligono_xy"": [[355, 35], [375, 25], [395, 35], [400, 50], [380, 65], [355, 50]]}, {""poligono_xy"": [[10, 270], [30, 260], [50, 275], [55, 295], [40, 310], [15, 300]]}, {""poligono_xy"": [[150, 250], [175, 240], [200, 255], [205, 280], [180, 295], [155, 280]]}, {""poligono_xy"": [[280, 420], [305, 410], [330, 425], [340, 450], [315, 465], [290, 450]]}, {""poligono_xy"": [[5, 45], [25, 35], [40, 50], [40, 70], [20, 85], [0, 70]]}, {""poligono_xy"": [[90, 80], [110, 70], [135, 90], [140, 115], [115, 130], [90, 115]]}, {""poligono_xy"": [[230, 120], [255, 110], [280, 130], [290, 155], [260, 170], [230, 150]]}, {""poligono_xy"": [[350, 200], [380, 185], [410, 205], [420, 235], [390, 255], [355, 235]]}, {""poligono_xy"": [[460, 105], [490, 90], [520, 110], [530, 140], [500, 160], [465, 140]]}, {""poligono_xy"": [[105, 380], [135, 365], [165, 385], [175, 415], [145, 435], [110, 410]]}, {""poligono_xy"": [[255, 305], [285, 290], [315, 310], [325, 340], [295, 360], [260, 335]]}]","Imagem de microscopia de campo claro com células de formato ovalado, possivelmente leveduras, com baixo contraste e algumas sobrepostas. Presença de detritos e ruído de fundo."
2022_03_21_11_05_20_83.bmp,C:\Users\sthem\OneDrive\Documentos\GitHub\master-2025\7-gemini\val\2022_03_21_11_05_20_83.bmp,"[{""poligono_xy"": [[28, 22], [48, 14], [65, 22], [60, 38], [35, 45], [20, 35]]}, {""poligono_xy"": [[88, 8], [115, 5], [135, 18], [130, 38], [100, 48], [80, 38]]}, {""poligono_xy"": [[18, 128], [32, 115], [48, 125], [45, 140], [25, 150], [12, 140]]}, {""poligono_xy"": [[75, 160], [90, 148], [105, 155], [100, 170], [82, 180], [70, 172]]}, {""poligono_xy"": [[155, 105], [180, 95], [200, 105], [195, 125], [170, 135], [150, 125]]}, {""poligono_xy"": [[220, 25], [240, 15], [260, 25], [255, 40], [230, 48], [215, 40]]}, {""poligono_xy"": [[270, 80], [290, 65], [315, 80], [310, 100], [285, 110], [265, 100]]}, {""poligono_xy"": [[355, 15], [380, 5], [400, 15], [390, 30], [365, 38], [350, 30]]}, {""poligono_xy"": [[340, 150], [360, 135], [380, 145], [375, 165], [355, 175], [340, 165]]}, {""poligono_xy"": [[400, 100], [420, 90], [440, 105], [435, 125], [415, 130], [400, 120]]}, {""poligono_xy"": [[460, 20], [475, 10], [490, 20], [485, 35], [470, 40], [460, 30]]}, {""poligono_xy"": [[450, 170], [470, 160], [490, 170], [485, 190], [465, 200], [450, 190]]}, {""poligono_xy"": [[120, 200], [140, 190], [160, 205], [155, 225], [130, 230], [115, 220]]}, {""poligono_xy"": [[210, 185], [230, 175], [250, 185], [245, 200], [225, 210], [210, 200]]}, {""poligono_xy"": [[285, 210], [305, 200], [320, 210], [315, 225], [295, 235], [280, 225]]}]","Imagem de microscopia de campo claro com células de formato ovalado, possivelmente leveduras, com baixo contraste e algumas fora de foco. Presença de pequenos detritos e ruído de fundo."
2022_03_21_11_05_22_50.bmp,C:\Users\sthem\OneDrive\Documentos\GitHub\master-2025\7-gemini\val\2022_03_21_11_05_22_50.bmp,"[{""poligono_xy"": [[52, 56], [68, 44], [80, 48], [88, 64], [76, 78], [60, 74]]}, {""poligono_xy"": [[112, 164], [130, 150], [146, 156], [156, 174], [144, 190], [124, 184]]}, {""poligono_xy"": [[180, 252], [198, 236], [220, 244], [232, 264], [216, 282], [190, 274]]}, {""poligono_xy"": [[252, 106], [270, 94], [290, 100], [304, 120], [288, 136], [264, 128]]}, {""poligono_xy"": [[316, 326], [336, 312], [358, 320], [370, 342], [352, 360], [328, 350]]}, {""poligono_xy"": [[390, 44], [408, 30], [430, 36], [444, 56], [426, 72], [402, 64]]}, {""poligono_xy"": [[444, 168], [462, 154], [484, 164], [498, 186], [478, 204], [454, 192]]}, {""poligono_xy"": [[488, 284], [508, 268], [532, 278], [546, 300], [526, 320], [500, 308]]}, {""poligono_xy"": [[564, 84], [584, 70], [606, 78], [620, 98], [602, 116], [576, 106]]}, {""poligono_xy"": [[628, 212], [650, 196], [674, 208], [690, 230], [670, 250], [644, 236]]}, {""poligono_xy"": [[696, 356], [718, 338], [744, 350], [760, 376], [740, 396], [712, 382]]}, {""poligono_xy"": [[752, 124], [774, 106], [798, 118], [814, 142], [792, 160], [764, 146]]}, {""poligono_xy"": [[844, 244], [864, 228], [888, 240], [902, 264], [880, 282], [854, 270]]}, {""poligono_xy"": [[920, 52], [940, 36], [964, 46], [980, 70], [960, 88], [932, 76]]}, {""poligono_xy"": [[884, 88], [900, 72], [916, 78], [926, 94], [910, 108], [890, 100]]}]","Imagem de microscopia de campo claro com células de formato e contraste variáveis. A qualidade da imagem é moderada, com presença de ruído de fundo."
2022_03_21_11_05_24_18.bmp,C:\Users\sthem\OneDrive\Documentos\GitHub\master-2025\7-gemini\val\2022_03_21_11_05_24_18.bmp,"[{""poligono_xy"": [[92, 352], [112, 332], [132, 322], [152, 322], [162, 332], [162, 352], [152, 372], [132, 372], [102, 362]]}, {""poligono_xy"": [[82, 72], [102, 62], [122, 52], [142, 52], [162, 62], [172, 82], [162, 102], [142, 112], [112, 112], [92, 102]]}, {""poligono_xy"": [[377, 377], [407, 367], [437, 357], [457, 357], [477, 377], [477, 407], [457, 427], [427, 427], [407, 417]]}, {""poligono_xy"": [[272, 42], [292, 32], [312, 32], [332, 42], [332, 62], [312, 72], [292, 72], [272, 62]]}, {""poligono_xy"": [[47, 17], [67, 7], [97, 7], [117, 17], [117, 47], [87, 67], [57, 57], [47, 47]]}, {""poligono_xy"": [[207, 447], [237, 437], [267, 427], [287, 417], [297, 417], [307, 427], [317, 447], [307, 457], [287, 467], [257, 467], [237, 457]]}, {""poligono_xy"": [[472, 672], [492, 662], [512, 652], [532, 652], [542, 662], [552, 672], [542, 692], [522, 702], [502, 702], [482, 692]]}, {""poligono_xy"": [[667, 472], [687, 452], [707, 442], [727, 442], [747, 452], [757, 472], [747, 492], [727, 502], [707, 502], [677, 492]]}, {""poligono_xy"": [[332, 662], [352, 642], [382, 632], [402, 632], [422, 642], [432, 662], [422, 682], [392, 692], [362, 692], [342, 682]]}, {""poligono_xy"": [[197, 207], [217, 197], [247, 187], [277, 187], [297, 197], [317, 207], [307, 227], [277, 247], [247, 247], [217, 237]]}, {""poligono_xy"": [[402, 257], [422, 237], [452, 227], [472, 227], [492, 237], [502, 257], [492, 277], [462, 287], [432, 287], [412, 277]]}, {""poligono_xy"": [[587, 337], [607, 327], [627, 317], [647, 317], [667, 327], [677, 347], [667, 367], [647, 377], [627, 377], [607, 367]]}]","Imagem de microscopia de campo claro com células de formato variado, possivelmente leveduras ou bactérias, com baixo contraste e algum ruído de fundo. A imagem apresenta artefatos de halo."
2022_03_21_11_05_25_85.bmp,C:\Users\sthem\OneDrive\Documentos\GitHub\master-2025\7-gemini\val\2022_03_21_11_05_25_85.bmp,"[{""poligono_xy"": [[72, 82], [88, 70], [100, 78], [102, 92], [90, 102], [74, 96]]}, {""poligono_xy"": [[36, 278], [56, 270], [72, 282], [74, 300], [60, 314], [40, 304]]}, {""poligono_xy"": [[114, 362], [138, 354], [156, 364], [162, 382], [146, 398], [124, 386]]}, {""poligono_xy"": [[178, 106], [196, 96], [218, 108], [224, 128], [204, 142], [182, 130]]}, {""poligono_xy"": [[288, 296], [312, 284], [332, 298], [340, 318], [318, 336], [294, 320]]}, {""poligono_xy"": [[398, 52], [420, 44], [442, 58], [446, 78], [428, 90], [402, 76]]}, {""poligono_xy"": [[458, 570], [486, 558], [510, 574], [518, 596], [498, 612], [468, 596]]}, {""poligono_xy"": [[552, 680], [578, 666], [600, 682], [608, 704], [584, 720], [556, 700]]}, {""poligono_xy"": [[600, 488], [620, 474], [642, 490], [650, 512], [626, 528], [602, 510]]}, {""poligono_xy"": [[704, 80], [728, 64], [754, 82], [764, 106], [738, 120], [708, 100]]}, {""poligono_xy"": [[790, 782], [812, 766], [836, 784], [844, 808], [818, 824], [792, 806]]}, {""poligono_xy"": [[860, 220], [882, 206], [904, 224], [910, 246], [886, 260], [862, 242]]}, {""poligono_xy"": [[150, 700], [170, 690], [188, 704], [194, 724], [172, 738], [152, 722]]}, {""poligono_xy"": [[196, 186], [210, 172], [226, 182], [230, 198], [214, 210], [198, 200]]}]","Imagem de microscopia de campo claro com células esféricas de baixo contraste, possivelmente leveduras, em diferentes estágios do ciclo celular. A imagem apresenta algum ruído de fundo e artefatos."
2022_03_21_11_05_29_20.bmp,C:\Users\sthem\OneDrive\Documentos\GitHub\master-2025\7-gemini\val\2022_03_21_11_05_29_20.bmp,"[{""poligono_xy"": [[130, 135], [145, 125], [160, 130], [155, 145], [140, 150]]}, {""poligono_xy"": [[200, 25], [215, 20], [225, 30], [220, 40], [205, 35]]}, {""poligono_xy"": [[280, 175], [295, 170], [310, 180], [305, 195], [290, 195]]}, {""poligono_xy"": [[355, 55], [370, 50], [380, 60], [375, 70], [360, 70]]}, {""poligono_xy"": [[420, 205], [435, 200], [450, 210], [440, 220], [425, 215]]}, {""poligono_xy"": [[490, 85], [505, 80], [515, 90], [510, 100], [495, 95]]}, {""poligono_xy"": [[565, 155], [580, 150], [590, 160], [585, 175], [570, 170]]}, {""poligono_xy"": [[620, 225], [640, 215], [655, 225], [650, 240], [630, 245]]}, {""poligono_xy"": [[180, 250], [195, 240], [210, 250], [200, 265], [185, 260]]}, {""poligono_xy"": [[250, 100], [270, 90], [285, 105], [275, 120], [260, 115]]}, {""poligono_xy"": [[320, 280], [340, 270], [355, 285], [345, 300], [330, 295]]}, {""poligono_xy"": [[390, 125], [405, 115], [420, 125], [410, 140], [395, 135]]}, {""poligono_xy"": [[460, 20], [475, 15], [485, 25], [480, 35], [465, 30]]}, {""poligono_xy"": [[530, 265], [545, 260], [560, 270], [555, 285], [540, 280]]}, {""poligono_xy"": [[600, 95], [615, 90], [625, 100], [620, 110], [605, 105]]}]",Imagem de microscopia de campo claro com células de formato e contraste variáveis. A imagem apresenta algum ruído de fundo e possíveis detritos. As células parecem ser predominantemente elípticas ou circulares.
2022_03_21_11_05_30_88.bmp,C:\Users\sthem\OneDrive\Documentos\GitHub\master-2025\7-gemini\val\2022_03_21_11_05_30_88.bmp,"[{""poligono_xy"": [[130, 220], [145, 220], [150, 230], [150, 240], [140, 245], [130, 245], [125, 240], [125, 230]]}, {""poligono_xy"": [[200, 100], [215, 100], [220, 110], [220, 115], [210, 120], [200, 120], [195, 115], [195, 110]]}, {""poligono_xy"": [[250, 350], [265, 350], [270, 360], [270, 370], [260, 375], [250, 375], [245, 370], [245, 360]]}, {""poligono_xy"": [[300, 150], [310, 150], [315, 160], [315, 170], [310, 175], [300, 175], [295, 170], [295, 160]]}, {""poligono_xy"": [[380, 50], [390, 50], [395, 60], [395, 70], [390, 75], [380, 75], [375, 70], [375, 60]]}, {""poligono_xy"": [[420, 280], [435, 280], [440, 290], [440, 300], [430, 305], [420, 305], [415, 300], [415, 290]]}, {""poligono_xy"": [[480, 180], [490, 180], [495, 190], [495, 200], [490, 205], [480, 205], [475, 200], [475, 190]]}, {""poligono_xy"": [[540, 80], [550, 80], [555, 90], [555, 100], [550, 105], [540, 105], [535, 100], [535, 90]]}, {""poligono_xy"": [[590, 380], [605, 380], [610, 390], [610, 400], [600, 405], [590, 405], [585, 400], [585, 390]]}, {""poligono_xy"": [[50, 380], [70, 360], [80, 370], [70, 400], [50, 410]]}, {""poligono_xy"": [[100, 80], [110, 70], [130, 80], [120, 100], [100, 100]]}]","Imagem de microscopia de campo claro com células de formato ovalado, possivelmente leveduras, com baixo contraste e alguns detritos no fundo. A imagem apresenta ruído e as células variam em tamanho e intensidade."
2022_03_21_11_05_32_54.bmp,C:\Users\sthem\OneDrive\Documentos\GitHub\master-2025\7-gemini\val\2022_03_21_11_05_32_54.bmp,"[{""poligono_xy"": [[170, 350], [195, 350], [200, 370], [195, 390], [170, 390], [165, 370]]}, {""poligono_xy"": [[290, 40], [310, 40], [315, 55], [310, 70], [290, 70], [285, 55]]}, {""poligono_xy"": [[355, 210], [375, 210], [380, 230], [375, 250], [355, 250], [350, 230]]}, {""poligono_xy"": [[450, 60], [470, 60], [475, 75], [470, 90], [450, 90], [445, 75]]}, {""poligono_xy"": [[490, 270], [510, 270], [515, 290], [510, 310], [490, 310], [485, 290]]}, {""poligono_xy"": [[580, 120], [600, 120], [605, 140], [600, 160], [580, 160], [575, 140]]}, {""poligono_xy"": [[640, 20], [660, 20], [665, 40], [660, 60], [640, 60], [635, 40]]}, {""poligono_xy"": [[700, 350], [720, 350], [725, 370], [720, 390], [700, 390], [695, 370]]}, {""poligono_xy"": [[780, 100], [800, 100], [805, 120], [800, 140], [780, 140], [775, 120]]}, {""poligono_xy"": [[840, 280], [860, 280], [865, 300], [860, 320], [840, 320], [835, 300]]}, {""poligono_xy"": [[910, 400], [930, 400], [935, 420], [930, 440], [910, 440], [905, 420]]}, {""poligono_xy"": [[50, 100], [75, 85], [90, 110], [75, 135], [50, 120]]}, {""poligono_xy"": [[100, 20], [130, 20], [135, 45], [130, 70], [100, 70], [95, 45]]}, {""poligono_xy"": [[70, 450], [100, 440], [115, 470], [100, 500], [70, 490]]}, {""poligono_xy"": [[920, 80], [940, 70], [950, 90], [950, 110], [930, 120], [910, 100]]}]","Imagem de microscopia de campo claro com células de formato e contraste variáveis, possivelmente leveduras ou células sanguíneas em baixa resolução. A presença de artefatos e ruído dificulta a segmentação precisa."
2022_03_21_11_05_34_22.bmp,C:\Users\sthem\OneDrive\Documentos\GitHub\master-2025\7-gemini\val\2022_03_21_11_05_34_22.bmp,"[{""poligono_xy"": [[72, 72], [88, 60], [102, 64], [110, 78], [104, 92], [86, 90]]}, {""poligono_xy"": [[38, 458], [26, 474], [20, 486], [28, 498], [44, 502], [60, 490], [62, 474]]}, {""poligono_xy"": [[104, 150], [120, 140], [140, 146], [152, 162], [146, 180], [126, 182], [112, 170]]}, {""poligono_xy"": [[184, 48], [198, 38], [216, 42], [228, 58], [218, 74], [198, 72]]}, {""poligono_xy"": [[224, 168], [242, 152], [262, 158], [276, 176], [266, 196], [244, 192], [230, 180]]}, {""poligono_xy"": [[278, 422], [296, 408], [318, 418], [330, 438], [318, 458], [292, 456]]}, {""poligono_xy"": [[346, 70], [362, 56], [382, 62], [394, 80], [382, 98], [358, 96]]}, {""poligono_xy"": [[358, 252], [374, 238], [394, 248], [408, 268], [394, 286], [370, 280]]}, {""poligono_xy"": [[402, 484], [420, 470], [442, 478], [454, 498], [440, 516], [416, 510]]}, {""poligono_xy"": [[480, 180], [498, 166], [520, 174], [532, 194], [518, 212], [492, 204]]}, {""poligono_xy"": [[520, 356], [538, 340], [560, 350], [572, 370], [558, 390], [532, 382]]}, {""poligono_xy"": [[592, 66], [610, 52], [632, 58], [646, 78], [634, 96], [608, 90]]}, {""poligono_xy"": [[620, 496], [640, 484], [662, 492], [676, 512], [662, 530], [636, 524]]}]","Imagem de microscopia de campo claro com células esféricas, possivelmente leveduras ou células em suspensão, com baixo contraste e alguma variação de tamanho. Presença de pequenos detritos e ruído de fundo."
2022_03_21_11_05_39_25.bmp,C:\Users\sthem\OneDrive\Documentos\GitHub\master-2025\7-gemini\val\2022_03_21_11_05_39_25.bmp,"[{""poligono_xy"": [[100, 50], [120, 40], [140, 50], [130, 70], [110, 70]]}, {""poligono_xy"": [[200, 100], [220, 90], [240, 110], [230, 130], [210, 120]]}, {""poligono_xy"": [[300, 150], [320, 140], [340, 160], [330, 180], [310, 170]]}, {""poligono_xy"": [[50, 200], [70, 190], [90, 210], [80, 230], [60, 220]]}, {""poligono_xy"": [[150, 250], [170, 240], [190, 260], [180, 280], [160, 270]]}, {""poligono_xy"": [[250, 300], [270, 290], [290, 310], [280, 330], [260, 320]]}, {""poligono_xy"": [[500, 50], [520, 40], [530, 60], [510, 70]]}, {""poligono_xy"": [[600, 100], [620, 90], [640, 110], [630, 130], [610, 120]]}, {""poligono_xy"": [[700, 150], [720, 160], [710, 180], [690, 170]]}, {""poligono_xy"": [[450, 250], [470, 240], [490, 260], [480, 270], [460, 260]]}, {""poligono_xy"": [[550, 300], [570, 310], [560, 330], [540, 320]]}, {""poligono_xy"": [[650, 350], [670, 340], [690, 360], [680, 380], [660, 370]]}]","Imagem de microscopia de campo claro com células de formato aproximadamente circular/elíptico, possivelmente leveduras, com baixo contraste e algumas sobreposições. Presença de pequenos detritos e ruído de fundo."
2022_03_21_11_05_40_91.bmp,C:\Users\sthem\OneDrive\Documentos\GitHub\master-2025\7-gemini\val\2022_03_21_11_05_40_91.bmp,"[{""poligono_xy"": [[110, 70], [125, 60], [140, 65], [150, 80], [140, 95], [125, 95], [110, 85]]}, {""poligono_xy"": [[290, 55], [310, 45], [330, 50], [340, 70], [330, 90], [310, 95], [290, 80]]}, {""poligono_xy"": [[400, 240], [415, 230], [430, 235], [440, 250], [430, 270], [415, 275], [400, 260]]}, {""poligono_xy"": [[580, 610], [595, 600], [610, 605], [620, 620], [610, 640], [595, 645], [580, 630]]}, {""poligono_xy"": [[700, 480], [715, 470], [730, 475], [740, 490], [730, 510], [715, 515], [700, 500]]}, {""poligono_xy"": [[850, 60], [865, 50], [880, 55], [890, 70], [880, 90], [865, 95], [850, 80]]}, {""poligono_xy"": [[920, 650], [935, 640], [950, 645], [960, 660], [950, 680], [935, 685], [920, 670]]}, {""poligono_xy"": [[240, 550], [255, 540], [270, 545], [280, 560], [270, 580], [255, 585], [240, 570]]}, {""poligono_xy"": [[650, 200], [665, 190], [680, 195], [690, 210], [680, 230], [665, 235], [650, 220]]}, {""poligono_xy"": [[480, 580], [495, 570], [510, 575], [520, 590], [510, 610], [495, 615], [480, 600]]}]","Imagem de microscopia de campo claro com células esféricas de baixo contraste em um fundo com ruído. A imagem sugere a presença de artefatos e possíveis debris, dificultando a segmentação precisa."
2022_03_21_11_05_42_59.bmp,C:\Users\sthem\OneDrive\Documentos\GitHub\master-2025\7-gemini\val\2022_03_21_11_05_42_59.bmp,"[{""poligono_xy"": [[220, 70], [240, 60], [260, 70], [250, 90], [230, 95], [210, 85]]}, {""poligono_xy"": [[290, 275], [310, 270], [325, 285], [320, 305], [300, 310], [285, 295]]}, {""poligono_xy"": [[100, 350], [120, 340], [140, 350], [135, 370], [115, 380], [95, 365]]}, {""poligono_xy"": [[50, 420], [65, 410], [85, 425], [80, 445], [60, 455], [45, 440]]}, {""poligono_xy"": [[200, 450], [215, 440], [235, 450], [230, 470], [210, 480], [195, 465]]}, {""poligono_xy"": [[450, 500], [470, 490], [490, 505], [485, 525], [465, 535], [450, 520]]}, {""poligono_xy"": [[650, 550], [670, 545], [690, 560], [680, 580], [660, 585], [645, 570]]}, {""poligono_xy"": [[180, 180], [185, 165], [195, 155], [205, 165], [200, 180], [190, 190]]}, {""poligono_xy"": [[250, 200], [260, 190], [275, 200], [270, 215], [260, 220], [245, 210]]}, {""poligono_xy"": [[700, 220], [710, 210], [725, 220], [720, 235], [710, 240], [695, 230]]}, {""poligono_xy"": [[800, 280], [815, 270], [835, 285], [830, 305], [810, 315], [795, 295]]}, {""poligono_xy"": [[150, 550], [160, 540], [175, 555], [170, 575], [155, 580], [140, 565]]}, {""poligono_xy"": [[330, 600], [345, 590], [365, 605], [360, 625], [340, 635], [325, 615]]}, {""poligono_xy"": [[500, 100], [510, 90], [525, 100], [520, 115], [510, 120], [495, 110]]}, {""poligono_xy"": [[600, 150], [615, 140], [635, 155], [630, 175], [615, 180], [595, 165]]}]","Imagem de microscopia de campo claro com células de formato variado, possivelmente leveduras e bactérias, com baixo contraste e alguma sobreposição. A imagem apresenta ruído de fundo e alguns detritos."
2022_03_21_11_05_44_27.bmp,C:\Users\sthem\OneDrive\Documentos\GitHub\master-2025\7-gemini\val\2022_03_21_11_05_44_27.bmp,[],"Imagem de microscopia de campo claro com células esféricas de baixo contraste em um fundo com ruído. A imagem sugere a presença de artefatos e detritos, dificultando a segmentação precisa."
2022_03_21_11_05_45_94.bmp,C:\Users\sthem\OneDrive\Documentos\GitHub\master-2025\7-gemini\val\2022_03_21_11_05_45_94.bmp,"[{""poligono_xy"": [[92, 85], [108, 73], [121, 77], [129, 91], [118, 102], [101, 97]]}, {""poligono_xy"": [[185, 87], [200, 78], [218, 83], [226, 99], [213, 109], [196, 104]]}, {""poligono_xy"": [[364, 360], [378, 350], [395, 355], [405, 370], [395, 385], [375, 382]]}, {""poligono_xy"": [[460, 220], [475, 208], [495, 215], [508, 230], [498, 245], [475, 240]]}, {""poligono_xy"": [[588, 383], [605, 370], [625, 378], [638, 395], [628, 410], [605, 405]]}, {""poligono_xy"": [[705, 80], [720, 70], [740, 72], [750, 85], [740, 100], [715, 95]]}, {""poligono_xy"": [[855, 395], [875, 385], [890, 390], [900, 405], [885, 420], [865, 415]]}, {""poligono_xy"": [[270, 245], [275, 230], [290, 230], [295, 240], [290, 255], [275, 255]]}, {""poligono_xy"": [[90, 380], [105, 365], [120, 370], [125, 385], [115, 400], [95, 395]]}, {""poligono_xy"": [[255, 505], [270, 495], [285, 500], [295, 515], [280, 530], [260, 520]]}, {""poligono_xy"": [[450, 495], [470, 480], [495, 490], [510, 505], [495, 520], [465, 515]]}, {""poligono_xy"": [[80, 570], [100, 555], [120, 565], [135, 580], [120, 595], [95, 590]]}]","Imagem de microscopia de campo claro com células de formato variável, possivelmente leveduras ou bactérias, com baixo contraste e algumas fora de foco. A imagem apresenta ruído e alguns detritos."
2022_03_21_11_05_47_61.bmp,C:\Users\sthem\OneDrive\Documentos\GitHub\master-2025\7-gemini\val\2022_03_21_11_05_47_61.bmp,"[{""poligono_xy"": [[120, 155], [135, 140], [155, 140], [165, 155], [160, 170], [140, 180], [120, 170]]}, {""poligono_xy"": [[230, 250], [250, 240], [270, 250], [275, 270], [260, 285], [240, 280]]}, {""poligono_xy"": [[250, 120], [265, 110], [280, 115], [290, 130], [280, 145], [260, 145]]}, {""poligono_xy"": [[355, 280], [370, 270], [390, 275], [400, 290], [390, 305], [370, 310], [355, 300]]}, {""poligono_xy"": [[450, 30], [465, 20], [480, 25], [490, 40], [480, 55], [460, 55]]}, {""poligono_xy"": [[580, 90], [600, 80], [620, 90], [625, 110], [610, 120], [590, 115]]}, {""poligono_xy"": [[680, 280], [695, 270], [715, 275], [725, 295], [715, 310], [695, 310]]}, {""poligono_xy"": [[780, 580], [795, 570], [810, 575], [820, 590], [810, 605], [790, 605]]}, {""poligono_xy"": [[880, 680], [895, 670], [910, 675], [920, 690], [910, 705], [890, 700]]}]","Imagem de microscopia de campo claro com células de formato variado, possivelmente leveduras ou bactérias, com baixo contraste e alguns detritos no fundo. A imagem apresenta um nível de ruído que dificulta a segmentação precisa."
2022_03_21_11_05_49_29.bmp,C:\Users\sthem\OneDrive\Documentos\GitHub\master-2025\7-gemini\val\2022_03_21_11_05_49_29.bmp,"[{""poligono_xy"": [[27, 26], [42, 14], [55, 18], [62, 30], [55, 44], [40, 42], [27, 34]]}, {""poligono_xy"": [[87, 3], [105, 3], [115, 15], [112, 28], [98, 35], [85, 32], [78, 22]]}, {""poligono_xy"": [[155, 105], [175, 95], [190, 100], [200, 115], [190, 130], [170, 130], [155, 120]]}, {""poligono_xy"": [[230, 50], [245, 42], [260, 45], [270, 58], [262, 70], [245, 68], [232, 60]]}, {""poligono_xy"": [[290, 705], [310, 700], [325, 710], [330, 725], [315, 735], [295, 730]]}, {""poligono_xy"": [[400, 755], [420, 745], [440, 750], [450, 765], [435, 780], [410, 775], [400, 765]]}, {""poligono_xy"": [[505, 680], [525, 675], [540, 685], [545, 700], [530, 710], [510, 700]]}, {""poligono_xy"": [[580, 40], [600, 30], [615, 35], [625, 50], [610, 60], [590, 55], [580, 45]]}, {""poligono_xy"": [[650, 720], [670, 710], [690, 715], [700, 730], [685, 745], [660, 740], [650, 730]]}, {""poligono_xy"": [[720, 100], [740, 90], [755, 95], [765, 110], [750, 125], [730, 120], [720, 110]]}, {""poligono_xy"": [[100, 600], [130, 590], [145, 620], [150, 650], [125, 670], [100, 650]]}, {""poligono_xy"": [[50, 250], [70, 240], [90, 250], [100, 270], [80, 290], [60, 280], [50, 260]]}, {""poligono_xy"": [[320, 350], [350, 330], [380, 340], [390, 370], [360, 390], [330, 380]]}, {""poligono_xy"": [[680, 480], [700, 460], [720, 470], [730, 490], [710, 510], [680, 500]]}]","Imagem de microscopia de campo claro com células de formato aproximadamente circular, possivelmente leveduras, com baixo contraste e alguns detritos no fundo. A imagem apresenta ruído e as células variam em tamanho e intensidade."
2022_03_21_11_05_50_96.bmp,C:\Users\sthem\OneDrive\Documentos\GitHub\master-2025\7-gemini\val\2022_03_21_11_05_50_96.bmp,"[{""poligono_xy"": [[42, 35], [55, 35], [55, 48], [42, 48]]}, {""poligono_xy"": [[85, 5], [100, 5], [100, 20], [85, 20]]}, {""poligono_xy"": [[170, 5], [185, 5], [185, 20], [170, 20]]}, {""poligono_xy"": [[355, 10], [375, 10], [375, 30], [355, 30]]}, {""poligono_xy"": [[385, 80], [400, 80], [400, 95], [385, 95]]}, {""poligono_xy"": [[480, 95], [500, 95], [500, 115], [480, 115]]}, {""poligono_xy"": [[70, 110], [85, 110], [85, 125], [70, 125]]}, {""poligono_xy"": [[310, 120], [330, 120], [330, 140], [310, 140]]}, {""poligono_xy"": [[450, 150], [470, 150], [470, 170], [450, 170]]}, {""poligono_xy"": [[580, 160], [600, 160], [600, 180], [580, 180]]}, {""poligono_xy"": [[100, 180], [125, 180], [125, 205], [100, 205]]}, {""poligono_xy"": [[280, 200], [300, 200], [300, 220], [280, 220]]}, {""poligono_xy"": [[330, 240], [350, 240], [350, 260], [330, 260]]}, {""poligono_xy"": [[500, 250], [520, 250], [520, 270], [500, 270]]}, {""poligono_xy"": [[20, 280], [40, 280], [40, 300], [20, 300]]}, {""poligono_xy"": [[150, 290], [170, 290], [170, 310], [150, 310]]}]","Imagem de microscopia de campo claro com células esféricas, possivelmente leveduras ou células sanguíneas, em diferentes planos focais. A imagem apresenta baixo contraste e alguns detritos."
2022_03_21_11_05_52_63.bmp,C:\Users\sthem\OneDrive\Documentos\GitHub\master-2025\7-gemini\val\2022_03_21_11_05_52_63.bmp,"[{""poligono_xy"": [[110, 120], [130, 110], [140, 120], [130, 135], [110, 130]]}, {""poligono_xy"": [[180, 70], [195, 65], [210, 75], [200, 90], [185, 85]]}, {""poligono_xy"": [[250, 200], [270, 190], [285, 205], [275, 225], [260, 220]]}, {""poligono_xy"": [[350, 100], [370, 90], [390, 100], [380, 120], [360, 115]]}, {""poligono_xy"": [[420, 250], [440, 240], [460, 260], [450, 280], [430, 270]]}, {""poligono_xy"": [[500, 150], [520, 140], [540, 155], [530, 170], [510, 165]]}, {""poligono_xy"": [[580, 50], [600, 40], [610, 50], [600, 65], [585, 60]]}, {""poligono_xy"": [[650, 200], [670, 190], [690, 210], [680, 230], [660, 220]]}, {""poligono_xy"": [[720, 80], [740, 70], [760, 90], [750, 110], [730, 100]]}, {""poligono_xy"": [[800, 280], [820, 270], [830, 280], [820, 300], [805, 295]]}, {""poligono_xy"": [[880, 120], [900, 110], [920, 130], [910, 150], [890, 140]]}, {""poligono_xy"": [[930, 250], [940, 240], [955, 250], [950, 265], [940, 260]]}, {""poligono_xy"": [[70, 280], [85, 270], [100, 290], [90, 305], [75, 295]]}, {""poligono_xy"": [[150, 220], [170, 210], [190, 230], [180, 250], [160, 240]]}, {""poligono_xy"": [[220, 30], [240, 20], [250, 30], [240, 45], [225, 35]]}, {""poligono_xy"": [[300, 280], [320, 270], [340, 290], [330, 310], [310, 300]]}, {""poligono_xy"": [[380, 200], [400, 190], [410, 200], [400, 215], [385, 205]]}, {""poligono_xy"": [[450, 50], [470, 40], [490, 60], [480, 80], [460, 70]]}, {""poligono_xy"": [[530, 280], [550, 270], [570, 290], [560, 310], [540, 300]]}, {""poligono_xy"": [[600, 120], [620, 110], [640, 130], [630, 150], [610, 140]]}, {""poligono_xy"": [[680, 50], [700, 40], [710, 50], [700, 65], [685, 60]]}, {""poligono_xy"": [[750, 250], [770, 240], [790, 260], [780, 280], [760, 270]]}, {""poligono_xy"": [[830, 180], [850, 170], [870, 190], [860, 210], [840, 200]]}, {""poligono_xy"": [[900, 40], [920, 30], [930, 40], [920, 55], [905, 45]]}]","Imagem de microscopia de campo claro com células de formato variado, possivelmente leveduras ou bactérias, com baixo contraste e alguma sobreposição. A imagem apresenta ruído de fundo e alguns detritos."
2022_03_21_11_05_54_30.bmp,C:\Users\sthem\OneDrive\Documentos\GitHub\master-2025\7-gemini\val\2022_03_21_11_05_54_30.bmp,"[{""poligono_xy"": [[170, 230], [190, 230], [195, 250], [190, 270], [170, 270], [165, 250]]}, {""poligono_xy"": [[280, 35], [300, 30], [310, 40], [310, 55], [300, 65], [280, 60]]}, {""poligono_xy"": [[350, 150], [370, 145], [380, 160], [380, 175], [370, 190], [350, 180]]}, {""poligono_xy"": [[450, 280], [470, 275], [485, 290], [485, 310], [470, 320], [450, 310]]}, {""poligono_xy"": [[580, 380], [600, 375], [610, 390], [610, 405], [600, 420], [580, 410]]}, {""poligono_xy"": [[680, 80], [700, 75], [710, 90], [710, 105], [700, 115], [680, 110]]}, {""poligono_xy"": [[750, 200], [770, 195], [780, 210], [780, 225], [770, 240], [750, 230]]}, {""poligono_xy"": [[850, 320], [870, 315], [880, 330], [880, 345], [870, 360], [850, 350]]}, {""poligono_xy"": [[920, 450], [940, 445], [950, 460], [950, 475], [940, 490], [920, 480]]}, {""poligono_xy"": [[50, 30], [65, 25], [75, 40], [70, 55], [55, 55]]}, {""poligono_xy"": [[100, 400], [120, 395], [130, 410], [125, 425], [110, 425]]}, {""poligono_xy"": [[220, 50], [240, 45], [255, 60], [250, 75], [230, 75]]}, {""poligono_xy"": [[50, 150], [70, 140], [85, 155], [80, 170], [65, 170]]}, {""poligono_xy"": [[70, 470], [90, 460], [105, 475], [100, 490], [85, 490]]}, {""poligono_xy"": [[450, 70], [470, 60], [485, 75], [480, 90], [465, 90]]}, {""poligono_xy"": [[600, 180], [620, 170], [635, 185], [630, 200], [615, 200]]}, {""poligono_xy"": [[880, 50], [900, 40], [915, 55], [910, 70], [895, 70]]}]","Imagem de microscopia de campo claro com células esféricas, possivelmente leveduras, em baixa resolução e com baixo contraste. Alguns artefatos e detritos estão presentes."
2022_03_21_11_05_55_98.bmp,C:\Users\sthem\OneDrive\Documentos\GitHub\master-2025\7-gemini\val\2022_03_21_11_05_55_98.bmp,"[{""poligono_xy"": [[170, 40], [185, 45], [190, 60], [180, 70], [160, 65], [155, 50]]}, {""poligono_xy"": [[250, 100], [270, 110], [280, 130], [265, 140], [240, 130], [230, 115]]}, {""poligono_xy"": [[400, 150], [420, 140], [435, 155], [440, 175], [425, 190], [405, 180], [395, 165]]}, {""poligono_xy"": [[500, 200], [520, 190], [535, 205], [540, 225], [525, 240], [505, 230], [495, 215]]}, {""poligono_xy"": [[600, 280], [620, 270], [640, 290], [645, 310], [630, 320], [605, 305], [590, 290]]}, {""poligono_xy"": [[700, 350], [720, 340], [740, 360], [750, 380], [735, 400], [710, 385], [695, 365]]}, {""poligono_xy"": [[100, 450], [120, 440], [130, 460], [135, 480], [120, 490], [100, 475], [90, 460]]}, {""poligono_xy"": [[250, 520], [270, 510], [290, 530], [300, 550], [280, 570], [255, 555], [240, 535]]}, {""poligono_xy"": [[400, 580], [420, 570], [440, 590], [450, 610], [430, 620], [405, 605], [390, 585]]}, {""poligono_xy"": [[550, 650], [570, 640], [590, 660], [600, 680], [580, 690], [555, 675], [540, 655]]}]",Imagem de microscopia de campo claro com células de formato variável e baixo contraste. Possível presença de artefatos e detritos.
2022_03_21_11_05_57_65.bmp,C:\Users\sthem\OneDrive\Documentos\GitHub\master-2025\7-gemini\val\2022_03_21_11_05_57_65.bmp,"[{""poligono_xy"": [[170, 20], [185, 20], [185, 35], [170, 35]]}, {""poligono_xy"": [[110, 80], [130, 80], [130, 100], [110, 100]]}, {""poligono_xy"": [[25, 145], [45, 145], [45, 170], [25, 170]]}, {""poligono_xy"": [[270, 155], [295, 155], [295, 180], [270, 180]]}, {""poligono_xy"": [[455, 170], [480, 170], [480, 200], [455, 200]]}, {""poligono_xy"": [[555, 200], [580, 200], [580, 220], [555, 220]]}, {""poligono_xy"": [[670, 210], [690, 210], [690, 230], [670, 230]]}, {""poligono_xy"": [[750, 240], [770, 240], [770, 260], [750, 260]]}, {""poligono_xy"": [[880, 260], [905, 260], [905, 285], [880, 285]]}, {""poligono_xy"": [[40, 300], [60, 300], [60, 320], [40, 320]]}, {""poligono_xy"": [[160, 310], [180, 310], [180, 335], [160, 335]]}, {""poligono_xy"": [[470, 400], [500, 400], [500, 430], [470, 430]]}, {""poligono_xy"": [[550, 470], [580, 470], [580, 500], [550, 500]]}, {""poligono_xy"": [[850, 500], [880, 500], [880, 530], [850, 530]]}, {""poligono_xy"": [[440, 550], [470, 550], [470, 580], [440, 580]]}, {""poligono_xy"": [[720, 560], [750, 560], [750, 590], [720, 590]]}, {""poligono_xy"": [[880, 580], [910, 580], [910, 610], [880, 610]]}, {""poligono_xy"": [[100, 600], [130, 600], [130, 630], [100, 630]]}, {""poligono_xy"": [[280, 620], [310, 620], [310, 650], [280, 650]]}]",Imagem de microscopia de campo claro com células esféricas de baixo contraste em um fundo heterogêneo. A imagem apresenta ruído e alguns artefatos. Possível presença de debris.
2022_03_21_11_05_59_33.bmp,C:\Users\sthem\OneDrive\Documentos\GitHub\master-2025\7-gemini\val\2022_03_21_11_05_59_33.bmp,"[{""poligono_xy"": [[170, 155], [185, 140], [200, 140], [210, 155], [200, 170], [185, 170]]}, {""poligono_xy"": [[170, 220], [180, 205], [195, 200], [210, 215], [205, 235], [185, 240]]}, {""poligono_xy"": [[190, 280], [205, 270], [220, 275], [230, 290], [220, 305], [200, 305]]}, {""poligono_xy"": [[290, 360], [305, 350], [325, 355], [335, 370], [325, 390], [300, 385]]}, {""poligono_xy"": [[355, 450], [370, 440], [390, 440], [405, 455], [395, 470], [370, 470]]}, {""poligono_xy"": [[580, 70], [595, 60], [615, 60], [630, 75], [620, 90], [600, 90]]}, {""poligono_xy"": [[705, 150], [720, 140], [740, 145], [750, 160], [740, 175], [720, 170]]}, {""poligono_xy"": [[790, 230], [805, 215], [825, 220], [840, 240], [830, 260], [805, 250]]}, {""poligono_xy"": [[870, 310], [890, 300], [910, 305], [920, 325], [905, 340], [880, 335]]}, {""poligono_xy"": [[920, 450], [940, 435], [960, 440], [975, 460], [960, 480], [935, 470]]}, {""poligono_xy"": [[280, 100], [295, 90], [310, 95], [320, 110], [310, 125], [290, 120]]}, {""poligono_xy"": [[360, 200], [380, 190], [400, 190], [415, 205], [405, 225], [380, 225]]}, {""poligono_xy"": [[650, 500], [670, 490], [690, 495], [705, 515], [690, 530], [665, 525]]}]",Imagem de microscopia de campo claro com células de formato aproximadamente circular. Baixo contraste e presença de artefatos. Possivelmente células em suspensão.
2022_03_21_11_06_07_70.bmp,C:\Users\sthem\OneDrive\Documentos\GitHub\master-2025\7-gemini\val\2022_03_21_11_06_07_70.bmp,"[{""poligono_xy"": [[170, 50], [190, 40], [210, 50], [210, 70], [190, 80], [170, 70]]}, {""poligono_xy"": [[20, 230], [40, 220], [60, 230], [60, 250], [40, 260], [20, 250]]}, {""poligono_xy"": [[220, 210], [240, 200], [260, 210], [260, 230], [240, 240], [220, 230]]}, {""poligono_xy"": [[40, 400], [60, 390], [80, 400], [80, 420], [60, 430], [40, 420]]}, {""poligono_xy"": [[150, 460], [170, 450], [190, 460], [190, 480], [170, 490], [150, 480]]}, {""poligono_xy"": [[280, 470], [300, 460], [320, 470], [320, 490], [300, 500], [280, 490]]}, {""poligono_xy"": [[50, 580], [70, 570], [90, 580], [90, 600], [70, 610], [50, 600]]}, {""poligono_xy"": [[180, 620], [200, 610], [220, 620], [220, 640], [200, 650], [180, 640]]}, {""poligono_xy"": [[30, 10], [50, 0], [70, 10], [70, 30], [50, 40], [30, 30]]}, {""poligono_xy"": [[120, 100], [140, 90], [160, 100], [160, 120], [140, 130], [120, 120]]}, {""poligono_xy"": [[280, 130], [300, 120], [320, 130], [320, 150], [300, 160], [280, 150]]}, {""poligono_xy"": [[10, 350], [30, 340], [50, 350], [50, 370], [30, 380], [10, 370]]}, {""poligono_xy"": [[250, 380], [270, 370], [290, 380], [290, 400], [270, 410], [250, 400]]}, {""poligono_xy"": [[450, 50], [470, 40], [490, 50], [490, 70], [470, 80], [450, 70]]}, {""poligono_xy"": [[550, 100], [570, 90], [590, 100], [590, 120], [570, 130], [550, 120]]}, {""poligono_xy"": [[380, 200], [400, 190], [420, 200], [420, 220], [400, 230], [380, 220]]}, {""poligono_xy"": [[500, 250], [520, 240], [540, 250], [540, 270], [520, 280], [500, 270]]}, {""poligono_xy"": [[420, 350], [440, 340], [460, 350], [460, 370], [440, 380], [420, 370]]}, {""poligono_xy"": [[550, 420], [570, 410], [590, 420], [590, 440], [570, 450], [550, 440]]}, {""poligono_xy"": [[480, 500], [500, 490], [520, 500], [520, 520], [500, 530], [480, 520]]}, {""poligono_xy"": [[400, 580], [420, 570], [440, 580], [440, 600], [420, 610], [400, 600]]}]",Imagem de microscopia de campo claro com células esféricas de baixo contraste em um fundo cinza. A imagem apresenta ruído e algumas células estão fora de foco.
2022_03_21_11_06_09_37.bmp,C:\Users\sthem\OneDrive\Documentos\GitHub\master-2025\7-gemini\val\2022_03_21_11_06_09_37.bmp,"[{""poligono_xy"": [[170, 280], [185, 265], [200, 260], [215, 270], [215, 290], [200, 300], [180, 295]]}, {""poligono_xy"": [[35, 10], [50, 5], [70, 10], [75, 25], [65, 40], [45, 35], [30, 25]]}, {""poligono_xy"": [[20, 290], [40, 280], [60, 290], [65, 310], [50, 325], [30, 315]]}, {""poligono_xy"": [[150, 50], [170, 40], [190, 50], [195, 70], [180, 85], [155, 75]]}, {""poligono_xy"": [[220, 170], [240, 160], [260, 170], [270, 190], [255, 205], [230, 195]]}, {""poligono_xy"": [[370, 370], [390, 360], [410, 370], [415, 390], [400, 405], [380, 395]]}, {""poligono_xy"": [[300, 20], [320, 15], [340, 25], [345, 45], [330, 60], [305, 50]]}, {""poligono_xy"": [[170, 170], [190, 160], [210, 175], [215, 195], [195, 210], [175, 200]]}, {""poligono_xy"": [[350, 80], [370, 70], [390, 85], [395, 105], [380, 120], [355, 110]]}, {""poligono_xy"": [[50, 170], [70, 160], [90, 170], [95, 190], [80, 205], [60, 195]]}, {""poligono_xy"": [[200, 380], [220, 370], [240, 380], [245, 400], [230, 415], [205, 405]]}, {""poligono_xy"": [[450, 200], [470, 190], [490, 200], [495, 220], [480, 235], [455, 225]]}, {""poligono_xy"": [[320, 280], [340, 270], [360, 280], [365, 300], [350, 315], [325, 305]]}, {""poligono_xy"": [[40, 400], [60, 390], [80, 400], [85, 420], [70, 435], [45, 425]]}, {""poligono_xy"": [[480, 10], [500, 0], [520, 10], [525, 30], [510, 45], [485, 35]]}]",Imagem de microscopia de campo claro com células esféricas de baixo contraste em um fundo com ruído. Possível presença de debris ou artefatos.
2022_03_21_11_06_11_04.bmp,C:\Users\sthem\OneDrive\Documentos\GitHub\master-2025\7-gemini\val\2022_03_21_11_06_11_04.bmp,"[{""poligono_xy"": [[92, 72], [112, 62], [130, 68], [140, 88], [128, 102], [104, 96]]}, {""poligono_xy"": [[60, 78], [78, 70], [92, 80], [98, 100], [80, 112], [62, 100]]}, {""poligono_xy"": [[148, 280], [170, 270], [190, 280], [200, 300], [180, 315], [155, 305]]}, {""poligono_xy"": [[280, 300], [300, 290], [315, 300], [320, 320], [300, 335], [280, 325]]}, {""poligono_xy"": [[240, 450], [260, 440], [280, 450], [290, 470], [270, 485], [245, 475]]}, {""poligono_xy"": [[140, 500], [160, 490], [180, 500], [190, 520], [170, 535], [145, 525]]}, {""poligono_xy"": [[580, 60], [600, 50], [620, 60], [630, 80], [610, 95], [585, 85]]}, {""poligono_xy"": [[680, 80], [700, 70], [720, 80], [730, 100], [710, 115], [685, 105]]}, {""poligono_xy"": [[780, 280], [800, 270], [820, 280], [830, 300], [810, 315], [785, 305]]}, {""poligono_xy"": [[880, 450], [900, 440], [920, 450], [930, 470], [910, 485], [885, 475]]}, {""poligono_xy"": [[450, 580], [470, 570], [490, 580], [500, 600], [480, 615], [455, 605]]}, {""poligono_xy"": [[250, 120], [270, 115], [290, 130], [285, 150], [260, 155], [240, 140]]}, {""poligono_xy"": [[550, 220], [575, 210], [600, 230], [590, 255], [560, 260], [540, 245]]}, {""poligono_xy"": [[720, 520], [740, 510], [760, 525], [765, 550], [745, 560], [725, 540]]}]","Imagem de microscopia de campo claro com células de formato variado, possivelmente leveduras ou bactérias, com baixo contraste e alguma sobreposição. A imagem apresenta ruído de fundo e alguns detritos."
2022_03_21_11_06_12_72.bmp,C:\Users\sthem\OneDrive\Documentos\GitHub\master-2025\7-gemini\val\2022_03_21_11_06_12_72.bmp,"[{""poligono_xy"": [[35, 55], [50, 40], [65, 40], [80, 55], [75, 75], [55, 85], [40, 75]]}, {""poligono_xy"": [[150, 160], [170, 150], [190, 155], [205, 170], [195, 190], [170, 195], [155, 180]]}, {""poligono_xy"": [[100, 220], [120, 210], [140, 215], [155, 230], [145, 250], [120, 255], [105, 240]]}, {""poligono_xy"": [[270, 50], [290, 40], [310, 45], [330, 60], [320, 80], [295, 90], [275, 80]]}, {""poligono_xy"": [[350, 150], [370, 140], [390, 145], [410, 160], [400, 180], [375, 190], [355, 180]]}, {""poligono_xy"": [[450, 250], [470, 240], [490, 245], [510, 260], [500, 280], [475, 290], [455, 280]]}, {""poligono_xy"": [[560, 60], [580, 50], [600, 55], [620, 70], [610, 90], [585, 100], [565, 90]]}, {""poligono_xy"": [[640, 170], [660, 160], [680, 165], [700, 180], [690, 200], [665, 210], [645, 200]]}, {""poligono_xy"": [[720, 280], [740, 270], [760, 275], [780, 290], [770, 310], [745, 320], [725, 310]]}, {""poligono_xy"": [[40, 300], [60, 290], [80, 295], [100, 310], [90, 330], [65, 340], [45, 330]]}, {""poligono_xy"": [[180, 360], [200, 350], [220, 355], [240, 370], [230, 390], [205, 400], [185, 390]]}, {""poligono_xy"": [[350, 420], [370, 410], [390, 415], [410, 430], [400, 450], [375, 460], [355, 450]]}, {""poligono_xy"": [[500, 500], [520, 490], [540, 495], [560, 510], [550, 530], [525, 540], [505, 530]]}, {""poligono_xy"": [[680, 580], [700, 570], [720, 575], [740, 590], [730, 610], [705, 620], [685, 610]]}]","Imagem de microscopia de campo claro com células esféricas, possivelmente leveduras, em baixa resolução. Baixo contraste e presença de artefatos."
2022_03_21_11_06_16_07.bmp,C:\Users\sthem\OneDrive\Documentos\GitHub\master-2025\7-gemini\val\2022_03_21_11_06_16_07.bmp,"[{""poligono_xy"": [[105, 175], [125, 165], [140, 170], [135, 190], [115, 200], [100, 190]]}, {""poligono_xy"": [[180, 155], [195, 145], [215, 155], [210, 175], [190, 185], [175, 170]]}, {""poligono_xy"": [[250, 40], [270, 35], [285, 45], [280, 60], [260, 65], [245, 55]]}, {""poligono_xy"": [[295, 175], [310, 170], [320, 180], [315, 195], [300, 200], [285, 190]]}, {""poligono_xy"": [[355, 440], [375, 430], [390, 445], [380, 465], [360, 470], [345, 455]]}, {""poligono_xy"": [[400, 230], [420, 220], [435, 230], [430, 250], [410, 260], [395, 250]]}, {""poligono_xy"": [[480, 80], [495, 70], [510, 80], [505, 95], [490, 105], [475, 95]]}, {""poligono_xy"": [[585, 485], [600, 480], [610, 490], [605, 505], [590, 510], [575, 500]]}, {""poligono_xy"": [[620, 510], [635, 505], [645, 515], [640, 530], [625, 535], [615, 525]]}, {""poligono_xy"": [[705, 105], [720, 95], [735, 105], [730, 120], [715, 130], [700, 120]]}, {""poligono_xy"": [[755, 20], [770, 15], [780, 25], [775, 40], [760, 45], [745, 35]]}]","Imagem de microscopia de campo claro com células de baixo contraste, possivelmente leveduras ou bactérias, em meio líquido. A imagem apresenta ruído e alguns artefatos."
2022_03_21_11_06_17_74.bmp,C:\Users\sthem\OneDrive\Documentos\GitHub\master-2025\7-gemini\val\2022_03_21_11_06_17_74.bmp,"[{""poligono_xy"": [[170, 50], [190, 45], [205, 55], [200, 70], [180, 75], [165, 65]]}, {""poligono_xy"": [[220, 340], [240, 330], [260, 340], [260, 360], [240, 370], [220, 360]]}, {""poligono_xy"": [[290, 150], [310, 140], [330, 155], [325, 175], [305, 180], [285, 165]]}, {""poligono_xy"": [[355, 35], [375, 30], [390, 40], [385, 55], [365, 60], [350, 50]]}, {""poligono_xy"": [[380, 210], [400, 200], [420, 215], [415, 235], [395, 240], [375, 225]]}, {""poligono_xy"": [[420, 370], [440, 365], [455, 375], [450, 390], [430, 400], [415, 385]]}, {""poligono_xy"": [[480, 60], [500, 50], [515, 65], [510, 80], [490, 85], [475, 70]]}, {""poligono_xy"": [[510, 280], [530, 270], [545, 285], [540, 305], [520, 310], [505, 295]]}, {""poligono_xy"": [[580, 390], [600, 380], [615, 395], [610, 410], [590, 420], [575, 405]]}, {""poligono_xy"": [[630, 170], [650, 160], [670, 175], [665, 195], [645, 200], [630, 185]]}, {""poligono_xy"": [[700, 80], [720, 70], [735, 85], [730, 100], [710, 105], [695, 90]]}, {""poligono_xy"": [[750, 310], [770, 300], [785, 315], [780, 335], [760, 340], [745, 325]]}]",Imagem de microscopia de campo claro com células esféricas de baixo contraste em um fundo com ruído. A imagem sugere a presença de artefatos e possíveis células fora de foco.
2022_03_21_11_06_19_41.bmp,C:\Users\sthem\OneDrive\Documentos\GitHub\master-2025\7-gemini\val\2022_03_21_11_06_19_41.bmp,"[{""poligono_xy"": [[110, 470], [130, 460], [145, 470], [145, 490], [130, 500], [110, 490]]}, {""poligono_xy"": [[250, 50], [270, 45], [290, 55], [295, 75], [275, 85], [255, 70]]}, {""poligono_xy"": [[300, 130], [320, 120], [340, 135], [340, 155], [320, 170], [300, 160]]}, {""poligono_xy"": [[390, 25], [410, 20], [425, 30], [425, 45], [410, 55], [395, 45]]}, {""poligono_xy"": [[450, 120], [470, 110], [490, 125], [495, 145], [475, 155], [455, 140]]}, {""poligono_xy"": [[580, 250], [600, 240], [620, 255], [625, 275], [605, 285], [585, 270]]}, {""poligono_xy"": [[680, 80], [700, 70], [720, 85], [725, 105], [705, 115], [685, 100]]}, {""poligono_xy"": [[780, 480], [800, 470], [815, 480], [815, 500], [800, 510], [780, 500]]}, {""poligono_xy"": [[850, 80], [870, 75], [890, 90], [890, 110], [870, 120], [850, 105]]}, {""poligono_xy"": [[920, 410], [940, 400], [955, 415], [955, 435], [940, 445], [925, 430]]}]","Imagem de microscopia de campo claro com células esféricas, possivelmente leveduras, em baixo contraste e com alguns detritos. A imagem apresenta um fundo cinza relativamente uniforme."
2022_03_21_11_06_21_09.bmp,C:\Users\sthem\OneDrive\Documentos\GitHub\master-2025\7-gemini\val\2022_03_21_11_06_21_09.bmp,"[{""poligono_xy"": [[28, 22], [40, 22], [40, 34], [28, 34]]}, {""poligono_xy"": [[88, 12], [100, 10], [105, 20], [95, 28], [85, 25]]}, {""poligono_xy"": [[130, 140], [145, 140], [145, 155], [130, 155]]}, {""poligono_xy"": [[180, 45], [195, 40], [205, 55], [190, 65], [175, 60]]}, {""poligono_xy"": [[220, 220], [240, 215], [250, 230], [235, 245], [215, 240]]}, {""poligono_xy"": [[280, 50], [295, 50], [295, 65], [280, 65]]}, {""poligono_xy"": [[320, 180], [340, 180], [340, 200], [320, 200]]}, {""poligono_xy"": [[380, 30], [400, 30], [400, 45], [380, 45]]}, {""poligono_xy"": [[420, 250], [440, 250], [440, 270], [420, 270]]}, {""poligono_xy"": [[480, 80], [500, 80], [500, 100], [480, 100]]}, {""poligono_xy"": [[520, 10], [540, 5], [550, 20], [535, 30], [515, 25]]}, {""poligono_xy"": [[580, 270], [600, 270], [600, 290], [580, 290]]}, {""poligono_xy"": [[100, 270], [120, 265], [130, 280], [115, 295], [95, 290]]}, {""poligono_xy"": [[50, 180], [70, 180], [70, 200], [50, 200]]}, {""poligono_xy"": [[450, 120], [470, 115], [480, 130], [465, 145], [445, 140]]}, {""poligono_xy"": [[250, 80], [270, 80], [270, 100], [250, 100]]}, {""poligono_xy"": [[590, 95], [605, 90], [615, 105], [600, 115], [585, 110]]}]","Imagem de microscopia de campo claro com células de formato aproximadamente circular, possivelmente leveduras, com baixo contraste e algumas sobrepostas. Presença de ruído e detritos no fundo."
2022_03_21_11_06_22_76.bmp,C:\Users\sthem\OneDrive\Documentos\GitHub\master-2025\7-gemini\val\2022_03_21_11_06_22_76.bmp,"[{""poligono_xy"": [[470, 485], [485, 470], [500, 470], [515, 485], [515, 500], [500, 515], [485, 515], [470, 500]]}, {""poligono_xy"": [[410, 580], [425, 565], [440, 565], [455, 580], [455, 595], [440, 610], [425, 610], [410, 595]]}, {""poligono_xy"": [[580, 600], [595, 585], [610, 585], [625, 600], [625, 615], [610, 630], [595, 630], [580, 615]]}, {""poligono_xy"": [[700, 880], [715, 865], [730, 865], [745, 880], [745, 895], [730, 910], [715, 910], [700, 895]]}, {""poligono_xy"": [[850, 700], [865, 685], [880, 685], [895, 700], [895, 715], [880, 730], [865, 730], [850, 715]]}, {""poligono_xy"": [[130, 70], [145, 55], [160, 55], [175, 70], [175, 85], [160, 100], [145, 100], [130, 85]]}, {""poligono_xy"": [[350, 100], [365, 85], [380, 85], [395, 100], [395, 115], [380, 130], [365, 130], [350, 115]]}, {""poligono_xy"": [[100, 280], [115, 265], [130, 265], [145, 280], [145, 295], [130, 310], [115, 310], [100, 295]]}, {""poligono_xy"": [[280, 480], [295, 465], [310, 465], [325, 480], [325, 495], [310, 510], [295, 510], [280, 495]]}, {""poligono_xy"": [[550, 130], [565, 115], [580, 115], [595, 130], [595, 145], [580, 160], [565, 160], [550, 145]]}, {""poligono_xy"": [[700, 150], [715, 135], [730, 135], [745, 150], [745, 165], [730, 180], [715, 180], [700, 165]]}, {""poligono_xy"": [[880, 280], [895, 265], [910, 265], [925, 280], [925, 295], [910, 310], [895, 310], [880, 295]]}]",Imagem de microscopia de campo claro com células esféricas de baixo contraste em diferentes planos focais. Possível presença de debris e artefatos.
2022_03_21_11_06_24_43.bmp,C:\Users\sthem\OneDrive\Documentos\GitHub\master-2025\7-gemini\val\2022_03_21_11_06_24_43.bmp,"[{""poligono_xy"": [[92, 85], [112, 72], [130, 75], [145, 90], [140, 108], [120, 118], [100, 110]]}, {""poligono_xy"": [[280, 355], [295, 345], [318, 345], [335, 360], [330, 380], [305, 390], [285, 380]]}, {""poligono_xy"": [[480, 485], [500, 475], [525, 480], [540, 500], [535, 520], [510, 530], [490, 515]]}, {""poligono_xy"": [[600, 80], [620, 70], [640, 75], [655, 90], [650, 110], [630, 115], [610, 105]]}, {""poligono_xy"": [[725, 560], [745, 550], [770, 555], [785, 575], [780, 595], [755, 605], [730, 590]]}, {""poligono_xy"": [[850, 880], [870, 870], [890, 875], [905, 895], [900, 915], [875, 920], [855, 905]]}, {""poligono_xy"": [[290, 605], [310, 595], [330, 600], [340, 620], [330, 640], [305, 645], [285, 625]]}, {""poligono_xy"": [[450, 800], [470, 790], [495, 795], [510, 815], [500, 835], [470, 835], [450, 820]]}, {""poligono_xy"": [[80, 500], [100, 490], [120, 495], [130, 510], [120, 530], [95, 530], [75, 515]]}, {""poligono_xy"": [[680, 280], [700, 270], [720, 275], [735, 290], [730, 310], [705, 315], [685, 300]]}]","Imagem de microscopia de campo claro com células esféricas de baixo contraste em um fundo com ruído. A imagem sugere a presença de artefatos e detritos, dificultando a segmentação precisa."
2022_03_21_11_06_26_11.bmp,C:\Users\sthem\OneDrive\Documentos\GitHub\master-2025\7-gemini\val\2022_03_21_11_06_26_11.bmp,"[{""poligono_xy"": [[220, 200], [235, 200], [240, 210], [240, 225], [230, 230], [220, 230], [215, 220], [215, 210]]}, {""poligono_xy"": [[270, 220], [285, 220], [290, 230], [290, 240], [280, 245], [270, 245], [265, 240], [265, 230]]}, {""poligono_xy"": [[300, 450], [315, 450], [320, 460], [320, 470], [310, 475], [300, 475], [295, 470], [295, 460]]}, {""poligono_xy"": [[350, 500], [365, 500], [370, 510], [370, 520], [360, 525], [350, 525], [345, 520], [345, 510]]}, {""poligono_xy"": [[400, 600], [415, 600], [420, 610], [420, 620], [410, 625], [400, 625], [395, 620], [395, 610]]}, {""poligono_xy"": [[450, 650], [465, 650], [470, 660], [470, 670], [460, 675], [450, 675], [445, 670], [445, 660]]}, {""poligono_xy"": [[500, 100], [515, 100], [520, 110], [520, 120], [510, 125], [500, 125], [495, 120], [495, 110]]}, {""poligono_xy"": [[550, 150], [565, 150], [570, 160], [570, 170], [560, 175], [550, 175], [545, 170], [545, 160]]}, {""poligono_xy"": [[600, 250], [615, 250], [620, 260], [620, 270], [610, 275], [600, 275], [595, 270], [595, 260]]}, {""poligono_xy"": [[650, 300], [665, 300], [670, 310], [670, 320], [660, 325], [650, 325], [645, 320], [645, 310]]}, {""poligono_xy"": [[700, 350], [715, 350], [720, 360], [720, 370], [710, 375], [700, 375], [695, 370], [695, 360]]}, {""poligono_xy"": [[750, 400], [765, 400], [770, 410], [770, 420], [760, 425], [750, 425], [745, 420], [745, 410]]}]","Imagem de microscopia de campo claro com células esféricas, possivelmente leveduras, em baixa resolução.  Baixo contraste e presença de artefatos dificultam a segmentação precisa."
2022_03_21_11_06_27_78.bmp,C:\Users\sthem\OneDrive\Documentos\GitHub\master-2025\7-gemini\val\2022_03_21_11_06_27_78.bmp,"[{""poligono_xy"": [[92, 78], [108, 72], [118, 82], [112, 94], [96, 98], [84, 90]]}, {""poligono_xy"": [[78, 122], [94, 114], [106, 128], [100, 142], [82, 146], [68, 136]]}, {""poligono_xy"": [[118, 124], [138, 120], [150, 134], [144, 150], [124, 152], [110, 140]]}, {""poligono_xy"": [[344, 80], [360, 74], [372, 86], [368, 100], [350, 104], [336, 94]]}, {""poligono_xy"": [[212, 186], [230, 176], [244, 190], [236, 208], [216, 212], [200, 200]]}, {""poligono_xy"": [[486, 204], [504, 196], [518, 210], [512, 228], [492, 234], [476, 220]]}, {""poligono_xy"": [[586, 76], [604, 68], [616, 80], [610, 96], [590, 100], [574, 90]]}, {""poligono_xy"": [[722, 116], [740, 106], [756, 120], [750, 138], [728, 144], [712, 130]]}, {""poligono_xy"": [[858, 84], [878, 78], [892, 92], [884, 108], [864, 110], [848, 98]]}, {""poligono_xy"": [[888, 214], [910, 204], [926, 220], [918, 240], [896, 244], [878, 230]]}]","Imagem de microscopia de campo claro com células esféricas de baixo contraste em um fundo com ruído. A imagem sugere a presença de artefatos e possíveis debris, dificultando a segmentação precisa."
2022_03_21_11_06_31_13.bmp,C:\Users\sthem\OneDrive\Documentos\GitHub\master-2025\7-gemini\val\2022_03_21_11_06_31_13.bmp,"[{""poligono_xy"": [[28, 32], [40, 22], [50, 28], [44, 40], [34, 42]]}, {""poligono_xy"": [[80, 30], [98, 38], [96, 52], [78, 46]]}, {""poligono_xy"": [[130, 200], [150, 190], [165, 205], [160, 225], [140, 225]]}, {""poligono_xy"": [[180, 50], [200, 40], [215, 50], [210, 70], [190, 70]]}, {""poligono_xy"": [[230, 220], [250, 210], [270, 220], [270, 240], [250, 245], [235, 240]]}, {""poligono_xy"": [[290, 30], [310, 25], [320, 35], [315, 50], [295, 45]]}, {""poligono_xy"": [[350, 190], [370, 180], [390, 190], [390, 210], [370, 220], [350, 210]]}, {""poligono_xy"": [[410, 70], [430, 60], [445, 70], [440, 90], [420, 95]]}, {""poligono_xy"": [[480, 250], [500, 240], [515, 255], [510, 275], [490, 275]]}, {""poligono_xy"": [[540, 50], [560, 40], [570, 55], [565, 70], [545, 70]]}, {""poligono_xy"": [[590, 210], [610, 200], [630, 215], [625, 235], [605, 230]]}, {""poligono_xy"": [[660, 80], [680, 70], [695, 85], [690, 105], [670, 100]]}]","Imagem de microscopia de campo claro com células de formato predominantemente circular/oval, possivelmente leveduras ou bactérias, com baixo contraste e algumas sobreposições. Presença de ruído/detritos pontuais."
2022_03_21_11_06_32_81.bmp,C:\Users\sthem\OneDrive\Documentos\GitHub\master-2025\7-gemini\val\2022_03_21_11_06_32_81.bmp,"[{""poligono_xy"": [[52, 100], [78, 85], [100, 88], [115, 105], [105, 122], [80, 120]]}, {""poligono_xy"": [[25, 250], [55, 230], [80, 235], [95, 255], [85, 280], [55, 275]]}, {""poligono_xy"": [[155, 55], [180, 45], [200, 50], [210, 70], [195, 85], [170, 80]]}, {""poligono_xy"": [[190, 150], [210, 140], [235, 150], [245, 170], [230, 190], [200, 185]]}, {""poligono_xy"": [[280, 380], [310, 365], [340, 370], [355, 400], [335, 420], [300, 410]]}, {""poligono_xy"": [[380, 40], [400, 30], [420, 35], [435, 55], [420, 70], [395, 65]]}, {""poligono_xy"": [[400, 150], [425, 135], [450, 140], [465, 165], [450, 185], [420, 180]]}, {""poligono_xy"": [[480, 70], [505, 55], [530, 60], [545, 80], [530, 100], [500, 90]]}, {""poligono_xy"": [[500, 280], [530, 265], [560, 275], [575, 300], [555, 320], [520, 310]]}, {""poligono_xy"": [[580, 400], [610, 380], [640, 390], [655, 420], [635, 445], [600, 435]]}, {""poligono_xy"": [[650, 100], [680, 90], [705, 100], [715, 125], [700, 140], [665, 130]]}, {""poligono_xy"": [[680, 200], [705, 185], [730, 195], [740, 220], [725, 240], [695, 230]]}, {""poligono_xy"": [[720, 320], [750, 300], [780, 310], [790, 340], [770, 360], [740, 350]]}, {""poligono_xy"": [[100, 380], [130, 370], [150, 380], [155, 405], [140, 425], [110, 415]]}, {""poligono_xy"": [[180, 300], [200, 290], [220, 300], [225, 320], [210, 335], [185, 325]]}]",Imagem de microscopia de campo claro com células esféricas de baixo contraste em um fundo cinza. A imagem apresenta ruído e algumas células estão fora de foco.
2022_03_21_11_06_34_47.bmp,C:\Users\sthem\OneDrive\Documentos\GitHub\master-2025\7-gemini\val\2022_03_21_11_06_34_47.bmp,"[{""poligono_xy"": [[42, 52], [58, 44], [70, 52], [70, 74], [56, 84], [40, 74]]}, {""poligono_xy"": [[88, 28], [110, 28], [118, 46], [110, 66], [86, 66], [78, 48]]}, {""poligono_xy"": [[170, 80], [186, 74], [200, 86], [204, 106], [190, 118], [170, 110]]}, {""poligono_xy"": [[230, 40], [250, 34], [266, 46], [268, 64], [252, 76], [234, 66]]}, {""poligono_xy"": [[298, 104], [316, 94], [336, 108], [340, 130], [320, 142], [296, 130]]}, {""poligono_xy"": [[354, 24], [374, 16], [390, 28], [394, 48], [376, 60], [356, 48]]}, {""poligono_xy"": [[396, 78], [416, 68], [434, 82], [440, 102], [422, 116], [400, 104]]}, {""poligono_xy"": [[468, 134], [488, 126], [506, 140], [510, 160], [490, 172], [468, 160]]}, {""poligono_xy"": [[522, 36], [540, 28], [558, 40], [562, 60], [544, 72], [524, 60]]}, {""poligono_xy"": [[580, 92], [600, 82], [618, 96], [624, 118], [604, 130], [582, 116]]}, {""poligono_xy"": [[652, 20], [670, 14], [686, 26], [690, 46], [672, 58], [654, 44]]}, {""poligono_xy"": [[682, 138], [700, 130], [716, 144], [720, 162], [700, 172], [680, 160]]}, {""poligono_xy"": [[740, 56], [756, 48], [774, 62], [778, 80], [760, 90], [740, 78]]}, {""poligono_xy"": [[798, 108], [818, 98], [834, 112], [840, 132], [820, 144], [798, 132]]}]",Imagem de microscopia de campo claro com células de formato aproximadamente circular. Baixo contraste e presença de artefatos. Possível presença de células fora de foco.
2022_03_21_11_06_36_15.bmp,C:\Users\sthem\OneDrive\Documentos\GitHub\master-2025\7-gemini\val\2022_03_21_11_06_36_15.bmp,"[{""poligono_xy"": [[28, 22], [40, 14], [50, 18], [54, 28], [46, 38], [34, 34]]}, {""poligono_xy"": [[88, 58], [108, 54], [120, 64], [122, 80], [104, 88], [84, 80]]}, {""poligono_xy"": [[156, 100], [172, 94], [188, 102], [194, 118], [176, 130], [156, 120]]}, {""poligono_xy"": [[212, 22], [230, 16], [250, 24], [258, 38], [240, 48], [218, 38]]}, {""poligono_xy"": [[268, 100], [288, 90], [306, 100], [312, 118], [294, 130], [270, 118]]}, {""poligono_xy"": [[358, 46], [378, 38], [396, 50], [404, 68], [382, 78], [358, 64]]}, {""poligono_xy"": [[398, 154], [422, 146], [444, 162], [450, 180], [426, 192], [400, 178]]}, {""poligono_xy"": [[460, 24], [480, 14], [500, 26], [508, 44], [486, 56], [464, 42]]}, {""poligono_xy"": [[512, 158], [538, 142], [562, 158], [570, 180], [546, 198], [518, 180]]}, {""poligono_xy"": [[586, 76], [602, 62], [620, 70], [628, 90], [608, 102], [588, 90]]}, {""poligono_xy"": [[18, 150], [38, 136], [56, 150], [64, 172], [44, 188], [22, 174]]}, {""poligono_xy"": [[86, 186], [104, 174], [122, 188], [130, 208], [108, 222], [86, 206]]}, {""poligono_xy"": [[170, 196], [192, 182], [214, 200], [222, 224], [196, 240], [170, 222]]}, {""poligono_xy"": [[250, 184], [270, 170], [290, 186], [298, 208], [274, 224], [252, 208]]}, {""poligono_xy"": [[578, 206], [600, 194], [622, 210], [632, 234], [606, 250], [580, 232]]}]","Imagem de microscopia de campo claro com células de formato aproximadamente circular. Baixo contraste e presença de artefatos. Possível presença de debris ou pequenas vesículas, dificultando a segmentação precisa."
2022_03_21_11_06_37_82.bmp,C:\Users\sthem\OneDrive\Documentos\GitHub\master-2025\7-gemini\val\2022_03_21_11_06_37_82.bmp,"[{""poligono_xy"": [[27, 52], [42, 40], [58, 40], [68, 55], [60, 70], [40, 70]]}, {""poligono_xy"": [[85, 110], [108, 95], [125, 95], [140, 115], [130, 140], [100, 140]]}, {""poligono_xy"": [[170, 45], [185, 35], [200, 35], [210, 50], [200, 65], [180, 65]]}, {""poligono_xy"": [[250, 440], [270, 425], [290, 425], [305, 445], [290, 465], [265, 465]]}, {""poligono_xy"": [[355, 480], [380, 460], [405, 460], [425, 485], [410, 510], [375, 510]]}, {""poligono_xy"": [[480, 230], [500, 210], [525, 210], [545, 235], [530, 260], [500, 260]]}, {""poligono_xy"": [[585, 80], [605, 65], [630, 65], [645, 85], [630, 105], [600, 105]]}, {""poligono_xy"": [[690, 450], [715, 430], [740, 430], [760, 455], [745, 480], [715, 480]]}, {""poligono_xy"": [[780, 175], [805, 155], [830, 155], [850, 180], [835, 205], [800, 205]]}, {""poligono_xy"": [[880, 50], [900, 35], [925, 35], [940, 55], [925, 75], [900, 75]]}]",Imagem de microscopia de campo claro com células esféricas de baixo contraste em diferentes planos focais. Possível presença de debris e artefatos.
2022_03_21_11_06_39_50.bmp,C:\Users\sthem\OneDrive\Documentos\GitHub\master-2025\7-gemini\val\2022_03_21_11_06_39_50.bmp,"[{""poligono_xy"": [[92, 82], [118, 74], [135, 85], [130, 105], [105, 112], [85, 100]]}, {""poligono_xy"": [[58, 278], [82, 265], [102, 280], [95, 308], [70, 320], [50, 300]]}, {""poligono_xy"": [[155, 400], [180, 390], [200, 405], [198, 430], [175, 440], [150, 425]]}, {""poligono_xy"": [[255, 80], [275, 70], [290, 80], [285, 100], [265, 105], [250, 95]]}, {""poligono_xy"": [[355, 220], [380, 210], [400, 225], [395, 250], [370, 260], [350, 245]]}, {""poligono_xy"": [[420, 40], [440, 35], [460, 45], [455, 65], [435, 70], [420, 60]]}, {""poligono_xy"": [[480, 230], [505, 220], [530, 240], [525, 265], [500, 275], [475, 255]]}, {""poligono_xy"": [[565, 415], [590, 405], [610, 420], [605, 445], [580, 455], [560, 440]]}, {""poligono_xy"": [[650, 80], [670, 70], [690, 85], [680, 110], [660, 115], [645, 100]]}, {""poligono_xy"": [[720, 270], [740, 260], [760, 275], [755, 300], [730, 305], [715, 290]]}, {""poligono_xy"": [[790, 430], [810, 420], [825, 435], [820, 460], [800, 465], [785, 450]]}, {""poligono_xy"": [[855, 100], [875, 90], [895, 105], [890, 130], [870, 135], [850, 120]]}]","Imagem de microscopia de campo claro com células de formato variado, possivelmente leveduras ou bactérias, com baixo contraste e algumas fora de foco. A imagem apresenta ruído de fundo e alguns detritos."
2022_03_21_11_06_41_17.bmp,C:\Users\sthem\OneDrive\Documentos\GitHub\master-2025\7-gemini\val\2022_03_21_11_06_41_17.bmp,"[{""poligono_xy"": [[230, 240], [245, 240], [245, 255], [230, 255]]}, {""poligono_xy"": [[360, 450], [375, 450], [375, 465], [360, 465]]}, {""poligono_xy"": [[400, 360], [415, 360], [415, 375], [400, 375]]}, {""poligono_xy"": [[440, 480], [455, 480], [455, 495], [440, 495]]}, {""poligono_xy"": [[480, 120], [495, 120], [495, 135], [480, 135]]}, {""poligono_xy"": [[580, 280], [595, 280], [595, 295], [580, 295]]}, {""poligono_xy"": [[700, 550], [715, 550], [715, 565], [700, 565]]}, {""poligono_xy"": [[780, 80], [795, 80], [795, 95], [780, 95]]}, {""poligono_xy"": [[850, 350], [865, 350], [865, 365], [850, 365]]}, {""poligono_xy"": [[920, 580], [935, 580], [935, 595], [920, 595]]}, {""poligono_xy"": [[430, 400], [460, 400], [460, 430], [430, 430]]}, {""poligono_xy"": [[470, 490], [500, 490], [500, 520], [470, 520]]}, {""poligono_xy"": [[100, 50], [120, 50], [120, 70], [100, 70]]}, {""poligono_xy"": [[50, 550], [70, 550], [70, 570], [50, 570]]}, {""poligono_xy"": [[100, 300], [120, 300], [120, 320], [100, 320]]}, {""poligono_xy"": [[180, 100], [200, 100], [200, 120], [180, 120]]}]","Imagem de microscopia de campo claro com células esféricas, possivelmente leveduras, em baixa resolução e com baixo contraste. Algumas células estão ligeiramente fora de foco."
2022_03_21_11_06_44_52.bmp,C:\Users\sthem\OneDrive\Documentos\GitHub\master-2025\7-gemini\val\2022_03_21_11_06_44_52.bmp,"[{""poligono_xy"": [[72, 82], [88, 74], [98, 78], [102, 90], [94, 98], [80, 96]]}, {""poligono_xy"": [[42, 428], [60, 418], [74, 424], [78, 440], [64, 452], [48, 444]]}, {""poligono_xy"": [[150, 120], [170, 112], [188, 120], [194, 138], [180, 150], [158, 140]]}, {""poligono_xy"": [[298, 38], [320, 30], [340, 40], [346, 58], [330, 70], [306, 60]]}, {""poligono_xy"": [[364, 222], [378, 212], [394, 218], [402, 236], [388, 250], [370, 240]]}, {""poligono_xy"": [[426, 802], [448, 796], [470, 808], [476, 828], [458, 840], [434, 828]]}, {""poligono_xy"": [[588, 72], [606, 62], [624, 70], [630, 90], [612, 100], [592, 90]]}, {""poligono_xy"": [[710, 868], [730, 856], [752, 866], [760, 888], [740, 902], [716, 890]]}, {""poligono_xy"": [[868, 86], [890, 76], [910, 88], [914, 106], [896, 118], [874, 106]]}, {""poligono_xy"": [[916, 666], [932, 654], [950, 660], [958, 680], [942, 694], [922, 682]]}]",Imagem de microscopia de campo claro com células esféricas de baixo contraste em um fundo cinza. A imagem apresenta ruído e alguns detritos. Possível presença de artefatos.
2022_03_21_11_06_46_20.bmp,C:\Users\sthem\OneDrive\Documentos\GitHub\master-2025\7-gemini\val\2022_03_21_11_06_46_20.bmp,"[{""poligono_xy"": [[180, 50], [200, 40], [220, 45], [230, 60], [220, 75], [200, 70], [180, 60]]}, {""poligono_xy"": [[280, 220], [300, 210], [325, 215], [340, 230], [330, 250], [305, 255], [285, 240]]}, {""poligono_xy"": [[400, 50], [415, 40], [430, 45], [440, 60], [430, 75], [415, 70], [400, 65]]}, {""poligono_xy"": [[480, 280], [495, 270], [510, 270], [520, 285], [510, 300], [490, 300], [480, 290]]}, {""poligono_xy"": [[580, 80], [600, 70], [620, 80], [625, 100], [610, 110], [590, 100]]}, {""poligono_xy"": [[650, 220], [670, 210], [690, 220], [700, 240], [685, 260], [660, 250]]}, {""poligono_xy"": [[780, 280], [800, 265], [820, 270], [830, 290], [815, 310], [790, 300]]}, {""poligono_xy"": [[880, 50], [900, 40], [920, 50], [925, 70], [910, 80], [890, 70]]}, {""poligono_xy"": [[90, 300], [110, 290], [130, 300], [135, 320], [120, 330], [100, 320]]}, {""poligono_xy"": [[210, 400], [230, 390], [250, 395], [260, 410], [245, 425], [220, 420]]}, {""poligono_xy"": [[350, 450], [370, 440], [390, 445], [400, 460], [385, 475], [360, 470]]}, {""poligono_xy"": [[500, 120], [510, 105], [525, 110], [535, 130], [525, 145], [510, 140]]}, {""poligono_xy"": [[80, 150], [95, 140], [110, 145], [115, 160], [100, 170], [85, 165]]}, {""poligono_xy"": [[280, 80], [290, 65], [300, 70], [305, 85], [295, 95], [285, 90]]}]","Imagem de microscopia de campo claro com células de formato ovalado, possivelmente leveduras, em baixo contraste e com alguns detritos no fundo. A imagem apresenta baixa resolução e foco não uniforme."
2022_03_21_11_06_47_86.bmp,C:\Users\sthem\OneDrive\Documentos\GitHub\master-2025\7-gemini\val\2022_03_21_11_06_47_86.bmp,"[{""poligono_xy"": [[52, 45], [78, 38], [95, 48], [90, 68], [68, 75], [48, 65]]}, {""poligono_xy"": [[120, 205], [150, 195], [170, 210], [165, 235], [135, 245], [110, 230]]}, {""poligono_xy"": [[210, 540], [240, 530], [265, 550], [260, 575], [230, 585], [200, 570]]}, {""poligono_xy"": [[285, 130], [305, 120], [325, 135], [320, 155], [295, 165], [275, 150]]}, {""poligono_xy"": [[380, 510], [405, 500], [430, 520], [425, 545], [400, 555], [375, 535]]}, {""poligono_xy"": [[450, 220], [470, 210], [490, 225], [485, 245], [460, 255], [440, 240]]}, {""poligono_xy"": [[555, 585], [585, 575], [610, 595], [605, 620], [575, 630], [550, 610]]}, {""poligono_xy"": [[630, 85], [655, 75], [680, 90], [675, 115], [645, 125], [620, 105]]}, {""poligono_xy"": [[715, 355], [740, 340], [765, 360], [760, 385], [730, 395], [705, 375]]}, {""poligono_xy"": [[790, 840], [815, 830], [840, 850], [835, 875], [805, 885], [780, 865]]}, {""poligono_xy"": [[860, 470], [885, 460], [910, 480], [905, 505], [875, 515], [850, 495]]}, {""poligono_xy"": [[920, 170], [945, 160], [970, 180], [965, 205], [935, 215], [910, 195]]}]",Imagem de microscopia de campo claro com células esféricas de baixo contraste em um fundo com ruído. A imagem sugere a presença de possíveis artefatos e detritos.
2022_03_21_11_06_49_54.bmp,C:\Users\sthem\OneDrive\Documentos\GitHub\master-2025\7-gemini\val\2022_03_21_11_06_49_54.bmp,"[{""poligono_xy"": [[28, 22], [40, 14], [50, 18], [54, 28], [46, 36], [34, 32]]}, {""poligono_xy"": [[80, 40], [98, 38], [108, 52], [102, 64], [84, 64], [74, 54]]}, {""poligono_xy"": [[148, 4], [162, 2], [170, 10], [168, 20], [154, 22], [142, 16]]}, {""poligono_xy"": [[180, 146], [190, 136], [202, 140], [208, 154], [198, 164], [186, 160]]}, {""poligono_xy"": [[224, 280], [240, 270], [256, 280], [260, 296], [246, 308], [228, 298]]}, {""poligono_xy"": [[284, 44], [296, 34], [310, 40], [316, 54], [304, 62], [288, 56]]}, {""poligono_xy"": [[292, 140], [308, 132], [326, 144], [328, 160], [312, 170], [292, 158]]}, {""poligono_xy"": [[356, 220], [372, 210], [388, 222], [392, 240], [376, 252], [358, 240]]}, {""poligono_xy"": [[392, 76], [408, 68], [422, 78], [426, 94], [412, 104], [394, 94]]}, {""poligono_xy"": [[440, 284], [456, 276], [470, 288], [474, 302], [460, 312], [444, 300]]}, {""poligono_xy"": [[488, 88], [504, 78], [520, 90], [524, 108], [508, 118], [490, 106]]}, {""poligono_xy"": [[544, 180], [556, 168], [572, 176], [578, 194], [564, 206], [546, 194]]}]","Imagem de microscopia de campo claro com células de formato variável, possivelmente leveduras ou bactérias, com baixo contraste e algumas sobreposições. A imagem apresenta algum ruído de fundo."
2022_03_21_11_06_51_22.bmp,C:\Users\sthem\OneDrive\Documentos\GitHub\master-2025\7-gemini\val\2022_03_21_11_06_51_22.bmp,"[{""poligono_xy"": [[52, 45], [68, 32], [82, 38], [88, 54], [76, 70], [58, 64]]}, {""poligono_xy"": [[118, 108], [142, 98], [160, 110], [164, 132], [146, 148], [122, 138]]}, {""poligono_xy"": [[28, 145], [48, 135], [66, 145], [70, 165], [52, 180], [30, 170]]}, {""poligono_xy"": [[100, 200], [120, 190], [140, 205], [148, 225], [130, 240], [108, 230]]}, {""poligono_xy"": [[280, 40], [295, 30], [315, 35], [325, 50], [310, 65], [285, 60]]}, {""poligono_xy"": [[370, 100], [390, 85], [415, 95], [425, 115], [405, 130], [380, 120]]}, {""poligono_xy"": [[470, 220], [490, 205], [515, 215], [525, 240], [505, 255], [480, 245]]}, {""poligono_xy"": [[580, 50], [600, 35], [620, 45], [630, 65], [610, 80], [585, 70]]}, {""poligono_xy"": [[660, 140], [680, 125], [700, 135], [710, 155], [690, 170], [665, 160]]}, {""poligono_xy"": [[750, 240], [775, 230], [800, 245], [810, 265], [785, 280], [760, 270]]}, {""poligono_xy"": [[880, 80], [900, 65], [920, 75], [930, 95], [910, 110], [885, 100]]}, {""poligono_xy"": [[940, 185], [955, 170], [975, 180], [985, 200], [970, 215], [945, 205]]}]",Imagem de microscopia de campo claro com células esféricas de baixo contraste em um fundo com alguns detritos. A imagem apresenta um nível de ruído moderado.
2022_03_21_11_06_52_88.bmp,C:\Users\sthem\OneDrive\Documentos\GitHub\master-2025\7-gemini\val\2022_03_21_11_06_52_88.bmp,"[{""poligono_xy"": [[52, 70], [68, 60], [80, 62], [88, 76], [78, 88], [60, 86]]}, {""poligono_xy"": [[148, 146], [162, 138], [178, 142], [186, 158], [174, 172], [156, 166]]}, {""poligono_xy"": [[120, 402], [140, 396], [158, 406], [164, 422], [150, 434], [128, 428]]}, {""poligono_xy"": [[212, 266], [230, 258], [250, 264], [260, 280], [246, 292], [224, 288]]}, {""poligono_xy"": [[288, 488], [306, 478], [326, 486], [336, 504], [320, 518], [298, 510]]}, {""poligono_xy"": [[350, 146], [368, 134], [390, 140], [402, 160], [386, 176], [360, 168]]}, {""poligono_xy"": [[386, 380], [408, 370], [430, 380], [440, 400], [424, 416], [400, 408]]}, {""poligono_xy"": [[476, 506], [494, 494], [516, 502], [528, 522], [512, 538], [486, 528]]}, {""poligono_xy"": [[550, 206], [570, 196], [590, 208], [600, 228], [580, 244], [556, 232]]}, {""poligono_xy"": [[600, 704], [620, 696], [644, 708], [656, 728], [638, 742], [612, 730]]}, {""poligono_xy"": [[678, 86], [696, 76], [720, 84], [732, 104], [714, 118], [688, 108]]}, {""poligono_xy"": [[724, 304], [744, 292], [768, 302], [780, 322], [760, 338], [734, 326]]}, {""poligono_xy"": [[768, 870], [790, 858], [814, 870], [826, 892], [806, 908], [778, 894]]}, {""poligono_xy"": [[842, 600], [860, 588], [882, 598], [894, 620], [876, 636], [850, 624]]}, {""poligono_xy"": [[892, 88], [904, 72], [918, 72], [926, 86], [916, 98], [900, 98]]}, {""poligono_xy"": [[920, 896], [940, 884], [964, 896], [976, 916], [958, 932], [930, 920]]}]","Imagem de microscopia de campo claro com células esféricas, possivelmente leveduras, em baixa concentração. A imagem apresenta baixo contraste e alguns artefatos."
2022_03_21_11_06_54_56.bmp,C:\Users\sthem\OneDrive\Documentos\GitHub\master-2025\7-gemini\val\2022_03_21_11_06_54_56.bmp,"[{""poligono_xy"": [[170, 50], [190, 40], [210, 50], [200, 70], [180, 70]]}, {""poligono_xy"": [[280, 80], [300, 70], [320, 80], [310, 100], [290, 100]]}, {""poligono_xy"": [[50, 120], [70, 110], [90, 120], [80, 140], [60, 140]]}, {""poligono_xy"": [[150, 160], [170, 150], [190, 160], [180, 180], [160, 180]]}, {""poligono_xy"": [[250, 200], [270, 190], [290, 200], [280, 220], [260, 220]]}, {""poligono_xy"": [[400, 220], [420, 210], [440, 220], [430, 240], [410, 240]]}, {""poligono_xy"": [[550, 250], [570, 240], [590, 250], [580, 270], [560, 270]]}, {""poligono_xy"": [[50, 280], [70, 270], [90, 280], [80, 300], [60, 300]]}, {""poligono_xy"": [[180, 320], [200, 310], [220, 320], [210, 340], [190, 340]]}, {""poligono_xy"": [[450, 350], [470, 340], [490, 350], [480, 370], [460, 370]]}, {""poligono_xy"": [[600, 380], [620, 370], [640, 380], [630, 400], [610, 400]]}, {""poligono_xy"": [[50, 420], [70, 410], [90, 420], [80, 440], [60, 440]]}, {""poligono_xy"": [[250, 450], [270, 440], [290, 450], [280, 470], [260, 470]]}, {""poligono_xy"": [[520, 480], [540, 470], [560, 480], [550, 500], [530, 500]]}, {""poligono_xy"": [[10, 550], [30, 540], [50, 550], [40, 570], [20, 570]]}]","Imagem de microscopia de campo claro com células esféricas, possivelmente leveduras, em baixa resolução e com baixo contraste. Presença de artefatos e detritos."
2022_03_21_11_06_57_91.bmp,C:\Users\sthem\OneDrive\Documentos\GitHub\master-2025\7-gemini\val\2022_03_21_11_06_57_91.bmp,"[{""poligono_xy"": [[100, 40], [120, 30], [130, 45], [125, 60], [105, 55]]}, {""poligono_xy"": [[25, 370], [40, 360], [50, 375], [40, 390], [25, 385]]}, {""poligono_xy"": [[150, 150], [170, 140], [185, 155], [180, 175], [160, 170]]}, {""poligono_xy"": [[280, 380], [300, 370], [315, 380], [310, 400], [290, 395]]}, {""poligono_xy"": [[380, 50], [400, 40], [415, 55], [410, 70], [390, 65]]}, {""poligono_xy"": [[450, 200], [470, 190], [480, 205], [475, 220], [460, 215]]}, {""poligono_xy"": [[50, 100], [70, 90], [85, 105], [80, 125], [60, 120]]}, {""poligono_xy"": [[200, 250], [220, 240], [235, 255], [230, 275], [210, 270]]}, {""poligono_xy"": [[330, 450], [350, 440], [365, 455], [360, 475], [340, 470]]}, {""poligono_xy"": [[480, 350], [500, 340], [515, 355], [510, 375], [490, 370]]}, {""poligono_xy"": [[180, 30], [195, 20], [210, 30], [200, 45]]}, {""poligono_xy"": [[280, 180], [295, 170], [310, 180], [300, 195]]}, {""poligono_xy"": [[400, 480], [415, 470], [430, 480], [420, 495]]}, {""poligono_xy"": [[550, 80], [565, 70], [580, 80], [570, 95]]}, {""poligono_xy"": [[250, 480], [270, 475], [285, 490], [275, 505], [255, 500]]}, {""poligono_xy"": [[500, 10], [520, 0], [535, 15], [530, 30], [510, 25]]}]",Imagem de microscopia de campo claro com células de formato predominantemente circular e baixo contraste. Possível presença de artefatos e detritos.
2022_03_21_11_06_59_58.bmp,C:\Users\sthem\OneDrive\Documentos\GitHub\master-2025\7-gemini\val\2022_03_21_11_06_59_58.bmp,"[{""poligono_xy"": [[170, 35], [200, 30], [215, 45], [210, 60], [180, 65], [165, 50]]}, {""poligono_xy"": [[285, 70], [310, 60], [325, 75], [320, 95], [295, 105], [280, 90]]}, {""poligono_xy"": [[120, 120], [150, 115], [165, 130], [160, 145], [130, 150], [115, 135]]}, {""poligono_xy"": [[300, 155], [325, 145], [340, 160], [335, 175], [310, 185], [295, 170]]}, {""poligono_xy"": [[175, 200], [195, 190], [210, 205], [205, 225], [185, 235], [170, 220]]}, {""poligono_xy"": [[255, 215], [275, 205], [290, 220], [285, 240], [265, 250], [250, 235]]}, {""poligono_xy"": [[345, 250], [375, 240], [390, 255], [385, 275], [355, 285], [340, 270]]}, {""poligono_xy"": [[70, 280], [90, 270], [105, 285], [100, 305], [80, 315], [65, 290]]}, {""poligono_xy"": [[180, 305], [195, 295], [205, 305], [200, 315], [185, 320], [175, 310]]}, {""poligono_xy"": [[45, 365], [65, 355], [80, 370], [75, 390], [55, 400], [40, 385]]}, {""poligono_xy"": [[145, 400], [175, 390], [190, 405], [185, 425], [155, 435], [140, 420]]}, {""poligono_xy"": [[290, 415], [310, 405], [325, 420], [320, 440], [300, 450], [285, 435]]}, {""poligono_xy"": [[450, 440], [470, 430], [485, 445], [480, 465], [460, 475], [445, 460]]}]","Imagem de microscopia de campo claro com células de formato ovalado, possivelmente leveduras, com baixo contraste e algumas sobrepostas. Presença de ruído e detritos no fundo."
2022_03_21_11_07_01_25.bmp,C:\Users\sthem\OneDrive\Documentos\GitHub\master-2025\7-gemini\val\2022_03_21_11_07_01_25.bmp,"[{""poligono_xy"": [[100, 105], [120, 90], [140, 95], [155, 110], [145, 130], [120, 125]]}, {""poligono_xy"": [[180, 45], [200, 35], [225, 40], [240, 60], [225, 75], [200, 70]]}, {""poligono_xy"": [[290, 280], [310, 270], [330, 280], [340, 300], [320, 320], [300, 310]]}, {""poligono_xy"": [[380, 100], [400, 90], [420, 100], [430, 120], [410, 135], [390, 130]]}, {""poligono_xy"": [[450, 250], [470, 240], [490, 250], [500, 270], [480, 290], [460, 280]]}, {""poligono_xy"": [[520, 320], [540, 310], [560, 320], [570, 340], [550, 360], [530, 350]]}, {""poligono_xy"": [[590, 150], [610, 140], [630, 150], [640, 170], [620, 185], [600, 180]]}, {""poligono_xy"": [[660, 280], [680, 270], [700, 280], [710, 300], [690, 315], [670, 310]]}, {""poligono_xy"": [[750, 80], [770, 70], [790, 80], [800, 100], [780, 115], [760, 110]]}, {""poligono_xy"": [[820, 200], [840, 190], [860, 200], [870, 220], [850, 235], [830, 230]]}]",Imagem de microscopia de campo claro com células esféricas de baixo contraste em um fundo com ruído. A imagem apresenta artefatos e algumas células estão fora de foco.
2022_03_21_11_07_02_93.bmp,C:\Users\sthem\OneDrive\Documentos\GitHub\master-2025\7-gemini\val\2022_03_21_11_07_02_93.bmp,"[{""poligono_xy"": [[92, 100], [112, 88], [130, 95], [135, 115], [115, 128], [95, 118]]}, {""poligono_xy"": [[55, 270], [78, 260], [95, 270], [100, 290], [80, 305], [60, 295]]}, {""poligono_xy"": [[280, 80], [295, 65], [315, 70], [320, 90], [300, 100], [285, 95]]}, {""poligono_xy"": [[190, 215], [210, 200], [235, 210], [245, 235], [225, 250], [200, 240]]}, {""poligono_xy"": [[295, 320], [320, 305], [340, 315], [350, 340], [330, 355], [305, 345]]}, {""poligono_xy"": [[450, 120], [470, 110], [490, 120], [500, 145], [480, 155], [460, 145]]}, {""poligono_xy"": [[580, 255], [600, 240], [620, 250], [630, 270], [610, 285], [590, 275]]}, {""poligono_xy"": [[705, 355], [725, 340], [745, 350], [755, 375], [735, 390], [715, 380]]}, {""poligono_xy"": [[195, 60], [205, 45], [215, 40], [225, 50], [220, 65], [205, 65]]}, {""poligono_xy"": [[310, 220], [330, 210], [350, 225], [360, 245], [340, 260], [315, 250]]}, {""poligono_xy"": [[470, 285], [490, 270], [515, 285], [525, 310], [500, 325], [475, 310]]}, {""poligono_xy"": [[655, 80], [670, 65], [685, 75], [690, 95], [670, 105], [660, 90]]}]",Imagem de microscopia de campo claro com células esféricas de baixo contraste em um fundo ruidoso. Possível presença de artefatos.
2022_03_21_11_07_04_60.bmp,C:\Users\sthem\OneDrive\Documentos\GitHub\master-2025\7-gemini\val\2022_03_21_11_07_04_60.bmp,"[{""poligono_xy"": [[110, 320], [135, 300], [160, 300], [180, 320], [170, 345], [140, 355], [115, 340]]}, {""poligono_xy"": [[380, 400], [400, 385], [420, 390], [430, 410], [420, 430], [400, 435], [385, 420]]}, {""poligono_xy"": [[380, 480], [400, 470], [425, 475], [440, 500], [430, 520], [400, 520], [380, 505]]}, {""poligono_xy"": [[480, 500], [500, 490], [520, 495], [535, 515], [525, 530], [500, 530], [485, 520]]}, {""poligono_xy"": [[580, 600], [600, 590], [620, 590], [640, 610], [630, 630], [605, 635], [585, 620]]}, {""poligono_xy"": [[700, 650], [720, 640], [740, 645], [755, 665], [745, 680], [720, 680], [700, 670]]}, {""poligono_xy"": [[850, 700], [870, 685], [890, 690], [900, 710], [890, 730], [870, 735], [850, 720]]}, {""poligono_xy"": [[200, 100], [215, 90], [235, 95], [250, 110], [240, 125], [220, 130], [200, 120]]}, {""poligono_xy"": [[350, 100], [370, 90], [390, 90], [410, 110], [400, 130], [370, 130], [355, 120]]}, {""poligono_xy"": [[50, 580], [70, 570], [90, 575], [100, 595], [90, 610], [70, 610], [55, 600]]}, {""poligono_xy"": [[880, 380], [895, 365], [915, 370], [930, 390], [920, 405], [900, 405], [880, 395]]}, {""poligono_xy"": [[50, 50], [65, 40], [80, 40], [95, 55], [85, 70], [65, 70], [50, 60]]}, {""poligono_xy"": [[450, 230], [470, 215], [490, 220], [505, 240], [495, 255], [470, 255], [455, 245]]}, {""poligono_xy"": [[600, 280], [620, 265], [640, 270], [655, 290], [645, 305], [620, 305], [600, 295]]}, {""poligono_xy"": [[750, 150], [770, 135], [790, 140], [805, 160], [795, 175], [770, 175], [750, 165]]}, {""poligono_xy"": [[850, 100], [865, 85], [885, 90], [900, 110], [890, 125], [865, 125], [850, 115]]}]","Imagem de microscopia de campo claro com células de formato predominantemente circular/elíptico, possivelmente leveduras ou algum tipo de célula eucariótica em suspensão. A imagem apresenta baixo contraste e algumas células estão ligeiramente fora de foco."
2022_03_21_11_07_06_27.bmp,C:\Users\sthem\OneDrive\Documentos\GitHub\master-2025\7-gemini\val\2022_03_21_11_07_06_27.bmp,"[{""poligono_xy"": [[92, 82], [112, 72], [128, 82], [122, 100], [98, 106], [82, 94]]}, {""poligono_xy"": [[244, 88], [268, 82], [284, 94], [282, 116], [256, 124], [236, 112]]}, {""poligono_xy"": [[348, 326], [368, 318], [386, 332], [382, 352], [358, 362], [338, 346]]}, {""poligono_xy"": [[442, 740], [468, 734], [490, 752], [486, 776], [456, 788], [432, 768]]}, {""poligono_xy"": [[588, 586], [606, 572], [626, 588], [624, 610], [600, 624], [576, 606]]}, {""poligono_xy"": [[702, 76], [724, 64], [744, 80], [740, 104], [714, 116], [690, 98]]}, {""poligono_xy"": [[852, 904], [876, 894], [898, 914], [892, 940], [864, 952], [838, 930]]}, {""poligono_xy"": [[926, 254], [952, 242], [974, 262], [968, 288], [938, 300], [914, 278]]}]","Imagem de microscopia de campo claro com células esféricas, possivelmente leveduras, em diferentes planos focais. Baixo contraste e presença de artefatos."
2022_03_21_11_07_09_62.bmp,C:\Users\sthem\OneDrive\Documentos\GitHub\master-2025\7-gemini\val\2022_03_21_11_07_09_62.bmp,"[{""poligono_xy"": [[27, 21], [40, 14], [52, 18], [56, 29], [50, 39], [38, 40], [26, 32]]}, {""poligono_xy"": [[86, 3], [102, 3], [110, 12], [107, 24], [94, 28], [81, 22]]}, {""poligono_xy"": [[130, 135], [146, 128], [158, 135], [162, 148], [152, 158], [136, 155]]}, {""poligono_xy"": [[185, 25], [198, 16], [215, 18], [225, 30], [218, 43], [198, 43], [183, 35]]}, {""poligono_xy"": [[238, 81], [252, 75], [265, 82], [270, 95], [260, 105], [245, 100]]}, {""poligono_xy"": [[285, 150], [298, 143], [312, 148], [320, 160], [310, 170], [292, 168]]}, {""poligono_xy"": [[350, 78], [365, 70], [380, 75], [388, 88], [378, 98], [360, 95]]}, {""poligono_xy"": [[400, 18], [415, 10], [430, 15], [435, 28], [425, 38], [405, 32]]}, {""poligono_xy"": [[460, 155], [475, 145], [490, 150], [498, 165], [485, 175], [465, 170]]}, {""poligono_xy"": [[510, 80], [525, 72], [540, 78], [548, 90], [538, 100], [520, 95]]}, {""poligono_xy"": [[565, 20], [580, 12], [595, 18], [602, 30], [590, 40], [570, 35]]}]","Imagem de microscopia de campo claro com células esféricas, possivelmente leveduras, em diferentes planos focais. Baixo contraste e presença de artefatos."
2022_03_21_11_07_11_30.bmp,C:\Users\sthem\OneDrive\Documentos\GitHub\master-2025\7-gemini\val\2022_03_21_11_07_11_30.bmp,"[{""poligono_xy"": [[280, 340], [295, 325], [310, 325], [320, 335], [320, 350], [305, 360], [285, 360]]}, {""poligono_xy"": [[70, 70], [85, 60], [105, 65], [115, 80], [110, 95], [90, 105], [70, 95]]}, {""poligono_xy"": [[270, 70], [285, 60], [300, 60], [315, 70], [315, 90], [300, 100], [280, 100], [270, 90]]}, {""poligono_xy"": [[45, 285], [60, 270], [80, 270], [95, 285], [90, 305], [75, 315], [55, 315], [45, 300]]}, {""poligono_xy"": [[270, 455], [285, 440], [305, 440], [320, 450], [320, 470], [300, 485], [275, 485]]}, {""poligono_xy"": [[680, 460], [695, 445], [715, 445], [730, 460], [725, 480], [705, 495], [685, 490]]}, {""poligono_xy"": [[70, 460], [90, 450], [110, 455], [125, 470], [115, 490], [90, 500], [70, 485]]}, {""poligono_xy"": [[455, 70], [470, 60], [490, 65], [505, 75], [500, 90], [480, 100], [460, 95]]}, {""poligono_xy"": [[680, 70], [700, 60], [725, 65], [745, 80], [740, 100], [715, 115], [690, 110]]}, {""poligono_xy"": [[260, 255], [275, 240], [295, 245], [310, 260], [300, 280], [275, 285], [260, 275]]}, {""poligono_xy"": [[460, 340], [475, 330], [495, 330], [510, 345], [505, 365], [485, 375], [465, 370]]}, {""poligono_xy"": [[670, 270], [690, 260], [715, 265], [735, 280], [730, 300], [705, 315], [680, 305]]}, {""poligono_xy"": [[500, 500], [520, 490], [540, 495], [555, 510], [550, 530], [525, 540], [505, 530]]}, {""poligono_xy"": [[570, 85], [575, 70], [585, 60], [595, 65], [600, 75], [595, 90], [580, 95], [570, 90]]}]",Imagem de microscopia de campo claro com células esféricas de baixo contraste em um fundo com ruído. A imagem sugere a presença de possíveis detritos ou artefatos.
2022_03_21_11_07_12_97.bmp,C:\Users\sthem\OneDrive\Documentos\GitHub\master-2025\7-gemini\val\2022_03_21_11_07_12_97.bmp,"[{""poligono_xy"": [[170, 165], [185, 155], [195, 160], [190, 175], [175, 180]]}, {""poligono_xy"": [[280, 30], [295, 25], [310, 35], [305, 50], [285, 45]]}, {""poligono_xy"": [[355, 205], [370, 200], [380, 210], [375, 225], [360, 225]]}, {""poligono_xy"": [[400, 530], [415, 520], [430, 530], [425, 545], [410, 550]]}, {""poligono_xy"": [[480, 100], [490, 90], [500, 100], [500, 115], [490, 120]]}, {""poligono_xy"": [[540, 380], [555, 370], [570, 380], [570, 400], [555, 405]]}, {""poligono_xy"": [[605, 50], [620, 40], [635, 50], [630, 65], [615, 65]]}, {""poligono_xy"": [[680, 230], [695, 220], [710, 230], [705, 245], [690, 245]]}, {""poligono_xy"": [[730, 480], [745, 470], [760, 485], [755, 500], [740, 495]]}, {""poligono_xy"": [[800, 90], [815, 80], [830, 90], [825, 105], [810, 105]]}, {""poligono_xy"": [[880, 600], [895, 590], [910, 600], [905, 615], [890, 615]]}, {""poligono_xy"": [[920, 280], [935, 270], [950, 280], [945, 295], [930, 295]]}]","Imagem de microscopia de campo claro com células esféricas, possivelmente leveduras ou células em suspensão, com baixo contraste e algumas sobrepostas. Presença de detritos e ruído de fundo."
2022_03_21_11_07_18_00.bmp,C:\Users\sthem\OneDrive\Documentos\GitHub\master-2025\7-gemini\val\2022_03_21_11_07_18_00.bmp,"[{""poligono_xy"": [[170, 400], [155, 420], [145, 435], [145, 450], [155, 465], [170, 475], [190, 475], [205, 465], [215, 450], [215, 430], [205, 415], [190, 400]]}, {""poligono_xy"": [[280, 250], [265, 265], [255, 280], [255, 295], [265, 310], [285, 320], [305, 315], [320, 300], [320, 280], [310, 265], [295, 255]]}, {""poligono_xy"": [[350, 275], [340, 290], [330, 300], [325, 305], [330, 310], [340, 315], [355, 310], [365, 300], [365, 285], [355, 275]]}, {""poligono_xy"": [[40, 50], [30, 65], [25, 80], [30, 95], [45, 105], [60, 100], [70, 85], [70, 70], [60, 55]]}, {""poligono_xy"": [[70, 230], [60, 240], [55, 250], [55, 265], [65, 275], [80, 280], [95, 275], [105, 260], [100, 245], [90, 235]]}, {""poligono_xy"": [[450, 40], [435, 55], [425, 70], [425, 85], [440, 100], [460, 100], [475, 90], [480, 70], [470, 55], [460, 45]]}, {""poligono_xy"": [[570, 850], [560, 860], [550, 870], [550, 885], [560, 895], [575, 900], [590, 895], [600, 880], [595, 865], [585, 855]]}, {""poligono_xy"": [[880, 880], [870, 890], [860, 900], [860, 910], [870, 920], [885, 925], [900, 920], [910, 910], [905, 895], [890, 885]]}]","Imagem de microscopia de campo claro com células esféricas, possivelmente leveduras ou células em suspensão, com baixo contraste e algumas fora de foco. A imagem apresenta ruído de fundo e alguns detritos."
2022_03_21_11_07_19_67.bmp,C:\Users\sthem\OneDrive\Documentos\GitHub\master-2025\7-gemini\val\2022_03_21_11_07_19_67.bmp,"[{""poligono_xy"": [[170, 230], [190, 230], [195, 245], [195, 260], [185, 270], [165, 270], [155, 260], [155, 245]]}, {""poligono_xy"": [[290, 290], [315, 290], [325, 310], [325, 325], [310, 340], [280, 340], [270, 325], [270, 310]]}, {""poligono_xy"": [[340, 295], [360, 295], [365, 305], [365, 315], [355, 325], [335, 325], [330, 315], [330, 305]]}, {""poligono_xy"": [[450, 50], [470, 50], [480, 65], [480, 80], [465, 90], [440, 90], [430, 80], [430, 65]]}, {""poligono_xy"": [[500, 240], [520, 240], [530, 260], [530, 275], [515, 290], [490, 290], [480, 275], [480, 260]]}, {""poligono_xy"": [[580, 85], [600, 85], [610, 100], [610, 115], [595, 125], [570, 125], [560, 115], [560, 100]]}, {""poligono_xy"": [[655, 355], [675, 355], [685, 370], [685, 385], [670, 400], [645, 400], [635, 385], [635, 370]]}, {""poligono_xy"": [[700, 370], [715, 370], [720, 380], [720, 385], [710, 395], [695, 395], [690, 385], [690, 380]]}, {""poligono_xy"": [[880, 350], [900, 350], [910, 370], [910, 390], [895, 405], [870, 405], [860, 390], [860, 370]]}, {""poligono_xy"": [[920, 380], [940, 380], [950, 400], [950, 415], [935, 430], [910, 430], [900, 415], [900, 400]]}, {""poligono_xy"": [[280, 45], [300, 45], [310, 60], [310, 75], [295, 90], [270, 90], [260, 75], [260, 60]]}, {""poligono_xy"": [[70, 100], [90, 100], [100, 115], [100, 130], [85, 145], [60, 145], [50, 130], [50, 115]]}, {""poligono_xy"": [[10, 280], [30, 280], [40, 295], [40, 310], [25, 325], [0, 325], [-10, 310], [-10, 295]]}]","Imagem de microscopia de campo claro com células esféricas, possivelmente leveduras, em baixo contraste e com alguma variação de tamanho. A imagem apresenta ruído de fundo e alguns detritos."
2022_03_21_11_07_21_34.bmp,C:\Users\sthem\OneDrive\Documentos\GitHub\master-2025\7-gemini\val\2022_03_21_11_07_21_34.bmp,"[{""poligono_xy"": [[112, 120], [128, 114], [140, 118], [148, 130], [144, 142], [132, 146], [118, 140]]}, {""poligono_xy"": [[26, 24], [44, 18], [60, 24], [64, 42], [52, 56], [34, 54], [22, 40]]}, {""poligono_xy"": [[28, 84], [44, 74], [62, 80], [70, 98], [60, 114], [42, 116], [26, 100]]}, {""poligono_xy"": [[24, 274], [40, 262], [60, 272], [70, 292], [60, 310], [38, 316], [20, 300]]}, {""poligono_xy"": [[188, 552], [208, 542], [230, 550], [240, 570], [226, 588], [202, 592], [182, 576]]}, {""poligono_xy"": [[16, 508], [36, 496], [58, 506], [70, 526], [60, 546], [38, 552], [18, 536]]}, {""poligono_xy"": [[282, 26], [300, 18], [320, 26], [328, 44], [314, 60], [292, 60], [276, 46]]}, {""poligono_xy"": [[260, 284], [280, 272], [302, 282], [314, 302], [300, 320], [276, 322], [258, 308]]}, {""poligono_xy"": [[86, 894], [106, 882], [128, 892], [140, 912], [126, 930], [100, 930], [82, 914]]}, {""poligono_xy"": [[764, 906], [784, 894], [806, 904], [816, 924], [802, 940], [778, 940], [760, 922]]}, {""poligono_xy"": [[270, 668], [290, 656], [314, 668], [326, 688], [312, 706], [286, 708], [266, 690]]}, {""poligono_xy"": [[736, 680], [758, 668], [780, 678], [790, 696], [778, 714], [752, 716], [732, 698]]}, {""poligono_xy"": [[484, 286], [502, 276], [522, 284], [532, 302], [516, 318], [494, 318], [478, 304]]}, {""poligono_xy"": [[686, 52], [706, 42], [728, 50], [740, 70], [726, 86], [702, 88], [682, 72]]}]",Imagem de microscopia de campo claro com células esféricas de baixo contraste em um fundo heterogêneo. A imagem apresenta ruído e alguns artefatos.
2022_03_21_11_07_23_02.bmp,C:\Users\sthem\OneDrive\Documentos\GitHub\master-2025\7-gemini\val\2022_03_21_11_07_23_02.bmp,"[{""poligono_xy"": [[57, 5], [78, 10], [85, 25], [78, 40], [57, 44], [40, 38], [34, 23], [40, 8]]}, {""poligono_xy"": [[120, 148], [145, 155], [158, 175], [152, 195], [128, 200], [105, 188], [95, 168]]}, {""poligono_xy"": [[195, 365], [215, 360], [230, 375], [230, 395], [210, 410], [185, 405], [170, 390], [175, 370]]}, {""poligono_xy"": [[255, 155], [280, 150], [295, 165], [295, 185], [275, 200], [250, 195], [235, 180], [240, 160]]}, {""poligono_xy"": [[310, 380], [330, 375], [350, 390], [355, 410], [340, 425], [315, 420], [295, 405], [300, 390]]}, {""poligono_xy"": [[380, 385], [395, 375], [415, 385], [420, 405], [410, 420], [390, 425], [370, 415], [365, 400]]}, {""poligono_xy"": [[460, 255], [480, 250], [500, 270], [495, 290], [470, 305], [445, 295], [430, 275], [435, 260]]}, {""poligono_xy"": [[550, 80], [570, 75], [590, 90], [590, 110], [570, 125], [545, 120], [525, 105], [530, 85]]}, {""poligono_xy"": [[620, 205], [640, 200], [660, 215], [665, 235], [650, 250], [625, 245], [605, 230], [610, 215]]}, {""poligono_xy"": [[700, 400], [720, 395], [740, 410], [745, 430], [730, 445], [705, 440], [685, 425], [690, 410]]}, {""poligono_xy"": [[780, 100], [800, 95], [820, 110], [820, 130], [800, 145], [775, 140], [755, 125], [760, 105]]}, {""poligono_xy"": [[850, 280], [870, 275], [890, 290], [890, 310], [870, 325], [845, 320], [825, 305], [830, 285]]}]","Imagem de microscopia de campo claro com células de formato variado, possivelmente leveduras ou bactérias, com baixo contraste e algumas sobreposições. Presença de detritos e ruído de fundo."
2022_03_21_11_07_24_69.bmp,C:\Users\sthem\OneDrive\Documentos\GitHub\master-2025\7-gemini\val\2022_03_21_11_07_24_69.bmp,"[{""poligono_xy"": [[28, 14], [40, 10], [50, 16], [50, 28], [40, 36], [26, 32], [18, 24]]}, {""poligono_xy"": [[100, 120], [118, 114], [132, 126], [134, 142], [118, 154], [100, 144]]}, {""poligono_xy"": [[180, 20], [194, 14], [210, 22], [214, 38], [200, 48], [180, 40]]}, {""poligono_xy"": [[220, 100], [236, 92], [252, 102], [258, 120], [242, 132], [222, 120]]}, {""poligono_xy"": [[280, 260], [298, 250], [316, 266], [320, 286], [300, 300], [280, 288]]}, {""poligono_xy"": [[340, 50], [358, 42], [378, 56], [382, 74], [364, 88], [342, 76]]}, {""poligono_xy"": [[380, 280], [400, 270], [420, 284], [424, 304], [404, 318], [382, 304]]}, {""poligono_xy"": [[450, 80], [470, 70], [490, 86], [496, 106], [476, 120], [454, 104]]}, {""poligono_xy"": [[500, 290], [518, 280], [534, 294], [538, 314], [518, 328], [500, 314]]}, {""poligono_xy"": [[140, 180], [160, 176], [176, 190], [176, 208], [158, 220], [138, 206]]}, {""poligono_xy"": [[50, 280], [70, 270], [90, 290], [92, 310], [72, 324], [52, 308]]}, {""poligono_xy"": [[70, 70], [90, 60], [108, 78], [110, 98], [90, 112], [70, 98]]}]","Imagem de microscopia de campo claro com células esféricas de baixo contraste, possivelmente leveduras ou células em suspensão. A imagem apresenta algum ruído de fundo e as células variam em tamanho."
2022_03_21_11_07_26_36.bmp,C:\Users\sthem\OneDrive\Documentos\GitHub\master-2025\7-gemini\val\2022_03_21_11_07_26_36.bmp,"[{""poligono_xy"": [[28, 32], [44, 22], [58, 28], [58, 48], [42, 56], [26, 46]]}, {""poligono_xy"": [[88, 60], [110, 52], [126, 62], [124, 84], [104, 94], [84, 82]]}, {""poligono_xy"": [[180, 200], [198, 184], [220, 194], [228, 216], [210, 234], [186, 222]]}, {""poligono_xy"": [[244, 306], [268, 294], [290, 308], [294, 334], [272, 350], [246, 334]]}, {""poligono_xy"": [[298, 64], [320, 50], [346, 58], [352, 82], [332, 98], [300, 88]]}, {""poligono_xy"": [[364, 378], [390, 362], [416, 380], [418, 408], [394, 428], [366, 410]]}, {""poligono_xy"": [[408, 122], [434, 102], [464, 118], [468, 148], [442, 166], [408, 148]]}, {""poligono_xy"": [[484, 246], [508, 228], [536, 244], [540, 272], [516, 290], [486, 270]]}, {""poligono_xy"": [[552, 82], [572, 64], [596, 76], [600, 100], [576, 116], [554, 98]]}, {""poligono_xy"": [[622, 306], [644, 290], [670, 304], [676, 332], [652, 350], [624, 332]]}]","Imagem de microscopia de campo claro com células de formato predominantemente circular/elíptico, possivelmente leveduras, com baixo contraste e variabilidade de tamanho. Presença de alguns detritos e ruído de fundo."
2022_03_21_11_07_28_04.bmp,C:\Users\sthem\OneDrive\Documentos\GitHub\master-2025\7-gemini\val\2022_03_21_11_07_28_04.bmp,"[{""poligono_xy"": [[135, 145], [155, 140], [165, 150], [160, 165], [145, 170], [130, 160]]}, {""poligono_xy"": [[450, 470], [470, 465], [485, 475], [485, 490], [470, 500], [455, 495]]}, {""poligono_xy"": [[280, 500], [300, 495], [315, 500], [315, 515], [300, 525], [280, 520]]}, {""poligono_xy"": [[750, 880], [770, 875], [790, 880], [790, 900], [775, 910], [755, 900]]}, {""poligono_xy"": [[880, 570], [905, 565], [920, 580], [915, 595], [895, 600], [875, 590]]}, {""poligono_xy"": [[585, 100], [605, 90], [620, 100], [620, 120], [605, 130], [585, 120]]}, {""poligono_xy"": [[45, 755], [65, 745], [80, 755], [80, 775], [65, 785], [45, 775]]}, {""poligono_xy"": [[450, 180], [470, 170], [490, 180], [490, 200], [470, 210], [450, 200]]}, {""poligono_xy"": [[855, 280], [875, 270], [890, 280], [890, 300], [875, 310], [855, 300]]}, {""poligono_xy"": [[100, 460], [120, 450], [140, 460], [140, 480], [120, 490], [100, 480]]}, {""poligono_xy"": [[220, 850], [240, 840], [260, 850], [260, 870], [240, 880], [220, 870]]}, {""poligono_xy"": [[610, 710], [630, 700], [650, 710], [650, 730], [630, 740], [610, 730]]}]",Imagem de microscopia de campo claro com células de formato irregular e baixo contraste. Possível presença de artefatos e detritos.
2022_03_21_11_07_29_71.bmp,C:\Users\sthem\OneDrive\Documentos\GitHub\master-2025\7-gemini\val\2022_03_21_11_07_29_71.bmp,"[{""poligono_xy"": [[92, 120], [108, 104], [124, 104], [136, 120], [128, 140], [104, 140]]}, {""poligono_xy"": [[296, 28], [316, 20], [336, 28], [344, 48], [328, 64], [304, 56]]}, {""poligono_xy"": [[312, 120], [332, 112], [352, 120], [360, 140], [340, 156], [316, 148]]}, {""poligono_xy"": [[392, 248], [412, 232], [432, 240], [440, 260], [424, 280], [400, 272]]}, {""poligono_xy"": [[448, 400], [472, 384], [496, 392], [504, 416], [488, 432], [460, 424]]}, {""poligono_xy"": [[560, 568], [584, 552], [608, 560], [616, 584], [596, 600], [568, 592]]}, {""poligono_xy"": [[680, 648], [704, 632], [728, 640], [736, 664], [720, 680], [692, 672]]}, {""poligono_xy"": [[728, 104], [748, 96], [772, 104], [780, 124], [760, 136], [732, 128]]}, {""poligono_xy"": [[808, 200], [832, 184], [856, 192], [864, 216], [844, 232], [816, 224]]}, {""poligono_xy"": [[896, 328], [920, 312], [944, 320], [952, 344], [932, 360], [904, 352]]}, {""poligono_xy"": [[52, 488], [76, 464], [100, 472], [108, 496], [88, 512], [60, 504]]}, {""poligono_xy"": [[168, 576], [192, 560], [216, 568], [224, 592], [204, 608], [176, 600]]}, {""poligono_xy"": [[248, 344], [268, 328], [288, 336], [296, 356], [276, 372], [252, 364]]}, {""poligono_xy"": [[104, 304], [128, 296], [144, 304], [152, 320], [136, 332], [112, 324]]}, {""poligono_xy"": [[232, 232], [256, 216], [280, 224], [288, 248], [268, 264], [240, 256]]}, {""poligono_xy"": [[568, 280], [592, 264], [616, 272], [624, 296], [604, 312], [576, 304]]}, {""poligono_xy"": [[672, 440], [696, 424], [720, 432], [728, 456], [708, 472], [680, 464]]}, {""poligono_xy"": [[792, 520], [816, 504], [840, 512], [848, 536], [828, 552], [800, 544]]}, {""poligono_xy"": [[880, 688], [904, 672], [928, 680], [936, 704], [916, 720], [888, 712]]}]","Imagem de microscopia de campo claro com células de formato aproximadamente circular, possivelmente leveduras, com baixo contraste e variabilidade de tamanho. Presença de alguns detritos e artefatos."
2022_03_21_11_07_31_38.bmp,C:\Users\sthem\OneDrive\Documentos\GitHub\master-2025\7-gemini\val\2022_03_21_11_07_31_38.bmp,"[{""poligono_xy"": [[170, 80], [195, 70], [215, 80], [205, 100], [175, 105]]}, {""poligono_xy"": [[50, 100], [75, 90], [95, 105], [80, 130], [55, 130]]}, {""poligono_xy"": [[150, 170], [170, 160], [190, 170], [185, 200], [160, 205]]}, {""poligono_xy"": [[255, 200], [280, 190], [300, 200], [290, 220], [260, 230]]}, {""poligono_xy"": [[390, 50], [410, 45], [425, 55], [415, 70], [395, 65]]}, {""poligono_xy"": [[140, 290], [160, 280], [180, 295], [170, 315], [145, 315]]}, {""poligono_xy"": [[260, 305], [280, 300], [300, 310], [290, 330], [265, 330]]}, {""poligono_xy"": [[410, 100], [440, 95], [465, 110], [450, 135], [420, 130]]}, {""poligono_xy"": [[400, 220], [425, 215], [445, 230], [430, 250], [405, 245]]}, {""poligono_xy"": [[500, 50], [520, 40], [540, 50], [530, 70], [510, 70]]}, {""poligono_xy"": [[550, 150], [570, 140], [590, 155], [580, 175], [555, 170]]}, {""poligono_xy"": [[600, 250], [625, 240], [645, 255], [635, 275], [610, 270]]}, {""poligono_xy"": [[155, 405], [180, 400], [200, 410], [190, 430], [160, 430]]}, {""poligono_xy"": [[280, 410], [305, 400], [325, 415], [315, 435], [285, 430]]}, {""poligono_xy"": [[420, 330], [445, 320], [465, 335], [455, 355], [425, 350]]}, {""poligono_xy"": [[560, 340], [585, 330], [605, 345], [595, 365], [565, 360]]}, {""poligono_xy"": [[250, 120], [265, 110], [280, 115], [275, 130], [260, 135]]}, {""poligono_xy"": [[150, 40], [160, 30], [175, 35], [170, 50], [155, 45]]}, {""poligono_xy"": [[50, 220], [65, 210], [80, 220], [75, 240], [55, 235]]}, {""poligono_xy"": [[340, 140], [360, 135], [380, 150], [370, 170], [345, 160]]}]",Imagem de microscopia de campo claro com células de formato e contraste variáveis. A imagem apresenta algum ruído de fundo e artefatos.
2022_03_21_11_07_33_06.bmp,C:\Users\sthem\OneDrive\Documentos\GitHub\master-2025\7-gemini\val\2022_03_21_11_07_33_06.bmp,"[{""poligono_xy"": [[23, 26], [35, 22], [45, 26], [48, 38], [43, 49], [32, 52], [21, 46]]}, {""poligono_xy"": [[85, 5], [99, 2], [110, 8], [114, 20], [108, 31], [95, 34], [83, 29]]}, {""poligono_xy"": [[142, 102], [158, 96], [170, 105], [175, 119], [167, 132], [150, 136], [136, 125]]}, {""poligono_xy"": [[275, 253], [290, 245], [305, 255], [310, 270], [300, 282], [282, 285], [270, 270]]}, {""poligono_xy"": [[380, 80], [395, 70], [410, 78], [418, 92], [410, 105], [392, 110], [378, 100]]}, {""poligono_xy"": [[470, 470], [488, 460], [505, 470], [515, 488], [505, 505], [485, 512], [470, 500]]}, {""poligono_xy"": [[560, 80], [575, 72], [590, 80], [598, 95], [588, 108], [570, 112], [555, 100]]}, {""poligono_xy"": [[600, 250], [612, 240], [625, 245], [632, 260], [625, 272], [610, 275], [598, 265]]}, {""poligono_xy"": [[650, 490], [665, 480], [680, 490], [690, 505], [680, 520], [660, 525], [645, 515]]}, {""poligono_xy"": [[710, 105], [725, 95], [740, 102], [750, 118], [740, 130], [720, 135], [705, 122]]}, {""poligono_xy"": [[780, 280], [795, 270], [810, 280], [818, 295], [808, 310], [790, 312], [775, 300]]}, {""poligono_xy"": [[830, 40], [845, 32], [860, 40], [870, 55], [860, 70], [840, 75], [825, 62]]}, {""poligono_xy"": [[880, 480], [895, 470], [910, 480], [920, 495], [910, 510], [890, 515], [875, 502]]}, {""poligono_xy"": [[930, 120], [945, 110], [960, 120], [970, 135], [960, 150], [940, 155], [925, 142]]}, {""poligono_xy"": [[950, 320], [965, 310], [980, 318], [990, 335], [980, 350], [960, 352], [945, 340]]}]",Imagem de microscopia de campo claro com células esféricas de baixo contraste em um fundo com ruído. A imagem apresenta artefatos e algumas células estão fora de foco.
2022_03_21_11_07_34_73.bmp,C:\Users\sthem\OneDrive\Documentos\GitHub\master-2025\7-gemini\val\2022_03_21_11_07_34_73.bmp,"[{""poligono_xy"": [[22, 22], [38, 22], [38, 40], [22, 40]]}, {""poligono_xy"": [[20, 70], [40, 70], [40, 90], [20, 90]]}, {""poligono_xy"": [[10, 105], [25, 105], [25, 120], [10, 120]]}, {""poligono_xy"": [[70, 10], [85, 10], [85, 25], [70, 25]]}, {""poligono_xy"": [[105, 30], [125, 30], [125, 50], [105, 50]]}, {""poligono_xy"": [[150, 55], [170, 55], [170, 75], [150, 75]]}, {""poligono_xy"": [[190, 100], [210, 100], [210, 120], [190, 120]]}, {""poligono_xy"": [[230, 20], [250, 20], [250, 40], [230, 40]]}, {""poligono_xy"": [[270, 60], [290, 60], [290, 80], [270, 80]]}, {""poligono_xy"": [[310, 110], [330, 110], [330, 130], [310, 130]]}, {""poligono_xy"": [[350, 30], [370, 30], [370, 50], [350, 50]]}, {""poligono_xy"": [[380, 80], [400, 80], [400, 100], [380, 100]]}, {""poligono_xy"": [[150, 380], [180, 380], [180, 420], [150, 420]]}, {""poligono_xy"": [[350, 380], [380, 380], [380, 420], [350, 420]]}, {""poligono_xy"": [[180, 180], [200, 180], [200, 210], [180, 210]]}, {""poligono_xy"": [[350, 220], [380, 220], [380, 250], [350, 250]]}, {""poligono_xy"": [[50, 350], [70, 350], [70, 380], [50, 380]]}, {""poligono_xy"": [[280, 320], [300, 320], [300, 350], [280, 350]]}, {""poligono_xy"": [[100, 250], [130, 250], [130, 290], [100, 290]]}, {""poligono_xy"": [[220, 280], [250, 280], [250, 310], [220, 310]]}]","Imagem de microscopia de campo claro com células de formato variado, possivelmente leveduras ou bactérias, com baixo contraste e algumas sobrepostas. A imagem apresenta ruído de fundo e alguns detritos."
2022_03_21_11_07_36_40.bmp,C:\Users\sthem\OneDrive\Documentos\GitHub\master-2025\7-gemini\val\2022_03_21_11_07_36_40.bmp,"[{""poligono_xy"": [[22, 15], [35, 11], [45, 15], [48, 26], [43, 36], [32, 39], [20, 33]]}, {""poligono_xy"": [[75, 2], [86, 0], [95, 5], [96, 17], [89, 26], [78, 26], [70, 19]]}, {""poligono_xy"": [[4, 52], [17, 47], [27, 55], [29, 69], [21, 79], [8, 79], [0, 68]]}, {""poligono_xy"": [[135, 58], [150, 53], [162, 60], [166, 75], [157, 86], [142, 87], [130, 78]]}, {""poligono_xy"": [[190, 120], [205, 112], [220, 118], [228, 135], [220, 150], [202, 150], [188, 138]]}, {""poligono_xy"": [[250, 45], [262, 38], [275, 42], [280, 55], [270, 65], [255, 65], [245, 55]]}, {""poligono_xy"": [[305, 170], [320, 160], [335, 165], [342, 180], [330, 195], [315, 192], [300, 182]]}, {""poligono_xy"": [[380, 20], [395, 15], [410, 22], [415, 38], [405, 50], [388, 48], [375, 35]]}, {""poligono_xy"": [[430, 80], [445, 70], [460, 75], [468, 90], [460, 102], [442, 100], [428, 90]]}, {""poligono_xy"": [[480, 185], [492, 175], [505, 178], [512, 192], [505, 205], [490, 205], [478, 195]]}]",Imagem de microscopia de campo claro com células de formato aproximadamente circular. Baixo contraste e presença de artefatos. Possível presença de células sobrepostas.
2022_03_21_11_07_38_08.bmp,C:\Users\sthem\OneDrive\Documentos\GitHub\master-2025\7-gemini\val\2022_03_21_11_07_38_08.bmp,"[{""poligono_xy"": [[21, 21], [35, 21], [35, 35], [21, 35]]}, {""poligono_xy"": [[75, 15], [85, 15], [85, 25], [75, 25]]}, {""poligono_xy"": [[15, 75], [25, 75], [25, 85], [15, 85]]}, {""poligono_xy"": [[85, 75], [95, 75], [95, 85], [85, 85]]}, {""poligono_xy"": [[240, 25], [260, 25], [260, 45], [240, 45]]}, {""poligono_xy"": [[270, 75], [290, 75], [290, 95], [270, 95]]}, {""poligono_xy"": [[250, 150], [270, 150], [270, 170], [250, 170]]}, {""poligono_xy"": [[280, 220], [300, 220], [300, 240], [280, 240]]}, {""poligono_xy"": [[150, 250], [170, 250], [170, 270], [150, 270]]}, {""poligono_xy"": [[75, 275], [95, 275], [95, 295], [75, 295]]}, {""poligono_xy"": [[25, 325], [45, 325], [45, 345], [25, 345]]}, {""poligono_xy"": [[85, 375], [105, 375], [105, 395], [85, 395]]}, {""poligono_xy"": [[275, 325], [295, 325], [295, 345], [275, 345]]}, {""poligono_xy"": [[325, 375], [345, 375], [345, 395], [325, 395]]}]",Imagem de microscopia de campo claro com células de formato irregular e baixo contraste. A imagem apresenta algum ruído de fundo.
2022_03_21_11_07_39_75.bmp,C:\Users\sthem\OneDrive\Documentos\GitHub\master-2025\7-gemini\val\2022_03_21_11_07_39_75.bmp,"[{""poligono_xy"": [[92, 82], [122, 72], [140, 85], [130, 105], [100, 115], [80, 100]]}, {""poligono_xy"": [[180, 220], [200, 210], [220, 225], [220, 250], [200, 260], [180, 250]]}, {""poligono_xy"": [[270, 550], [290, 540], [310, 550], [310, 575], [285, 590], [260, 575]]}, {""poligono_xy"": [[380, 370], [410, 360], [430, 380], [420, 400], [390, 405], [370, 390]]}, {""poligono_xy"": [[480, 180], [500, 170], [520, 180], [520, 200], [500, 210], [480, 200]]}, {""poligono_xy"": [[585, 50], [605, 45], [620, 55], [615, 70], [595, 75], [575, 65]]}, {""poligono_xy"": [[650, 230], [670, 220], [690, 230], [690, 250], [670, 260], [650, 250]]}, {""poligono_xy"": [[720, 580], [745, 570], [770, 590], [765, 615], [740, 625], [715, 610]]}, {""poligono_xy"": [[200, 380], [215, 370], [230, 380], [230, 400], [215, 410], [200, 400]]}, {""poligono_xy"": [[320, 50], [340, 40], [360, 55], [355, 75], [330, 85], [310, 70]]}, {""poligono_xy"": [[500, 420], [520, 410], [540, 425], [535, 445], [515, 450], [495, 435]]}, {""poligono_xy"": [[750, 80], [770, 70], [790, 85], [785, 105], [765, 110], [745, 95]]}]","Imagem de microscopia de campo claro com células de formato variado, possivelmente leveduras ou bactérias, com baixo contraste e alguns detritos no fundo. A imagem apresenta um nível de ruído que dificulta a segmentação precisa."
2022_03_21_11_07_41_43.bmp,C:\Users\sthem\OneDrive\Documentos\GitHub\master-2025\7-gemini\val\2022_03_21_11_07_41_43.bmp,[],"Imagem de microscopia de campo claro com células de formato predominantemente circular/oval, possivelmente leveduras ou algum tipo de esporo, com baixo contraste e variabilidade de tamanho. Presença de artefatos e detritos no fundo."
2022_03_21_11_07_43_10.bmp,C:\Users\sthem\OneDrive\Documentos\GitHub\master-2025\7-gemini\val\2022_03_21_11_07_43_10.bmp,"[{""poligono_xy"": [[22, 212], [38, 200], [52, 200], [62, 212], [54, 226], [36, 228]]}, {""poligono_xy"": [[88, 8], [100, 2], [114, 4], [122, 10], [116, 20], [100, 20]]}, {""poligono_xy"": [[18, 364], [34, 350], [54, 352], [66, 364], [56, 380], [34, 378]]}, {""poligono_xy"": [[86, 216], [102, 206], [120, 210], [128, 222], [118, 234], [98, 232]]}, {""poligono_xy"": [[158, 246], [178, 236], [196, 240], [208, 254], [196, 268], [172, 264]]}, {""poligono_xy"": [[184, 368], [202, 358], [222, 360], [234, 372], [224, 386], [200, 382]]}, {""poligono_xy"": [[214, 18], [232, 8], [250, 10], [260, 22], [248, 34], [228, 32]]}, {""poligono_xy"": [[268, 216], [288, 204], [308, 208], [320, 222], [308, 238], [282, 234]]}, {""poligono_xy"": [[342, 380], [360, 368], [380, 372], [392, 386], [380, 400], [356, 396]]}, {""poligono_xy"": [[356, 86], [372, 74], [390, 78], [402, 90], [390, 104], [368, 100]]}, {""poligono_xy"": [[410, 272], [430, 260], [450, 264], [462, 278], [448, 292], [426, 288]]}, {""poligono_xy"": [[478, 146], [494, 134], [512, 138], [524, 150], [514, 164], [492, 160]]}, {""poligono_xy"": [[518, 348], [538, 336], [558, 340], [570, 354], [556, 368], [532, 362]]}]",Imagem de microscopia de campo claro com células de formato aproximadamente circular e baixo contraste. Possível presença de artefatos e detritos.
2022_03_21_11_07_46_45.bmp,C:\Users\sthem\OneDrive\Documentos\GitHub\master-2025\7-gemini\val\2022_03_21_11_07_46_45.bmp,"[{""poligono_xy"": [[92, 112], [120, 100], [140, 108], [144, 128], [124, 140], [96, 130]]}, {""poligono_xy"": [[280, 80], [300, 76], [320, 88], [320, 108], [300, 116], [276, 104]]}, {""poligono_xy"": [[48, 200], [72, 188], [96, 204], [96, 228], [72, 236], [52, 224]]}, {""poligono_xy"": [[100, 328], [128, 316], [156, 336], [156, 360], [132, 376], [104, 360]]}, {""poligono_xy"": [[280, 284], [308, 276], [332, 292], [336, 316], [312, 332], [284, 316]]}, {""poligono_xy"": [[444, 44], [464, 36], [484, 52], [484, 72], [464, 84], [444, 72]]}, {""poligono_xy"": [[588, 124], [616, 116], [640, 132], [640, 156], [616, 168], [592, 152]]}, {""poligono_xy"": [[724, 284], [752, 272], [776, 292], [780, 316], [756, 332], [728, 316]]}, {""poligono_xy"": [[884, 364], [908, 356], [928, 372], [932, 392], [912, 404], [888, 388]]}, {""poligono_xy"": [[84, 448], [116, 432], [144, 456], [148, 484], [124, 500], [92, 480]]}, {""poligono_xy"": [[300, 444], [332, 432], [360, 452], [364, 476], [336, 492], [308, 472]]}, {""poligono_xy"": [[500, 488], [532, 476], [560, 496], [564, 520], [536, 536], [508, 516]]}, {""poligono_xy"": [[852, 488], [884, 476], [912, 496], [916, 520], [888, 536], [860, 516]]}]","Imagem de microscopia de campo claro com células de formato variado, possivelmente leveduras ou bactérias, com baixo contraste e algumas fora de foco. A imagem apresenta ruído de fundo e alguns detritos."
2022_03_21_11_07_48_12.bmp,C:\Users\sthem\OneDrive\Documentos\GitHub\master-2025\7-gemini\val\2022_03_21_11_07_48_12.bmp,"[{""poligono_xy"": [[22, 22], [38, 20], [48, 28], [46, 40], [34, 44], [20, 38]]}, {""poligono_xy"": [[80, 20], [98, 14], [112, 22], [114, 36], [100, 44], [82, 40]]}, {""poligono_xy"": [[140, 126], [156, 120], [170, 130], [172, 144], [158, 152], [142, 144]]}, {""poligono_xy"": [[144, 22], [160, 18], [176, 28], [178, 44], [162, 52], [144, 46]]}, {""poligono_xy"": [[188, 268], [206, 264], [220, 276], [220, 290], [204, 298], [186, 290]]}, {""poligono_xy"": [[212, 146], [230, 140], [246, 150], [248, 166], [232, 174], [214, 166]]}, {""poligono_xy"": [[270, 56], [284, 50], [298, 60], [300, 74], [284, 82], [270, 74]]}, {""poligono_xy"": [[330, 344], [350, 338], [368, 350], [370, 366], [352, 374], [334, 364]]}, {""poligono_xy"": [[352, 12], [370, 6], [388, 16], [390, 32], [374, 40], [354, 32]]}, {""poligono_xy"": [[408, 252], [428, 246], [446, 260], [448, 276], [430, 286], [410, 276]]}, {""poligono_xy"": [[470, 178], [490, 170], [508, 184], [508, 200], [490, 210], [470, 200]]}, {""poligono_xy"": [[120, 282], [128, 296], [118, 306], [106, 300], [100, 288], [108, 278]]}, {""poligono_xy"": [[150, 12], [158, 22], [150, 30], [138, 26]]}, {""poligono_xy"": [[280, 200], [296, 194], [312, 208], [314, 226], [298, 236], [280, 224]]}, {""poligono_xy"": [[338, 38], [356, 30], [368, 46], [362, 60], [344, 56], [330, 48]]}]","Imagem de microscopia de campo claro com células de formato variado, possivelmente leveduras ou bactérias, com baixo contraste e alguma sobreposição. A imagem apresenta ruído de fundo."
2022_03_21_11_07_49_79.bmp,C:\Users\sthem\OneDrive\Documentos\GitHub\master-2025\7-gemini\val\2022_03_21_11_07_49_79.bmp,[],"Imagem de microscopia de campo claro com células de formato variável, possivelmente leveduras ou bactérias, com baixo contraste e algumas sobreposições. Presença de ruído e detritos no fundo."
2022_03_21_11_07_54_81.bmp,C:\Users\sthem\OneDrive\Documentos\GitHub\master-2025\7-gemini\val\2022_03_21_11_07_54_81.bmp,"[{""poligono_xy"": [[72, 82], [92, 67], [110, 72], [102, 90], [82, 97]]}, {""poligono_xy"": [[45, 110], [62, 95], [82, 102], [75, 120], [55, 130]]}, {""poligono_xy"": [[255, 70], [275, 60], [290, 65], [290, 80], [270, 90], [255, 85]]}, {""poligono_xy"": [[140, 100], [160, 90], [180, 95], [185, 110], [165, 120], [145, 115]]}, {""poligono_xy"": [[320, 30], [340, 25], [355, 30], [350, 45], [330, 50]]}, {""poligono_xy"": [[380, 80], [400, 70], [420, 75], [420, 95], [400, 100], [380, 95]]}, {""poligono_xy"": [[480, 110], [500, 100], [520, 105], [520, 125], [500, 135], [480, 125]]}, {""poligono_xy"": [[580, 70], [600, 60], [615, 65], [615, 85], [595, 95], [580, 85]]}, {""poligono_xy"": [[650, 120], [670, 110], [690, 115], [690, 135], [670, 145], [650, 135]]}, {""poligono_xy"": [[720, 40], [735, 30], [750, 35], [750, 50], [735, 60], [720, 50]]}, {""poligono_xy"": [[780, 140], [800, 130], [820, 135], [820, 155], [800, 160], [780, 150]]}, {""poligono_xy"": [[850, 80], [870, 70], [890, 75], [890, 95], [870, 105], [850, 95]]}, {""poligono_xy"": [[920, 15], [935, 5], [950, 10], [950, 25], [935, 35], [920, 25]]}, {""poligono_xy"": [[950, 150], [970, 140], [990, 145], [990, 165], [970, 175], [950, 165]]}]",Imagem de microscopia de campo claro com células de formato e contraste variáveis. A imagem apresenta algum ruído de fundo.
2022_03_21_11_07_56_49.bmp,C:\Users\sthem\OneDrive\Documentos\GitHub\master-2025\7-gemini\val\2022_03_21_11_07_56_49.bmp,"[{""poligono_xy"": [[110, 80], [130, 70], [145, 85], [135, 100], [115, 95]]}, {""poligono_xy"": [[200, 50], [220, 45], [235, 60], [225, 75], [205, 70]]}, {""poligono_xy"": [[280, 150], [300, 140], [315, 155], [305, 170], [285, 165]]}, {""poligono_xy"": [[350, 80], [370, 70], [385, 85], [375, 100], [355, 95]]}, {""poligono_xy"": [[420, 120], [440, 110], [455, 125], [445, 140], [425, 135]]}, {""poligono_xy"": [[500, 50], [520, 40], [535, 55], [525, 70], [505, 65]]}, {""poligono_xy"": [[580, 180], [600, 170], [615, 185], [605, 200], [585, 195]]}, {""poligono_xy"": [[150, 200], [165, 195], [175, 205], [165, 215], [150, 210]]}, {""poligono_xy"": [[250, 250], [270, 240], [285, 255], [275, 270], [255, 260]]}, {""poligono_xy"": [[380, 220], [400, 210], [415, 225], [405, 240], [385, 230]]}, {""poligono_xy"": [[450, 280], [465, 270], [480, 285], [470, 300], [455, 290]]}, {""poligono_xy"": [[550, 250], [570, 240], [585, 255], [575, 270], [555, 260]]}, {""poligono_xy"": [[620, 290], [640, 280], [655, 295], [645, 310], [625, 300]]}]","Imagem de microscopia de campo claro com múltiplas células de formato irregular, possivelmente leveduras, com baixo contraste e algumas sobrepostas. Presença de detritos e ruído de fundo."
2022_03_21_11_07_58_16.bmp,C:\Users\sthem\OneDrive\Documentos\GitHub\master-2025\7-gemini\val\2022_03_21_11_07_58_16.bmp,"[{""poligono_xy"": [[42, 3], [58, 1], [68, 7], [67, 18], [55, 25], [40, 20]]}, {""poligono_xy"": [[100, 10], [118, 14], [125, 25], [115, 33], [100, 30], [92, 22]]}, {""poligono_xy"": [[155, 2], [165, 0], [173, 5], [172, 15], [162, 19], [152, 15]]}, {""poligono_xy"": [[200, 80], [215, 75], [225, 85], [222, 98], [208, 102], [195, 95]]}, {""poligono_xy"": [[250, 40], [265, 35], [275, 42], [273, 55], [260, 60], [248, 52]]}, {""poligono_xy"": [[295, 85], [310, 80], [320, 90], [318, 102], [305, 107], [290, 100]]}, {""poligono_xy"": [[350, 20], [365, 15], [375, 22], [372, 35], [360, 40], [348, 32]]}, {""poligono_xy"": [[400, 60], [415, 55], [425, 62], [423, 75], [410, 80], [398, 72]]}, {""poligono_xy"": [[450, 10], [465, 5], [475, 12], [472, 25], [460, 30], [448, 22]]}, {""poligono_xy"": [[10, 200], [25, 195], [35, 202], [32, 215], [20, 220], [8, 212]]}, {""poligono_xy"": [[70, 150], [85, 145], [95, 152], [92, 165], [80, 170], [68, 162]]}, {""poligono_xy"": [[130, 220], [145, 215], [155, 222], [152, 235], [140, 240], [128, 232]]}, {""poligono_xy"": [[180, 180], [195, 175], [205, 182], [202, 195], [190, 200], [178, 192]]}, {""poligono_xy"": [[325, 140], [340, 135], [350, 142], [348, 155], [335, 160], [323, 152]]}, {""poligono_xy"": [[380, 220], [395, 215], [405, 222], [402, 235], [390, 240], [378, 232]]}, {""poligono_xy"": [[430, 180], [445, 175], [455, 182], [452, 195], [440, 200], [428, 192]]}, {""poligono_xy"": [[480, 140], [495, 135], [505, 142], [503, 155], [490, 160], [478, 152]]}, {""poligono_xy"": [[220, 15], [235, 10], [242, 18], [240, 28], [230, 30], [218, 25]]}, {""poligono_xy"": [[70, 250], [82, 245], [90, 252], [88, 262], [78, 265], [68, 258]]}]","Imagem de microscopia de campo claro com possível presença de células ovais de baixo contraste em um fundo com ruído. A qualidade da imagem é moderada, com alguns artefatos."
2022_03_21_11_07_59_84.bmp,C:\Users\sthem\OneDrive\Documentos\GitHub\master-2025\7-gemini\val\2022_03_21_11_07_59_84.bmp,"[{""poligono_xy"": [[100, 50], [120, 50], [120, 70], [100, 70]]}, {""poligono_xy"": [[200, 100], [230, 100], [230, 130], [200, 130]]}, {""poligono_xy"": [[300, 150], [330, 150], [330, 180], [300, 180]]}, {""poligono_xy"": [[400, 200], [430, 200], [430, 230], [400, 230]]}, {""poligono_xy"": [[500, 250], [530, 250], [530, 280], [500, 280]]}, {""poligono_xy"": [[25, 175], [45, 175], [45, 195], [25, 195]]}, {""poligono_xy"": [[75, 275], [100, 275], [100, 300], [75, 300]]}, {""poligono_xy"": [[150, 350], [180, 350], [180, 380], [150, 380]]}, {""poligono_xy"": [[450, 50], [480, 50], [480, 80], [450, 80]]}, {""poligono_xy"": [[550, 120], [580, 120], [580, 150], [550, 150]]}, {""poligono_xy"": [[250, 30], [280, 30], [280, 60], [250, 60]]}, {""poligono_xy"": [[350, 80], [380, 80], [380, 110], [350, 110]]}, {""poligono_xy"": [[50, 350], [80, 350], [80, 380], [50, 380]]}, {""poligono_xy"": [[200, 220], [230, 220], [230, 250], [200, 250]]}, {""poligono_xy"": [[320, 280], [350, 280], [350, 310], [320, 310]]}, {""poligono_xy"": [[420, 340], [450, 340], [450, 370], [420, 370]]}, {""poligono_xy"": [[520, 400], [550, 400], [550, 430], [520, 430]]}]","Imagem de microscopia de campo claro com células de formato variado, possivelmente leveduras ou bactérias, com baixo contraste e algumas fora de foco. A imagem apresenta ruído e alguns artefatos."
2022_03_21_11_08_01_52.bmp,C:\Users\sthem\OneDrive\Documentos\GitHub\master-2025\7-gemini\val\2022_03_21_11_08_01_52.bmp,"[{""poligono_xy"": [[100, 50], [120, 40], [130, 60], [110, 70]]}, {""poligono_xy"": [[200, 150], [220, 140], [230, 160], [210, 170]]}, {""poligono_xy"": [[300, 250], [320, 240], [330, 260], [310, 270]]}, {""poligono_xy"": [[50, 350], [70, 340], [80, 360], [60, 370]]}, {""poligono_xy"": [[150, 450], [170, 440], [180, 460], [160, 470]]}, {""poligono_xy"": [[250, 550], [270, 540], [280, 560], [260, 570]]}, {""poligono_xy"": [[40, 100], [50, 90], [70, 110], [50, 120]]}, {""poligono_xy"": [[140, 200], [160, 190], [180, 210], [150, 230]]}, {""poligono_xy"": [[350, 50], [370, 40], [390, 70], [360, 80]]}, {""poligono_xy"": [[450, 150], [470, 130], [490, 170], [460, 180]]}, {""poligono_xy"": [[550, 250], [570, 230], [590, 270], [560, 280]]}, {""poligono_xy"": [[500, 550], [530, 530], [550, 570], [510, 590]]}, {""poligono_xy"": [[50, 500], [80, 480], [100, 520], [70, 540]]}, {""poligono_xy"": [[180, 320], [210, 300], [230, 340], [200, 360]]}, {""poligono_xy"": [[320, 420], [350, 400], [370, 440], [340, 460]]}, {""poligono_xy"": [[450, 350], [480, 330], [500, 370], [470, 390]]}, {""poligono_xy"": [[580, 450], [610, 430], [630, 470], [600, 490]]}, {""poligono_xy"": [[70, 220], [90, 200], [110, 240], [80, 260]]}, {""poligono_xy"": [[220, 80], [240, 60], [260, 100], [230, 120]]}]",Imagem de microscopia de campo claro com células de formato variado e baixo contraste. Possível presença de artefatos e detritos.
2022_03_21_11_08_03_18.bmp,C:\Users\sthem\OneDrive\Documentos\GitHub\master-2025\7-gemini\val\2022_03_21_11_08_03_18.bmp,"[{""poligono_xy"": [[42, 52], [56, 40], [68, 48], [64, 62], [50, 70]]}, {""poligono_xy"": [[100, 80], [115, 70], [130, 75], [135, 90], [120, 100], [105, 95]]}, {""poligono_xy"": [[220, 40], [235, 30], [250, 35], [260, 50], [250, 65], [230, 60]]}, {""poligono_xy"": [[285, 180], [300, 170], [315, 175], [325, 190], [315, 205], [300, 200]]}, {""poligono_xy"": [[360, 50], [375, 40], [390, 45], [400, 60], [390, 75], [370, 70]]}, {""poligono_xy"": [[420, 220], [435, 210], [450, 215], [460, 230], [450, 245], [430, 240]]}, {""poligono_xy"": [[480, 70], [495, 60], [510, 65], [520, 80], [510, 95], [490, 90]]}, {""poligono_xy"": [[530, 150], [545, 140], [560, 145], [570, 160], [560, 175], [540, 170]]}, {""poligono_xy"": [[600, 250], [615, 240], [630, 245], [640, 260], [630, 275], [610, 270]]}, {""poligono_xy"": [[680, 90], [695, 80], [710, 85], [720, 100], [710, 115], [690, 110]]}]","Imagem de microscopia de campo claro com células de formato aproximadamente circular, possivelmente leveduras, com baixo contraste e alguns detritos no fundo. A imagem apresenta um nível de ruído que dificulta a segmentação precisa."
2022_03_21_11_08_04_86.bmp,C:\Users\sthem\OneDrive\Documentos\GitHub\master-2025\7-gemini\val\2022_03_21_11_08_04_86.bmp,"[{""poligono_xy"": [[92, 76], [114, 64], [132, 68], [141, 87], [127, 102], [103, 96]]}, {""poligono_xy"": [[55, 100], [78, 93], [96, 105], [102, 128], [83, 142], [60, 132]]}, {""poligono_xy"": [[223, 195], [245, 181], [266, 188], [278, 211], [261, 230], [233, 225]]}, {""poligono_xy"": [[355, 502], [372, 490], [390, 495], [400, 515], [385, 530], [363, 525]]}, {""poligono_xy"": [[495, 573], [515, 560], [538, 563], [550, 585], [530, 602], [505, 596]]}, {""poligono_xy"": [[645, 80], [668, 65], [690, 70], [700, 92], [680, 108], [652, 100]]}, {""poligono_xy"": [[780, 240], [795, 225], [815, 230], [825, 250], [810, 268], [788, 260]]}, {""poligono_xy"": [[885, 525], [905, 510], [925, 512], [938, 535], [920, 555], [895, 550]]}, {""poligono_xy"": [[285, 50], [305, 40], [325, 42], [338, 60], [320, 75], [295, 72]]}, {""poligono_xy"": [[175, 480], [195, 465], [220, 470], [230, 495], [210, 515], [182, 508]]}, {""poligono_xy"": [[45, 320], [65, 305], [85, 310], [95, 330], [80, 350], [55, 340]]}, {""poligono_xy"": [[580, 285], [600, 270], [620, 275], [630, 300], [610, 315], [585, 310]]}, {""poligono_xy"": [[70, 525], [90, 510], [115, 515], [125, 540], [105, 560], [80, 550]]}, {""poligono_xy"": [[250, 360], [270, 350], [290, 355], [300, 380], [280, 395], [255, 390]]}, {""poligono_xy"": [[420, 120], [440, 105], [465, 110], [475, 135], [455, 150], [430, 140]]}, {""poligono_xy"": [[530, 30], [550, 15], [570, 20], [580, 40], [560, 55], [535, 50]]}, {""poligono_xy"": [[840, 400], [860, 385], [880, 390], [890, 415], [870, 430], [845, 420]]}]","Imagem de microscopia de campo claro com células de formato aproximadamente elíptico, possivelmente leveduras, com baixo contraste e alguns detritos no fundo. A imagem apresenta ruído e as células variam em tamanho e intensidade."
2022_03_21_11_08_06_54.bmp,C:\Users\sthem\OneDrive\Documentos\GitHub\master-2025\7-gemini\val\2022_03_21_11_08_06_54.bmp,"[{""poligono_xy"": [[42, 72], [54, 60], [66, 60], [76, 74], [74, 88], [62, 98], [50, 96]]}, {""poligono_xy"": [[26, 124], [40, 110], [60, 112], [72, 128], [66, 146], [48, 152], [32, 142]]}, {""poligono_xy"": [[108, 140], [126, 128], [144, 130], [156, 144], [152, 160], [132, 168], [116, 162]]}, {""poligono_xy"": [[18, 202], [36, 188], [58, 192], [70, 210], [60, 228], [38, 234], [22, 220]]}, {""poligono_xy"": [[100, 218], [118, 204], [142, 208], [158, 226], [150, 246], [124, 254], [106, 240]]}, {""poligono_xy"": [[282, 34], [300, 24], [320, 26], [336, 40], [332, 58], [310, 68], [292, 60]]}, {""poligono_xy"": [[344, 102], [364, 88], [388, 92], [406, 110], [400, 130], [374, 138], [354, 126]]}, {""poligono_xy"": [[468, 76], [488, 60], [512, 64], [530, 82], [524, 100], [500, 110], [476, 100]]}, {""poligono_xy"": [[576, 186], [596, 170], [620, 174], [638, 194], [630, 212], [604, 220], [582, 208]]}, {""poligono_xy"": [[676, 244], [692, 228], [716, 232], [734, 250], [726, 270], [700, 278], [680, 264]]}, {""poligono_xy"": [[758, 56], [776, 42], [798, 46], [814, 64], [808, 82], [784, 90], [764, 78]]}, {""poligono_xy"": [[852, 126], [872, 112], [896, 118], [912, 136], [904, 154], [878, 162], [858, 150]]}, {""poligono_xy"": [[384, 458], [404, 440], [430, 446], [448, 466], [440, 488], [416, 498], [392, 482]]}, {""poligono_xy"": [[506, 486], [528, 468], [554, 474], [572, 496], [562, 518], [534, 528], [512, 514]]}, {""poligono_xy"": [[786, 418], [808, 402], [834, 408], [854, 430], [846, 450], [820, 460], [796, 444]]}, {""poligono_xy"": [[882, 490], [904, 474], [930, 480], [948, 502], [938, 524], [910, 534], [888, 518]]}]",Imagem de microscopia de campo claro com células esféricas de baixo contraste em um fundo com ruído. A imagem sugere a presença de artefatos e possíveis células fora de foco.
2022_03_21_11_08_08_20.bmp,C:\Users\sthem\OneDrive\Documentos\GitHub\master-2025\7-gemini\val\2022_03_21_11_08_08_20.bmp,[],"Imagem de microscopia de campo claro com células de formato irregular, possivelmente leveduras, com baixo contraste e algumas fora de foco. Presença de artefatos e detritos. Baixa resolução."
2022_03_21_11_08_11_56.bmp,C:\Users\sthem\OneDrive\Documentos\GitHub\master-2025\7-gemini\val\2022_03_21_11_08_11_56.bmp,"[{""poligono_xy"": [[92, 120], [112, 100], [132, 100], [152, 120], [152, 140], [132, 160], [112, 160], [92, 140]]}, {""poligono_xy"": [[118, 277], [143, 262], [168, 262], [193, 277], [193, 292], [168, 307], [143, 307], [118, 292]]}, {""poligono_xy"": [[220, 125], [240, 110], [260, 110], [280, 125], [280, 145], [260, 160], [240, 160], [220, 145]]}, {""poligono_xy"": [[315, 225], [340, 205], [370, 205], [400, 225], [400, 255], [370, 275], [340, 275], [315, 255]]}, {""poligono_xy"": [[470, 55], [490, 40], [510, 40], [530, 55], [530, 75], [510, 90], [490, 90], [470, 75]]}, {""poligono_xy"": [[580, 220], [605, 200], [630, 200], [655, 220], [655, 240], [630, 260], [605, 260], [580, 240]]}, {""poligono_xy"": [[685, 80], [705, 65], [725, 65], [745, 80], [745, 100], [725, 115], [705, 115], [685, 100]]}, {""poligono_xy"": [[770, 275], [790, 260], [810, 260], [830, 275], [830, 295], [810, 310], [790, 310], [770, 295]]}, {""poligono_xy"": [[875, 120], [895, 105], [915, 105], [935, 120], [935, 140], [915, 155], [895, 155], [875, 140]]}, {""poligono_xy"": [[920, 285], [945, 265], [970, 265], [995, 285], [995, 305], [970, 325], [945, 325], [920, 305]]}]","Imagem de microscopia de campo claro com células esféricas, possivelmente leveduras, em baixo contraste e com alguns detritos no fundo. A imagem apresenta um nível de ruído que dificulta a segmentação precisa."
2022_03_21_11_08_13_23.bmp,C:\Users\sthem\OneDrive\Documentos\GitHub\master-2025\7-gemini\val\2022_03_21_11_08_13_23.bmp,"[{""poligono_xy"": [[24, 22], [40, 14], [52, 22], [50, 38], [36, 44], [22, 36]]}, {""poligono_xy"": [[150, 186], [170, 174], [188, 188], [190, 210], [170, 220], [148, 208]]}, {""poligono_xy"": [[244, 400], [264, 390], [282, 400], [286, 420], [268, 432], [246, 422]]}, {""poligono_xy"": [[330, 60], [350, 50], [370, 60], [372, 80], [354, 90], [332, 80]]}, {""poligono_xy"": [[358, 252], [380, 238], [400, 250], [404, 274], [384, 286], [360, 272]]}, {""poligono_xy"": [[480, 108], [500, 96], [516, 106], [518, 126], [500, 138], [482, 126]]}, {""poligono_xy"": [[572, 386], [596, 372], [616, 384], [620, 408], [600, 422], [574, 408]]}, {""poligono_xy"": [[662, 94], [680, 82], [696, 92], [700, 112], [684, 124], [666, 112]]}, {""poligono_xy"": [[180, 18], [194, 10], [206, 16], [204, 28], [192, 34], [178, 26]]}, {""poligono_xy"": [[198, 290], [216, 280], [230, 290], [232, 308], [218, 318], [200, 306]]}, {""poligono_xy"": [[70, 284], [86, 274], [100, 282], [102, 300], [88, 310], [72, 298]]}, {""poligono_xy"": [[120, 40], [140, 30], [158, 42], [160, 60], [142, 70], [122, 58]]}, {""poligono_xy"": [[660, 252], [680, 240], [700, 254], [704, 276], [684, 290], [662, 276]]}, {""poligono_xy"": [[430, 414], [450, 404], [470, 416], [474, 436], [456, 448], [434, 434]]}]","Imagem de microscopia de campo claro com células de formato predominantemente circular/elíptico, com baixo contraste e algumas sobreposições. Possível presença de debris e artefatos."
2022_03_21_11_08_14_90.bmp,C:\Users\sthem\OneDrive\Documentos\GitHub\master-2025\7-gemini\val\2022_03_21_11_08_14_90.bmp,"[{""poligono_xy"": [[72, 56], [88, 52], [94, 62], [86, 70], [70, 68]]}, {""poligono_xy"": [[120, 128], [136, 120], [146, 132], [138, 144], [124, 140]]}, {""poligono_xy"": [[196, 200], [216, 196], [228, 212], [216, 228], [192, 224]]}, {""poligono_xy"": [[252, 56], [272, 52], [284, 68], [270, 80], [250, 76]]}, {""poligono_xy"": [[300, 124], [316, 116], [328, 132], [312, 144], [296, 138]]}, {""poligono_xy"": [[380, 44], [396, 36], [408, 52], [392, 64], [376, 56]]}, {""poligono_xy"": [[428, 192], [452, 184], [468, 204], [456, 220], [432, 212]]}, {""poligono_xy"": [[488, 84], [508, 76], [520, 92], [504, 104], [484, 98]]}, {""poligono_xy"": [[548, 228], [572, 216], [588, 236], [576, 252], [552, 244]]}, {""poligono_xy"": [[612, 60], [632, 52], [644, 72], [628, 84], [608, 76]]}, {""poligono_xy"": [[668, 156], [692, 144], [708, 168], [688, 184], [664, 172]]}, {""poligono_xy"": [[112, 284], [124, 276], [132, 288], [120, 300], [108, 292]]}, {""poligono_xy"": [[444, 284], [460, 272], [476, 292], [464, 308], [440, 296]]}, {""poligono_xy"": [[572, 116], [580, 104], [588, 112], [580, 124], [568, 120]]}, {""poligono_xy"": [[724, 88], [740, 80], [752, 96], [740, 108], [720, 100]]}, {""poligono_xy"": [[724, 220], [744, 212], [760, 232], [748, 248], [728, 236]]}]","Imagem de microscopia de campo claro com células de formato variado, possivelmente leveduras ou bactérias, com baixo contraste e alguma sobreposição. A qualidade da imagem é moderada, com presença de ruído de fundo."
2022_03_21_11_08_16_58.bmp,C:\Users\sthem\OneDrive\Documentos\GitHub\master-2025\7-gemini\val\2022_03_21_11_08_16_58.bmp,"[{""poligono_xy"": [[72, 78], [90, 72], [100, 80], [92, 88], [78, 88]]}, {""poligono_xy"": [[45, 105], [68, 95], [78, 110], [65, 120], [48, 115]]}, {""poligono_xy"": [[180, 180], [200, 175], [215, 190], [205, 205], [185, 200]]}, {""poligono_xy"": [[250, 250], [270, 240], [285, 260], [275, 280], [255, 270]]}, {""poligono_xy"": [[380, 300], [400, 290], [410, 305], [400, 320], [385, 310]]}, {""poligono_xy"": [[480, 50], [500, 40], [515, 55], [505, 70], [485, 60]]}, {""poligono_xy"": [[550, 150], [570, 140], [580, 155], [570, 170], [555, 160]]}, {""poligono_xy"": [[620, 220], [640, 210], [655, 230], [645, 250], [625, 240]]}, {""poligono_xy"": [[700, 350], [720, 340], [730, 355], [720, 370], [705, 360]]}, {""poligono_xy"": [[780, 80], [800, 70], [810, 85], [800, 100], [785, 90]]}, {""poligono_xy"": [[850, 180], [870, 170], [880, 185], [870, 200], [855, 190]]}, {""poligono_xy"": [[920, 280], [940, 270], [950, 285], [940, 300], [925, 290]]}, {""poligono_xy"": [[350, 80], [360, 70], [370, 85], [365, 95], [355, 90]]}, {""poligono_xy"": [[120, 320], [140, 310], [155, 330], [145, 345], [130, 335]]}, {""poligono_xy"": [[50, 250], [70, 240], [85, 260], [75, 275], [60, 265]]}, {""poligono_xy"": [[200, 400], [220, 390], [235, 410], [225, 425], [210, 415]]}, {""poligono_xy"": [[650, 450], [670, 440], [685, 460], [675, 475], [660, 465]]}, {""poligono_xy"": [[800, 400], [820, 390], [835, 410], [825, 425], [810, 415]]}, {""poligono_xy"": [[900, 50], [920, 40], [935, 55], [925, 70], [910, 60]]}, {""poligono_xy"": [[420, 450], [440, 440], [455, 460], [445, 475], [430, 465]]}, {""poligono_xy"": [[300, 150], [320, 140], [335, 160], [325, 175], [310, 165]]}, {""poligono_xy"": [[750, 250], [770, 240], [785, 260], [775, 275], [760, 265]]}]","Imagem de microscopia de campo claro com células de formato variado, possivelmente leveduras ou bactérias, com baixo contraste e alguma sobreposição. A imagem apresenta ruído de fundo e alguns detritos."
2022_03_21_11_08_18_25.bmp,C:\Users\sthem\OneDrive\Documentos\GitHub\master-2025\7-gemini\val\2022_03_21_11_08_18_25.bmp,"[{""poligono_xy"": [[42, 45], [60, 32], [75, 38], [85, 55], [70, 70], [50, 62]]}, {""poligono_xy"": [[130, 145], [160, 135], [185, 145], [195, 170], [175, 190], [140, 180]]}, {""poligono_xy"": [[250, 270], [285, 260], [310, 275], [315, 300], [290, 315], [260, 300]]}, {""poligono_xy"": [[280, 50], [300, 40], [320, 45], [330, 60], [315, 75], [290, 65]]}, {""poligono_xy"": [[380, 220], [400, 210], [420, 215], [430, 235], [410, 250], [390, 240]]}, {""poligono_xy"": [[450, 80], [470, 70], [490, 80], [500, 100], [480, 115], [455, 105]]}, {""poligono_xy"": [[520, 280], [545, 270], [570, 280], [580, 305], [555, 320], [525, 310]]}, {""poligono_xy"": [[600, 150], [620, 135], [645, 145], [660, 170], [640, 190], [610, 175]]}, {""poligono_xy"": [[680, 50], [700, 40], [720, 50], [730, 70], [710, 85], [685, 75]]}, {""poligono_xy"": [[750, 220], [770, 205], [790, 215], [805, 240], [780, 260], [755, 245]]}, {""poligono_xy"": [[480, 480], [500, 465], [520, 475], [530, 495], [510, 510], [485, 500]]}, {""poligono_xy"": [[580, 580], [600, 565], [620, 575], [630, 595], [610, 610], [585, 600]]}, {""poligono_xy"": [[700, 400], [720, 385], [740, 395], [750, 415], [730, 430], [705, 420]]}, {""poligono_xy"": [[150, 450], [180, 430], [210, 450], [220, 480], [190, 500], [160, 480]]}, {""poligono_xy"": [[300, 600], [330, 580], [360, 600], [370, 630], [340, 650], [310, 630]]}]","Imagem de microscopia de campo claro com células de formato e contraste variáveis, possivelmente leveduras ou bactérias, em meio líquido. A imagem apresenta algum ruído de fundo e artefatos."
2022_03_21_11_08_19_92.bmp,C:\Users\sthem\OneDrive\Documentos\GitHub\master-2025\7-gemini\val\2022_03_21_11_08_19_92.bmp,"[{""poligono_xy"": [[92, 72], [108, 60], [120, 64], [128, 78], [120, 90], [104, 86]]}, {""poligono_xy"": [[156, 56], [180, 44], [196, 52], [204, 72], [192, 88], [168, 84], [152, 72]]}, {""poligono_xy"": [[212, 188], [232, 176], [248, 184], [256, 200], [244, 216], [224, 208]]}, {""poligono_xy"": [[292, 560], [316, 548], [336, 560], [344, 580], [328, 596], [300, 584]]}, {""poligono_xy"": [[488, 64], [508, 52], [524, 56], [536, 72], [528, 88], [504, 80], [488, 72]]}, {""poligono_xy"": [[568, 352], [588, 340], [608, 352], [616, 372], [600, 392], [572, 380]]}, {""poligono_xy"": [[656, 880], [680, 864], [700, 880], [708, 904], [692, 920], [664, 908]]}, {""poligono_xy"": [[752, 648], [768, 636], [788, 648], [796, 668], [784, 684], [760, 676]]}, {""poligono_xy"": [[840, 104], [864, 96], [884, 108], [896, 128], [880, 144], [852, 132]]}, {""poligono_xy"": [[912, 808], [936, 796], [956, 812], [968, 836], [952, 856], [920, 840]]}]","Imagem de microscopia de campo claro com células de formato variado, possivelmente leveduras ou bactérias, com baixo contraste e algumas sobreposições. A imagem apresenta ruído de fundo e alguns detritos."
2022_03_21_11_08_21_59.bmp,C:\Users\sthem\OneDrive\Documentos\GitHub\master-2025\7-gemini\val\2022_03_21_11_08_21_59.bmp,"[{""poligono_xy"": [[42, 24], [54, 20], [62, 24], [64, 36], [58, 46], [46, 46], [38, 38]]}, {""poligono_xy"": [[100, 80], [118, 74], [130, 86], [130, 106], [114, 118], [96, 108]]}, {""poligono_xy"": [[180, 180], [196, 172], [210, 180], [216, 198], [206, 212], [186, 210], [174, 198]]}, {""poligono_xy"": [[248, 564], [268, 556], [284, 568], [290, 586], [274, 600], [250, 592]]}, {""poligono_xy"": [[344, 684], [364, 674], [384, 688], [392, 710], [374, 728], [348, 718]]}, {""poligono_xy"": [[412, 204], [430, 198], [448, 210], [456, 230], [440, 242], [418, 232]]}, {""poligono_xy"": [[484, 340], [500, 330], [516, 340], [522, 360], [506, 374], [486, 364]]}, {""poligono_xy"": [[580, 588], [600, 576], [620, 590], [630, 612], [612, 630], [586, 620]]}, {""poligono_xy"": [[682, 24], [698, 16], [716, 26], [724, 44], [710, 58], [688, 50]]}, {""poligono_xy"": [[752, 476], [772, 464], [790, 478], [800, 500], [782, 518], [758, 506]]}, {""poligono_xy"": [[844, 684], [864, 672], [882, 684], [890, 706], [872, 724], [846, 714]]}, {""poligono_xy"": [[920, 84], [940, 72], [960, 86], [970, 108], [950, 124], [924, 114]]}, {""poligono_xy"": [[280, 260], [290, 250], [304, 260], [308, 276], [296, 288], [280, 280]]}, {""poligono_xy"": [[360, 388], [376, 378], [392, 390], [400, 410], [384, 424], [364, 414]]}]","Imagem de microscopia de campo claro com células esféricas, possivelmente leveduras, em diferentes planos focais. Baixo contraste e presença de artefatos."
2022_03_21_11_08_23_27.bmp,C:\Users\sthem\OneDrive\Documentos\GitHub\master-2025\7-gemini\val\2022_03_21_11_08_23_27.bmp,"[{""poligono_xy"": [[22, 14], [38, 10], [48, 18], [42, 28], [28, 32], [18, 24]]}, {""poligono_xy"": [[82, 22], [100, 14], [114, 22], [106, 36], [90, 42], [74, 34]]}, {""poligono_xy"": [[14, 82], [28, 74], [38, 86], [32, 98], [18, 104], [6, 94]]}, {""poligono_xy"": [[142, 78], [156, 70], [168, 80], [164, 92], [150, 98], [136, 90]]}, {""poligono_xy"": [[206, 102], [222, 92], [238, 104], [230, 118], [214, 124], [198, 114]]}, {""poligono_xy"": [[262, 20], [276, 14], [290, 24], [282, 36], [268, 38], [256, 28]]}, {""poligono_xy"": [[352, 82], [370, 76], [386, 88], [380, 102], [362, 106], [346, 96]]}, {""poligono_xy"": [[416, 14], [430, 6], [444, 16], [438, 28], [424, 30], [410, 20]]}, {""poligono_xy"": [[468, 86], [484, 80], [498, 92], [490, 104], [476, 108], [460, 98]]}, {""poligono_xy"": [[488, 200], [500, 190], [510, 200], [506, 212], [494, 218], [480, 210]]}, {""poligono_xy"": [[360, 180], [374, 174], [388, 182], [382, 196], [368, 200], [354, 190]]}, {""poligono_xy"": [[280, 260], [296, 252], [310, 264], [304, 278], [288, 284], [272, 272]]}, {""poligono_xy"": [[160, 280], [178, 270], [194, 284], [186, 300], [170, 306], [152, 294]]}, {""poligono_xy"": [[54, 290], [70, 280], [86, 296], [78, 310], [64, 318], [48, 306]]}, {""poligono_xy"": [[220, 380], [240, 370], [256, 386], [248, 402], [232, 408], [214, 396]]}, {""poligono_xy"": [[420, 400], [438, 390], [454, 404], [446, 420], [430, 426], [412, 414]]}, {""poligono_xy"": [[480, 280], [496, 270], [512, 284], [504, 298], [488, 304], [472, 292]]}, {""poligono_xy"": [[100, 420], [118, 410], [132, 424], [126, 440], [110, 444], [92, 432]]}]","Imagem de microscopia de campo claro com células de formato aproximadamente elíptico, possivelmente leveduras ou células sanguíneas, com baixo contraste e algumas sobreposições. Presença de ruído e detritos no fundo."
2022_03_21_11_08_26_62.bmp,C:\Users\sthem\OneDrive\Documentos\GitHub\master-2025\7-gemini\val\2022_03_21_11_08_26_62.bmp,"[{""poligono_xy"": [[27, 35], [40, 22], [53, 22], [66, 35], [66, 48], [53, 61], [40, 61], [27, 48]]}, {""poligono_xy"": [[100, 205], [118, 190], [136, 190], [154, 205], [154, 220], [136, 235], [118, 235], [100, 220]]}, {""poligono_xy"": [[180, 50], [195, 35], [210, 35], [225, 50], [225, 65], [210, 80], [195, 80], [180, 65]]}, {""poligono_xy"": [[255, 390], [270, 375], [285, 375], [300, 390], [300, 405], [285, 420], [270, 420], [255, 405]]}, {""poligono_xy"": [[320, 130], [338, 112], [356, 112], [374, 130], [374, 148], [356, 166], [338, 166], [320, 148]]}, {""poligono_xy"": [[390, 255], [408, 235], [426, 235], [444, 255], [444, 275], [426, 295], [408, 295], [390, 275]]}, {""poligono_xy"": [[460, 75], [475, 60], [490, 60], [505, 75], [505, 90], [490, 105], [475, 105], [460, 90]]}, {""poligono_xy"": [[535, 415], [550, 400], [565, 400], [580, 415], [580, 430], [565, 445], [550, 445], [535, 430]]}]","Imagem de microscopia de campo claro com células esféricas, possivelmente leveduras, em baixo contraste e com alguma variação de tamanho. A imagem apresenta ruído de fundo e alguns detritos."
2022_03_21_11_08_28_29.bmp,C:\Users\sthem\OneDrive\Documentos\GitHub\master-2025\7-gemini\val\2022_03_21_11_08_28_29.bmp,"[{""poligono_xy"": [[170, 60], [185, 50], [200, 55], [210, 70], [205, 85], [190, 90], [175, 80]]}, {""poligono_xy"": [[75, 170], [90, 160], [105, 165], [115, 180], [110, 195], [95, 200], [80, 190]]}, {""poligono_xy"": [[450, 80], [465, 70], [480, 75], [490, 90], [485, 105], [470, 110], [455, 100]]}, {""poligono_xy"": [[580, 20], [595, 10], [610, 15], [620, 30], [615, 45], [600, 50], [585, 40]]}, {""poligono_xy"": [[700, 100], [715, 90], [730, 95], [740, 110], [735, 125], [720, 130], [705, 120]]}, {""poligono_xy"": [[800, 220], [815, 210], [830, 215], [840, 230], [835, 245], [820, 250], [805, 240]]}, {""poligono_xy"": [[890, 50], [905, 40], [920, 45], [930, 60], [925, 75], [910, 80], [895, 70]]}, {""poligono_xy"": [[250, 250], [260, 240], [275, 240], [285, 255], [280, 270], [265, 270], [255, 260]]}, {""poligono_xy"": [[420, 280], [435, 270], [450, 275], [460, 290], [455, 305], [440, 310], [425, 300]]}, {""poligono_xy"": [[580, 280], [590, 270], [600, 275], [610, 285], [605, 295], [595, 300], [585, 290]]}, {""poligono_xy"": [[720, 300], [730, 290], [745, 290], [755, 305], [750, 320], [735, 325], [725, 315]]}, {""poligono_xy"": [[880, 150], [895, 140], [910, 145], [920, 160], [915, 175], [900, 180], [885, 170]]}]","Imagem de microscopia de campo claro com células esféricas, possivelmente leveduras ou células em suspensão, com baixo contraste e alguns detritos no fundo. A imagem apresenta um nível de ruído moderado."
2022_03_21_11_08_29_97.bmp,C:\Users\sthem\OneDrive\Documentos\GitHub\master-2025\7-gemini\val\2022_03_21_11_08_29_97.bmp,"[{""poligono_xy"": [[24, 50], [40, 40], [52, 48], [58, 62], [48, 72], [34, 66]]}, {""poligono_xy"": [[80, 8], [98, 2], [110, 10], [114, 24], [104, 34], [88, 28]]}, {""poligono_xy"": [[40, 100], [58, 90], [72, 100], [78, 118], [64, 130], [46, 122]]}, {""poligono_xy"": [[150, 70], [170, 60], [188, 70], [196, 90], [180, 102], [158, 94]]}, {""poligono_xy"": [[210, 200], [230, 186], [250, 196], [260, 216], [244, 232], [220, 220]]}, {""poligono_xy"": [[280, 56], [300, 44], [320, 52], [330, 72], [314, 86], [290, 76]]}, {""poligono_xy"": [[350, 220], [370, 208], [390, 220], [400, 240], [380, 254], [356, 242]]}, {""poligono_xy"": [[420, 88], [440, 76], [460, 86], [470, 104], [454, 118], [430, 106]]}, {""poligono_xy"": [[490, 20], [510, 8], [530, 18], [540, 36], [520, 48], [498, 36]]}, {""poligono_xy"": [[560, 250], [580, 236], [600, 250], [610, 270], [590, 284], [566, 270]]}, {""poligono_xy"": [[180, 380], [200, 366], [220, 380], [230, 400], [206, 414], [184, 398]]}, {""poligono_xy"": [[300, 330], [320, 316], [340, 328], [350, 350], [330, 364], [308, 350]]}, {""poligono_xy"": [[420, 400], [440, 388], [460, 400], [470, 420], [450, 434], [426, 420]]}, {""poligono_xy"": [[540, 380], [560, 368], [580, 380], [590, 400], [570, 412], [548, 396]]}, {""poligono_xy"": [[270, 480], [290, 468], [310, 480], [320, 500], [300, 512], [278, 496]]}]","Imagem de microscopia de campo claro com células esféricas, possivelmente leveduras, em baixo contraste e com alguma variação de tamanho. Presença de artefatos e detritos."
2022_03_21_11_08_31_64.bmp,C:\Users\sthem\OneDrive\Documentos\GitHub\master-2025\7-gemini\val\2022_03_21_11_08_31_64.bmp,"[{""poligono_xy"": [[42, 46], [56, 34], [70, 38], [78, 54], [68, 68], [50, 64]]}, {""poligono_xy"": [[344, 50], [360, 36], [380, 38], [392, 54], [380, 70], [356, 64]]}, {""poligono_xy"": [[100, 200], [120, 184], [140, 190], [150, 210], [134, 230], [110, 220]]}, {""poligono_xy"": [[350, 150], [370, 130], [394, 136], [410, 158], [396, 180], [366, 170]]}, {""poligono_xy"": [[480, 530], [500, 510], [520, 516], [536, 540], [524, 560], [496, 554]]}, {""poligono_xy"": [[700, 200], [720, 180], [750, 190], [770, 220], [750, 244], [716, 236]]}, {""poligono_xy"": [[850, 40], [870, 24], [890, 30], [904, 50], [888, 68], [860, 60]]}, {""poligono_xy"": [[800, 600], [820, 580], [850, 590], [870, 620], [850, 640], [816, 630]]}, {""poligono_xy"": [[200, 400], [220, 380], [240, 390], [250, 410], [230, 430], [206, 420]]}, {""poligono_xy"": [[580, 280], [600, 260], [620, 270], [630, 290], [610, 310], [586, 300]]}, {""poligono_xy"": [[700, 480], [720, 460], [744, 470], [760, 496], [740, 516], [710, 504]]}, {""poligono_xy"": [[280, 80], [300, 60], [320, 70], [330, 90], [310, 110], [286, 100]]}, {""poligono_xy"": [[500, 50], [520, 30], [540, 40], [550, 60], [530, 80], [506, 70]]}, {""poligono_xy"": [[630, 400], [650, 380], [670, 390], [680, 410], [660, 430], [636, 420]]}]",Imagem de microscopia de campo claro com células de formato aproximadamente circular. Baixo contraste e presença de artefatos. Possível presença de debris ou material extracelular.
2022_03_21_11_08_33_31.bmp,C:\Users\sthem\OneDrive\Documentos\GitHub\master-2025\7-gemini\val\2022_03_21_11_08_33_31.bmp,"[{""poligono_xy"": [[100, 80], [115, 75], [125, 85], [120, 95], [105, 100], [95, 90]]}, {""poligono_xy"": [[280, 80], [290, 70], [300, 75], [310, 85], [305, 95], [295, 90], [285, 90]]}, {""poligono_xy"": [[450, 60], [460, 55], [470, 60], [475, 70], [470, 75], [460, 75], [455, 70]]}, {""poligono_xy"": [[590, 90], [605, 85], [615, 90], [620, 100], [610, 105], [600, 100], [595, 95]]}, {""poligono_xy"": [[720, 20], [730, 15], [740, 20], [745, 30], [740, 35], [730, 35], [725, 30]]}, {""poligono_xy"": [[250, 200], [265, 195], [275, 205], [270, 215], [255, 220], [245, 210]]}, {""poligono_xy"": [[320, 260], [330, 250], [340, 255], [350, 265], [345, 275], [335, 270], [325, 270]]}, {""poligono_xy"": [[480, 290], [490, 280], [500, 285], [510, 295], [505, 305], [495, 300], [485, 300]]}, {""poligono_xy"": [[650, 320], [660, 315], [670, 320], [675, 330], [670, 335], [660, 335], [655, 330]]}, {""poligono_xy"": [[150, 380], [160, 375], [170, 380], [175, 390], [170, 395], [160, 395], [155, 390]]}, {""poligono_xy"": [[450, 420], [465, 415], [475, 425], [470, 435], [455, 440], [445, 430]]}, {""poligono_xy"": [[580, 480], [595, 475], [605, 485], [600, 495], [585, 500], [575, 490]]}, {""poligono_xy"": [[750, 510], [760, 505], [770, 510], [775, 520], [770, 525], [760, 525], [755, 520]]}]",Imagem de microscopia de campo claro com células esféricas de baixo contraste em um fundo cinza. A imagem apresenta ruído e alguns artefatos.
2022_03_21_11_08_34_99.bmp,C:\Users\sthem\OneDrive\Documentos\GitHub\master-2025\7-gemini\val\2022_03_21_11_08_34_99.bmp,"[{""poligono_xy"": [[92, 52], [112, 44], [128, 52], [124, 70], [104, 78], [86, 70]]}, {""poligono_xy"": [[230, 80], [250, 70], [268, 80], [270, 100], [250, 110], [228, 100]]}, {""poligono_xy"": [[88, 278], [106, 268], [124, 280], [124, 300], [104, 310], [84, 300]]}, {""poligono_xy"": [[290, 380], [310, 370], [330, 384], [334, 406], [314, 418], [288, 404]]}, {""poligono_xy"": [[360, 480], [380, 470], [400, 480], [400, 504], [380, 516], [360, 504]]}, {""poligono_xy"": [[410, 500], [430, 490], [450, 500], [450, 520], [430, 530], [410, 520]]}, {""poligono_xy"": [[470, 780], [490, 770], [510, 780], [510, 800], [490, 810], [470, 800]]}, {""poligono_xy"": [[550, 790], [570, 780], [590, 790], [590, 810], [570, 820], [550, 810]]}, {""poligono_xy"": [[720, 820], [740, 810], [760, 820], [760, 840], [740, 850], [720, 840]]}, {""poligono_xy"": [[780, 840], [800, 830], [820, 840], [820, 860], [800, 870], [780, 860]]}]","Imagem de microscopia de campo claro com células de formato predominantemente circular/elíptico, possivelmente leveduras ou bactérias, com baixo contraste e alguns detritos no fundo. A imagem apresenta ruído e as células variam em tamanho e intensidade."
2022_03_21_11_08_36_66.bmp,C:\Users\sthem\OneDrive\Documentos\GitHub\master-2025\7-gemini\val\2022_03_21_11_08_36_66.bmp,"[{""poligono_xy"": [[100, 60], [115, 55], [125, 65], [120, 75], [105, 80], [95, 70]]}, {""poligono_xy"": [[150, 150], [165, 145], [175, 155], [170, 165], [155, 170], [145, 160]]}, {""poligono_xy"": [[250, 250], [260, 240], [270, 250], [270, 260], [260, 270], [250, 260]]}, {""poligono_xy"": [[50, 300], [65, 295], [75, 305], [70, 315], [55, 320], [45, 310]]}, {""poligono_xy"": [[350, 50], [360, 40], [370, 50], [370, 60], [360, 70], [350, 60]]}, {""poligono_xy"": [[450, 450], [460, 440], [470, 450], [470, 460], [460, 470], [450, 460]]}, {""poligono_xy"": [[550, 150], [560, 140], [570, 150], [570, 160], [560, 170], [550, 160]]}, {""poligono_xy"": [[650, 350], [660, 340], [670, 350], [670, 360], [660, 370], [650, 360]]}, {""poligono_xy"": [[750, 50], [760, 40], [770, 50], [770, 60], [760, 70], [750, 60]]}, {""poligono_xy"": [[850, 250], [860, 240], [870, 250], [870, 260], [860, 270], [850, 260]]}, {""poligono_xy"": [[180, 480], [195, 475], [205, 485], [200, 495], [185, 500], [175, 490]]}, {""poligono_xy"": [[720, 480], [735, 475], [745, 485], [740, 495], [725, 500], [715, 490]]}, {""poligono_xy"": [[580, 580], [595, 575], [605, 585], [600, 595], [585, 600], [575, 590]]}, {""poligono_xy"": [[30, 520], [45, 515], [55, 525], [50, 535], [35, 540], [25, 530]]}]",Imagem de microscopia de campo claro com células esféricas de baixo contraste em um fundo cinza. A imagem apresenta ruído e alguns detritos. Possível presença de artefatos.
2022_03_21_11_08_38_33.bmp,C:\Users\sthem\OneDrive\Documentos\GitHub\master-2025\7-gemini\val\2022_03_21_11_08_38_33.bmp,"[{""poligono_xy"": [[170, 352], [195, 340], [218, 340], [235, 355], [225, 370], [195, 372]]}, {""poligono_xy"": [[28, 365], [50, 350], [70, 350], [88, 365], [78, 385], [55, 395], [35, 385]]}, {""poligono_xy"": [[335, 400], [355, 385], [375, 385], [390, 400], [380, 420], [355, 420]]}, {""poligono_xy"": [[45, 185], [65, 165], [90, 165], [110, 185], [100, 210], [70, 210]]}, {""poligono_xy"": [[335, 205], [360, 190], [390, 190], [415, 210], [400, 230], [365, 230]]}, {""poligono_xy"": [[450, 55], [470, 40], [495, 40], [515, 60], [500, 80], [470, 75]]}, {""poligono_xy"": [[880, 580], [905, 565], [930, 570], [945, 590], [930, 610], [900, 605]]}, {""poligono_xy"": [[770, 90], [790, 75], [815, 75], [835, 95], [820, 115], [790, 110]]}, {""poligono_xy"": [[585, 585], [610, 570], [640, 575], [660, 595], [645, 615], [610, 610]]}, {""poligono_xy"": [[280, 480], [305, 465], [330, 470], [345, 490], [325, 510], [295, 500]]}, {""poligono_xy"": [[70, 510], [95, 495], [120, 500], [135, 520], [115, 540], [85, 535]]}, {""poligono_xy"": [[400, 50], [410, 35], [425, 35], [435, 50], [430, 65], [410, 65]]}, {""poligono_xy"": [[255, 385], [270, 370], [280, 370], [290, 380], [285, 395], [270, 395]]}, {""poligono_xy"": [[350, 585], [370, 570], [390, 570], [410, 590], [395, 610], [370, 605]]}]","Imagem de microscopia de campo claro com células de formato variado, possivelmente leveduras ou bactérias, com baixo contraste e algumas fora de foco. A presença de detritos e ruído dificulta a segmentação precisa."
2022_03_21_11_08_41_69.bmp,C:\Users\sthem\OneDrive\Documentos\GitHub\master-2025\7-gemini\val\2022_03_21_11_08_41_69.bmp,"[{""poligono_xy"": [[170, 555], [195, 530], [220, 515], [245, 515], [270, 530], [285, 555], [270, 580], [245, 600], [220, 600], [195, 580]]}, {""poligono_xy"": [[140, 200], [160, 180], [185, 175], [210, 180], [230, 200], [210, 225], [185, 240], [160, 235]]}, {""poligono_xy"": [[310, 230], [330, 210], [360, 200], [385, 210], [405, 230], [385, 250], [360, 265], [330, 255]]}, {""poligono_xy"": [[340, 355], [360, 340], [385, 335], [410, 340], [430, 355], [410, 375], [385, 390], [360, 380]]}, {""poligono_xy"": [[500, 570], [520, 555], [545, 550], [565, 555], [585, 570], [565, 590], [545, 600], [520, 595]]}, {""poligono_xy"": [[600, 280], [620, 265], [645, 260], [665, 270], [680, 285], [665, 300], [645, 310], [620, 300]]}, {""poligono_xy"": [[705, 600], [730, 580], [755, 575], [780, 585], [800, 605], [780, 625], [755, 635], [730, 625]]}, {""poligono_xy"": [[45, 35], [65, 20], [90, 15], [115, 25], [130, 40], [110, 60], [85, 70], [60, 60]]}, {""poligono_xy"": [[75, 490], [95, 475], [115, 470], [135, 480], [150, 495], [130, 515], [110, 520], [90, 510]]}, {""poligono_xy"": [[50, 680], [70, 660], [95, 655], [115, 665], [135, 685], [115, 705], [90, 715], [65, 700]]}]",Imagem de microscopia de campo claro com células esféricas de baixo contraste em um fundo cinza. A imagem apresenta alguns artefatos e detritos. Possível cultura celular com células em suspensão.
2022_03_21_11_08_43_35.bmp,C:\Users\sthem\OneDrive\Documentos\GitHub\master-2025\7-gemini\val\2022_03_21_11_08_43_35.bmp,"[{""poligono_xy"": [[230, 150], [260, 140], [280, 150], [290, 170], [270, 190], [240, 190], [220, 170]]}, {""poligono_xy"": [[350, 180], [380, 160], [400, 170], [410, 200], [390, 220], [360, 210], [340, 200]]}, {""poligono_xy"": [[170, 230], [190, 210], [220, 220], [240, 250], [220, 270], [190, 270], [170, 250]]}, {""poligono_xy"": [[50, 300], [80, 280], [100, 290], [110, 320], [90, 340], [60, 340], [40, 320]]}, {""poligono_xy"": [[130, 380], [160, 360], [190, 370], [200, 400], [180, 420], [150, 410], [130, 400]]}, {""poligono_xy"": [[450, 400], [480, 380], [510, 390], [520, 420], [500, 440], [470, 430], [450, 420]]}, {""poligono_xy"": [[580, 460], [610, 440], [640, 450], [650, 480], [630, 500], [600, 490], [580, 480]]}, {""poligono_xy"": [[700, 500], [730, 480], [760, 490], [770, 520], [750, 540], [720, 530], [700, 520]]}, {""poligono_xy"": [[200, 550], [230, 530], [260, 540], [270, 570], [250, 590], [220, 580], [200, 570]]}, {""poligono_xy"": [[330, 580], [360, 560], [390, 570], [400, 600], [380, 620], [350, 610], [330, 600]]}, {""poligono_xy"": [[80, 80], [100, 70], [120, 80], [120, 100], [100, 110], [80, 100]]}, {""poligono_xy"": [[180, 100], [210, 90], [240, 100], [240, 130], [210, 140], [180, 130]]}, {""poligono_xy"": [[550, 120], [580, 110], [600, 120], [600, 140], [580, 150], [550, 140]]}, {""poligono_xy"": [[700, 180], [730, 160], [760, 170], [760, 200], [730, 210], [700, 200]]}, {""poligono_xy"": [[800, 230], [830, 210], [860, 220], [860, 250], [830, 260], [800, 250]]}, {""poligono_xy"": [[880, 300], [910, 280], [940, 290], [940, 320], [910, 330], [880, 320]]}]","Imagem de microscopia de campo claro com células de formato oval e circular, possivelmente leveduras ou bactérias. Baixo contraste e alguns detritos presentes."
2022_03_21_11_08_45_03.bmp,C:\Users\sthem\OneDrive\Documentos\GitHub\master-2025\7-gemini\val\2022_03_21_11_08_45_03.bmp,"[{""poligono_xy"": [[28, 312], [40, 300], [55, 295], [65, 300], [68, 315], [60, 328], [47, 332], [32, 325]]}, {""poligono_xy"": [[95, 55], [108, 45], [128, 42], [145, 50], [150, 65], [140, 80], [120, 85], [100, 75]]}, {""poligono_xy"": [[170, 370], [185, 360], [205, 355], [220, 365], [225, 380], [210, 395], [185, 398], [172, 385]]}, {""poligono_xy"": [[280, 180], [295, 165], [315, 160], [335, 170], [340, 190], [325, 205], [300, 208], [285, 195]]}, {""poligono_xy"": [[355, 555], [370, 540], [390, 535], [410, 545], [415, 565], [400, 580], [375, 585], [360, 570]]}, {""poligono_xy"": [[450, 240], [465, 225], [485, 220], [500, 230], [505, 250], [490, 265], [465, 268], [452, 255]]}, {""poligono_xy"": [[560, 60], [575, 45], [595, 40], [615, 50], [620, 70], [605, 85], [580, 90], [565, 75]]}, {""poligono_xy"": [[655, 380], [670, 365], [690, 360], [710, 370], [715, 390], [700, 405], [675, 410], [660, 395]]}, {""poligono_xy"": [[750, 620], [765, 605], [785, 600], [800, 610], [805, 630], [790, 645], [765, 650], [752, 635]]}, {""poligono_xy"": [[840, 120], [855, 105], [875, 100], [890, 110], [895, 130], [880, 145], [855, 150], [842, 135]]}, {""poligono_xy"": [[910, 480], [925, 465], [945, 460], [960, 470], [965, 490], [950, 505], [925, 510], [912, 495]]}, {""poligono_xy"": [[985, 880], [995, 870], [1005, 870], [1010, 885], [1005, 895], [995, 895], [985, 890]]}, {""poligono_xy"": [[150, 880], [165, 870], [180, 870], [190, 885], [180, 900], [160, 900], [150, 890]]}, {""poligono_xy"": [[70, 700], [90, 690], [105, 700], [110, 715], [100, 730], [80, 730], [70, 715]]}, {""poligono_xy"": [[580, 880], [595, 865], [615, 860], [630, 875], [630, 895], [610, 905], [585, 900]]}]","Imagem de microscopia de campo claro com células esféricas, possivelmente leveduras ou células em suspensão, com baixo contraste e alguns detritos no fundo. A imagem apresenta ruído e as células variam em tamanho e intensidade."
2022_03_21_11_08_46_70.bmp,C:\Users\sthem\OneDrive\Documentos\GitHub\master-2025\7-gemini\val\2022_03_21_11_08_46_70.bmp,"[{""poligono_xy"": [[103, 115], [118, 105], [130, 108], [140, 118], [138, 132], [124, 139], [110, 134]]}, {""poligono_xy"": [[25, 246], [42, 232], [58, 232], [72, 248], [65, 265], [47, 270], [30, 260]]}, {""poligono_xy"": [[150, 255], [168, 242], [188, 245], [202, 260], [195, 278], [175, 288], [157, 280]]}, {""poligono_xy"": [[288, 485], [305, 470], [325, 472], [340, 488], [335, 507], [315, 518], [295, 510]]}, {""poligono_xy"": [[450, 45], [465, 35], [482, 38], [495, 50], [490, 68], [472, 75], [455, 68]]}, {""poligono_xy"": [[580, 100], [595, 88], [615, 92], [630, 108], [625, 125], [605, 135], [588, 125]]}, {""poligono_xy"": [[685, 270], [700, 255], [720, 260], [735, 275], [730, 292], [710, 305], [690, 295]]}, {""poligono_xy"": [[795, 425], [815, 410], [835, 415], [850, 430], [845, 450], [825, 460], [805, 450]]}, {""poligono_xy"": [[880, 555], [900, 540], [920, 545], [935, 565], [930, 585], [905, 595], [885, 580]]}, {""poligono_xy"": [[455, 575], [475, 560], [495, 565], [510, 580], [505, 600], [480, 610], [460, 595]]}, {""poligono_xy"": [[280, 30], [295, 20], [315, 22], [330, 35], [322, 50], [300, 55], [285, 45]]}, {""poligono_xy"": [[80, 520], [100, 505], [120, 510], [135, 525], [130, 545], [110, 555], [85, 545]]}, {""poligono_xy"": [[380, 330], [400, 315], [420, 320], [435, 340], [430, 360], [405, 370], [385, 355]]}, {""poligono_xy"": [[520, 205], [540, 190], [560, 192], [575, 210], [570, 225], [545, 235], [525, 225]]}, {""poligono_xy"": [[50, 40], [70, 30], [90, 35], [100, 50], [90, 70], [65, 75], [45, 60]]}]",Imagem de microscopia de campo claro com células esféricas de baixo contraste em suspensão. A imagem apresenta algum ruído de fundo e artefatos.
2022_03_21_11_08_48_38.bmp,C:\Users\sthem\OneDrive\Documentos\GitHub\master-2025\7-gemini\val\2022_03_21_11_08_48_38.bmp,[],"Imagem de microscopia de campo claro com células esféricas, possivelmente leveduras, em baixo contraste e com alguma variação de tamanho. A imagem apresenta ruído de fundo e alguns artefatos."
2022_03_21_11_08_51_72.bmp,C:\Users\sthem\OneDrive\Documentos\GitHub\master-2025\7-gemini\val\2022_03_21_11_08_51_72.bmp,"[{""poligono_xy"": [[170, 100], [185, 85], [200, 85], [215, 100], [215, 120], [200, 135], [185, 135], [170, 120]]}, {""poligono_xy"": [[40, 255], [55, 240], [75, 240], [90, 260], [85, 280], [65, 295], [45, 290]]}, {""poligono_xy"": [[450, 460], [470, 445], [490, 445], [510, 465], [505, 485], [485, 500], [465, 495]]}, {""poligono_xy"": [[300, 480], [320, 470], [340, 475], [355, 490], [350, 505], [330, 515], [310, 510]]}, {""poligono_xy"": [[580, 80], [600, 70], [620, 75], [635, 90], [630, 105], [610, 115], [590, 110]]}, {""poligono_xy"": [[440, 100], [460, 90], [485, 95], [505, 110], [500, 130], [475, 140], [455, 135]]}, {""poligono_xy"": [[750, 80], [770, 70], [790, 70], [810, 85], [805, 105], [785, 115], [765, 110]]}, {""poligono_xy"": [[780, 480], [795, 470], [815, 475], [830, 490], [825, 510], [805, 520], [790, 515]]}, {""poligono_xy"": [[850, 250], [870, 240], [890, 245], [910, 260], [905, 280], [880, 290], [860, 285]]}, {""poligono_xy"": [[280, 280], [300, 270], [320, 270], [335, 285], [330, 300], [310, 310], [290, 305]]}, {""poligono_xy"": [[100, 480], [120, 465], [140, 470], [160, 490], [150, 510], [130, 520], [110, 510]]}]",Imagem de microscopia de campo claro com células esféricas de baixo contraste em diferentes planos focais. A imagem apresenta ruído e alguns detritos.
2022_03_21_11_08_53_40.bmp,C:\Users\sthem\OneDrive\Documentos\GitHub\master-2025\7-gemini\val\2022_03_21_11_08_53_40.bmp,"[{""poligono_xy"": [[52, 75], [65, 62], [78, 62], [88, 75], [85, 90], [70, 98], [55, 92]]}, {""poligono_xy"": [[145, 210], [160, 198], [180, 200], [192, 215], [188, 232], [165, 240], [145, 230]]}, {""poligono_xy"": [[180, 60], [195, 50], [215, 55], [230, 70], [225, 85], [205, 90], [185, 85]]}, {""poligono_xy"": [[290, 60], [305, 52], [320, 55], [330, 65], [325, 80], [310, 88], [295, 82]]}, {""poligono_xy"": [[385, 85], [400, 75], [415, 75], [430, 90], [425, 105], [405, 110], [390, 105]]}, {""poligono_xy"": [[470, 20], [485, 12], [500, 15], [510, 25], [505, 40], [490, 45], [475, 35]]}, {""poligono_xy"": [[520, 140], [535, 130], [550, 130], [565, 145], [560, 160], [540, 165], [525, 155]]}, {""poligono_xy"": [[600, 65], [615, 55], [630, 60], [640, 70], [635, 85], [620, 90], [605, 85]]}, {""poligono_xy"": [[665, 210], [680, 200], [695, 205], [710, 220], [705, 235], [685, 240], [670, 230]]}, {""poligono_xy"": [[730, 80], [745, 70], [760, 75], [770, 85], [765, 100], [750, 105], [735, 95]]}, {""poligono_xy"": [[805, 230], [820, 220], [835, 225], [845, 235], [840, 250], [825, 255], [810, 245]]}, {""poligono_xy"": [[880, 50], [895, 40], [910, 45], [920, 55], [915, 70], [900, 75], [885, 65]]}, {""poligono_xy"": [[295, 370], [310, 360], [325, 360], [340, 375], [335, 390], [315, 400], [300, 390]]}, {""poligono_xy"": [[480, 420], [495, 410], [510, 415], [520, 425], [515, 440], [500, 445], [485, 435]]}, {""poligono_xy"": [[670, 480], [685, 470], [700, 470], [715, 485], [710, 500], [685, 510], [675, 500]]}, {""poligono_xy"": [[870, 405], [885, 395], [900, 400], [910, 410], [905, 425], [890, 430], [875, 420]]}]","Imagem de microscopia de campo claro com células esféricas de baixo contraste, possivelmente leveduras ou células em suspensão. A imagem apresenta algum ruído de fundo e artefatos."
2022_03_21_11_08_55_08.bmp,C:\Users\sthem\OneDrive\Documentos\GitHub\master-2025\7-gemini\val\2022_03_21_11_08_55_08.bmp,"[{""poligono_xy"": [[250, 70], [270, 55], [290, 60], [300, 80], [285, 95], [260, 90]]}, {""poligono_xy"": [[400, 240], [420, 230], [440, 235], [455, 250], [445, 270], [420, 270]]}, {""poligono_xy"": [[100, 280], [120, 270], [140, 280], [150, 300], [130, 315], [105, 305]]}, {""poligono_xy"": [[50, 40], [70, 25], [95, 35], [110, 55], [90, 75], [65, 65]]}, {""poligono_xy"": [[380, 35], [395, 20], [415, 25], [430, 40], [415, 60], [390, 50]]}, {""poligono_xy"": [[40, 200], [60, 185], [80, 195], [95, 215], [80, 235], [55, 225]]}, {""poligono_xy"": [[170, 120], [190, 105], [215, 115], [230, 135], [210, 155], [180, 145]]}, {""poligono_xy"": [[350, 450], [370, 435], [390, 445], [405, 465], [390, 485], [360, 475]]}, {""poligono_xy"": [[550, 400], [570, 385], [590, 390], [605, 410], [590, 430], [565, 420]]}, {""poligono_xy"": [[500, 100], [520, 85], [540, 95], [555, 115], [540, 130], [515, 120]]}, {""poligono_xy"": [[200, 400], [220, 385], [240, 395], [255, 415], [240, 435], [215, 425]]}, {""poligono_xy"": [[50, 480], [70, 465], [90, 475], [105, 495], [90, 515], [65, 505]]}, {""poligono_xy"": [[480, 270], [500, 255], [520, 265], [535, 285], [520, 305], [495, 295]]}, {""poligono_xy"": [[70, 370], [90, 355], [110, 365], [125, 385], [110, 405], [85, 395]]}, {""poligono_xy"": [[320, 180], [340, 165], [360, 175], [375, 195], [360, 215], [335, 205]]}, {""poligono_xy"": [[580, 180], [600, 165], [615, 175], [625, 190], [615, 205], [595, 195]]}, {""poligono_xy"": [[585, 75], [600, 65], [615, 75], [625, 90], [610, 105], [590, 95]]}]","Imagem de microscopia de campo claro com células de formato aproximadamente circular/elíptico, com baixo contraste e presença de ruído de fundo. Possível presença de debris."
2022_03_21_11_08_56_74.bmp,C:\Users\sthem\OneDrive\Documentos\GitHub\master-2025\7-gemini\val\2022_03_21_11_08_56_74.bmp,[],"Imagem de microscopia de campo claro com células de formato aproximadamente elíptico, possivelmente leveduras, com baixo contraste e fora de foco. Presença de ruído e artefatos."
2022_03_21_11_08_58_42.bmp,C:\Users\sthem\OneDrive\Documentos\GitHub\master-2025\7-gemini\val\2022_03_21_11_08_58_42.bmp,"[{""poligono_xy"": [[170, 40], [185, 30], [200, 35], [210, 50], [205, 65], [190, 70], [175, 60]]}, {""poligono_xy"": [[25, 105], [40, 90], [60, 95], [70, 115], [60, 135], [40, 130], [25, 120]]}, {""poligono_xy"": [[150, 120], [170, 110], [190, 115], [205, 130], [195, 150], [170, 150], [155, 135]]}, {""poligono_xy"": [[260, 130], [275, 120], [295, 120], [310, 135], [300, 150], [280, 150], [265, 140]]}, {""poligono_xy"": [[390, 55], [405, 45], [425, 45], [440, 60], [430, 75], [410, 75], [395, 65]]}, {""poligono_xy"": [[495, 100], [515, 90], [535, 95], [550, 110], [540, 130], [520, 130], [500, 115]]}, {""poligono_xy"": [[590, 160], [605, 145], [625, 150], [640, 165], [630, 180], [610, 180], [595, 170]]}, {""poligono_xy"": [[680, 70], [695, 60], [715, 65], [730, 80], [720, 95], [700, 90], [685, 80]]}, {""poligono_xy"": [[750, 140], [765, 130], [785, 135], [800, 150], [790, 165], [770, 160], [755, 150]]}, {""poligono_xy"": [[830, 40], [845, 30], [865, 35], [880, 50], [870, 65], [850, 60], [835, 50]]}, {""poligono_xy"": [[910, 105], [925, 95], [945, 100], [960, 115], [950, 130], [930, 125], [915, 115]]}, {""poligono_xy"": [[340, 200], [360, 185], [385, 195], [400, 215], [385, 230], [360, 225], [345, 210]]}, {""poligono_xy"": [[460, 230], [480, 215], [500, 220], [515, 240], [500, 255], [480, 250], [465, 240]]}, {""poligono_xy"": [[650, 205], [670, 190], [690, 195], [710, 210], [700, 230], [675, 225], [660, 215]]}, {""poligono_xy"": [[790, 250], [810, 235], [830, 240], [845, 260], [830, 275], [810, 270], [795, 260]]}]",Imagem de microscopia de campo claro com células de formato aproximadamente circular. Baixo contraste e presença de artefatos. Possível presença de debris ou pequenas partículas além das células principais.
2022_03_21_11_08_59_84.bmp,C:\Users\sthem\OneDrive\Documentos\GitHub\master-2025\7-gemini\val\2022_03_21_11_08_59_84.bmp,"[{""poligono_xy"": [[220, 290], [250, 280], [270, 290], [270, 310], [250, 320], [220, 310]]}, {""poligono_xy"": [[300, 300], [330, 290], [350, 300], [350, 320], [330, 330], [300, 320]]}, {""poligono_xy"": [[150, 510], [180, 500], [200, 510], [200, 530], [180, 540], [150, 530]]}, {""poligono_xy"": [[60, 60], [80, 50], [100, 60], [100, 80], [80, 90], [60, 80]]}, {""poligono_xy"": [[400, 600], [430, 590], [450, 600], [450, 620], [430, 630], [400, 620]]}, {""poligono_xy"": [[550, 700], [580, 690], [600, 700], [600, 720], [580, 730], [550, 720]]}, {""poligono_xy"": [[700, 200], [720, 190], [740, 200], [740, 220], [720, 230], [700, 220]]}, {""poligono_xy"": [[850, 400], [880, 390], [900, 400], [900, 420], [880, 430], [850, 420]]}, {""poligono_xy"": [[280, 120], [300, 110], [310, 120], [310, 140], [300, 140], [280, 130]]}, {""poligono_xy"": [[130, 750], [160, 740], [180, 750], [180, 770], [160, 780], [130, 770]]}, {""poligono_xy"": [[630, 480], [660, 470], [680, 480], [680, 500], [660, 510], [630, 500]]}, {""poligono_xy"": [[480, 250], [510, 240], [530, 250], [530, 270], [510, 280], [480, 270]]}, {""poligono_xy"": [[350, 420], [380, 410], [400, 420], [400, 440], [380, 450], [350, 440]]}, {""poligono_xy"": [[80, 850], [110, 840], [130, 850], [130, 870], [110, 880], [80, 870]]}, {""poligono_xy"": [[750, 820], [780, 810], [800, 820], [800, 840], [780, 850], [750, 840]]}, {""poligono_xy"": [[50, 250], [70, 240], [90, 250], [90, 270], [70, 280], [50, 270]]}]","Imagem de microscopia de campo claro com células de formato elipsoidal, possivelmente leveduras, com baixo contraste e alguns detritos no fundo. A imagem apresenta ruído e as células estão dispersas."
2022_03_21_11_08_59_90.bmp,C:\Users\sthem\OneDrive\Documentos\GitHub\master-2025\7-gemini\val\2022_03_21_11_08_59_90.bmp,"[{""poligono_xy"": [[170, 45], [185, 35], [200, 38], [210, 50], [205, 65], [190, 68], [175, 60]]}, {""poligono_xy"": [[45, 130], [60, 115], [75, 118], [85, 130], [80, 145], [65, 150], [50, 142]]}, {""poligono_xy"": [[220, 140], [235, 130], [255, 135], [265, 150], [260, 165], [245, 168], [230, 155]]}, {""poligono_xy"": [[355, 175], [370, 160], [390, 162], [405, 175], [400, 190], [380, 195], [360, 185]]}, {""poligono_xy"": [[480, 205], [495, 195], [515, 198], [530, 210], [525, 225], [505, 230], [490, 220]]}, {""poligono_xy"": [[585, 255], [600, 240], [620, 245], [635, 260], [630, 275], [610, 280], [590, 270]]}, {""poligono_xy"": [[70, 285], [85, 270], [105, 275], [120, 290], [115, 305], [95, 310], [80, 295]]}, {""poligono_xy"": [[260, 315], [275, 300], [295, 305], [310, 320], [305, 335], [285, 340], [270, 325]]}, {""poligono_xy"": [[450, 360], [465, 345], [485, 350], [500, 365], [495, 380], [475, 385], [460, 370]]}, {""poligono_xy"": [[610, 400], [625, 385], [645, 390], [660, 405], [655, 420], [635, 425], [620, 410]]}, {""poligono_xy"": [[115, 430], [130, 415], [150, 420], [165, 435], [160, 450], [140, 455], [125, 440]]}, {""poligono_xy"": [[295, 475], [310, 460], [330, 465], [345, 480], [340, 495], [320, 500], [305, 485]]}, {""poligono_xy"": [[500, 510], [515, 495], [535, 500], [550, 515], [545, 530], [525, 535], [510, 520]]}, {""poligono_xy"": [[255, 550], [265, 535], [280, 540], [290, 555], [285, 570], [270, 570], [260, 560]]}, {""poligono_xy"": [[705, 580], [720, 565], [740, 570], [755, 585], [750, 600], [730, 605], [715, 590]]}]","Imagem de microscopia de campo claro com células de formato variável, possivelmente leveduras, com baixo contraste e alguns detritos no fundo. A imagem apresenta ruído e as células estão ligeiramente fora de foco."
2022_03_21_11_08_59_97.bmp,C:\Users\sthem\OneDrive\Documentos\GitHub\master-2025\7-gemini\val\2022_03_21_11_08_59_97.bmp,"[{""poligono_xy"": [[220, 70], [240, 60], [260, 70], [250, 90], [230, 95], [210, 85]]}, {""poligono_xy"": [[80, 100], [100, 90], [120, 100], [110, 120], [90, 130], [70, 120]]}, {""poligono_xy"": [[280, 240], [300, 230], [320, 240], [310, 260], [290, 270], [270, 260]]}, {""poligono_xy"": [[470, 280], [490, 270], [510, 280], [500, 300], [480, 310], [460, 300]]}, {""poligono_xy"": [[620, 70], [640, 60], [660, 70], [650, 90], [630, 95], [610, 85]]}, {""poligono_xy"": [[720, 250], [740, 240], [760, 250], [750, 270], [730, 275], [710, 265]]}, {""poligono_xy"": [[850, 350], [870, 340], [890, 350], [880, 370], [860, 380], [840, 370]]}, {""poligono_xy"": [[200, 400], [220, 390], [240, 400], [230, 420], [210, 430], [190, 420]]}, {""poligono_xy"": [[400, 500], [420, 490], [440, 500], [430, 520], [410, 530], [390, 520]]}, {""poligono_xy"": [[750, 480], [770, 470], [790, 480], [780, 500], [760, 510], [740, 500]]}, {""poligono_xy"": [[880, 100], [900, 90], [920, 100], [910, 120], [890, 125], [870, 115]]}, {""poligono_xy"": [[580, 400], [600, 390], [610, 400], [605, 415], [595, 420], [580, 410]]}]",Imagem de microscopia de campo claro com células de formato e contraste variáveis. A imagem apresenta ruído de fundo e alguns artefatos.
2022_03_21_11_09_00_04.bmp,C:\Users\sthem\OneDrive\Documentos\GitHub\master-2025\7-gemini\val\2022_03_21_11_09_00_04.bmp,"[{""poligono_xy"": [[72, 72], [88, 64], [96, 72], [96, 88], [80, 96], [64, 88]]}, {""poligono_xy"": [[120, 240], [144, 232], [160, 248], [152, 272], [128, 280], [104, 264]]}, {""poligono_xy"": [[192, 48], [208, 40], [224, 48], [224, 64], [200, 80], [184, 64]]}, {""poligono_xy"": [[216, 144], [232, 136], [256, 152], [256, 176], [232, 184], [208, 176]]}, {""poligono_xy"": [[288, 248], [312, 240], [336, 256], [328, 280], [304, 288], [280, 272]]}, {""poligono_xy"": [[352, 80], [376, 64], [400, 80], [392, 104], [360, 112], [344, 96]]}, {""poligono_xy"": [[400, 176], [424, 160], [448, 176], [448, 200], [416, 216], [392, 200]]}, {""poligono_xy"": [[488, 56], [504, 48], [528, 64], [520, 88], [496, 96], [472, 80]]}, {""poligono_xy"": [[520, 288], [544, 272], [576, 296], [568, 328], [536, 336], [512, 312]]}, {""poligono_xy"": [[600, 88], [624, 72], [648, 96], [640, 120], [616, 128], [584, 104]]}, {""poligono_xy"": [[648, 208], [672, 192], [696, 216], [688, 240], [664, 248], [632, 224]]}, {""poligono_xy"": [[72, 312], [96, 304], [112, 328], [104, 352], [80, 360], [56, 336]]}, {""poligono_xy"": [[152, 368], [176, 352], [200, 376], [184, 408], [152, 408], [136, 384]]}, {""poligono_xy"": [[440, 360], [464, 344], [496, 368], [480, 400], [448, 400], [424, 376]]}, {""poligono_xy"": [[680, 360], [704, 344], [736, 368], [728, 392], [696, 400], [672, 384]]}]","Imagem de microscopia de campo claro com células esféricas, possivelmente leveduras, em baixa concentração. A imagem apresenta baixo contraste e alguns artefatos."
2022_03_21_11_09_00_12.bmp,C:\Users\sthem\OneDrive\Documentos\GitHub\master-2025\7-gemini\val\2022_03_21_11_09_00_12.bmp,"[{""poligono_xy"": [[24, 22], [38, 14], [50, 18], [54, 28], [44, 36], [30, 32]]}, {""poligono_xy"": [[8, 258], [22, 248], [38, 254], [42, 270], [28, 280], [12, 274]]}, {""poligono_xy"": [[78, 28], [98, 22], [114, 32], [118, 46], [102, 56], [82, 48]]}, {""poligono_xy"": [[54, 156], [74, 148], [94, 160], [98, 178], [76, 190], [58, 176]]}, {""poligono_xy"": [[114, 124], [132, 110], [158, 122], [166, 142], [146, 158], [122, 144]]}, {""poligono_xy"": [[174, 22], [190, 12], [210, 18], [220, 34], [204, 48], [182, 40]]}, {""poligono_xy"": [[158, 246], [182, 232], [206, 248], [214, 270], [190, 286], [164, 272]]}, {""poligono_xy"": [[238, 150], [260, 136], [286, 148], [296, 170], [272, 188], [246, 174]]}, {""poligono_xy"": [[280, 288], [302, 270], [328, 280], [338, 302], [316, 320], [290, 308]]}, {""poligono_xy"": [[342, 22], [360, 10], [386, 18], [398, 38], [374, 52], [350, 40]]}, {""poligono_xy"": [[352, 140], [378, 122], [406, 138], [416, 162], [388, 180], [358, 162]]}, {""poligono_xy"": [[398, 256], [422, 240], [452, 254], [462, 278], [436, 296], [406, 278]]}]","Imagem de microscopia de campo claro com células de formato aproximadamente circular/elíptico, com baixo contraste e algumas sobreposições. Presença de ruído e pequenos detritos no fundo."
2022_03_21_11_09_00_20.bmp,C:\Users\sthem\OneDrive\Documentos\GitHub\master-2025\7-gemini\val\2022_03_21_11_09_00_20.bmp,"[{""poligono_xy"": [[27, 27], [45, 22], [58, 28], [62, 42], [55, 55], [41, 58], [28, 51]]}, {""poligono_xy"": [[100, 85], [125, 75], [145, 85], [150, 105], [135, 120], [110, 110]]}, {""poligono_xy"": [[255, 35], [275, 25], [290, 30], [295, 45], [280, 55], [260, 50]]}, {""poligono_xy"": [[380, 380], [395, 370], [410, 375], [415, 390], [405, 405], [390, 400]]}, {""poligono_xy"": [[470, 100], [490, 90], [510, 95], [515, 110], [500, 120], [480, 115]]}, {""poligono_xy"": [[580, 20], [600, 15], [615, 20], [620, 35], [605, 45], [590, 40]]}, {""poligono_xy"": [[655, 470], [670, 460], [685, 465], [690, 480], [675, 490], [660, 485]]}, {""poligono_xy"": [[720, 80], [740, 70], [760, 80], [770, 100], [755, 115], [730, 105]]}, {""poligono_xy"": [[850, 500], [870, 490], [890, 500], [900, 520], [880, 535], [860, 525]]}, {""poligono_xy"": [[920, 920], [940, 910], [955, 915], [960, 930], [945, 940], [930, 935]]}, {""poligono_xy"": [[400, 80], [415, 70], [430, 75], [435, 90], [420, 100], [405, 95]]}, {""poligono_xy"": [[480, 480], [495, 470], [510, 475], [515, 490], [500, 500], [485, 495]]}, {""poligono_xy"": [[200, 480], [220, 470], [240, 480], [250, 500], [230, 515], [210, 505]]}, {""poligono_xy"": [[70, 720], [90, 710], [110, 720], [120, 740], [100, 755], [80, 745]]}, {""poligono_xy"": [[300, 880], [320, 870], [340, 880], [350, 900], [330, 915], [310, 905]]}]",Imagem de microscopia de campo claro com células de formato aproximadamente circular e baixo contraste. A imagem apresenta ruído e alguns detritos. Possível presença de artefatos.
2022_03_21_11_09_00_29.bmp,C:\Users\sthem\OneDrive\Documentos\GitHub\master-2025\7-gemini\val\2022_03_21_11_09_00_29.bmp,"[{""poligono_xy"": [[75, 75], [95, 65], [110, 75], [110, 95], [95, 105], [75, 95]]}, {""poligono_xy"": [[150, 100], [175, 90], [200, 110], [190, 140], [160, 150], [140, 130]]}, {""poligono_xy"": [[220, 220], [240, 210], [260, 220], [260, 250], [240, 260], [220, 250]]}, {""poligono_xy"": [[300, 280], [320, 270], [340, 290], [330, 310], [310, 320], [290, 300]]}, {""poligono_xy"": [[380, 380], [400, 360], [420, 370], [420, 400], [400, 420], [380, 400]]}, {""poligono_xy"": [[450, 450], [470, 430], [490, 450], [490, 480], [470, 500], [450, 480]]}, {""poligono_xy"": [[530, 530], [560, 520], [580, 540], [570, 570], [540, 580], [520, 560]]}, {""poligono_xy"": [[600, 600], [630, 590], [650, 610], [640, 640], [610, 650], [590, 630]]}, {""poligono_xy"": [[180, 480], [200, 470], [220, 490], [210, 510], [190, 520], [170, 500]]}, {""poligono_xy"": [[280, 120], [300, 110], [320, 130], [310, 150], [290, 160], [270, 140]]}, {""poligono_xy"": [[50, 350], [70, 340], [90, 360], [80, 380], [60, 390], [40, 370]]}, {""poligono_xy"": [[400, 150], [420, 140], [440, 160], [430, 180], [410, 190], [390, 170]]}, {""poligono_xy"": [[600, 250], [620, 240], [640, 260], [630, 280], [610, 290], [590, 270]]}]","Imagem de microscopia de campo claro com células esféricas, possivelmente leveduras, em baixa resolução.  Baixo contraste e presença de detritos dificultam a segmentação precisa."
2022_03_21_11_09_00_37.bmp,C:\Users\sthem\OneDrive\Documentos\GitHub\master-2025\7-gemini\val\2022_03_21_11_09_00_37.bmp,"[{""poligono_xy"": [[42, 46], [58, 46], [58, 62], [42, 62]]}, {""poligono_xy"": [[88, 100], [108, 100], [108, 120], [88, 120]]}, {""poligono_xy"": [[155, 40], [175, 40], [175, 60], [155, 60]]}, {""poligono_xy"": [[190, 105], [210, 105], [210, 125], [190, 125]]}, {""poligono_xy"": [[250, 40], [275, 40], [275, 65], [250, 65]]}, {""poligono_xy"": [[320, 100], [345, 100], [345, 125], [320, 125]]}, {""poligono_xy"": [[380, 20], [395, 20], [395, 35], [380, 35]]}, {""poligono_xy"": [[430, 70], [460, 70], [460, 100], [430, 100]]}, {""poligono_xy"": [[485, 170], [505, 170], [505, 190], [485, 190]]}, {""poligono_xy"": [[550, 200], [570, 200], [570, 220], [550, 220]]}, {""poligono_xy"": [[600, 80], [615, 80], [615, 95], [600, 95]]}, {""poligono_xy"": [[660, 180], [680, 180], [680, 200], [660, 200]]}, {""poligono_xy"": [[710, 20], [730, 20], [730, 40], [710, 40]]}, {""poligono_xy"": [[750, 120], [770, 120], [770, 140], [750, 140]]}, {""poligono_xy"": [[800, 210], [820, 210], [820, 230], [800, 230]]}, {""poligono_xy"": [[850, 60], [870, 60], [870, 80], [850, 80]]}, {""poligono_xy"": [[910, 150], [930, 150], [930, 170], [910, 170]]}, {""poligono_xy"": [[10, 160], [30, 160], [30, 180], [10, 180]]}, {""poligono_xy"": [[50, 220], [70, 220], [70, 240], [50, 240]]}, {""poligono_xy"": [[120, 180], [140, 180], [140, 200], [120, 200]]}, {""poligono_xy"": [[220, 180], [240, 180], [240, 200], [220, 200]]}, {""poligono_xy"": [[280, 140], [300, 140], [300, 160], [280, 160]]}, {""poligono_xy"": [[350, 180], [370, 180], [370, 200], [350, 200]]}, {""poligono_xy"": [[400, 140], [420, 140], [420, 160], [400, 160]]}]",Imagem de microscopia de campo claro com células esféricas de baixo contraste em um fundo com ruído. Possível presença de artefatos.
2022_03_21_11_09_00_46.bmp,C:\Users\sthem\OneDrive\Documentos\GitHub\master-2025\7-gemini\val\2022_03_21_11_09_00_46.bmp,"[{""poligono_xy"": [[72, 82], [88, 74], [98, 78], [102, 90], [92, 98], [78, 94]]}, {""poligono_xy"": [[318, 280], [334, 274], [348, 280], [354, 296], [342, 308], [324, 304]]}, {""poligono_xy"": [[148, 388], [160, 380], [170, 386], [176, 400], [166, 410], [152, 404]]}, {""poligono_xy"": [[280, 144], [292, 134], [306, 138], [314, 152], [300, 164], [286, 158]]}, {""poligono_xy"": [[868, 854], [884, 848], [898, 856], [904, 872], [890, 882], [872, 876]]}, {""poligono_xy"": [[804, 888], [822, 880], [838, 886], [846, 904], [832, 916], [812, 908]]}, {""poligono_xy"": [[756, 906], [774, 896], [790, 900], [798, 918], [784, 930], [764, 924]]}, {""poligono_xy"": [[924, 566], [942, 558], [960, 564], [968, 580], [954, 592], [936, 586]]}, {""poligono_xy"": [[40, 508], [58, 500], [74, 508], [82, 526], [66, 540], [48, 530]]}, {""poligono_xy"": [[312, 72], [330, 62], [350, 70], [358, 90], [340, 104], [318, 96]]}, {""poligono_xy"": [[20, 206], [36, 196], [52, 204], [60, 222], [44, 236], [26, 226]]}, {""poligono_xy"": [[84, 650], [100, 640], [118, 646], [128, 666], [112, 680], [92, 672]]}]","Imagem de microscopia de campo claro com células de formato aproximadamente circular/oval, possivelmente leveduras, com baixo contraste e variabilidade de tamanho. Presença de artefatos e detritos no fundo."
2022_03_21_11_09_00_54.bmp,C:\Users\sthem\OneDrive\Documentos\GitHub\master-2025\7-gemini\val\2022_03_21_11_09_00_54.bmp,"[{""poligono_xy"": [[62, 70], [78, 62], [90, 70], [88, 88], [70, 96], [56, 86]]}, {""poligono_xy"": [[45, 448], [65, 438], [85, 453], [80, 478], [58, 490], [38, 470]]}, {""poligono_xy"": [[100, 28], [125, 25], [142, 35], [140, 55], [120, 65], [100, 55]]}, {""poligono_xy"": [[285, 555], [305, 545], [330, 560], [330, 585], [305, 600], [280, 585]]}, {""poligono_xy"": [[370, 405], [390, 395], [410, 410], [410, 430], [390, 440], [370, 430]]}, {""poligono_xy"": [[430, 45], [450, 35], [475, 50], [475, 75], [455, 90], [430, 75]]}, {""poligono_xy"": [[545, 550], [570, 540], [595, 555], [595, 580], [570, 595], [545, 580]]}, {""poligono_xy"": [[660, 70], [680, 60], [700, 75], [700, 95], [680, 110], [660, 95]]}, {""poligono_xy"": [[720, 780], [745, 770], [770, 790], [770, 815], [745, 830], [720, 815]]}, {""poligono_xy"": [[885, 60], [905, 50], [930, 65], [930, 90], [910, 105], [885, 90]]}, {""poligono_xy"": [[920, 755], [940, 740], [965, 760], [970, 785], [950, 800], [925, 785]]}, {""poligono_xy"": [[450, 460], [480, 445], [515, 470], [515, 500], [480, 520], [450, 500]]}, {""poligono_xy"": [[355, 780], [380, 765], [405, 785], [405, 810], [380, 825], [355, 810]]}]","Imagem de microscopia de campo claro com células esféricas de baixo contraste em um fundo com ruído. A imagem sugere a presença de artefatos e possíveis debris, dificultando a segmentação precisa."
2022_03_21_11_09_00_62.bmp,C:\Users\sthem\OneDrive\Documentos\GitHub\master-2025\7-gemini\val\2022_03_21_11_09_00_62.bmp,"[{""poligono_xy"": [[92, 82], [112, 72], [130, 78], [138, 96], [124, 112], [102, 106]]}, {""poligono_xy"": [[230, 100], [254, 90], [276, 96], [288, 118], [272, 136], [244, 130]]}, {""poligono_xy"": [[384, 80], [404, 68], [428, 74], [440, 94], [426, 112], [400, 104]]}, {""poligono_xy"": [[24, 204], [44, 188], [66, 196], [76, 220], [58, 240], [34, 230]]}, {""poligono_xy"": [[152, 218], [174, 204], [198, 214], [212, 238], [190, 258], [162, 246]]}, {""poligono_xy"": [[284, 246], [306, 230], [332, 240], [346, 264], [328, 284], [298, 274]]}, {""poligono_xy"": [[404, 296], [430, 278], [458, 288], [472, 314], [450, 336], [418, 324]]}, {""poligono_xy"": [[102, 334], [126, 316], [152, 328], [164, 356], [140, 378], [110, 364]]}, {""poligono_xy"": [[220, 380], [248, 364], [278, 376], [296, 404], [270, 426], [234, 410]]}, {""poligono_xy"": [[476, 404], [500, 386], [528, 398], [544, 426], [518, 448], [486, 432]]}, {""poligono_xy"": [[570, 122], [584, 102], [600, 110], [606, 130], [594, 146], [576, 138]]}, {""poligono_xy"": [[500, 220], [518, 200], [542, 210], [554, 236], [536, 254], [512, 242]]}, {""poligono_xy"": [[648, 282], [670, 260], [696, 272], [710, 298], [690, 318], [660, 304]]}, {""poligono_xy"": [[604, 442], [630, 420], [660, 436], [678, 464], [652, 488], [618, 470]]}]",Imagem de microscopia de campo claro com células de formato aproximadamente circular. Baixo contraste e presença de artefatos. Possível cultura celular com algumas células em diferentes planos focais.
2022_03_21_11_09_00_71.bmp,C:\Users\sthem\OneDrive\Documentos\GitHub\master-2025\7-gemini\val\2022_03_21_11_09_00_71.bmp,"[{""poligono_xy"": [[170, 365], [190, 350], [215, 345], [235, 355], [240, 375], [225, 390], [200, 395], [180, 385]]}, {""poligono_xy"": [[450, 455], [470, 440], [495, 435], [515, 450], [520, 470], [505, 485], [480, 490], [460, 475]]}, {""poligono_xy"": [[330, 470], [355, 455], [380, 450], [400, 465], [405, 490], [385, 505], [360, 500], [340, 485]]}, {""poligono_xy"": [[570, 555], [590, 540], [615, 535], [635, 550], [640, 570], [625, 585], [600, 590], [580, 575]]}, {""poligono_xy"": [[100, 580], [130, 570], [150, 585], [155, 605], [135, 615], [110, 600]]}, {""poligono_xy"": [[80, 80], [100, 70], [120, 75], [130, 90], [115, 105], [95, 100]]}, {""poligono_xy"": [[200, 150], [215, 140], [230, 145], [240, 160], [225, 175], [205, 170]]}, {""poligono_xy"": [[100, 220], [120, 210], [140, 215], [150, 230], [135, 245], [115, 240]]}, {""poligono_xy"": [[270, 250], [290, 240], [310, 245], [320, 260], [305, 275], [285, 270]]}, {""poligono_xy"": [[850, 580], [870, 570], [890, 575], [900, 590], [885, 605], [865, 600]]}, {""poligono_xy"": [[705, 280], [735, 265], [765, 275], [775, 300], [750, 315], [720, 305]]}]","Imagem de microscopia de campo claro com células de formato variado, possivelmente leveduras ou bactérias, com baixo contraste e algumas fora de foco. Presença de detritos e ruído de fundo."
2022_03_21_11_09_00_79.bmp,C:\Users\sthem\OneDrive\Documentos\GitHub\master-2025\7-gemini\val\2022_03_21_11_09_00_79.bmp,"[{""poligono_xy"": [[72, 72], [88, 64], [100, 72], [92, 88], [72, 88]]}, {""poligono_xy"": [[108, 240], [136, 224], [152, 240], [144, 264], [112, 272]]}, {""poligono_xy"": [[176, 144], [192, 136], [216, 152], [208, 176], [184, 176]]}, {""poligono_xy"": [[200, 360], [224, 352], [248, 376], [240, 400], [208, 392]]}, {""poligono_xy"": [[280, 56], [304, 48], [328, 72], [312, 88], [280, 80]]}, {""poligono_xy"": [[288, 256], [320, 248], [344, 272], [328, 296], [296, 288]]}, {""poligono_xy"": [[336, 144], [368, 128], [392, 152], [376, 184], [344, 168]]}, {""poligono_xy"": [[408, 48], [432, 40], [456, 64], [448, 88], [416, 72]]}, {""poligono_xy"": [[448, 288], [480, 272], [504, 304], [480, 328], [448, 312]]}, {""poligono_xy"": [[488, 160], [512, 152], [536, 176], [520, 200], [488, 184]]}, {""poligono_xy"": [[528, 480], [568, 464], [592, 496], [576, 528], [536, 512]]}, {""poligono_xy"": [[568, 56], [600, 40], [624, 72], [600, 96], [568, 80]]}, {""poligono_xy"": [[600, 336], [632, 312], [656, 344], [632, 376], [600, 352]]}, {""poligono_xy"": [[648, 192], [680, 176], [704, 208], [680, 232], [648, 216]]}, {""poligono_xy"": [[184, 496], [208, 480], [232, 504], [216, 528], [184, 520]]}]","Imagem de microscopia de campo claro com células de formato aproximadamente circular/elíptico, possivelmente leveduras ou bactérias, com baixo contraste e algumas sobreposições. Presença de ruído e artefatos pontuais."
2022_03_21_11_09_00_87.bmp,C:\Users\sthem\OneDrive\Documentos\GitHub\master-2025\7-gemini\val\2022_03_21_11_09_00_87.bmp,"[{""poligono_xy"": [[92, 4], [118, 10], [122, 24], [114, 36], [88, 34], [76, 22], [80, 8]]}, {""poligono_xy"": [[180, 70], [200, 62], [212, 74], [214, 92], [200, 104], [176, 98], [164, 84]]}, {""poligono_xy"": [[244, 118], [262, 110], [278, 122], [284, 140], [270, 150], [248, 142], [236, 130]]}, {""poligono_xy"": [[368, 82], [388, 88], [396, 106], [388, 120], [364, 114], [350, 100]]}, {""poligono_xy"": [[412, 206], [432, 200], [448, 216], [452, 236], [436, 248], [414, 238], [402, 224]]}, {""poligono_xy"": [[588, 246], [606, 240], [620, 252], [624, 270], [610, 282], [586, 274], [572, 260]]}, {""poligono_xy"": [[682, 76], [700, 70], [716, 84], [720, 102], [704, 114], [684, 106], [670, 92]]}, {""poligono_xy"": [[780, 8], [796, 4], [808, 16], [810, 30], [798, 40], [778, 34], [764, 20]]}, {""poligono_xy"": [[852, 268], [870, 262], [884, 278], [888, 296], [874, 308], [854, 300], [840, 284]]}, {""poligono_xy"": [[130, 280], [152, 284], [160, 300], [150, 314], [128, 310], [114, 296]]}, {""poligono_xy"": [[22, 352], [42, 358], [50, 376], [40, 390], [20, 382], [8, 366]]}, {""poligono_xy"": [[226, 394], [246, 390], [260, 404], [264, 420], [250, 432], [228, 424], [216, 410]]}, {""poligono_xy"": [[210, 176], [224, 166], [234, 174], [234, 188], [222, 196], [206, 188]]}, {""poligono_xy"": [[304, 318], [318, 310], [330, 320], [332, 334], [320, 344], [302, 336], [292, 326]]}]","Imagem de microscopia de campo claro com células de formato ovalado, possivelmente leveduras, com baixo contraste e alguns detritos no fundo. A imagem apresenta um nível de ruído moderado."
2022_03_21_11_09_01_04.bmp,C:\Users\sthem\OneDrive\Documentos\GitHub\master-2025\7-gemini\val\2022_03_21_11_09_01_04.bmp,"[{""poligono_xy"": [[92, 120], [112, 110], [128, 118], [136, 134], [128, 148], [110, 142], [98, 134]]}, {""poligono_xy"": [[58, 28], [74, 22], [90, 28], [96, 44], [84, 58], [68, 52], [54, 40]]}, {""poligono_xy"": [[46, 298], [62, 286], [80, 296], [90, 318], [78, 338], [58, 334], [44, 318]]}, {""poligono_xy"": [[174, 366], [190, 356], [208, 364], [218, 382], [206, 400], [186, 394], [172, 380]]}, {""poligono_xy"": [[258, 448], [278, 438], [298, 448], [310, 468], [296, 486], [272, 480], [256, 464]]}, {""poligono_xy"": [[448, 426], [468, 414], [490, 420], [502, 440], [488, 458], [464, 454], [448, 440]]}, {""poligono_xy"": [[586, 66], [606, 54], [628, 60], [640, 80], [626, 98], [600, 92], [582, 78]]}, {""poligono_xy"": [[718, 236], [738, 224], [760, 232], [772, 252], [760, 270], [734, 264], [716, 248]]}, {""poligono_xy"": [[868, 488], [890, 476], [912, 484], [924, 504], [910, 522], [884, 516], [866, 500]]}, {""poligono_xy"": [[270, 262], [284, 254], [298, 258], [306, 270], [296, 282], [280, 278], [270, 270]]}]","Imagem de microscopia de campo claro com células de formato predominantemente circular/oval, possivelmente leveduras ou algum tipo de esporo, com baixo contraste e variabilidade de tamanho. Presença de alguns artefatos e detritos no fundo."
2022_03_21_11_09_01_13.bmp,C:\Users\sthem\OneDrive\Documentos\GitHub\master-2025\7-gemini\val\2022_03_21_11_09_01_13.bmp,"[{""poligono_xy"": [[32, 52], [48, 40], [60, 44], [64, 60], [50, 70], [34, 64]]}, {""poligono_xy"": [[100, 158], [120, 148], [136, 154], [140, 172], [124, 184], [106, 176]]}, {""poligono_xy"": [[154, 28], [178, 22], [198, 30], [204, 50], [184, 60], [158, 50]]}, {""poligono_xy"": [[248, 400], [268, 390], [288, 400], [296, 420], [276, 436], [252, 424]]}, {""poligono_xy"": [[340, 486], [360, 474], [380, 484], [390, 506], [370, 520], [346, 508]]}, {""poligono_xy"": [[388, 36], [404, 26], [424, 32], [430, 50], [410, 62], [390, 54]]}, {""poligono_xy"": [[400, 200], [416, 186], [438, 198], [446, 220], [426, 236], [404, 220]]}, {""poligono_xy"": [[460, 568], [484, 556], [508, 570], [516, 594], [492, 610], [466, 596]]}, {""poligono_xy"": [[550, 72], [570, 60], [592, 70], [600, 94], [576, 108], [554, 94]]}, {""poligono_xy"": [[580, 406], [600, 394], [622, 408], [630, 430], [606, 444], [582, 430]]}, {""poligono_xy"": [[668, 580], [690, 566], [714, 578], [722, 602], [698, 618], [672, 602]]}, {""poligono_xy"": [[720, 180], [740, 166], [764, 178], [772, 204], [748, 220], [724, 204]]}, {""poligono_xy"": [[780, 34], [798, 22], [820, 30], [828, 54], [804, 68], [782, 56]]}]","Imagem de microscopia de campo claro com células de formato e contraste variáveis. A imagem apresenta algum ruído de fundo e artefatos. Possíveis células foram segmentadas, mas a identificação precisa requer mais informações sobre o tipo de amostra e as condições de imagem."
2022_03_21_11_09_01_21.bmp,C:\Users\sthem\OneDrive\Documentos\GitHub\master-2025\7-gemini\val\2022_03_21_11_09_01_21.bmp,"[{""poligono_xy"": [[100, 470], [120, 450], [140, 440], [160, 450], [170, 470], [160, 490], [140, 500], [120, 490]]}, {""poligono_xy"": [[70, 500], [90, 490], [100, 480], [110, 490], [110, 510], [90, 520], [70, 510]]}, {""poligono_xy"": [[250, 250], [270, 240], [290, 230], [310, 240], [320, 260], [310, 280], [290, 290], [270, 280]]}, {""poligono_xy"": [[200, 350], [220, 340], [240, 330], [260, 340], [270, 360], [260, 380], [240, 390], [220, 380]]}, {""poligono_xy"": [[400, 100], [420, 90], [440, 80], [460, 90], [470, 110], [460, 130], [440, 140], [420, 130]]}, {""poligono_xy"": [[550, 200], [570, 190], [590, 180], [610, 190], [620, 210], [610, 230], [590, 240], [570, 230]]}, {""poligono_xy"": [[700, 80], [720, 70], [740, 60], [760, 70], [770, 90], [760, 110], [740, 120], [720, 110]]}, {""poligono_xy"": [[850, 550], [870, 540], [890, 530], [910, 540], [920, 560], [910, 580], [890, 590], [870, 580]]}, {""poligono_xy"": [[600, 450], [620, 440], [640, 430], [660, 440], [670, 460], [660, 480], [640, 490], [620, 480]]}, {""poligono_xy"": [[750, 300], [770, 290], [790, 280], [810, 290], [820, 310], [810, 330], [790, 340], [770, 330]]}]","Imagem de microscopia de campo claro com células esféricas, possivelmente leveduras, em diferentes planos focais. A imagem apresenta baixo contraste e alguns detritos."
2022_03_21_11_09_01_30.bmp,C:\Users\sthem\OneDrive\Documentos\GitHub\master-2025\7-gemini\val\2022_03_21_11_09_01_30.bmp,"[{""poligono_xy"": [[155, 45], [175, 40], [190, 45], [195, 60], [185, 75], [165, 75], [150, 70]]}, {""poligono_xy"": [[220, 150], [245, 145], [265, 155], [270, 175], [260, 190], [235, 195], [215, 185]]}, {""poligono_xy"": [[330, 470], [350, 465], [370, 475], [380, 495], [370, 510], [350, 515], [330, 505]]}, {""poligono_xy"": [[430, 280], [455, 270], [480, 280], [490, 305], [475, 325], [445, 330], [425, 315]]}, {""poligono_xy"": [[580, 100], [600, 90], [625, 100], [635, 120], [620, 140], [595, 145], [575, 130]]}, {""poligono_xy"": [[655, 420], [675, 410], [700, 425], [710, 450], [695, 470], [670, 475], [650, 460]]}, {""poligono_xy"": [[750, 555], [770, 545], [790, 550], [800, 575], [785, 595], [760, 600], [740, 580]]}, {""poligono_xy"": [[880, 170], [900, 160], [920, 170], [930, 190], [915, 210], [890, 215], [870, 200]]}, {""poligono_xy"": [[920, 480], [940, 470], [960, 480], [970, 500], [955, 520], [930, 525], [910, 510]]}]",Imagem de microscopia de campo claro com células esféricas de baixo contraste em um fundo com alguns detritos. A imagem apresenta baixa resolução e algumas células estão fora de foco.
2022_03_21_11_09_01_38.bmp,C:\Users\sthem\OneDrive\Documentos\GitHub\master-2025\7-gemini\val\2022_03_21_11_09_01_38.bmp,"[{""poligono_xy"": [[170, 50], [190, 40], [210, 50], [200, 70], [180, 70]]}, {""poligono_xy"": [[290, 240], [310, 230], [330, 240], [320, 260], [300, 260]]}, {""poligono_xy"": [[350, 50], [370, 40], [390, 50], [380, 70], [360, 70]]}, {""poligono_xy"": [[480, 270], [500, 260], [520, 270], [510, 290], [490, 290]]}, {""poligono_xy"": [[580, 50], [600, 40], [620, 50], [610, 70], [590, 70]]}, {""poligono_xy"": [[700, 240], [720, 230], [740, 240], [730, 260], [710, 260]]}, {""poligono_xy"": [[820, 50], [840, 40], [860, 50], [850, 70], [830, 70]]}, {""poligono_xy"": [[250, 380], [270, 370], [290, 380], [280, 400], [260, 400]]}, {""poligono_xy"": [[70, 480], [90, 470], [110, 480], [100, 500], [80, 500]]}, {""poligono_xy"": [[880, 480], [900, 470], [920, 480], [910, 500], [890, 500]]}, {""poligono_xy"": [[500, 550], [520, 540], [540, 550], [530, 570], [510, 570]]}, {""poligono_xy"": [[280, 650], [300, 640], [320, 650], [310, 670], [290, 670]]}, {""poligono_xy"": [[750, 650], [770, 640], [790, 650], [780, 670], [760, 670]]}]",Imagem de microscopia de campo claro com células de formato variado e baixo contraste. Possível presença de artefatos e detritos.
2022_03_21_11_09_01_46.bmp,C:\Users\sthem\OneDrive\Documentos\GitHub\master-2025\7-gemini\val\2022_03_21_11_09_01_46.bmp,"[{""poligono_xy"": [[170, 155], [190, 145], [210, 150], [215, 170], [195, 180], [175, 170]]}, {""poligono_xy"": [[215, 380], [240, 375], [260, 390], [265, 415], [240, 425], [220, 410]]}, {""poligono_xy"": [[400, 80], [420, 70], [445, 80], [450, 100], [430, 115], [405, 105]]}, {""poligono_xy"": [[580, 35], [600, 30], [620, 40], [625, 60], [605, 70], [585, 60]]}, {""poligono_xy"": [[665, 580], [690, 570], [710, 585], [715, 610], [690, 625], [670, 610]]}, {""poligono_xy"": [[785, 100], [805, 90], [825, 100], [830, 125], [810, 135], [790, 120]]}, {""poligono_xy"": [[890, 595], [910, 585], [930, 600], [935, 620], [915, 630], [895, 620]]}, {""poligono_xy"": [[95, 255], [120, 245], [140, 260], [140, 280], [120, 295], [95, 285]]}, {""poligono_xy"": [[75, 320], [95, 310], [115, 325], [120, 345], [100, 360], [80, 345]]}, {""poligono_xy"": [[140, 385], [165, 375], [190, 390], [195, 415], [170, 430], [145, 415]]}, {""poligono_xy"": [[45, 480], [70, 470], [95, 485], [100, 510], [75, 525], [50, 510]]}, {""poligono_xy"": [[300, 500], [325, 490], [350, 505], [355, 530], [330, 540], [305, 525]]}, {""poligono_xy"": [[460, 580], [485, 570], [510, 585], [515, 610], [490, 620], [465, 605]]}]","Imagem de microscopia de campo claro com células de formato aproximadamente circular/elíptico, possivelmente leveduras ou bactérias, com baixo contraste e variabilidade de tamanho. Presença de artefatos e ruído de fundo."
2022_03_21_11_09_01_55.bmp,C:\Users\sthem\OneDrive\Documentos\GitHub\master-2025\7-gemini\val\2022_03_21_11_09_01_55.bmp,"[{""poligono_xy"": [[75, 75], [95, 65], [110, 75], [100, 90], [80, 95]]}, {""poligono_xy"": [[180, 200], [195, 195], [210, 210], [200, 220], [180, 215]]}, {""poligono_xy"": [[250, 50], [270, 45], [290, 60], [280, 75], [255, 70]]}, {""poligono_xy"": [[350, 150], [370, 140], [390, 160], [380, 180], [355, 175]]}, {""poligono_xy"": [[420, 250], [440, 240], [455, 260], [445, 275], [425, 270]]}, {""poligono_xy"": [[500, 75], [520, 65], [540, 80], [530, 95], [505, 90]]}, {""poligono_xy"": [[580, 180], [600, 170], [620, 190], [610, 210], [585, 200]]}, {""poligono_xy"": [[650, 280], [670, 270], [690, 290], [680, 310], [660, 300]]}, {""poligono_xy"": [[200, 350], [215, 340], [230, 355], [220, 370], [200, 360]]}, {""poligono_xy"": [[320, 380], [340, 370], [360, 390], [350, 405], [330, 395]]}, {""poligono_xy"": [[450, 40], [460, 30], [470, 40], [465, 50], [455, 45]]}, {""poligono_xy"": [[550, 320], [565, 310], [580, 325], [570, 340], [555, 330]]}, {""poligono_xy"": [[680, 100], [695, 90], [710, 105], [700, 120], [685, 110]]}, {""poligono_xy"": [[100, 450], [120, 440], [135, 460], [125, 475], [105, 465]]}, {""poligono_xy"": [[280, 500], [300, 490], [315, 510], [305, 525], [285, 515]]}, {""poligono_xy"": [[600, 450], [615, 440], [630, 455], [620, 470], [605, 460]]}, {""poligono_xy"": [[700, 550], [715, 540], [730, 555], [720, 570], [705, 560]]}]","Imagem de microscopia de campo claro com células de formato variado, possivelmente leveduras ou bactérias, com baixo contraste e alguma sobreposição. A imagem apresenta ruído de fundo e alguns detritos."
2022_03_21_11_09_01_63.bmp,C:\Users\sthem\OneDrive\Documentos\GitHub\master-2025\7-gemini\val\2022_03_21_11_09_01_63.bmp,"[{""poligono_xy"": [[24, 44], [40, 32], [54, 38], [56, 54], [42, 64], [26, 56]]}, {""poligono_xy"": [[86, 262], [104, 254], [120, 262], [118, 280], [96, 288], [78, 278]]}, {""poligono_xy"": [[100, 48], [122, 42], [140, 52], [140, 72], [118, 82], [96, 74]]}, {""poligono_xy"": [[156, 286], [182, 272], [200, 284], [200, 306], [176, 318], [152, 304]]}, {""poligono_xy"": [[172, 82], [188, 72], [204, 80], [206, 98], [188, 108], [168, 100]]}, {""poligono_xy"": [[224, 20], [244, 14], [260, 24], [260, 42], [240, 50], [220, 40]]}, {""poligono_xy"": [[258, 130], [280, 120], [298, 134], [300, 154], [278, 166], [254, 154]]}, {""poligono_xy"": [[282, 248], [306, 240], [328, 254], [328, 274], [304, 286], [276, 272]]}, {""poligono_xy"": [[342, 46], [356, 38], [372, 46], [374, 62], [358, 70], [340, 60]]}, {""poligono_xy"": [[360, 180], [380, 168], [400, 182], [402, 202], [380, 214], [358, 200]]}, {""poligono_xy"": [[410, 88], [432, 78], [452, 92], [456, 112], [436, 124], [412, 112]]}, {""poligono_xy"": [[472, 276], [496, 264], [516, 278], [518, 298], [494, 310], [468, 296]]}, {""poligono_xy"": [[500, 44], [520, 34], [540, 46], [542, 66], [520, 78], [498, 64]]}, {""poligono_xy"": [[536, 196], [560, 184], [582, 198], [586, 220], [562, 232], [534, 218]]}, {""poligono_xy"": [[582, 76], [598, 64], [616, 74], [620, 94], [600, 106], [580, 92]]}]","Imagem de microscopia de campo claro com células de formato variado, possivelmente leveduras ou bactérias, com baixo contraste e alguma sobreposição. A qualidade da imagem é moderada, com presença de ruído de fundo."
2022_03_21_11_09_01_80.bmp,C:\Users\sthem\OneDrive\Documentos\GitHub\master-2025\7-gemini\val\2022_03_21_11_09_01_80.bmp,"[{""poligono_xy"": [[22, 22], [40, 20], [48, 32], [40, 42], [22, 40]]}, {""poligono_xy"": [[10, 85], [25, 75], [35, 90], [25, 100], [10, 95]]}, {""poligono_xy"": [[80, 155], [100, 145], [115, 165], [100, 180], [75, 170]]}, {""poligono_xy"": [[150, 20], [165, 15], [175, 25], [170, 35], [155, 35]]}, {""poligono_xy"": [[200, 90], [220, 85], [235, 100], [225, 115], [205, 105]]}, {""poligono_xy"": [[260, 25], [275, 20], [290, 35], [280, 45], [260, 35]]}, {""poligono_xy"": [[300, 150], [320, 140], [340, 160], [330, 175], [310, 165]]}, {""poligono_xy"": [[360, 30], [380, 20], [395, 40], [380, 55], [360, 45]]}, {""poligono_xy"": [[420, 100], [440, 90], [460, 115], [445, 130], [420, 115]]}, {""poligono_xy"": [[480, 175], [500, 160], [520, 180], [510, 200], [485, 190]]}, {""poligono_xy"": [[545, 40], [565, 30], [580, 50], [565, 65], [545, 55]]}, {""poligono_xy"": [[600, 120], [620, 110], [640, 130], [630, 145], [605, 135]]}, {""poligono_xy"": [[180, 710], [195, 695], [210, 715], [200, 730], [180, 720]]}, {""poligono_xy"": [[400, 750], [420, 735], [440, 760], [430, 780], [405, 765]]}, {""poligono_xy"": [[560, 705], [580, 690], [600, 715], [585, 735], [560, 720]]}]",Imagem de microscopia de campo claro com células de formato e contraste variáveis. A imagem apresenta algum ruído de fundo e os limites celulares podem ser difusos em alguns casos.
2022_03_21_11_09_01_88.bmp,C:\Users\sthem\OneDrive\Documentos\GitHub\master-2025\7-gemini\val\2022_03_21_11_09_01_88.bmp,"[{""poligono_xy"": [[280, 450], [295, 435], [310, 435], [320, 450], [310, 465], [295, 465]]}, {""poligono_xy"": [[430, 300], [445, 290], [465, 295], [475, 310], [470, 325], [455, 330], [440, 325]]}, {""poligono_xy"": [[580, 40], [595, 30], [610, 35], [620, 45], [615, 60], [600, 60], [590, 50]]}, {""poligono_xy"": [[650, 45], [660, 35], [675, 40], [680, 50], [675, 60], [660, 60]]}, {""poligono_xy"": [[700, 270], [715, 260], [730, 265], [740, 280], [735, 290], [720, 295], [710, 285]]}, {""poligono_xy"": [[770, 580], [785, 570], [800, 570], [810, 585], [805, 600], [790, 605], [775, 595]]}, {""poligono_xy"": [[880, 600], [895, 590], [910, 590], [920, 605], [915, 620], [900, 620], [890, 610]]}, {""poligono_xy"": [[480, 480], [490, 470], [505, 475], [515, 490], [510, 500], [495, 505], [485, 495]]}, {""poligono_xy"": [[580, 680], [595, 670], [610, 675], [620, 690], [610, 705], [595, 705], [585, 695]]}, {""poligono_xy"": [[670, 770], [685, 760], [700, 765], [710, 780], [700, 795], [685, 800], [675, 785]]}, {""poligono_xy"": [[750, 800], [760, 790], [775, 790], [785, 805], [780, 815], [765, 820], [755, 810]]}, {""poligono_xy"": [[880, 400], [890, 390], [905, 395], [915, 410], [910, 420], [895, 420], [885, 410]]}, {""poligono_xy"": [[640, 480], [655, 470], [670, 475], [680, 490], [675, 505], [660, 510], [650, 500]]}, {""poligono_xy"": [[700, 550], [710, 540], [725, 545], [735, 560], [730, 575], [715, 575], [705, 565]]}]","Imagem de microscopia de campo claro com células esféricas, possivelmente leveduras, em baixo contraste e com alguma variação de tamanho. A imagem apresenta ruído de fundo e alguns detritos."
2022_03_21_11_09_01_96.bmp,C:\Users\sthem\OneDrive\Documentos\GitHub\master-2025\7-gemini\val\2022_03_21_11_09_01_96.bmp,"[{""poligono_xy"": [[92, 85], [112, 75], [128, 85], [125, 108], [105, 118], [85, 105]]}, {""poligono_xy"": [[75, 405], [98, 398], [118, 415], [110, 440], [85, 448], [68, 428]]}, {""poligono_xy"": [[150, 410], [175, 400], [195, 418], [190, 445], [165, 455], [145, 435]]}, {""poligono_xy"": [[155, 140], [168, 130], [180, 138], [182, 155], [170, 165], [155, 158]]}, {""poligono_xy"": [[210, 220], [230, 205], [250, 215], [255, 240], [235, 255], [215, 245]]}, {""poligono_xy"": [[215, 80], [240, 70], [265, 85], [265, 115], [240, 125], [210, 110]]}, {""poligono_xy"": [[300, 580], [325, 570], [345, 585], [340, 610], [315, 620], [295, 600]]}, {""poligono_xy"": [[400, 80], [420, 65], [445, 75], [450, 100], [430, 115], [405, 100]]}, {""poligono_xy"": [[475, 165], [495, 150], [515, 165], [515, 190], [495, 205], [470, 190]]}, {""poligono_xy"": [[560, 585], [580, 570], [600, 580], [600, 610], [580, 625], [560, 615]]}, {""poligono_xy"": [[620, 90], [635, 75], [655, 85], [660, 110], [645, 120], [625, 110]]}, {""poligono_xy"": [[680, 230], [700, 215], [720, 230], [720, 255], [700, 270], [680, 255]]}, {""poligono_xy"": [[720, 510], [740, 495], [760, 510], [765, 540], [745, 555], [725, 540]]}, {""poligono_xy"": [[820, 905], [845, 900], [870, 915], [870, 945], [845, 960], [820, 945]]}, {""poligono_xy"": [[880, 270], [905, 260], [930, 280], [925, 305], [895, 315], [870, 295]]}, {""poligono_xy"": [[920, 630], [945, 615], [970, 630], [970, 660], [945, 675], [920, 660]]}]","Imagem de microscopia de campo claro com células de formato variado, possivelmente leveduras ou células em suspensão, com baixo contraste e alguns detritos no fundo. A imagem apresenta um nível de ruído que dificulta a segmentação precisa."
2022_03_21_11_09_02_05.bmp,C:\Users\sthem\OneDrive\Documentos\GitHub\master-2025\7-gemini\val\2022_03_21_11_09_02_05.bmp,"[{""poligono_xy"": [[92, 42], [112, 32], [130, 38], [140, 56], [132, 74], [110, 78], [94, 66]]}, {""poligono_xy"": [[36, 138], [54, 124], [72, 130], [82, 150], [70, 168], [50, 164], [36, 152]]}, {""poligono_xy"": [[158, 884], [176, 870], [198, 878], [212, 898], [200, 918], [174, 916], [158, 900]]}, {""poligono_xy"": [[480, 486], [500, 474], [522, 482], [536, 500], [526, 520], [500, 520], [482, 506]]}, {""poligono_xy"": [[486, 582], [508, 566], [532, 578], [548, 598], [538, 620], [510, 618], [488, 600]]}, {""poligono_xy"": [[618, 606], [640, 592], [660, 602], [674, 622], [664, 642], [636, 644], [616, 628]]}, {""poligono_xy"": [[884, 886], [906, 870], [930, 880], [948, 902], [934, 926], [902, 922], [882, 908]]}, {""poligono_xy"": [[46, 886], [70, 868], [94, 882], [108, 908], [92, 932], [64, 924], [44, 906]]}, {""poligono_xy"": [[268, 28], [290, 14], [314, 24], [330, 46], [318, 68], [290, 66], [270, 50]]}]","Imagem de microscopia de campo claro com células esféricas de baixo contraste em um fundo com ruído. A imagem sugere a presença de artefatos e detritos, dificultando a segmentação precisa."
2022_03_21_11_09_02_13.bmp,C:\Users\sthem\OneDrive\Documentos\GitHub\master-2025\7-gemini\val\2022_03_21_11_09_02_13.bmp,"[{""poligono_xy"": [[42, 45], [60, 32], [75, 38], [85, 55], [72, 70], [55, 65]]}, {""poligono_xy"": [[115, 120], [140, 110], [160, 120], [165, 140], [145, 155], [120, 145]]}, {""poligono_xy"": [[240, 60], [260, 50], [280, 55], [295, 75], [280, 90], [255, 85]]}, {""poligono_xy"": [[380, 405], [400, 400], [415, 410], [420, 425], [405, 435], [390, 430]]}, {""poligono_xy"": [[480, 220], [495, 210], [515, 215], [525, 230], [510, 240], [485, 235]]}, {""poligono_xy"": [[585, 85], [605, 75], [625, 80], [635, 95], [620, 110], [595, 100]]}, {""poligono_xy"": [[705, 420], [725, 410], [745, 415], [760, 430], [745, 445], [720, 440]]}, {""poligono_xy"": [[800, 155], [815, 140], [830, 145], [840, 160], [825, 175], [810, 170]]}, {""poligono_xy"": [[885, 30], [900, 20], [915, 25], [925, 40], [910, 55], [890, 50]]}, {""poligono_xy"": [[30, 280], [45, 265], [60, 275], [65, 295], [50, 310], [35, 300]]}, {""poligono_xy"": [[180, 380], [200, 370], [220, 380], [230, 400], [210, 415], [190, 405]]}, {""poligono_xy"": [[280, 480], [300, 470], [320, 480], [330, 500], [310, 515], [290, 505]]}]","Imagem de microscopia de campo claro com células de formato ovalado, possivelmente leveduras, com baixo contraste e alguns detritos no fundo. A imagem apresenta um nível de ruído moderado."
2022_03_21_11_09_02_22.bmp,C:\Users\sthem\OneDrive\Documentos\GitHub\master-2025\7-gemini\val\2022_03_21_11_09_02_22.bmp,"[{""poligono_xy"": [[170, 135], [185, 125], [200, 125], [210, 135], [210, 150], [200, 160], [185, 160], [170, 150]]}, {""poligono_xy"": [[35, 25], [45, 20], [55, 20], [65, 25], [65, 40], [55, 45], [45, 45], [35, 40]]}, {""poligono_xy"": [[355, 360], [370, 355], [385, 355], [400, 365], [395, 380], [380, 385], [365, 385], [355, 375]]}, {""poligono_xy"": [[580, 585], [595, 575], [615, 575], [630, 585], [630, 605], [615, 615], [595, 615], [580, 600]]}, {""poligono_xy"": [[700, 100], [715, 90], [730, 90], [745, 105], [740, 120], [725, 130], [710, 125], [695, 115]]}, {""poligono_xy"": [[350, 600], [370, 590], [390, 590], [410, 605], [405, 625], [385, 635], [365, 630], [350, 620]]}, {""poligono_xy"": [[590, 280], [605, 270], [620, 270], [635, 280], [635, 300], [620, 310], [605, 310], [590, 300]]}, {""poligono_xy"": [[360, 35], [375, 25], [395, 30], [405, 45], [395, 55], [380, 60], [365, 55], [355, 45]]}, {""poligono_xy"": [[100, 550], [120, 540], [140, 545], [155, 560], [150, 580], [130, 590], [110, 585], [95, 570]]}, {""poligono_xy"": [[750, 620], [770, 610], [790, 615], [805, 630], [800, 650], [780, 660], [760, 655], [745, 640]]}, {""poligono_xy"": [[480, 450], [495, 440], [515, 440], [530, 450], [530, 470], [515, 480], [495, 480], [480, 470]]}, {""poligono_xy"": [[250, 280], [270, 270], [290, 275], [305, 290], [300, 310], [280, 320], [260, 315], [245, 300]]}]","Imagem de microscopia de campo claro com múltiplas células de formato aproximadamente elíptico/circular, possivelmente leveduras, com baixo contraste e algumas fora de foco. Presença de ruído e artefatos. Dificuldade moderada de segmentação devido ao baixo contraste e sobreposição de halos de difração."
2022_03_21_11_09_02_30.bmp,C:\Users\sthem\OneDrive\Documentos\GitHub\master-2025\7-gemini\val\2022_03_21_11_09_02_30.bmp,"[{""poligono_xy"": [[27, 22], [37, 17], [45, 22], [42, 32], [32, 37], [24, 32]]}, {""poligono_xy"": [[82, 30], [95, 22], [108, 30], [108, 45], [95, 55], [82, 48]]}, {""poligono_xy"": [[118, 105], [130, 98], [142, 108], [142, 122], [130, 130], [118, 122]]}, {""poligono_xy"": [[180, 22], [190, 15], [205, 22], [200, 35], [185, 38], [172, 30]]}, {""poligono_xy"": [[220, 355], [235, 345], [250, 355], [250, 375], [235, 385], [218, 375]]}, {""poligono_xy"": [[280, 480], [295, 470], [310, 480], [310, 500], [295, 510], [280, 500]]}, {""poligono_xy"": [[355, 55], [370, 45], [385, 55], [385, 75], [370, 85], [355, 75]]}, {""poligono_xy"": [[410, 220], [425, 210], [440, 220], [440, 240], [425, 250], [410, 240]]}, {""poligono_xy"": [[480, 585], [495, 575], [510, 585], [510, 605], [495, 615], [480, 605]]}, {""poligono_xy"": [[530, 85], [545, 75], [560, 85], [560, 105], [545, 115], [530, 105]]}]","Imagem de microscopia de campo claro com múltiplas células esféricas, possivelmente leveduras, em baixa resolução e com baixo contraste. Presença de artefatos e detritos."
2022_03_21_11_09_02_38.bmp,C:\Users\sthem\OneDrive\Documentos\GitHub\master-2025\7-gemini\val\2022_03_21_11_09_02_38.bmp,"[{""poligono_xy"": [[78, 48], [98, 42], [112, 50], [110, 68], [92, 76], [74, 68]]}, {""poligono_xy"": [[200, 208], [220, 200], [240, 210], [242, 230], [220, 240], [200, 230]]}, {""poligono_xy"": [[250, 50], [275, 40], [295, 55], [290, 80], [265, 85], [245, 75]]}, {""poligono_xy"": [[320, 280], [340, 275], [360, 290], [360, 310], [340, 315], [320, 305]]}, {""poligono_xy"": [[400, 100], [420, 90], [440, 100], [440, 125], [420, 135], [400, 125]]}, {""poligono_xy"": [[490, 220], [505, 210], [525, 220], [525, 240], [510, 250], [490, 240]]}, {""poligono_xy"": [[580, 950], [600, 940], [620, 950], [620, 970], [600, 980], [580, 970]]}, {""poligono_xy"": [[700, 580], [720, 570], [740, 580], [740, 600], [720, 610], [700, 600]]}, {""poligono_xy"": [[800, 20], [820, 15], [830, 25], [830, 40], [815, 45], [800, 35]]}, {""poligono_xy"": [[900, 850], [920, 840], [940, 855], [940, 875], [920, 885], [900, 870]]}]",Imagem de microscopia de campo claro com possível presença de células esféricas e ovais. Baixo contraste e presença de ruído/detritos dificultam a segmentação precisa. Possíveis artefatos de foco fora do plano estão presentes.
2022_03_21_11_09_02_55.bmp,C:\Users\sthem\OneDrive\Documentos\GitHub\master-2025\7-gemini\val\2022_03_21_11_09_02_55.bmp,"[{""poligono_xy"": [[77, 70], [95, 62], [108, 68], [112, 82], [100, 92], [84, 88]]}, {""poligono_xy"": [[74, 120], [98, 108], [118, 122], [122, 148], [100, 160], [74, 148]]}, {""poligono_xy"": [[180, 8], [200, 4], [212, 12], [216, 28], [198, 36], [178, 28]]}, {""poligono_xy"": [[138, 112], [162, 104], [180, 118], [182, 140], [160, 152], [136, 140]]}, {""poligono_xy"": [[252, 200], [278, 184], [300, 200], [304, 228], [280, 248], [252, 230]]}, {""poligono_xy"": [[380, 36], [396, 24], [412, 32], [418, 52], [402, 66], [382, 56]]}, {""poligono_xy"": [[368, 164], [390, 150], [410, 166], [416, 190], [396, 206], [370, 192]]}, {""poligono_xy"": [[376, 286], [364, 270], [374, 256], [396, 250], [410, 266], [400, 284], [390, 296]]}, {""poligono_xy"": [[450, 86], [466, 76], [484, 88], [490, 108], [472, 120], [452, 106]]}, {""poligono_xy"": [[506, 206], [530, 196], [550, 212], [556, 236], [534, 250], [510, 234]]}, {""poligono_xy"": [[580, 82], [560, 88], [550, 74], [566, 58], [588, 54], [602, 70]]}, {""poligono_xy"": [[650, 284], [670, 270], [688, 284], [692, 306], [672, 320], [650, 304]]}, {""poligono_xy"": [[712, 56], [732, 46], [748, 58], [752, 78], [734, 90], [714, 76]]}, {""poligono_xy"": [[780, 88], [800, 78], [818, 92], [824, 114], [804, 128], [782, 114]]}, {""poligono_xy"": [[858, 220], [880, 208], [900, 224], [904, 248], [882, 262], [860, 246]]}]","Imagem de microscopia de campo claro com células de formato variado, possivelmente leveduras ou bactérias, com baixo contraste e algum ruído de fundo. A imagem apresenta artefatos de halo."
2022_03_21_11_09_02_63.bmp,C:\Users\sthem\OneDrive\Documentos\GitHub\master-2025\7-gemini\val\2022_03_21_11_09_02_63.bmp,"[{""poligono_xy"": [[12, 25], [28, 18], [40, 22], [45, 35], [35, 45], [20, 40]]}, {""poligono_xy"": [[80, 10], [95, 5], [110, 15], [115, 30], [100, 40], [85, 30]]}, {""poligono_xy"": [[150, 155], [165, 145], [185, 155], [190, 170], [170, 185], [155, 175]]}, {""poligono_xy"": [[250, 250], [270, 240], [290, 255], [295, 275], [275, 290], [255, 280]]}, {""poligono_xy"": [[320, 50], [335, 40], [350, 50], [355, 70], [340, 80], [325, 70]]}, {""poligono_xy"": [[380, 280], [395, 270], [410, 280], [415, 300], [400, 310], [385, 300]]}, {""poligono_xy"": [[450, 100], [460, 90], [475, 100], [480, 115], [465, 125], [455, 115]]}, {""poligono_xy"": [[500, 200], [515, 190], [530, 200], [535, 220], [520, 230], [505, 220]]}, {""poligono_xy"": [[580, 50], [590, 40], [600, 50], [605, 65], [595, 75], [585, 65]]}, {""poligono_xy"": [[220, 25], [225, 40], [230, 45], [235, 40], [240, 25]]}]","Imagem de microscopia de campo claro com células de formato variado, possivelmente leveduras ou bactérias, com baixo contraste e algumas fora de foco. A imagem apresenta ruído de fundo e alguns detritos."
2022_03_21_11_09_02_72.bmp,C:\Users\sthem\OneDrive\Documentos\GitHub\master-2025\7-gemini\val\2022_03_21_11_09_02_72.bmp,"[{""poligono_xy"": [[72, 72], [88, 60], [100, 68], [100, 88], [84, 96], [70, 86]]}, {""poligono_xy"": [[150, 104], [170, 90], [190, 96], [200, 116], [184, 130], [156, 126]]}, {""poligono_xy"": [[50, 250], [70, 230], [94, 240], [100, 264], [80, 280], [56, 270]]}, {""poligono_xy"": [[160, 180], [180, 170], [200, 180], [208, 200], [190, 216], [166, 210]]}, {""poligono_xy"": [[280, 50], [300, 40], [320, 50], [324, 70], [306, 80], [284, 70]]}, {""poligono_xy"": [[340, 150], [360, 136], [380, 144], [390, 164], [374, 180], [350, 170]]}, {""poligono_xy"": [[420, 20], [440, 10], [460, 20], [464, 40], [446, 50], [424, 40]]}, {""poligono_xy"": [[480, 100], [500, 86], [520, 94], [528, 114], [512, 128], [486, 120]]}, {""poligono_xy"": [[580, 200], [600, 186], [620, 194], [630, 214], [614, 230], [590, 220]]}, {""poligono_xy"": [[660, 50], [680, 36], [700, 44], [708, 64], [692, 78], [666, 70]]}, {""poligono_xy"": [[720, 250], [740, 236], [760, 244], [770, 264], [754, 280], [730, 270]]}, {""poligono_xy"": [[850, 100], [870, 86], [890, 94], [900, 114], [884, 128], [856, 120]]}, {""poligono_xy"": [[920, 200], [940, 186], [960, 194], [970, 214], [954, 230], [930, 220]]}]",Imagem de microscopia de campo claro com células de formato aproximadamente circular. Baixo contraste e presença de artefatos. Possível presença de debris ou pequenas vesículas.
2022_03_21_11_09_02_89.bmp,C:\Users\sthem\OneDrive\Documentos\GitHub\master-2025\7-gemini\val\2022_03_21_11_09_02_89.bmp,"[{""poligono_xy"": [[112, 110], [130, 100], [145, 105], [155, 115], [145, 125], [130, 120]]}, {""poligono_xy"": [[280, 30], [295, 35], [305, 45], [300, 55], [285, 50]]}, {""poligono_xy"": [[35, 170], [50, 160], [65, 165], [75, 175], [65, 185], [50, 180]]}, {""poligono_xy"": [[280, 140], [305, 135], [325, 145], [320, 160], [300, 165], [285, 155]]}, {""poligono_xy"": [[320, 220], [340, 210], [360, 220], [355, 235], [335, 240], [325, 230]]}, {""poligono_xy"": [[450, 25], [460, 15], [470, 20], [475, 30], [465, 40], [455, 35]]}, {""poligono_xy"": [[500, 100], [520, 90], [540, 100], [535, 115], [515, 120], [505, 110]]}, {""poligono_xy"": [[600, 180], [615, 170], [630, 175], [640, 185], [630, 195], [615, 190]]}, {""poligono_xy"": [[700, 25], [715, 20], [730, 25], [735, 35], [725, 45], [710, 40]]}, {""poligono_xy"": [[750, 120], [770, 110], [790, 120], [785, 135], [765, 140], [755, 130]]}, {""poligono_xy"": [[850, 220], [870, 210], [890, 220], [885, 235], [865, 240], [855, 230]]}, {""poligono_xy"": [[150, 270], [170, 260], [190, 270], [185, 285], [165, 290], [155, 280]]}, {""poligono_xy"": [[40, 290], [55, 280], [70, 285], [80, 295], [70, 305], [55, 300]]}, {""poligono_xy"": [[230, 280], [250, 270], [270, 280], [265, 295], [245, 300], [235, 290]]}, {""poligono_xy"": [[580, 280], [600, 270], [620, 280], [615, 295], [595, 300], [585, 290]]}, {""poligono_xy"": [[880, 50], [890, 40], [900, 45], [905, 55], [895, 65], [885, 60]]}]","Imagem de microscopia de campo claro com baixa resolução mostrando possíveis células bacterianas ou leveduras com morfologias variadas, incluindo cocos e bacilos. A imagem apresenta baixo contraste e alguns detritos."
2022_03_21_11_09_02_97.bmp,C:\Users\sthem\OneDrive\Documentos\GitHub\master-2025\7-gemini\val\2022_03_21_11_09_02_97.bmp,"[{""poligono_xy"": [[92, 88], [108, 78], [122, 82], [120, 96], [104, 104], [88, 98]]}, {""poligono_xy"": [[128, 502], [146, 496], [160, 506], [162, 524], [148, 532], [128, 524]]}, {""poligono_xy"": [[194, 226], [210, 214], [230, 220], [238, 240], [226, 254], [204, 248]]}, {""poligono_xy"": [[252, 488], [270, 476], [290, 484], [296, 506], [280, 520], [260, 512]]}, {""poligono_xy"": [[300, 140], [314, 130], [330, 136], [336, 152], [322, 162], [306, 156]]}, {""poligono_xy"": [[356, 404], [374, 394], [394, 404], [400, 422], [384, 436], [362, 426]]}, {""poligono_xy"": [[418, 204], [438, 196], [456, 208], [460, 228], [442, 240], [420, 228]]}, {""poligono_xy"": [[480, 508], [496, 498], [516, 510], [520, 530], [502, 540], [482, 528]]}, {""poligono_xy"": [[536, 84], [550, 74], [570, 80], [576, 98], [560, 108], [540, 100]]}, {""poligono_xy"": [[602, 330], [620, 316], [642, 328], [650, 350], [632, 364], [610, 350]]}, {""poligono_xy"": [[672, 124], [690, 112], [712, 122], [720, 144], [700, 158], [678, 146]]}, {""poligono_xy"": [[730, 452], [750, 440], [770, 450], [776, 472], [758, 486], [736, 474]]}]","Imagem de microscopia de campo claro com células de formato variável, possivelmente leveduras ou bactérias, com baixo contraste e algumas sobrepostas. A imagem apresenta ruído de fundo e alguns detritos."
2022_03_21_11_09_03_06.bmp,C:\Users\sthem\OneDrive\Documentos\GitHub\master-2025\7-gemini\val\2022_03_21_11_09_03_06.bmp,"[{""poligono_xy"": [[180, 140], [195, 125], [210, 125], [220, 140], [210, 160], [190, 160]]}, {""poligono_xy"": [[570, 585], [590, 575], [610, 580], [615, 600], [595, 610], [575, 600]]}, {""poligono_xy"": [[405, 660], [425, 650], [445, 655], [455, 675], [435, 690], [410, 680]]}, {""poligono_xy"": [[780, 700], [800, 690], [815, 700], [815, 720], [795, 730], [775, 720]]}, {""poligono_xy"": [[40, 490], [60, 480], [80, 490], [85, 515], [65, 530], [45, 515]]}, {""poligono_xy"": [[20, 200], [40, 185], [60, 195], [65, 220], [45, 235], [25, 220]]}, {""poligono_xy"": [[90, 50], [115, 40], [140, 50], [145, 75], [120, 90], [95, 75]]}, {""poligono_xy"": [[20, 725], [40, 710], [65, 720], [70, 745], [50, 760], [25, 745]]}, {""poligono_xy"": [[450, 450], [470, 435], [490, 445], [495, 470], [475, 485], [455, 470]]}, {""poligono_xy"": [[640, 430], [660, 415], [680, 425], [685, 450], [665, 465], [645, 450]]}, {""poligono_xy"": [[850, 200], [870, 185], [890, 195], [895, 220], [875, 235], [855, 220]]}, {""poligono_xy"": [[15, 890], [35, 875], [55, 885], [60, 910], [40, 925], [20, 910]]}, {""poligono_xy"": [[720, 120], [740, 105], [760, 115], [765, 140], [745, 155], [725, 140]]}, {""poligono_xy"": [[450, 180], [470, 165], [490, 175], [495, 200], [475, 215], [455, 200]]}]",Imagem de microscopia de campo claro com células de formato irregular e baixo contraste. Possível presença de detritos e artefatos.
2022_03_21_11_09_03_14.bmp,C:\Users\sthem\OneDrive\Documentos\GitHub\master-2025\7-gemini\val\2022_03_21_11_09_03_14.bmp,"[{""poligono_xy"": [[240, 80], [260, 70], [275, 80], [270, 95], [250, 100], [235, 90]]}, {""poligono_xy"": [[100, 260], [115, 250], [130, 260], [130, 280], [115, 290], [100, 280]]}, {""poligono_xy"": [[450, 510], [470, 500], [490, 515], [490, 540], [470, 550], [450, 535]]}, {""poligono_xy"": [[600, 700], [620, 690], [640, 700], [640, 720], [620, 730], [600, 720]]}, {""poligono_xy"": [[750, 280], [770, 270], [790, 280], [790, 300], [770, 310], [750, 300]]}, {""poligono_xy"": [[200, 450], [220, 440], [240, 450], [240, 470], [220, 480], [200, 470]]}, {""poligono_xy"": [[350, 150], [370, 140], [390, 150], [390, 170], [370, 180], [350, 170]]}, {""poligono_xy"": [[500, 350], [520, 340], [540, 350], [540, 370], [520, 380], [500, 370]]}, {""poligono_xy"": [[650, 550], [670, 540], [690, 550], [690, 570], [670, 580], [650, 570]]}, {""poligono_xy"": [[800, 650], [820, 640], [840, 650], [840, 670], [820, 680], [800, 670]]}, {""poligono_xy"": [[80, 600], [100, 590], [115, 605], [110, 625], [90, 630], [75, 615]]}, {""poligono_xy"": [[470, 720], [490, 710], [510, 725], [505, 745], [485, 750], [465, 735]]}, {""poligono_xy"": [[280, 290], [305, 285], [325, 300], [320, 320], [295, 325], [275, 310]]}, {""poligono_xy"": [[720, 480], [745, 470], [765, 485], [760, 505], [735, 510], [715, 495]]}, {""poligono_xy"": [[380, 620], [405, 610], [425, 625], [420, 645], [395, 650], [375, 635]]}, {""poligono_xy"": [[180, 180], [195, 170], [210, 180], [205, 195], [190, 200], [175, 190]]}]",Imagem de microscopia de campo claro com células de formato irregular e baixo contraste. A imagem apresenta ruído de fundo e alguns detritos. Possível presença de artefatos.
2022_03_21_11_09_03_31.bmp,C:\Users\sthem\OneDrive\Documentos\GitHub\master-2025\7-gemini\val\2022_03_21_11_09_03_31.bmp,"[{""poligono_xy"": [[62, 78], [82, 68], [98, 78], [98, 98], [82, 108], [62, 98]]}, {""poligono_xy"": [[48, 258], [73, 243], [103, 258], [103, 288], [73, 303], [48, 288]]}, {""poligono_xy"": [[145, 303], [165, 288], [185, 288], [200, 303], [185, 323], [165, 323]]}, {""poligono_xy"": [[288, 48], [308, 38], [333, 48], [333, 73], [308, 88], [288, 73]]}, {""poligono_xy"": [[298, 258], [318, 243], [343, 253], [348, 273], [333, 288], [313, 278]]}, {""poligono_xy"": [[393, 458], [418, 443], [448, 458], [448, 488], [418, 503], [393, 488]]}, {""poligono_xy"": [[468, 123], [488, 108], [513, 123], [513, 148], [488, 163], [468, 148]]}, {""poligono_xy"": [[558, 28], [573, 18], [593, 28], [593, 48], [573, 58], [558, 48]]}, {""poligono_xy"": [[603, 88], [618, 78], [638, 88], [638, 108], [618, 118], [603, 108]]}, {""poligono_xy"": [[683, 438], [708, 423], [738, 438], [738, 468], [708, 483], [683, 468]]}, {""poligono_xy"": [[758, 228], [773, 213], [793, 223], [798, 243], [783, 258], [763, 248]]}, {""poligono_xy"": [[858, 88], [873, 78], [893, 88], [893, 108], [873, 118], [858, 108]]}, {""poligono_xy"": [[303, 363], [318, 348], [328, 358], [328, 378], [313, 393], [298, 378]]}, {""poligono_xy"": [[488, 303], [503, 293], [518, 303], [518, 323], [503, 333], [488, 323]]}, {""poligono_xy"": [[298, 513], [313, 503], [333, 513], [333, 533], [313, 548], [298, 533]]}, {""poligono_xy"": [[358, 333], [368, 323], [378, 333], [378, 343], [368, 353], [358, 343]]}, {""poligono_xy"": [[573, 488], [588, 478], [608, 488], [608, 508], [588, 518], [573, 508]]}, {""poligono_xy"": [[883, 488], [898, 478], [918, 488], [918, 508], [898, 518], [883, 508]]}, {""poligono_xy"": [[318, 173], [328, 163], [338, 173], [338, 183], [328, 193], [318, 183]]}, {""poligono_xy"": [[498, 438], [508, 428], [518, 438], [518, 448], [508, 458], [498, 448]]}, {""poligono_xy"": [[88, 88], [93, 83], [98, 88], [98, 93], [93, 98], [88, 93]]}, {""poligono_xy"": [[83, 148], [88, 143], [93, 148], [93, 153], [88, 158], [83, 153]]}, {""poligono_xy"": [[273, 348], [283, 338], [293, 348], [293, 358], [283, 368], [273, 358]]}, {""poligono_xy"": [[343, 548], [353, 538], [363, 548], [363, 558], [353, 568], [343, 558]]}, {""poligono_xy"": [[543, 548], [553, 538], [563, 548], [563, 558], [553, 568], [543, 558]]}]","Imagem de microscopia de campo claro com células de formato circular e algumas alongadas, possivelmente leveduras ou bactérias. Baixo contraste e presença de artefatos."
2022_03_21_11_09_03_39.bmp,C:\Users\sthem\OneDrive\Documentos\GitHub\master-2025\7-gemini\val\2022_03_21_11_09_03_39.bmp,"[{""poligono_xy"": [[170, 30], [195, 35], [200, 55], [190, 65], [165, 60], [160, 45]]}, {""poligono_xy"": [[50, 5], [70, 10], [75, 25], [65, 35], [45, 30], [40, 15]]}, {""poligono_xy"": [[110, 120], [135, 125], [140, 145], [130, 155], [105, 150], [100, 135]]}, {""poligono_xy"": [[25, 110], [45, 115], [50, 135], [40, 145], [20, 140], [15, 125]]}, {""poligono_xy"": [[250, 200], [270, 205], [275, 220], [265, 230], [245, 225], [240, 210]]}, {""poligono_xy"": [[360, 40], [380, 45], [385, 60], [375, 70], [355, 65], [350, 50]]}, {""poligono_xy"": [[460, 100], [480, 105], [485, 120], [475, 130], [455, 125], [450, 110]]}, {""poligono_xy"": [[550, 20], [570, 25], [575, 40], [565, 50], [545, 45], [540, 30]]}, {""poligono_xy"": [[610, 180], [630, 185], [635, 200], [625, 210], [605, 205], [600, 190]]}, {""poligono_xy"": [[680, 250], [700, 255], [705, 270], [695, 280], [675, 275], [670, 260]]}, {""poligono_xy"": [[750, 100], [770, 105], [775, 125], [765, 135], [745, 130], [740, 115]]}, {""poligono_xy"": [[820, 20], [840, 25], [845, 45], [835, 55], [815, 50], [810, 35]]}, {""poligono_xy"": [[220, 380], [240, 385], [245, 405], [235, 415], [215, 410], [210, 395]]}, {""poligono_xy"": [[870, 220], [890, 225], [895, 245], [885, 255], [865, 250], [860, 235]]}]","Imagem de microscopia de campo claro com células de formato irregular, possivelmente leveduras ou bactérias, com baixo contraste e algumas fora de foco. A imagem apresenta ruído de fundo e alguns detritos."
2022_03_21_11_09_03_47.bmp,C:\Users\sthem\OneDrive\Documentos\GitHub\master-2025\7-gemini\val\2022_03_21_11_09_03_47.bmp,"[{""poligono_xy"": [[24, 22], [38, 22], [38, 36], [24, 36]]}, {""poligono_xy"": [[8, 88], [22, 88], [22, 104], [8, 104]]}, {""poligono_xy"": [[100, 108], [118, 108], [118, 128], [100, 128]]}, {""poligono_xy"": [[152, 24], [170, 24], [170, 42], [152, 42]]}, {""poligono_xy"": [[196, 88], [214, 88], [214, 104], [196, 104]]}, {""poligono_xy"": [[252, 16], [270, 16], [270, 34], [252, 34]]}, {""poligono_xy"": [[288, 96], [304, 96], [304, 112], [288, 112]]}, {""poligono_xy"": [[344, 24], [360, 24], [360, 40], [344, 40]]}, {""poligono_xy"": [[368, 144], [384, 144], [384, 160], [368, 160]]}, {""poligono_xy"": [[416, 48], [436, 48], [436, 68], [416, 68]]}, {""poligono_xy"": [[456, 112], [472, 112], [472, 130], [456, 130]]}, {""poligono_xy"": [[504, 160], [520, 160], [520, 176], [504, 176]]}, {""poligono_xy"": [[16, 160], [36, 160], [36, 180], [16, 180]]}, {""poligono_xy"": [[72, 48], [92, 48], [92, 68], [72, 68]]}, {""poligono_xy"": [[280, 168], [296, 168], [296, 184], [280, 184]]}, {""poligono_xy"": [[400, 16], [416, 16], [416, 32], [400, 32]]}, {""poligono_xy"": [[488, 40], [504, 40], [504, 56], [488, 56]]}]",Imagem de microscopia de campo claro com células esféricas de baixo contraste em um fundo heterogêneo. A imagem apresenta ruído e alguns artefatos.
2022_03_21_11_09_03_56.bmp,C:\Users\sthem\OneDrive\Documentos\GitHub\master-2025\7-gemini\val\2022_03_21_11_09_03_56.bmp,"[{""poligono_xy"": [[22, 15], [35, 11], [45, 15], [48, 26], [43, 36], [32, 39], [20, 33]]}, {""poligono_xy"": [[17, 75], [28, 68], [40, 72], [45, 87], [37, 99], [23, 98], [13, 90]]}, {""poligono_xy"": [[10, 210], [25, 200], [40, 208], [48, 225], [40, 240], [25, 242], [12, 230]]}, {""poligono_xy"": [[80, 220], [95, 215], [110, 220], [115, 235], [105, 245], [88, 242]]}, {""poligono_xy"": [[130, 130], [150, 125], [165, 135], [170, 150], [160, 165], [140, 160], [125, 150]]}, {""poligono_xy"": [[180, 20], [195, 15], [210, 22], [218, 35], [210, 48], [192, 50], [175, 40]]}, {""poligono_xy"": [[240, 50], [260, 40], [280, 45], [290, 60], [275, 75], [255, 78], [235, 70]]}, {""poligono_xy"": [[285, 155], [300, 145], [315, 150], [325, 165], [315, 180], [295, 185], [275, 175]]}, {""poligono_xy"": [[350, 80], [365, 70], [380, 75], [390, 90], [380, 105], [360, 105], [345, 95]]}, {""poligono_xy"": [[400, 200], [415, 190], [430, 195], [440, 210], [430, 225], [410, 225], [395, 215]]}, {""poligono_xy"": [[450, 20], [465, 15], [480, 20], [485, 35], [475, 45], [455, 40]]}, {""poligono_xy"": [[470, 220], [485, 210], [500, 215], [510, 230], [500, 245], [480, 240], [465, 230]]}]",Imagem de microscopia de campo claro com células esféricas de baixo contraste em um fundo com ruído. Possível presença de debris ou artefatos.
2022_03_21_11_09_03_64.bmp,C:\Users\sthem\OneDrive\Documentos\GitHub\master-2025\7-gemini\val\2022_03_21_11_09_03_64.bmp,"[{""poligono_xy"": [[120, 25], [135, 20], [145, 25], [150, 40], [145, 55], [135, 60], [120, 55], [110, 45]]}, {""poligono_xy"": [[155, 120], [170, 115], [185, 125], [195, 145], [185, 160], [170, 170], [155, 160], [140, 145]]}, {""poligono_xy"": [[215, 215], [230, 210], [245, 215], [255, 230], [250, 245], [240, 255], [225, 250], [210, 235]]}, {""poligono_xy"": [[290, 50], [305, 45], [320, 50], [330, 65], [325, 80], [310, 85], [295, 80], [280, 65]]}, {""poligono_xy"": [[350, 155], [365, 150], [380, 160], [390, 175], [380, 190], [365, 195], [350, 190], [335, 170]]}, {""poligono_xy"": [[410, 255], [425, 250], [440, 260], [450, 275], [440, 290], [425, 295], [410, 290], [395, 270]]}, {""poligono_xy"": [[480, 60], [490, 55], [500, 65], [510, 80], [500, 95], [490, 100], [480, 90], [470, 75]]}, {""poligono_xy"": [[530, 180], [545, 170], [560, 180], [570, 195], [560, 210], [545, 220], [530, 210], [515, 195]]}, {""poligono_xy"": [[590, 285], [605, 280], [620, 290], [630, 305], [620, 320], [605, 325], [590, 320], [575, 300]]}, {""poligono_xy"": [[50, 290], [65, 280], [80, 285], [90, 300], [85, 315], [70, 325], [55, 320], [40, 305]]}, {""poligono_xy"": [[70, 80], [80, 70], [95, 75], [105, 90], [100, 105], [85, 110], [75, 105], [65, 90]]}, {""poligono_xy"": [[450, 80], [465, 75], [480, 85], [490, 100], [480, 115], [465, 120], [450, 110], [435, 95]]}]","Imagem de microscopia de campo claro com células esféricas de baixo contraste em um fundo com ruído. A imagem sugere a presença de possíveis leveduras ou células similares, mas a identificação precisa requer mais informações."
2022_03_21_11_09_03_72.bmp,C:\Users\sthem\OneDrive\Documentos\GitHub\master-2025\7-gemini\val\2022_03_21_11_09_03_72.bmp,"[{""poligono_xy"": [[170, 352], [186, 336], [202, 330], [214, 338], [218, 354], [206, 368], [188, 366]]}, {""poligono_xy"": [[268, 358], [284, 348], [300, 350], [308, 364], [298, 378], [278, 378]]}, {""poligono_xy"": [[446, 456], [464, 442], [482, 440], [496, 450], [492, 468], [472, 480], [452, 470]]}, {""poligono_xy"": [[544, 562], [560, 550], [580, 552], [594, 564], [586, 580], [564, 586], [548, 576]]}, {""poligono_xy"": [[344, 302], [356, 292], [372, 290], [384, 300], [378, 314], [360, 320], [346, 314]]}, {""poligono_xy"": [[662, 660], [676, 648], [694, 650], [708, 664], [698, 680], [678, 688], [662, 678]]}, {""poligono_xy"": [[28, 68], [48, 54], [68, 58], [82, 76], [66, 92], [44, 90], [28, 78]]}, {""poligono_xy"": [[88, 186], [102, 172], [120, 174], [132, 190], [120, 206], [98, 206]]}, {""poligono_xy"": [[352, 128], [370, 116], [390, 118], [406, 132], [394, 148], [370, 146], [354, 138]]}, {""poligono_xy"": [[882, 286], [900, 272], [920, 274], [934, 290], [922, 306], [898, 308]]}, {""poligono_xy"": [[118, 52], [134, 40], [152, 44], [164, 60], [150, 76], [130, 72]]}, {""poligono_xy"": [[654, 298], [672, 286], [692, 290], [704, 304], [692, 320], [668, 324], [652, 314]]}]",Imagem de microscopia de campo claro com células de formato aproximadamente circular e baixo contraste. Possível presença de artefatos e detritos.
2022_03_21_11_09_03_81.bmp,C:\Users\sthem\OneDrive\Documentos\GitHub\master-2025\7-gemini\val\2022_03_21_11_09_03_81.bmp,"[{""poligono_xy"": [[24, 22], [38, 14], [50, 18], [54, 28], [44, 38], [30, 34]]}, {""poligono_xy"": [[84, 324], [100, 314], [114, 318], [122, 332], [112, 344], [94, 342]]}, {""poligono_xy"": [[152, 284], [170, 272], [188, 278], [198, 296], [184, 310], [162, 304]]}, {""poligono_xy"": [[220, 368], [240, 356], [262, 364], [272, 384], [256, 400], [230, 390]]}, {""poligono_xy"": [[296, 24], [318, 14], [342, 22], [350, 40], [326, 54], [300, 44]]}, {""poligono_xy"": [[370, 372], [390, 358], [418, 368], [430, 390], [410, 408], [380, 398]]}, {""poligono_xy"": [[400, 486], [420, 474], [446, 484], [458, 506], [438, 522], [412, 510]]}, {""poligono_xy"": [[488, 28], [506, 16], [530, 22], [540, 42], [520, 56], [494, 48]]}, {""poligono_xy"": [[488, 86], [508, 70], [536, 80], [548, 104], [526, 120], [500, 108]]}, {""poligono_xy"": [[558, 258], [580, 242], [606, 254], [618, 278], [596, 296], [566, 282]]}, {""poligono_xy"": [[628, 386], [652, 372], [680, 384], [694, 408], [672, 426], [642, 414]]}, {""poligono_xy"": [[684, 82], [708, 64], [738, 76], [752, 100], [728, 120], [698, 106]]}, {""poligono_xy"": [[746, 884], [770, 868], [798, 880], [810, 908], [786, 926], [756, 912]]}, {""poligono_xy"": [[814, 248], [840, 230], [870, 244], [886, 270], [862, 290], [828, 276]]}, {""poligono_xy"": [[860, 752], [886, 732], [918, 748], [932, 778], [906, 798], [872, 780]]}, {""poligono_xy"": [[926, 402], [952, 386], [982, 398], [996, 426], [974, 446], [940, 430]]}, {""poligono_xy"": [[958, 898], [984, 878], [1016, 892], [1030, 920], [1004, 942], [970, 926]]}]",Imagem de microscopia de campo claro com células de formato aproximadamente circular e baixo contraste. Possível presença de artefatos e detritos.
2022_03_21_11_09_03_89.bmp,C:\Users\sthem\OneDrive\Documentos\GitHub\master-2025\7-gemini\val\2022_03_21_11_09_03_89.bmp,[],"Imagem de microscopia de campo claro com células de formato predominantemente circular/oval, possivelmente leveduras ou bactérias, com baixo contraste e algumas fora de foco. Presença de ruído e artefatos pontuais. Dificuldade moderada para segmentação devido ao baixo contraste e sobreposição de halos de difração."
2022_03_21_11_09_03_97.bmp,C:\Users\sthem\OneDrive\Documentos\GitHub\master-2025\7-gemini\val\2022_03_21_11_09_03_97.bmp,"[{""poligono_xy"": [[170, 25], [200, 20], [210, 35], [200, 50], [170, 45]]}, {""poligono_xy"": [[80, 130], [110, 120], [130, 140], [120, 160], [90, 160]]}, {""poligono_xy"": [[220, 130], [240, 120], [260, 130], [255, 150], [230, 155]]}, {""poligono_xy"": [[300, 190], [330, 180], [350, 200], [340, 220], [300, 210]]}, {""poligono_xy"": [[370, 270], [400, 270], [400, 290], [370, 290]]}, {""poligono_xy"": [[450, 300], [480, 300], [490, 320], [470, 330], [440, 320]]}, {""poligono_xy"": [[580, 370], [610, 360], [620, 380], [600, 400], [570, 390]]}, {""poligono_xy"": [[700, 420], [730, 410], [750, 430], [740, 450], [710, 440]]}, {""poligono_xy"": [[800, 480], [830, 470], [850, 490], [840, 510], [810, 500]]}, {""poligono_xy"": [[90, 230], [110, 220], [120, 240], [100, 250]]}, {""poligono_xy"": [[180, 320], [200, 310], [220, 330], [210, 350], [190, 340]]}, {""poligono_xy"": [[280, 390], [310, 380], [330, 400], [310, 420], [280, 410]]}, {""poligono_xy"": [[50, 380], [70, 370], [80, 390], [70, 410], [50, 400]]}, {""poligono_xy"": [[350, 30], [370, 20], [390, 40], [380, 60], [350, 50]]}, {""poligono_xy"": [[450, 100], [470, 90], [490, 110], [480, 130], [450, 120]]}, {""poligono_xy"": [[550, 180], [580, 170], [600, 190], [580, 210], [550, 200]]}, {""poligono_xy"": [[660, 250], [690, 240], [710, 260], [690, 280], [660, 270]]}, {""poligono_xy"": [[780, 310], [810, 300], [830, 320], [810, 340], [780, 330]]}, {""poligono_xy"": [[880, 380], [910, 370], [930, 390], [910, 410], [880, 400]]}]",Imagem de microscopia de campo claro com células de formato e contraste variáveis. A imagem apresenta algum ruído de fundo.
2022_03_21_11_09_04_06.bmp,C:\Users\sthem\OneDrive\Documentos\GitHub\master-2025\7-gemini\val\2022_03_21_11_09_04_06.bmp,"[{""poligono_xy"": [[130, 160], [155, 150], [170, 165], [160, 185], [140, 190]]}, {""poligono_xy"": [[190, 280], [220, 275], [240, 290], [230, 310], [200, 310]]}, {""poligono_xy"": [[450, 460], [470, 450], [490, 460], [485, 480], [460, 485]]}, {""poligono_xy"": [[520, 500], [550, 490], [570, 510], [560, 530], [530, 535]]}, {""poligono_xy"": [[650, 550], [670, 540], [690, 560], [680, 580], [660, 585]]}, {""poligono_xy"": [[750, 880], [770, 870], [790, 885], [780, 905], [760, 900]]}, {""poligono_xy"": [[880, 850], [900, 840], [920, 860], [910, 880], [890, 885]]}, {""poligono_xy"": [[270, 120], [290, 115], [310, 130], [300, 145], [280, 145]]}, {""poligono_xy"": [[170, 380], [195, 370], [215, 390], [200, 410], [175, 400]]}, {""poligono_xy"": [[350, 520], [370, 510], [390, 530], [380, 550], [360, 550]]}, {""poligono_xy"": [[450, 280], [470, 270], [490, 290], [480, 310], [460, 305]]}, {""poligono_xy"": [[580, 180], [600, 170], [620, 190], [610, 210], [590, 205]]}, {""poligono_xy"": [[70, 750], [90, 740], [110, 760], [100, 780], [80, 780]]}, {""poligono_xy"": [[20, 550], [45, 540], [65, 565], [55, 590], [30, 580]]}, {""poligono_xy"": [[870, 200], [890, 190], [910, 210], [900, 230], [880, 225]]}, {""poligono_xy"": [[750, 60], [770, 50], [790, 70], [780, 90], [760, 85]]}, {""poligono_xy"": [[50, 200], [70, 190], [90, 210], [80, 230], [60, 225]]}, {""poligono_xy"": [[890, 580], [910, 570], [930, 590], [920, 610], [900, 605]]}]",Imagem de microscopia de campo claro com células de formato aproximadamente elíptico/circular. Baixo contraste e presença de ruído/detritos. Possível presença de artefatos.
2022_03_21_11_09_04_21.bmp,C:\Users\sthem\OneDrive\Documentos\GitHub\master-2025\7-gemini\val\2022_03_21_11_09_04_21.bmp,"[{""poligono_xy"": [[27, 32], [40, 20], [55, 22], [65, 35], [60, 50], [45, 52], [30, 42]]}, {""poligono_xy"": [[100, 80], [120, 75], [135, 90], [130, 105], [110, 110], [95, 95]]}, {""poligono_xy"": [[180, 25], [195, 15], [215, 20], [225, 35], [215, 45], [195, 45], [180, 35]]}, {""poligono_xy"": [[250, 100], [270, 90], [290, 100], [290, 120], [270, 130], [250, 120]]}, {""poligono_xy"": [[320, 200], [340, 190], [360, 205], [360, 225], [340, 235], [320, 220]]}, {""poligono_xy"": [[400, 40], [415, 30], [430, 35], [440, 50], [430, 65], [410, 65], [400, 55]]}, {""poligono_xy"": [[480, 220], [500, 210], [520, 220], [520, 240], [500, 250], [480, 240]]}, {""poligono_xy"": [[560, 80], [575, 70], [590, 75], [600, 90], [590, 105], [570, 105], [560, 95]]}, {""poligono_xy"": [[15, 180], [30, 170], [45, 180], [50, 200], [35, 210], [20, 200]]}, {""poligono_xy"": [[80, 250], [100, 240], [120, 255], [120, 275], [100, 285], [80, 270]]}, {""poligono_xy"": [[150, 150], [170, 140], [190, 150], [190, 170], [170, 180], [150, 170]]}, {""poligono_xy"": [[400, 150], [420, 140], [440, 150], [440, 170], [420, 180], [400, 170]]}, {""poligono_xy"": [[500, 100], [520, 90], [540, 100], [540, 120], [520, 130], [500, 120]]}, {""poligono_xy"": [[580, 200], [600, 190], [620, 200], [620, 220], [600, 230], [580, 220]]}]","Imagem de microscopia de campo claro com células esféricas, possivelmente leveduras, em diferentes planos focais. A imagem apresenta baixo contraste e alguns detritos."
2022_03_21_11_09_04_27.bmp,C:\Users\sthem\OneDrive\Documentos\GitHub\master-2025\7-gemini\val\2022_03_21_11_09_04_27.bmp,"[{""poligono_xy"": [[170, 45], [185, 35], [200, 35], [210, 50], [205, 65], [185, 70], [170, 60]]}, {""poligono_xy"": [[240, 240], [260, 230], [275, 235], [285, 250], [280, 270], [260, 275], [245, 265]]}, {""poligono_xy"": [[450, 270], [465, 260], [480, 260], [495, 275], [490, 295], [470, 300], [455, 290]]}, {""poligono_xy"": [[500, 370], [515, 360], [535, 365], [550, 380], [540, 400], [520, 405], [500, 395]]}, {""poligono_xy"": [[355, 420], [370, 410], [390, 410], [405, 425], [400, 440], [380, 450], [360, 440]]}, {""poligono_xy"": [[100, 470], [120, 460], [140, 465], [155, 480], [150, 500], [130, 505], [110, 490]]}, {""poligono_xy"": [[25, 550], [40, 535], [60, 540], [75, 560], [70, 580], [50, 585], [30, 570]]}, {""poligono_xy"": [[250, 600], [270, 590], [290, 590], [310, 605], [300, 625], [275, 630], [255, 620]]}, {""poligono_xy"": [[580, 880], [595, 870], [610, 870], [620, 880], [615, 895], [595, 900], [585, 890]]}]","Imagem de microscopia de campo claro com células esféricas, possivelmente leveduras, em baixo contraste e com alguma variação de tamanho. Presença de artefatos e detritos."
2022_03_21_11_09_04_35.bmp,C:\Users\sthem\OneDrive\Documentos\GitHub\master-2025\7-gemini\val\2022_03_21_11_09_04_35.bmp,"[{""poligono_xy"": [[120, 110], [150, 100], [170, 115], [160, 130], [130, 135]]}, {""poligono_xy"": [[180, 170], [200, 155], [220, 170], [210, 190], [190, 200]]}, {""poligono_xy"": [[350, 360], [370, 350], [390, 360], [380, 380], [360, 385]]}, {""poligono_xy"": [[480, 230], [510, 220], [530, 240], [520, 260], [490, 265]]}, {""poligono_xy"": [[580, 100], [610, 90], [630, 105], [620, 125], [590, 130]]}, {""poligono_xy"": [[680, 380], [710, 370], [730, 390], [720, 410], [690, 415]]}, {""poligono_xy"": [[780, 80], [810, 70], [830, 90], [820, 110], [790, 115]]}, {""poligono_xy"": [[850, 250], [880, 240], [900, 260], [890, 280], [860, 285]]}, {""poligono_xy"": [[920, 390], [940, 380], [960, 395], [950, 415], [930, 420]]}, {""poligono_xy"": [[50, 300], [70, 290], [90, 305], [80, 325], [60, 330]]}, {""poligono_xy"": [[100, 400], [120, 390], [140, 405], [130, 425], [110, 430]]}, {""poligono_xy"": [[220, 80], [240, 70], [260, 85], [250, 105], [230, 110]]}, {""poligono_xy"": [[280, 280], [300, 270], [320, 285], [310, 305], [290, 310]]}, {""poligono_xy"": [[400, 120], [420, 110], [440, 125], [430, 145], [410, 150]]}, {""poligono_xy"": [[750, 180], [770, 170], [790, 185], [780, 205], [760, 210]]}, {""poligono_xy"": [[880, 50], [900, 40], [920, 55], [910, 75], [890, 80]]}]","Imagem de microscopia de campo claro com células de formato ovalado, possivelmente leveduras, com baixo contraste e alguns detritos no fundo. A imagem apresenta um nível de ruído moderado."
2022_03_21_11_09_04_41.bmp,C:\Users\sthem\OneDrive\Documentos\GitHub\master-2025\7-gemini\val\2022_03_21_11_09_04_41.bmp,"[{""poligono_xy"": [[100, 50], [120, 50], [120, 70], [100, 70]]}, {""poligono_xy"": [[250, 100], [270, 100], [270, 120], [250, 120]]}, {""poligono_xy"": [[300, 200], [330, 200], [330, 230], [300, 230]]}, {""poligono_xy"": [[400, 300], [430, 300], [430, 330], [400, 330]]}, {""poligono_xy"": [[500, 400], [530, 400], [530, 430], [500, 430]]}, {""poligono_xy"": [[50, 200], [70, 200], [70, 230], [50, 230]]}, {""poligono_xy"": [[150, 300], [180, 300], [180, 320], [150, 320]]}, {""poligono_xy"": [[220, 400], [250, 400], [250, 420], [220, 420]]}, {""poligono_xy"": [[350, 500], [370, 500], [370, 520], [350, 520]]}, {""poligono_xy"": [[450, 100], [480, 100], [480, 130], [450, 130]]}, {""poligono_xy"": [[550, 250], [580, 250], [580, 280], [550, 280]]}, {""poligono_xy"": [[600, 350], [630, 350], [630, 380], [600, 380]]}]",Imagem de microscopia de campo claro com células de formato aproximadamente circular. Baixo contraste e presença de artefatos. Possível presença de debris ou material extracelular.
2022_03_21_11_09_04_48.bmp,C:\Users\sthem\OneDrive\Documentos\GitHub\master-2025\7-gemini\val\2022_03_21_11_09_04_48.bmp,"[{""poligono_xy"": [[180, 550], [200, 540], [215, 545], [225, 560], [210, 575], [190, 570]]}, {""poligono_xy"": [[250, 80], [270, 70], [290, 75], [305, 90], [295, 105], [270, 100]]}, {""poligono_xy"": [[105, 180], [125, 175], [140, 180], [145, 195], [135, 205], [115, 200]]}, {""poligono_xy"": [[45, 880], [60, 870], [75, 875], [85, 895], [75, 910], [55, 905]]}, {""poligono_xy"": [[370, 600], [390, 590], [410, 600], [420, 615], [405, 630], [380, 625]]}, {""poligono_xy"": [[450, 480], [475, 470], [500, 480], [510, 500], [490, 515], [460, 505]]}, {""poligono_xy"": [[550, 80], [570, 70], [590, 80], [600, 95], [585, 110], [560, 100]]}, {""poligono_xy"": [[670, 875], [690, 870], [710, 880], [720, 895], [705, 910], [685, 900]]}, {""poligono_xy"": [[750, 100], [770, 90], [785, 100], [795, 115], [780, 130], [760, 120]]}, {""poligono_xy"": [[850, 605], [870, 600], [890, 610], [900, 630], [880, 645], [860, 635]]}, {""poligono_xy"": [[290, 480], [315, 470], [335, 485], [345, 505], [325, 520], [300, 510]]}, {""poligono_xy"": [[580, 700], [600, 690], [620, 700], [630, 720], [610, 735], [585, 725]]}, {""poligono_xy"": [[800, 300], [820, 290], [840, 300], [850, 320], [830, 335], [810, 325]]}, {""poligono_xy"": [[130, 700], [150, 690], [170, 705], [180, 725], [160, 740], [140, 730]]}, {""poligono_xy"": [[80, 380], [100, 370], [120, 380], [130, 400], [110, 415], [90, 405]]}]","Imagem de microscopia de campo claro com células de formato irregular, possivelmente leveduras, em baixo contraste. Presença de artefatos e detritos. A imagem apresenta ruído de fundo."
2022_03_21_11_09_04_56.bmp,C:\Users\sthem\OneDrive\Documentos\GitHub\master-2025\7-gemini\val\2022_03_21_11_09_04_56.bmp,"[{""poligono_xy"": [[92, 47], [112, 42], [125, 52], [122, 70], [105, 78], [85, 72]]}, {""poligono_xy"": [[155, 70], [178, 62], [195, 75], [198, 98], [175, 110], [150, 98]]}, {""poligono_xy"": [[158, 185], [175, 175], [190, 185], [200, 200], [190, 218], [170, 220], [155, 208]]}, {""poligono_xy"": [[215, 480], [235, 475], [250, 490], [250, 510], [230, 520], [210, 505]]}, {""poligono_xy"": [[285, 605], [305, 600], [320, 615], [320, 635], [300, 645], [280, 630]]}, {""poligono_xy"": [[355, 85], [375, 75], [390, 90], [395, 115], [375, 125], [350, 110]]}, {""poligono_xy"": [[420, 255], [440, 245], [460, 260], [465, 280], [445, 295], [420, 280]]}, {""poligono_xy"": [[480, 490], [500, 480], [515, 500], [515, 520], [495, 535], [475, 520]]}, {""poligono_xy"": [[565, 205], [585, 195], [600, 210], [605, 230], [585, 240], [560, 225]]}, {""poligono_xy"": [[630, 60], [650, 55], [670, 70], [675, 90], [655, 100], [630, 85]]}, {""poligono_xy"": [[705, 420], [725, 410], [740, 425], [740, 445], [720, 460], [700, 445]]}, {""poligono_xy"": [[755, 160], [775, 150], [790, 165], [795, 185], [775, 195], [750, 180]]}]","Imagem de microscopia de campo claro com células esféricas, possivelmente leveduras, em baixa concentração. A imagem apresenta baixo contraste e alguns detritos."
2022_03_21_11_09_04_64.bmp,C:\Users\sthem\OneDrive\Documentos\GitHub\master-2025\7-gemini\val\2022_03_21_11_09_04_64.bmp,"[{""poligono_xy"": [[170, 145], [185, 135], [200, 135], [210, 145], [210, 160], [200, 170], [185, 170], [170, 160]]}, {""poligono_xy"": [[25, 35], [40, 25], [55, 25], [65, 35], [65, 50], [55, 60], [40, 60], [25, 50]]}, {""poligono_xy"": [[85, 455], [105, 445], [125, 445], [140, 455], [140, 475], [125, 485], [105, 485], [85, 475]]}, {""poligono_xy"": [[255, 45], [270, 35], [285, 35], [300, 45], [300, 60], [285, 70], [270, 70], [255, 60]]}, {""poligono_xy"": [[385, 5], [400, 0], [410, 0], [420, 5], [420, 15], [410, 20], [400, 20], [385, 15]]}, {""poligono_xy"": [[450, 240], [465, 230], [480, 230], [490, 240], [490, 255], [480, 265], [465, 265], [450, 255]]}, {""poligono_xy"": [[560, 85], [575, 75], [590, 75], [600, 85], [600, 100], [590, 110], [575, 110], [560, 100]]}, {""poligono_xy"": [[620, 470], [640, 460], [660, 460], [675, 470], [675, 490], [660, 500], [640, 500], [620, 490]]}, {""poligono_xy"": [[715, 275], [730, 265], [745, 265], [760, 275], [760, 295], [745, 305], [730, 305], [715, 295]]}, {""poligono_xy"": [[850, 85], [870, 75], [890, 75], [905, 85], [905, 105], [890, 115], [870, 115], [850, 105]]}, {""poligono_xy"": [[890, 415], [905, 405], [920, 405], [935, 415], [935, 430], [920, 440], [905, 440], [890, 430]]}, {""poligono_xy"": [[955, 505], [970, 495], [985, 495], [995, 505], [995, 520], [985, 530], [970, 530], [955, 520]]}, {""poligono_xy"": [[115, 270], [130, 260], [145, 260], [160, 270], [160, 290], [145, 300], [130, 300], [115, 290]]}, {""poligono_xy"": [[270, 285], [285, 275], [300, 275], [310, 285], [310, 300], [300, 310], [285, 310], [270, 300]]}, {""poligono_xy"": [[355, 185], [370, 175], [385, 175], [400, 185], [400, 205], [385, 215], [370, 215], [355, 205]]}, {""poligono_xy"": [[495, 485], [510, 475], [525, 475], [540, 485], [540, 505], [525, 515], [510, 515], [495, 505]]}, {""poligono_xy"": [[775, 485], [795, 475], [815, 475], [830, 485], [830, 505], [815, 515], [795, 515], [775, 505]]}, {""poligono_xy"": [[830, 225], [845, 215], [860, 215], [875, 225], [875, 245], [860, 255], [845, 255], [830, 245]]}]",Imagem de microscopia de campo claro com células esféricas de baixo contraste em um fundo heterogêneo. Possível presença de artefatos e detritos.
2022_03_21_11_09_04_72.bmp,C:\Users\sthem\OneDrive\Documentos\GitHub\master-2025\7-gemini\val\2022_03_21_11_09_04_72.bmp,"[{""poligono_xy"": [[110, 285], [130, 270], [145, 260], [155, 255], [165, 260], [175, 275], [170, 290], [155, 300], [135, 300], [120, 290]]}, {""poligono_xy"": [[25, 100], [40, 90], [60, 85], [75, 90], [85, 105], [75, 120], [60, 125], [40, 120], [30, 110]]}, {""poligono_xy"": [[100, 130], [120, 120], [140, 115], [155, 120], [165, 135], [160, 150], [145, 160], [125, 160], [110, 150]]}, {""poligono_xy"": [[50, 450], [70, 440], [90, 430], [105, 435], [115, 450], [110, 470], [90, 485], [70, 480], [55, 465]]}, {""poligono_xy"": [[355, 450], [375, 440], [395, 445], [410, 460], [400, 480], [380, 490], [360, 480]]}, {""poligono_xy"": [[650, 600], [670, 590], [690, 595], [705, 610], [695, 630], [675, 635], [660, 620]]}, {""poligono_xy"": [[850, 100], [870, 90], [890, 95], [900, 110], [890, 125], [870, 130], [855, 120]]}, {""poligono_xy"": [[880, 480], [900, 470], [920, 475], [930, 490], [920, 510], [900, 515], [885, 500]]}, {""poligono_xy"": [[150, 50], [170, 45], [190, 55], [195, 75], [180, 90], [160, 85], [150, 70]]}, {""poligono_xy"": [[380, 340], [370, 320], [350, 310], [330, 320], [320, 340], [330, 360], [350, 370], [370, 360]]}, {""poligono_xy"": [[580, 180], [600, 170], [620, 175], [630, 190], [620, 205], [600, 210], [585, 200]]}, {""poligono_xy"": [[260, 480], [280, 470], [300, 475], [310, 490], [300, 505], [280, 510], [265, 500]]}, {""poligono_xy"": [[720, 220], [740, 210], [760, 215], [770, 230], [760, 245], [740, 250], [725, 240]]}, {""poligono_xy"": [[450, 580], [470, 570], [490, 575], [500, 590], [490, 605], [470, 610], [455, 600]]}, {""poligono_xy"": [[280, 180], [265, 165], [250, 155], [240, 165], [245, 185], [260, 200], [275, 190]]}]","Imagem de microscopia de campo claro com células de formato variado, possivelmente leveduras ou bactérias, com baixo contraste e alguns detritos no fundo. A imagem apresenta um pouco de desfoque."
2022_03_21_11_09_04_81.bmp,C:\Users\sthem\OneDrive\Documentos\GitHub\master-2025\7-gemini\val\2022_03_21_11_09_04_81.bmp,"[{""poligono_xy"": [[100, 70], [120, 60], [130, 75], [125, 90], [105, 95], [90, 85]]}, {""poligono_xy"": [[280, 60], [300, 55], [315, 70], [310, 85], [290, 90], [270, 80]]}, {""poligono_xy"": [[45, 200], [65, 190], [80, 200], [80, 220], [60, 230], [40, 220]]}, {""poligono_xy"": [[160, 250], [180, 240], [195, 255], [195, 275], [175, 285], [155, 270]]}, {""poligono_xy"": [[290, 290], [310, 280], [325, 300], [320, 320], [300, 330], [280, 315]]}, {""poligono_xy"": [[450, 300], [470, 290], [490, 305], [490, 325], [470, 335], [450, 320]]}, {""poligono_xy"": [[580, 310], [600, 300], [615, 315], [610, 335], [590, 345], [570, 330]]}, {""poligono_xy"": [[70, 400], [90, 390], [105, 405], [100, 425], [80, 435], [60, 420]]}, {""poligono_xy"": [[220, 420], [240, 410], [255, 425], [250, 445], [230, 455], [210, 440]]}, {""poligono_xy"": [[350, 400], [370, 390], [385, 405], [380, 425], [360, 435], [340, 420]]}, {""poligono_xy"": [[500, 430], [520, 420], [535, 435], [530, 455], [510, 465], [490, 450]]}, {""poligono_xy"": [[630, 420], [650, 410], [665, 425], [660, 445], [640, 455], [620, 440]]}, {""poligono_xy"": [[140, 500], [160, 490], [175, 505], [170, 525], [150, 535], [130, 520]]}, {""poligono_xy"": [[400, 550], [420, 540], [435, 555], [430, 575], [410, 585], [390, 570]]}, {""poligono_xy"": [[550, 520], [570, 510], [585, 525], [580, 545], [560, 555], [540, 540]]}]","Imagem de microscopia de campo claro com células esféricas, possivelmente leveduras, em baixa concentração. A imagem apresenta baixo contraste e alguns artefatos."
2022_03_21_11_09_04_89.bmp,C:\Users\sthem\OneDrive\Documentos\GitHub\master-2025\7-gemini\val\2022_03_21_11_09_04_89.bmp,"[{""poligono_xy"": [[42, 120], [55, 108], [70, 102], [82, 108], [92, 122], [85, 135], [70, 140], [55, 135]]}, {""poligono_xy"": [[115, 155], [130, 145], [145, 145], [155, 155], [155, 170], [145, 180], [130, 180], [115, 170]]}, {""poligono_xy"": [[155, 60], [170, 50], [190, 50], [205, 60], [200, 75], [185, 85], [170, 85], [160, 75]]}, {""poligono_xy"": [[215, 205], [230, 195], [250, 195], [265, 205], [260, 220], [245, 230], [230, 230], [220, 220]]}, {""poligono_xy"": [[300, 410], [315, 395], [335, 395], [350, 410], [340, 425], [325, 435], [310, 430], [300, 420]]}, {""poligono_xy"": [[450, 200], [465, 190], [485, 185], [500, 195], [495, 210], [480, 220], [465, 220], [455, 210]]}, {""poligono_xy"": [[580, 450], [595, 435], [615, 430], [630, 440], [625, 455], [610, 470], [595, 465], [585, 455]]}, {""poligono_xy"": [[700, 80], [715, 70], [735, 70], [750, 85], [740, 100], [725, 110], [710, 105], [700, 95]]}, {""poligono_xy"": [[780, 240], [795, 230], [815, 230], [830, 240], [820, 255], [805, 265], [790, 260], [780, 250]]}, {""poligono_xy"": [[850, 450], [865, 440], [885, 440], [900, 455], [890, 470], [875, 480], [860, 475], [850, 465]]}]","Imagem de microscopia de campo claro com células esféricas, possivelmente leveduras ou algum tipo de esporo, em diferentes planos focais. A imagem apresenta baixo contraste e alguns detritos."
2022_03_21_11_09_04_98.bmp,C:\Users\sthem\OneDrive\Documentos\GitHub\master-2025\7-gemini\val\2022_03_21_11_09_04_98.bmp,"[{""poligono_xy"": [[92, 82], [112, 72], [128, 82], [126, 104], [106, 114], [86, 102]]}, {""poligono_xy"": [[286, 76], [304, 64], [322, 72], [328, 94], [312, 108], [290, 98]]}, {""poligono_xy"": [[48, 180], [70, 164], [90, 178], [94, 206], [72, 222], [50, 206]]}, {""poligono_xy"": [[186, 218], [210, 202], [234, 218], [240, 246], [218, 264], [188, 248]]}, {""poligono_xy"": [[282, 300], [306, 284], [330, 300], [336, 330], [310, 350], [282, 332]]}, {""poligono_xy"": [[486, 366], [506, 352], [526, 364], [530, 388], [510, 406], [484, 390]]}, {""poligono_xy"": [[668, 86], [690, 72], [712, 88], [714, 112], [690, 128], [664, 110]]}, {""poligono_xy"": [[802, 128], [828, 114], [854, 130], [858, 158], [830, 178], [800, 158]]}, {""poligono_xy"": [[906, 226], [930, 208], [958, 228], [964, 258], [936, 276], [904, 254]]}, {""poligono_xy"": [[720, 302], [748, 282], [776, 300], [782, 330], [752, 350], [718, 328]]}, {""poligono_xy"": [[876, 398], [900, 378], [928, 400], [934, 430], [904, 450], [870, 426]]}, {""poligono_xy"": [[82, 396], [102, 380], [120, 394], [124, 420], [102, 438], [78, 418]]}, {""poligono_xy"": [[58, 300], [76, 288], [92, 302], [94, 322], [76, 332], [56, 318]]}]",Imagem de microscopia de campo claro com células esféricas de baixo contraste em um fundo heterogêneo. A imagem apresenta ruído e alguns artefatos. Possível presença de debris.
2022_03_21_11_09_05_06.bmp,C:\Users\sthem\OneDrive\Documentos\GitHub\master-2025\7-gemini\val\2022_03_21_11_09_05_06.bmp,"[{""poligono_xy"": [[92, 76], [112, 68], [127, 78], [124, 96], [105, 105], [87, 95]]}, {""poligono_xy"": [[145, 55], [172, 50], [188, 62], [188, 82], [168, 92], [145, 85]]}, {""poligono_xy"": [[202, 68], [218, 60], [235, 68], [237, 87], [220, 97], [200, 88]]}, {""poligono_xy"": [[85, 500], [102, 492], [115, 500], [115, 518], [100, 528], [82, 518]]}, {""poligono_xy"": [[130, 545], [148, 535], [160, 545], [160, 565], [145, 575], [128, 562]]}, {""poligono_xy"": [[255, 555], [275, 545], [290, 555], [292, 578], [272, 590], [250, 575]]}, {""poligono_xy"": [[515, 580], [535, 570], [550, 580], [550, 600], [532, 610], [510, 595]]}, {""poligono_xy"": [[660, 600], [680, 590], [695, 605], [700, 625], [680, 635], [660, 620]]}, {""poligono_xy"": [[850, 640], [870, 630], [885, 640], [890, 660], [870, 670], [850, 655]]}, {""poligono_xy"": [[95, 180], [110, 170], [122, 180], [120, 195], [105, 205], [90, 195]]}, {""poligono_xy"": [[150, 250], [165, 240], [180, 250], [180, 270], [165, 280], [145, 270]]}, {""poligono_xy"": [[45, 400], [60, 390], [75, 405], [75, 425], [60, 435], [45, 420]]}, {""poligono_xy"": [[75, 485], [90, 475], [102, 485], [105, 505], [90, 515], [72, 500]]}, {""poligono_xy"": [[90, 505], [105, 495], [118, 505], [120, 525], [105, 535], [88, 520]]}]",Imagem de microscopia de campo claro com células esféricas de baixo contraste em um fundo heterogêneo. Possível presença de debris ou artefatos.
2022_03_21_11_09_05_14.bmp,C:\Users\sthem\OneDrive\Documentos\GitHub\master-2025\7-gemini\val\2022_03_21_11_09_05_14.bmp,"[{""poligono_xy"": [[220, 80], [240, 70], [260, 75], [270, 90], [260, 105], [240, 100], [220, 95]]}, {""poligono_xy"": [[70, 470], [90, 460], [110, 465], [120, 480], [110, 495], [90, 500], [70, 495]]}, {""poligono_xy"": [[360, 370], [380, 360], [400, 365], [410, 380], [400, 395], [380, 400], [360, 395]]}, {""poligono_xy"": [[50, 80], [70, 70], [90, 75], [100, 90], [90, 105], [70, 100], [50, 95]]}, {""poligono_xy"": [[880, 480], [900, 470], [920, 475], [930, 490], [920, 505], [900, 510], [880, 505]]}, {""poligono_xy"": [[230, 380], [245, 375], [260, 380], [265, 395], [255, 405], [240, 400], [230, 390]]}, {""poligono_xy"": [[80, 230], [90, 220], [110, 225], [125, 240], [115, 260], [100, 260], [85, 250]]}, {""poligono_xy"": [[350, 100], [370, 90], [390, 95], [400, 110], [390, 125], [370, 130], [350, 125]]}, {""poligono_xy"": [[600, 80], [620, 70], [640, 75], [650, 90], [640, 105], [620, 100], [600, 95]]}, {""poligono_xy"": [[750, 250], [770, 240], [790, 245], [800, 260], [790, 275], [770, 280], [750, 275]]}]","Imagem de microscopia de campo claro com células de formato variado, possivelmente leveduras ou bactérias, com baixo contraste e algumas fora de foco. A presença de detritos e ruído dificulta a segmentação precisa."
2022_03_21_11_09_05_23.bmp,C:\Users\sthem\OneDrive\Documentos\GitHub\master-2025\7-gemini\val\2022_03_21_11_09_05_23.bmp,"[{""poligono_xy"": [[170, 35], [195, 35], [195, 60], [170, 60]]}, {""poligono_xy"": [[220, 155], [245, 155], [245, 180], [220, 180]]}, {""poligono_xy"": [[35, 200], [60, 200], [60, 230], [35, 230]]}, {""poligono_xy"": [[110, 220], [140, 220], [140, 250], [110, 250]]}, {""poligono_xy"": [[355, 255], [385, 255], [385, 285], [355, 285]]}, {""poligono_xy"": [[450, 300], [480, 300], [480, 330], [450, 330]]}, {""poligono_xy"": [[555, 330], [580, 330], [580, 355], [555, 355]]}, {""poligono_xy"": [[130, 340], [155, 340], [155, 365], [130, 365]]}, {""poligono_xy"": [[255, 380], [280, 380], [280, 405], [255, 405]]}, {""poligono_xy"": [[50, 400], [80, 400], [80, 430], [50, 430]]}, {""poligono_xy"": [[340, 410], [370, 410], [370, 440], [340, 440]]}, {""poligono_xy"": [[455, 450], [485, 450], [485, 480], [455, 480]]}, {""poligono_xy"": [[150, 480], [180, 480], [180, 510], [150, 510]]}, {""poligono_xy"": [[570, 100], [600, 100], [600, 130], [570, 130]]}, {""poligono_xy"": [[40, 80], [70, 80], [70, 110], [40, 110]]}, {""poligono_xy"": [[350, 120], [380, 120], [380, 150], [350, 150]]}, {""poligono_xy"": [[480, 180], [510, 180], [510, 210], [480, 210]]}, {""poligono_xy"": [[280, 80], [310, 80], [310, 110], [280, 110]]}, {""poligono_xy"": [[140, 100], [170, 100], [170, 130], [140, 130]]}]","Imagem de microscopia de campo claro com células esféricas de baixo contraste em suspensão, possivelmente leveduras ou células em cultura. A imagem apresenta algum ruído de fundo e artefatos."
2022_03_21_11_09_05_39.bmp,C:\Users\sthem\OneDrive\Documentos\GitHub\master-2025\7-gemini\val\2022_03_21_11_09_05_39.bmp,"[{""poligono_xy"": [[170, 35], [185, 25], [200, 25], [210, 35], [210, 50], [200, 60], [185, 60], [170, 50]]}, {""poligono_xy"": [[20, 360], [35, 350], [50, 355], [60, 370], [60, 390], [50, 405], [35, 400], [20, 385]]}, {""poligono_xy"": [[120, 105], [140, 95], [160, 100], [170, 115], [165, 135], [150, 145], [130, 140], [115, 125]]}, {""poligono_xy"": [[215, 380], [230, 370], [250, 375], [265, 390], [265, 410], [250, 425], [230, 420], [215, 405]]}, {""poligono_xy"": [[455, 455], [470, 440], [490, 440], [505, 450], [505, 470], [490, 485], [470, 485], [455, 470]]}, {""poligono_xy"": [[280, 45], [295, 35], [315, 40], [330, 55], [325, 70], [310, 80], [290, 75], [275, 65]]}, {""poligono_xy"": [[450, 180], [470, 170], [495, 175], [515, 195], [510, 215], [485, 225], [465, 220], [450, 205]]}, {""poligono_xy"": [[280, 240], [300, 230], [320, 230], [335, 245], [335, 265], [320, 280], [300, 280], [280, 265]]}, {""poligono_xy"": [[570, 570], [590, 560], [610, 565], [625, 580], [625, 600], [610, 615], [590, 610], [570, 595]]}, {""poligono_xy"": [[70, 510], [90, 500], [110, 500], [125, 515], [125, 535], [110, 550], [90, 550], [70, 535]]}, {""poligono_xy"": [[560, 280], [575, 265], [590, 270], [600, 285], [595, 300], [580, 310], [565, 305], [555, 290]]}, {""poligono_xy"": [[700, 80], [720, 70], [740, 75], [755, 90], [750, 105], [735, 115], [715, 110], [700, 95]]}, {""poligono_xy"": [[850, 880], [870, 870], [890, 875], [905, 890], [900, 905], [885, 915], [865, 910], [850, 895]]}, {""poligono_xy"": [[855, 585], [875, 575], [895, 580], [910, 595], [905, 610], [890, 620], [870, 615], [855, 600]]}, {""poligono_xy"": [[710, 330], [730, 320], [750, 325], [765, 340], [760, 355], [745, 365], [725, 360], [710, 345]]}, {""poligono_xy"": [[870, 270], [890, 260], [910, 265], [925, 280], [920, 295], [905, 305], [885, 300], [870, 285]]}]","Imagem de microscopia de campo claro com células esféricas, possivelmente leveduras, em baixo contraste e com alguns detritos no fundo. A imagem apresenta baixa resolução e algumas células estão fora de foco."
2022_03_21_11_09_05_48.bmp,C:\Users\sthem\OneDrive\Documentos\GitHub\master-2025\7-gemini\val\2022_03_21_11_09_05_48.bmp,"[{""poligono_xy"": [[170, 40], [190, 30], [210, 40], [200, 60], [180, 60]]}, {""poligono_xy"": [[80, 80], [100, 70], [120, 90], [110, 110], [90, 110]]}, {""poligono_xy"": [[250, 100], [270, 90], [290, 110], [280, 130], [260, 120]]}, {""poligono_xy"": [[40, 150], [60, 140], [80, 160], [70, 180], [50, 170]]}, {""poligono_xy"": [[180, 180], [200, 170], [220, 190], [210, 210], [190, 200]]}, {""poligono_xy"": [[300, 200], [320, 190], [340, 210], [330, 230], [310, 220]]}, {""poligono_xy"": [[70, 250], [90, 240], [110, 260], [100, 280], [80, 270]]}, {""poligono_xy"": [[200, 280], [220, 270], [240, 290], [230, 310], [210, 300]]}, {""poligono_xy"": [[330, 300], [350, 290], [370, 310], [360, 330], [340, 320]]}, {""poligono_xy"": [[100, 350], [120, 340], [140, 360], [130, 380], [110, 370]]}, {""poligono_xy"": [[250, 380], [270, 370], [290, 390], [280, 410], [260, 400]]}, {""poligono_xy"": [[50, 20], [70, 10], [80, 20], [70, 40], [60, 30]]}, {""poligono_xy"": [[120, 120], [135, 110], [150, 125], [140, 140], [130, 135]]}, {""poligono_xy"": [[280, 50], [300, 40], [315, 55], [305, 70], [290, 60]]}, {""poligono_xy"": [[360, 120], [380, 110], [395, 120], [390, 140], [370, 130]]}, {""poligono_xy"": [[50, 300], [70, 290], [85, 305], [75, 320], [60, 310]]}, {""poligono_xy"": [[150, 230], [170, 220], [185, 235], [175, 250], [160, 240]]}, {""poligono_xy"": [[250, 170], [265, 160], [280, 170], [275, 190], [260, 180]]}, {""poligono_xy"": [[380, 230], [400, 220], [415, 240], [405, 255], [390, 245]]}, {""poligono_xy"": [[80, 390], [100, 380], [115, 400], [105, 415], [90, 405]]}, {""poligono_xy"": [[180, 320], [200, 310], [215, 325], [205, 340], [190, 330]]}, {""poligono_xy"": [[310, 370], [330, 360], [345, 375], [335, 390], [320, 380]]}]",Imagem de microscopia de campo claro com células de formato e contraste variáveis. A imagem apresenta algum ruído de fundo e os limites celulares podem ser difusos em alguns casos.
2022_03_21_11_09_05_57.bmp,C:\Users\sthem\OneDrive\Documentos\GitHub\master-2025\7-gemini\val\2022_03_21_11_09_05_57.bmp,"[{""poligono_xy"": [[240, 110], [260, 100], [280, 105], [295, 120], [285, 135], [265, 135], [250, 125]]}, {""poligono_xy"": [[290, 290], [315, 285], [335, 300], [345, 320], [330, 340], [305, 340], [295, 325]]}, {""poligono_xy"": [[450, 80], [470, 75], [490, 85], [500, 100], [485, 115], [465, 110], [455, 95]]}, {""poligono_xy"": [[585, 470], [605, 460], [625, 470], [635, 490], [620, 505], [600, 500], [590, 485]]}, {""poligono_xy"": [[700, 705], [720, 700], [740, 710], [750, 730], [735, 745], [715, 740], [705, 725]]}, {""poligono_xy"": [[805, 280], [825, 270], [840, 280], [850, 300], [835, 315], [815, 310], [805, 295]]}, {""poligono_xy"": [[880, 580], [900, 570], [920, 585], [930, 605], [915, 620], [895, 610], [885, 595]]}, {""poligono_xy"": [[90, 680], [110, 670], [130, 680], [140, 700], [125, 715], [105, 710], [95, 695]]}, {""poligono_xy"": [[45, 450], [65, 440], [85, 450], [95, 470], [80, 485], [60, 480], [50, 465]]}, {""poligono_xy"": [[755, 475], [775, 465], [795, 475], [805, 495], [790, 510], [770, 505], [760, 490]]}, {""poligono_xy"": [[590, 770], [610, 760], [630, 770], [640, 790], [625, 805], [605, 800], [595, 785]]}, {""poligono_xy"": [[380, 650], [400, 640], [420, 650], [430, 670], [415, 685], [395, 680], [385, 665]]}, {""poligono_xy"": [[180, 480], [200, 470], [220, 480], [230, 500], [215, 515], [195, 510], [185, 495]]}]","Imagem de microscopia de campo claro com múltiplas células de formato aproximadamente elíptico, possivelmente leveduras, com baixo contraste e algumas sobreposições. Presença de ruído e pequenos detritos no fundo."
2022_03_21_11_09_05_65.bmp,C:\Users\sthem\OneDrive\Documentos\GitHub\master-2025\7-gemini\val\2022_03_21_11_09_05_65.bmp,"[{""poligono_xy"": [[42, 52], [58, 42], [72, 47], [78, 62], [65, 75], [48, 70]]}, {""poligono_xy"": [[180, 205], [195, 195], [215, 200], [225, 220], [210, 235], [185, 230]]}, {""poligono_xy"": [[445, 455], [460, 445], [480, 450], [490, 470], [475, 485], [450, 480]]}, {""poligono_xy"": [[580, 70], [600, 60], [620, 65], [630, 85], [610, 95], [585, 90]]}, {""poligono_xy"": [[705, 85], [725, 75], [745, 80], [755, 100], [740, 110], [710, 105]]}, {""poligono_xy"": [[800, 220], [820, 210], [840, 215], [850, 235], [835, 245], [810, 240]]}, {""poligono_xy"": [[890, 470], [910, 460], [930, 465], [940, 485], [925, 495], [900, 490]]}, {""poligono_xy"": [[180, 355], [185, 340], [200, 335], [205, 345], [200, 360], [185, 360]]}, {""poligono_xy"": [[200, 50], [220, 45], [245, 60], [240, 80], [210, 85], [195, 70]]}, {""poligono_xy"": [[355, 50], [370, 40], [385, 45], [390, 60], [375, 70], [360, 65]]}, {""poligono_xy"": [[450, 200], [465, 190], [485, 195], [495, 215], [480, 225], [455, 220]]}, {""poligono_xy"": [[490, 320], [505, 310], [525, 315], [535, 335], [520, 345], [495, 340]]}, {""poligono_xy"": [[550, 520], [565, 510], [585, 515], [595, 535], [580, 545], [555, 540]]}, {""poligono_xy"": [[670, 280], [685, 270], [705, 275], [715, 295], [700, 305], [675, 300]]}, {""poligono_xy"": [[720, 500], [735, 490], [755, 495], [765, 515], [750, 525], [725, 520]]}, {""poligono_xy"": [[860, 580], [875, 570], [895, 575], [905, 595], [890, 605], [865, 600]]}, {""poligono_xy"": [[280, 470], [285, 455], [305, 455], [310, 465], [305, 480], [285, 480]]}, {""poligono_xy"": [[405, 605], [415, 590], [440, 595], [450, 610], [435, 625], [410, 620]]}, {""poligono_xy"": [[780, 380], [790, 365], [815, 370], [825, 385], [810, 400], [785, 395]]}]","Imagem de microscopia de campo claro com células de formato variado, possivelmente leveduras ou bactérias, com baixo contraste e algumas sobreposições. A imagem apresenta ruído de fundo e alguns detritos."
2022_03_21_11_09_05_73.bmp,C:\Users\sthem\OneDrive\Documentos\GitHub\master-2025\7-gemini\val\2022_03_21_11_09_05_73.bmp,"[{""poligono_xy"": [[112, 152], [128, 144], [140, 148], [148, 160], [144, 172], [130, 178], [116, 170]]}, {""poligono_xy"": [[40, 380], [58, 368], [74, 372], [84, 388], [76, 404], [58, 410], [42, 398]]}, {""poligono_xy"": [[284, 404], [300, 394], [316, 398], [326, 410], [316, 424], [298, 430], [282, 420]]}, {""poligono_xy"": [[172, 566], [190, 556], [210, 562], [222, 576], [214, 592], [192, 598], [174, 588]]}, {""poligono_xy"": [[408, 40], [428, 30], [446, 36], [458, 50], [450, 66], [428, 70], [410, 60]]}, {""poligono_xy"": [[562, 106], [580, 94], [598, 100], [610, 116], [600, 132], [578, 136], [562, 124]]}, {""poligono_xy"": [[726, 266], [744, 254], [760, 260], [770, 276], [760, 290], [742, 296], [726, 284]]}, {""poligono_xy"": [[868, 708], [888, 696], [908, 704], [920, 720], [910, 738], [886, 746], [868, 732]]}, {""poligono_xy"": [[686, 748], [706, 738], [724, 742], [736, 758], [726, 774], [704, 780], [686, 768]]}, {""poligono_xy"": [[206, 222], [218, 214], [232, 218], [242, 230], [236, 242], [222, 246], [210, 236]]}, {""poligono_xy"": [[404, 728], [420, 716], [438, 724], [450, 740], [440, 756], [420, 762], [406, 750]]}, {""poligono_xy"": [[580, 484], [596, 470], [614, 478], [626, 492], [616, 508], [596, 514], [580, 502]]}, {""poligono_xy"": [[744, 524], [758, 512], [774, 518], [786, 532], [776, 548], [758, 552], [742, 540]]}]","Imagem de microscopia de campo claro com células esféricas de baixo contraste em um fundo com ruído. A imagem sugere a presença de artefatos e possíveis debris, dificultando a segmentação precisa."
2022_03_21_11_09_05_82.bmp,C:\Users\sthem\OneDrive\Documentos\GitHub\master-2025\7-gemini\val\2022_03_21_11_09_05_82.bmp,"[{""poligono_xy"": [[62, 82], [82, 68], [105, 70], [115, 88], [102, 105], [78, 102]]}, {""poligono_xy"": [[265, 405], [285, 390], [310, 395], [325, 415], [310, 435], [280, 430]]}, {""poligono_xy"": [[450, 270], [470, 255], [495, 260], [510, 280], [495, 300], [465, 295]]}, {""poligono_xy"": [[580, 90], [600, 75], [625, 80], [640, 100], [625, 115], [595, 110]]}, {""poligono_xy"": [[705, 400], [725, 385], [750, 390], [765, 410], [750, 430], [720, 425]]}, {""poligono_xy"": [[880, 930], [900, 915], [925, 920], [940, 940], [925, 955], [895, 950]]}, {""poligono_xy"": [[140, 555], [160, 540], [185, 545], [200, 565], [185, 585], [155, 580]]}, {""poligono_xy"": [[255, 880], [275, 865], [300, 870], [315, 890], [300, 910], [270, 905]]}, {""poligono_xy"": [[380, 380], [385, 360], [400, 345], [420, 360], [420, 385], [410, 400], [395, 395]]}, {""poligono_xy"": [[855, 405], [865, 380], [890, 370], [910, 390], [905, 420], [880, 430], [860, 420]]}, {""poligono_xy"": [[920, 605], [940, 590], [965, 595], [980, 615], [965, 635], [935, 630]]}, {""poligono_xy"": [[50, 170], [70, 150], [100, 160], [115, 185], [95, 210], [65, 195]]}, {""poligono_xy"": [[150, 805], [170, 790], [195, 795], [210, 815], [195, 835], [165, 830]]}]",Imagem de microscopia de campo claro com células de formato aproximadamente circular. Baixo contraste e presença de ruído/detritos. Possível presença de células sobrepostas.
2022_03_21_11_09_05_90.bmp,C:\Users\sthem\OneDrive\Documentos\GitHub\master-2025\7-gemini\val\2022_03_21_11_09_05_90.bmp,"[{""poligono_xy"": [[92, 112], [112, 100], [128, 108], [136, 124], [124, 140], [104, 140], [92, 128]]}, {""poligono_xy"": [[220, 120], [244, 116], [260, 128], [260, 148], [240, 160], [216, 152]]}, {""poligono_xy"": [[296, 28], [316, 20], [332, 28], [336, 48], [320, 60], [296, 52]]}, {""poligono_xy"": [[156, 56], [176, 48], [192, 56], [200, 76], [180, 88], [156, 76]]}, {""poligono_xy"": [[300, 336], [324, 328], [344, 340], [348, 364], [328, 376], [304, 368]]}, {""poligono_xy"": [[368, 368], [384, 360], [396, 368], [400, 384], [384, 396], [364, 388]]}, {""poligono_xy"": [[476, 384], [500, 376], [516, 388], [520, 408], [500, 420], [472, 408]]}, {""poligono_xy"": [[568, 424], [592, 416], [608, 428], [612, 448], [592, 460], [564, 448]]}, {""poligono_xy"": [[404, 144], [424, 132], [444, 144], [452, 164], [432, 176], [408, 160]]}, {""poligono_xy"": [[488, 224], [508, 212], [528, 224], [536, 244], [516, 256], [484, 240]]}, {""poligono_xy"": [[140, 288], [164, 280], [184, 292], [192, 316], [172, 332], [148, 316]]}, {""poligono_xy"": [[244, 448], [268, 440], [288, 452], [296, 476], [276, 488], [252, 472]]}, {""poligono_xy"": [[56, 360], [76, 352], [92, 364], [96, 388], [76, 404], [52, 388]]}]","Imagem de microscopia de campo claro com células de formato variado, possivelmente leveduras, com baixo contraste e algumas sobreposições. A imagem apresenta ruído de fundo e alguns detritos."
2022_03_21_11_09_05_98.bmp,C:\Users\sthem\OneDrive\Documentos\GitHub\master-2025\7-gemini\val\2022_03_21_11_09_05_98.bmp,"[{""poligono_xy"": [[100, 370], [130, 370], [130, 400], [100, 400]]}, {""poligono_xy"": [[40, 40], [60, 40], [60, 60], [40, 60]]}, {""poligono_xy"": [[150, 70], [180, 70], [180, 100], [150, 100]]}, {""poligono_xy"": [[250, 230], [280, 230], [280, 260], [250, 260]]}, {""poligono_xy"": [[220, 500], [250, 500], [250, 530], [220, 530]]}, {""poligono_xy"": [[300, 100], [330, 100], [330, 130], [300, 130]]}, {""poligono_xy"": [[350, 200], [380, 200], [380, 230], [350, 230]]}, {""poligono_xy"": [[400, 400], [430, 400], [430, 430], [400, 430]]}, {""poligono_xy"": [[480, 100], [510, 100], [510, 130], [480, 130]]}, {""poligono_xy"": [[550, 500], [580, 500], [580, 530], [550, 530]]}, {""poligono_xy"": [[50, 250], [90, 250], [90, 280], [50, 280]]}, {""poligono_xy"": [[100, 150], [130, 150], [130, 190], [100, 190]]}, {""poligono_xy"": [[450, 300], [490, 300], [490, 330], [450, 330]]}, {""poligono_xy"": [[580, 280], [610, 280], [610, 310], [580, 310]]}, {""poligono_xy"": [[180, 400], [220, 400], [220, 440], [180, 440]]}, {""poligono_xy"": [[330, 450], [370, 450], [370, 480], [330, 480]]}, {""poligono_xy"": [[450, 50], [480, 50], [480, 80], [450, 80]]}, {""poligono_xy"": [[550, 180], [590, 180], [590, 220], [550, 220]]}, {""poligono_xy"": [[260, 60], [290, 60], [290, 100], [260, 100]]}, {""poligono_xy"": [[80, 520], [110, 520], [110, 550], [80, 550]]}]","Imagem de microscopia de campo claro com células esféricas, possivelmente leveduras, em baixa resolução e com baixo contraste.  Algumas células estão ligeiramente fora de foco."
2022_03_21_11_09_06_07.bmp,C:\Users\sthem\OneDrive\Documentos\GitHub\master-2025\7-gemini\val\2022_03_21_11_09_06_07.bmp,"[{""poligono_xy"": [[200, 50], [220, 40], [240, 50], [240, 70], [220, 80], [200, 70]]}, {""poligono_xy"": [[270, 230], [290, 220], [310, 230], [310, 250], [290, 260], [270, 250]]}, {""poligono_xy"": [[400, 190], [420, 180], [440, 190], [440, 210], [420, 220], [400, 210]]}, {""poligono_xy"": [[480, 80], [500, 70], [520, 80], [520, 100], [500, 110], [480, 100]]}, {""poligono_xy"": [[580, 270], [600, 260], [620, 270], [620, 290], [600, 300], [580, 290]]}, {""poligono_xy"": [[700, 200], [720, 190], [740, 200], [740, 220], [720, 230], [700, 220]]}, {""poligono_xy"": [[780, 90], [800, 80], [820, 90], [820, 110], [800, 120], [780, 110]]}, {""poligono_xy"": [[120, 280], [150, 270], [170, 290], [160, 320], [130, 330], [100, 310]]}, {""poligono_xy"": [[380, 30], [390, 20], [410, 20], [420, 30], [420, 50], [400, 50], [390, 40]]}, {""poligono_xy"": [[100, 80], [110, 70], [130, 70], [140, 80], [140, 100], [120, 100], [110, 90]]}, {""poligono_xy"": [[600, 80], [620, 80], [630, 90], [630, 100], [610, 110], [600, 100]]}]","Imagem de microscopia de campo claro com células de formato aproximadamente circular, possivelmente leveduras ou algum tipo de esporo, com baixo contraste e algumas sobrepostas. A imagem apresenta ruído de fundo e alguns detritos."
2022_03_21_11_09_06_15.bmp,C:\Users\sthem\OneDrive\Documentos\GitHub\master-2025\7-gemini\val\2022_03_21_11_09_06_15.bmp,"[{""poligono_xy"": [[92, 82], [108, 70], [122, 72], [132, 86], [128, 100], [110, 108], [94, 100]]}, {""poligono_xy"": [[28, 154], [48, 138], [68, 140], [82, 160], [74, 180], [52, 188], [32, 176]]}, {""poligono_xy"": [[164, 52], [182, 44], [200, 48], [212, 62], [206, 78], [186, 84], [166, 74]]}, {""poligono_xy"": [[282, 270], [298, 256], [318, 260], [330, 278], [324, 296], [300, 304], [284, 290]]}, {""poligono_xy"": [[446, 44], [464, 34], [484, 40], [498, 56], [488, 72], [464, 76], [448, 62]]}, {""poligono_xy"": [[568, 86], [586, 74], [608, 80], [622, 98], [612, 116], [584, 118], [566, 102]]}, {""poligono_xy"": [[680, 220], [696, 208], [718, 216], [732, 236], [722, 254], [696, 258], [678, 242]]}, {""poligono_xy"": [[786, 84], [806, 70], [828, 76], [846, 96], [836, 116], [810, 120], [788, 104]]}, {""poligono_xy"": [[872, 268], [890, 254], [910, 260], [924, 280], [912, 298], [886, 306], [868, 288]]}, {""poligono_xy"": [[926, 922], [944, 908], [966, 916], [980, 938], [970, 960], [942, 968], [924, 950]]}, {""poligono_xy"": [[884, 572], [900, 558], [918, 564], [930, 582], [918, 600], [892, 604], [876, 586]]}, {""poligono_xy"": [[726, 758], [744, 746], [768, 754], [784, 776], [772, 798], [744, 804], [724, 784]]}, {""poligono_xy"": [[586, 476], [604, 462], [628, 470], [644, 490], [632, 510], [602, 514], [582, 494]]}, {""poligono_xy"": [[436, 680], [456, 664], [480, 672], [496, 696], [484, 718], [454, 722], [434, 700]]}, {""poligono_xy"": [[290, 886], [310, 870], [332, 878], [348, 900], [336, 922], [306, 926], [286, 904]]}, {""poligono_xy"": [[134, 488], [154, 472], [176, 480], [190, 502], [178, 524], [150, 528], [132, 508]]}, {""poligono_xy"": [[42, 728], [64, 710], [88, 720], [104, 746], [92, 770], [62, 776], [40, 752]]}]",Imagem de microscopia de campo claro com células esféricas de baixo contraste em um fundo com alguns detritos. A imagem apresenta um nível de ruído moderado.
2022_03_21_11_09_06_24.bmp,C:\Users\sthem\OneDrive\Documentos\GitHub\master-2025\7-gemini\val\2022_03_21_11_09_06_24.bmp,"[{""poligono_xy"": [[52, 45], [68, 45], [68, 61], [52, 61]]}, {""poligono_xy"": [[108, 100], [124, 100], [124, 116], [108, 116]]}, {""poligono_xy"": [[156, 205], [172, 205], [172, 221], [156, 221]]}, {""poligono_xy"": [[180, 120], [215, 120], [215, 155], [180, 155]]}, {""poligono_xy"": [[215, 25], [235, 25], [235, 45], [215, 45]]}, {""poligono_xy"": [[260, 65], [280, 65], [280, 85], [260, 85]]}, {""poligono_xy"": [[300, 220], [320, 220], [320, 240], [300, 240]]}, {""poligono_xy"": [[360, 100], [380, 100], [380, 120], [360, 120]]}, {""poligono_xy"": [[390, 20], [410, 20], [410, 40], [390, 40]]}, {""poligono_xy"": [[430, 160], [465, 160], [465, 195], [430, 195]]}, {""poligono_xy"": [[480, 250], [500, 250], [500, 270], [480, 270]]}, {""poligono_xy"": [[510, 70], [530, 70], [530, 90], [510, 90]]}, {""poligono_xy"": [[560, 180], [580, 180], [580, 200], [560, 200]]}, {""poligono_xy"": [[600, 50], [635, 50], [635, 85], [600, 85]]}, {""poligono_xy"": [[650, 220], [670, 220], [670, 240], [650, 240]]}]",Imagem de microscopia de campo claro com células esféricas de baixo contraste em um fundo cinza. A imagem apresenta ruído e alguns artefatos.
2022_03_21_11_09_06_32.bmp,C:\Users\sthem\OneDrive\Documentos\GitHub\master-2025\7-gemini\val\2022_03_21_11_09_06_32.bmp,"[{""poligono_xy"": [[270, 350], [290, 350], [295, 370], [290, 390], [270, 390], [265, 370]]}, {""poligono_xy"": [[50, 50], [70, 50], [70, 70], [50, 70]]}, {""poligono_xy"": [[350, 50], [370, 50], [370, 65], [350, 65]]}, {""poligono_xy"": [[100, 100], [130, 100], [135, 120], [130, 140], [100, 140], [95, 120]]}, {""poligono_xy"": [[450, 150], [470, 150], [475, 165], [470, 180], [450, 180], [445, 165]]}, {""poligono_xy"": [[550, 200], [580, 200], [590, 220], [590, 240], [570, 250], [550, 250], [540, 230]]}, {""poligono_xy"": [[650, 250], [670, 250], [675, 270], [670, 290], [650, 290], [645, 270]]}, {""poligono_xy"": [[750, 300], [780, 300], [790, 320], [790, 330], [770, 340], [750, 340], [740, 320]]}, {""poligono_xy"": [[850, 350], [880, 350], [890, 370], [890, 390], [870, 400], [850, 400], [840, 380]]}, {""poligono_xy"": [[500, 450], [530, 450], [540, 470], [540, 490], [520, 500], [500, 500], [490, 480]]}, {""poligono_xy"": [[400, 550], [430, 550], [440, 570], [440, 580], [420, 590], [400, 590], [390, 570]]}, {""poligono_xy"": [[750, 550], [765, 550], [770, 560], [770, 570], [760, 575], [750, 575], [745, 565]]}, {""poligono_xy"": [[850, 600], [870, 600], [880, 620], [880, 630], [860, 640], [850, 640], [840, 620]]}, {""poligono_xy"": [[550, 50], [560, 50], [560, 60], [550, 60]]}, {""poligono_xy"": [[850, 50], [865, 50], [870, 60], [870, 70], [860, 75], [850, 75], [845, 65]]}, {""poligono_xy"": [[200, 200], [215, 200], [220, 210], [220, 220], [210, 225], [200, 225], [195, 215]]}, {""poligono_xy"": [[600, 400], [620, 400], [630, 420], [630, 430], [610, 440], [600, 440], [590, 420]]}, {""poligono_xy"": [[300, 600], [320, 600], [330, 620], [330, 630], [310, 640], [300, 640], [290, 620]]}]","Imagem de microscopia de campo claro com células de formato variado, possivelmente leveduras ou bactérias, com baixo contraste e algumas fora de foco. A imagem apresenta ruído de fundo e alguns detritos."
2022_03_21_11_09_06_40.bmp,C:\Users\sthem\OneDrive\Documentos\GitHub\master-2025\7-gemini\val\2022_03_21_11_09_06_40.bmp,"[{""poligono_xy"": [[130, 180], [145, 180], [150, 195], [145, 210], [130, 210], [125, 195]]}, {""poligono_xy"": [[190, 80], [210, 75], [225, 90], [220, 105], [200, 110], [185, 95]]}, {""poligono_xy"": [[285, 440], [300, 435], [315, 445], [310, 460], [295, 465], [280, 455]]}, {""poligono_xy"": [[350, 280], [370, 280], [380, 300], [370, 315], [350, 315], [340, 300]]}, {""poligono_xy"": [[380, 555], [400, 550], [415, 565], [410, 580], [390, 585], [375, 570]]}, {""poligono_xy"": [[450, 145], [460, 140], [470, 150], [465, 160], [455, 165], [445, 155]]}, {""poligono_xy"": [[545, 355], [560, 350], [575, 360], [570, 375], [555, 380], [540, 370]]}, {""poligono_xy"": [[610, 805], [630, 800], [645, 815], [640, 830], [620, 835], [605, 820]]}, {""poligono_xy"": [[680, 680], [700, 675], [715, 690], [710, 705], [690, 710], [675, 695]]}, {""poligono_xy"": [[750, 205], [765, 200], [780, 215], [775, 230], [760, 235], [745, 220]]}, {""poligono_xy"": [[810, 885], [830, 880], [845, 895], [840, 910], [820, 915], [805, 900]]}, {""poligono_xy"": [[880, 505], [900, 500], [915, 515], [910, 530], [890, 535], [875, 520]]}, {""poligono_xy"": [[300, 45], [305, 75], [310, 75], [315, 45]]}, {""poligono_xy"": [[360, 790], [365, 820], [370, 820], [375, 790]]}, {""poligono_xy"": [[430, 480], [435, 510], [440, 510], [445, 480]]}, {""poligono_xy"": [[780, 380], [785, 410], [790, 410], [795, 380]]}]","Imagem de microscopia de campo claro com células de formato variado, possivelmente leveduras e bactérias, com baixo contraste e algumas fora de foco. A presença de detritos e artefatos dificulta a segmentação precisa."
2022_03_21_11_09_06_49.bmp,C:\Users\sthem\OneDrive\Documentos\GitHub\master-2025\7-gemini\val\2022_03_21_11_09_06_49.bmp,"[{""poligono_xy"": [[78, 150], [90, 138], [102, 138], [114, 150], [102, 162], [90, 162]]}, {""poligono_xy"": [[150, 58], [165, 50], [180, 50], [195, 58], [180, 66], [165, 66]]}, {""poligono_xy"": [[210, 158], [225, 150], [240, 150], [255, 158], [240, 166], [225, 166]]}, {""poligono_xy"": [[285, 275], [305, 265], [325, 265], [345, 275], [325, 285], [305, 285]]}, {""poligono_xy"": [[365, 58], [380, 50], [395, 50], [410, 58], [395, 66], [380, 66]]}, {""poligono_xy"": [[420, 185], [440, 175], [460, 175], [480, 185], [460, 195], [440, 195]]}, {""poligono_xy"": [[480, 430], [500, 420], [520, 420], [540, 430], [520, 440], [500, 440]]}, {""poligono_xy"": [[510, 200], [530, 190], [550, 190], [570, 200], [550, 210], [530, 210]]}, {""poligono_xy"": [[570, 60], [590, 50], [610, 50], [630, 60], [610, 70], [590, 70]]}, {""poligono_xy"": [[660, 280], [680, 270], [700, 270], [720, 280], [700, 290], [680, 290]]}, {""poligono_xy"": [[720, 80], [740, 70], [760, 70], [780, 80], [760, 90], [740, 90]]}, {""poligono_xy"": [[780, 430], [800, 420], [820, 420], [840, 430], [820, 440], [800, 440]]}, {""poligono_xy"": [[840, 180], [860, 170], [880, 170], [900, 180], [880, 190], [860, 190]]}, {""poligono_xy"": [[440, 605], [460, 600], [470, 600], [490, 605], [470, 615], [460, 615]]}]","Imagem de microscopia de campo claro com células esféricas, possivelmente leveduras, em baixa resolução e com baixo contraste. Alguns artefatos e detritos estão presentes."
2022_03_21_11_09_06_70.bmp,C:\Users\sthem\OneDrive\Documentos\GitHub\master-2025\7-gemini\val\2022_03_21_11_09_06_70.bmp,"[{""poligono_xy"": [[42, 52], [58, 44], [68, 52], [62, 66], [48, 74], [36, 64]]}, {""poligono_xy"": [[90, 100], [118, 96], [130, 118], [116, 140], [86, 138], [72, 114]]}, {""poligono_xy"": [[100, 32], [108, 24], [120, 28], [124, 40], [114, 48], [102, 42]]}, {""poligono_xy"": [[186, 52], [198, 42], [212, 48], [218, 62], [206, 70], [190, 66]]}, {""poligono_xy"": [[250, 60], [270, 60], [278, 80], [264, 92], [244, 88], [238, 76]]}, {""poligono_xy"": [[288, 26], [300, 18], [314, 24], [318, 38], [308, 48], [294, 40]]}, {""poligono_xy"": [[360, 88], [378, 94], [388, 110], [376, 122], [356, 118], [346, 102]]}, {""poligono_xy"": [[422, 20], [434, 14], [450, 20], [454, 34], [442, 42], [426, 34]]}, {""poligono_xy"": [[480, 104], [496, 96], [512, 106], [516, 122], [502, 132], [484, 124]]}, {""poligono_xy"": [[564, 246], [584, 240], [596, 258], [588, 274], [568, 276], [554, 260]]}, {""poligono_xy"": [[622, 184], [640, 174], [658, 182], [666, 200], [652, 212], [630, 204]]}, {""poligono_xy"": [[684, 82], [700, 70], [718, 80], [724, 98], [710, 110], [690, 100]]}, {""poligono_xy"": [[752, 226], [774, 216], [792, 230], [800, 250], [782, 264], [758, 254]]}, {""poligono_xy"": [[826, 126], [846, 116], [864, 130], [868, 150], [850, 162], [828, 150]]}, {""poligono_xy"": [[898, 38], [916, 28], [934, 38], [940, 56], [924, 68], [902, 56]]}]","Imagem de microscopia de campo claro com células de formato variado, possivelmente leveduras ou bactérias, com baixo contraste e alguma sobreposição. A imagem apresenta ruído de fundo e alguns detritos."
2022_03_21_11_09_06_76.bmp,C:\Users\sthem\OneDrive\Documentos\GitHub\master-2025\7-gemini\val\2022_03_21_11_09_06_76.bmp,"[{""poligono_xy"": [[52, 45], [78, 32], [102, 40], [95, 62], [68, 70]]}, {""poligono_xy"": [[28, 220], [45, 198], [70, 210], [65, 240], [40, 255]]}, {""poligono_xy"": [[110, 120], [130, 105], [155, 115], [150, 140], [125, 150]]}, {""poligono_xy"": [[190, 280], [210, 260], [240, 275], [235, 305], [205, 315]]}, {""poligono_xy"": [[280, 50], [300, 35], [325, 45], [320, 70], [295, 75]]}, {""poligono_xy"": [[350, 155], [370, 135], [395, 150], [390, 175], [365, 185]]}, {""poligono_xy"": [[420, 25], [440, 10], [465, 20], [460, 45], [435, 50]]}, {""poligono_xy"": [[480, 220], [500, 200], [525, 215], [520, 240], [495, 250]]}, {""poligono_xy"": [[550, 80], [570, 65], [595, 75], [590, 100], [565, 105]]}, {""poligono_xy"": [[610, 285], [630, 265], [655, 280], [650, 305], [625, 315]]}, {""poligono_xy"": [[205, 55], [215, 70], [200, 80], [185, 70]]}, {""poligono_xy"": [[280, 200], [295, 190], [310, 205], [300, 220], [285, 215]]}, {""poligono_xy"": [[360, 290], [380, 280], [400, 295], [390, 315], [370, 310]]}, {""poligono_xy"": [[450, 120], [470, 110], [490, 125], [480, 145], [460, 140]]}, {""poligono_xy"": [[530, 50], [545, 35], [565, 40], [560, 60], [540, 65]]}, {""poligono_xy"": [[620, 160], [640, 145], [660, 160], [650, 180], [630, 175]]}]",Imagem de microscopia de campo claro com células de formato e contraste variáveis. A imagem apresenta algum ruído de fundo e artefatos.
2022_03_21_11_09_06_83.bmp,C:\Users\sthem\OneDrive\Documentos\GitHub\master-2025\7-gemini\val\2022_03_21_11_09_06_83.bmp,"[{""poligono_xy"": [[60, 55], [85, 50], [95, 65], [80, 75], [60, 70]]}, {""poligono_xy"": [[100, 100], [120, 95], [130, 110], [115, 120], [100, 115]]}, {""poligono_xy"": [[180, 20], [200, 15], [210, 30], [195, 40], [180, 35]]}, {""poligono_xy"": [[250, 80], [270, 75], [280, 90], [265, 100], [250, 95]]}, {""poligono_xy"": [[320, 150], [340, 145], [350, 160], [335, 170], [320, 165]]}, {""poligono_xy"": [[380, 220], [400, 215], [410, 230], [395, 240], [380, 235]]}, {""poligono_xy"": [[450, 50], [470, 45], [480, 60], [465, 70], [450, 65]]}, {""poligono_xy"": [[500, 120], [520, 115], [530, 130], [515, 140], [500, 135]]}, {""poligono_xy"": [[580, 180], [600, 175], [610, 190], [595, 200], [580, 195]]}, {""poligono_xy"": [[100, 250], [130, 240], [145, 270], [120, 280]]}, {""poligono_xy"": [[50, 300], [70, 290], [85, 315], [65, 325]]}, {""poligono_xy"": [[200, 350], [220, 340], [240, 360], [220, 370]]}, {""poligono_xy"": [[350, 400], [370, 390], [390, 410], [370, 420]]}, {""poligono_xy"": [[450, 280], [470, 270], [490, 290], [470, 300]]}, {""poligono_xy"": [[550, 350], [570, 340], [590, 360], [570, 370]]}, {""poligono_xy"": [[80, 400], [100, 400], [100, 420], [80, 420]]}, {""poligono_xy"": [[600, 450], [620, 450], [620, 470], [600, 470]]}, {""poligono_xy"": [[280, 480], [300, 480], [300, 500], [280, 500]]}, {""poligono_xy"": [[400, 550], [420, 550], [420, 570], [400, 570]]}]","Imagem de microscopia de campo claro com células de formato variado, possivelmente leveduras ou bactérias, com baixo contraste e alguma sobreposição. A imagem apresenta ruído de fundo e alguns detritos."
2022_03_21_11_09_06_90.bmp,C:\Users\sthem\OneDrive\Documentos\GitHub\master-2025\7-gemini\val\2022_03_21_11_09_06_90.bmp,"[{""poligono_xy"": [[270, 280], [290, 280], [295, 295], [290, 310], [270, 310], [265, 295]]}, {""poligono_xy"": [[45, 1], [60, 1], [65, 15], [60, 30], [45, 30], [40, 15]]}, {""poligono_xy"": [[100, 50], [120, 55], [125, 75], [115, 90], [95, 85], [90, 70]]}, {""poligono_xy"": [[170, 105], [185, 100], [195, 115], [190, 130], [175, 135], [165, 120]]}, {""poligono_xy"": [[290, 20], [310, 15], [320, 30], [315, 45], [295, 40], [285, 25]]}, {""poligono_xy"": [[350, 10], [370, 5], [380, 20], [375, 35], [360, 30], [350, 20]]}, {""poligono_xy"": [[470, 50], [490, 50], [500, 70], [490, 90], [470, 90], [460, 70]]}, {""poligono_xy"": [[550, 100], [570, 105], [575, 125], [565, 140], [545, 135], [535, 115]]}, {""poligono_xy"": [[650, 20], [670, 25], [680, 45], [670, 60], [650, 55], [640, 35]]}, {""poligono_xy"": [[720, 80], [740, 85], [750, 105], [740, 120], [720, 115], [710, 95]]}, {""poligono_xy"": [[800, 150], [820, 155], [830, 175], [820, 190], [800, 185], [790, 165]]}, {""poligono_xy"": [[880, 20], [900, 25], [910, 45], [900, 60], [880, 55], [870, 35]]}, {""poligono_xy"": [[950, 80], [970, 85], [980, 105], [970, 120], [950, 115], [940, 95]]}, {""poligono_xy"": [[150, 200], [165, 205], [170, 220], [160, 230], [140, 225], [135, 210]]}, {""poligono_xy"": [[20, 250], [40, 250], [50, 270], [40, 290], [20, 290], [10, 270]]}, {""poligono_xy"": [[300, 350], [320, 350], [330, 370], [320, 390], [300, 390], [290, 370]]}, {""poligono_xy"": [[400, 400], [420, 405], [430, 425], [420, 440], [400, 435], [390, 415]]}, {""poligono_xy"": [[500, 480], [520, 485], [530, 505], [520, 520], [500, 515], [490, 495]]}, {""poligono_xy"": [[600, 320], [620, 325], [630, 345], [620, 360], [600, 355], [590, 335]]}, {""poligono_xy"": [[700, 250], [720, 255], [730, 275], [720, 290], [700, 285], [690, 265]]}, {""poligono_xy"": [[800, 380], [815, 380], [820, 395], [815, 410], [800, 410], [795, 395]]}, {""poligono_xy"": [[900, 450], [915, 450], [920, 465], [915, 480], [900, 480], [895, 465]]}]","Imagem de microscopia de campo claro com múltiplas células de formato irregular, possivelmente leveduras ou bactérias, com baixo contraste e alguma sobreposição. Presença de detritos e ruído de fundo."
2022_03_21_11_09_06_98.bmp,C:\Users\sthem\OneDrive\Documentos\GitHub\master-2025\7-gemini\val\2022_03_21_11_09_06_98.bmp,"[{""poligono_xy"": [[170, 220], [190, 220], [195, 235], [190, 250], [170, 250], [165, 235]]}, {""poligono_xy"": [[280, 180], [300, 175], [310, 190], [310, 205], [300, 220], [280, 215]]}, {""poligono_xy"": [[110, 300], [130, 300], [135, 315], [130, 330], [110, 330], [105, 315]]}, {""poligono_xy"": [[350, 60], [370, 60], [380, 75], [380, 90], [370, 105], [350, 105], [340, 90], [340, 75]]}, {""poligono_xy"": [[400, 300], [420, 300], [430, 315], [430, 330], [420, 345], [400, 345], [390, 330], [390, 315]]}, {""poligono_xy"": [[170, 100], [190, 95], [200, 110], [200, 125], [190, 140], [170, 135], [160, 120], [160, 105]]}, {""poligono_xy"": [[450, 150], [470, 150], [480, 165], [480, 180], [470, 195], [450, 195], [440, 180], [440, 165]]}, {""poligono_xy"": [[550, 80], [570, 80], [580, 95], [580, 110], [570, 125], [550, 125], [540, 110], [540, 95]]}, {""poligono_xy"": [[50, 380], [70, 380], [80, 395], [80, 410], [70, 425], [50, 425], [40, 410], [40, 395]]}]",Imagem de microscopia de campo claro com células de formato irregular e baixo contraste. Possível presença de artefatos e detritos. A imagem apresenta um fundo relativamente homogêneo.
2022_03_21_11_09_07_15.bmp,C:\Users\sthem\OneDrive\Documentos\GitHub\master-2025\7-gemini\val\2022_03_21_11_09_07_15.bmp,"[{""poligono_xy"": [[42, 52], [58, 42], [72, 47], [78, 62], [67, 75], [50, 70]]}, {""poligono_xy"": [[92, 100], [110, 92], [125, 100], [128, 118], [115, 130], [98, 122]]}, {""poligono_xy"": [[280, 45], [300, 35], [320, 40], [325, 60], [305, 70], [285, 60]]}, {""poligono_xy"": [[255, 140], [275, 130], [295, 135], [305, 155], [285, 170], [260, 160]]}, {""poligono_xy"": [[345, 205], [365, 195], [385, 200], [390, 220], [370, 235], [345, 225]]}, {""poligono_xy"": [[480, 50], [500, 40], [520, 45], [525, 65], [505, 75], [485, 65]]}, {""poligono_xy"": [[455, 175], [475, 165], [495, 170], [500, 190], [480, 205], [460, 195]]}, {""poligono_xy"": [[590, 25], [610, 15], [630, 20], [635, 40], [615, 50], [595, 40]]}, {""poligono_xy"": [[660, 120], [680, 110], [700, 115], [705, 135], [685, 150], [665, 140]]}, {""poligono_xy"": [[720, 210], [740, 200], [760, 205], [765, 225], [745, 240], [725, 230]]}, {""poligono_xy"": [[850, 90], [870, 80], [890, 85], [895, 105], [875, 115], [855, 105]]}, {""poligono_xy"": [[880, 225], [900, 215], [920, 220], [925, 240], [905, 255], [885, 245]]}, {""poligono_xy"": [[150, 220], [175, 215], [200, 230], [190, 250], [160, 255]]}]","Imagem de microscopia de campo claro com células de formato aproximadamente elíptico, possivelmente leveduras ou bactérias, com baixo contraste e alguns detritos no fundo. A imagem apresenta ruído e as células estão dispersas, com algumas sobreposições parciais."
2022_03_21_11_09_07_23.bmp,C:\Users\sthem\OneDrive\Documentos\GitHub\master-2025\7-gemini\val\2022_03_21_11_09_07_23.bmp,[],Imagem de microscopia de campo claro com células esféricas de baixo contraste em um fundo cinza. A imagem apresenta ruído e alguns artefatos. Possível presença de debris.
2022_03_21_11_09_07_32.bmp,C:\Users\sthem\OneDrive\Documentos\GitHub\master-2025\7-gemini\val\2022_03_21_11_09_07_32.bmp,"[{""poligono_xy"": [[270, 45], [285, 35], [300, 35], [310, 45], [310, 60], [300, 70], [285, 70], [270, 60]]}, {""poligono_xy"": [[45, 85], [65, 70], [80, 70], [95, 85], [95, 110], [80, 125], [65, 125], [45, 110]]}, {""poligono_xy"": [[190, 130], [210, 120], [230, 120], [245, 130], [245, 150], [230, 160], [210, 160], [190, 150]]}, {""poligono_xy"": [[355, 175], [375, 160], [395, 160], [410, 175], [410, 195], [395, 210], [375, 210], [355, 195]]}, {""poligono_xy"": [[500, 200], [520, 190], [540, 190], [555, 200], [555, 220], [540, 230], [520, 230], [500, 220]]}, {""poligono_xy"": [[630, 235], [650, 220], [670, 220], [690, 235], [690, 260], [670, 275], [650, 275], [630, 260]]}, {""poligono_xy"": [[750, 280], [770, 265], [790, 265], [805, 280], [805, 300], [790, 315], [770, 315], [750, 300]]}, {""poligono_xy"": [[25, 290], [45, 275], [65, 275], [80, 290], [80, 315], [65, 330], [45, 330], [25, 315]]}, {""poligono_xy"": [[155, 350], [175, 335], [195, 335], [210, 350], [210, 370], [195, 385], [175, 385], [155, 370]]}, {""poligono_xy"": [[450, 400], [470, 390], [490, 390], [510, 400], [510, 425], [490, 440], [470, 440], [450, 425]]}, {""poligono_xy"": [[580, 455], [600, 440], [620, 440], [640, 455], [640, 475], [620, 490], [600, 490], [580, 475]]}]",Imagem de microscopia de campo claro com células de formato aproximadamente circular. Baixo contraste e presença de artefatos. Possível presença de debris ou pequenas vesículas.
2022_03_21_11_09_07_40.bmp,C:\Users\sthem\OneDrive\Documentos\GitHub\master-2025\7-gemini\val\2022_03_21_11_09_07_40.bmp,"[{""poligono_xy"": [[72, 154], [92, 134], [118, 126], [134, 134], [148, 154], [140, 174], [118, 184], [90, 176]]}, {""poligono_xy"": [[166, 170], [186, 158], [208, 158], [224, 172], [216, 190], [194, 200], [172, 190]]}, {""poligono_xy"": [[104, 288], [130, 272], [158, 274], [178, 292], [168, 316], [140, 328], [112, 318]]}, {""poligono_xy"": [[288, 374], [316, 356], [346, 354], [368, 372], [358, 396], [328, 410], [300, 398]]}, {""poligono_xy"": [[584, 64], [606, 50], [634, 48], [656, 62], [648, 82], [620, 90], [596, 80]]}, {""poligono_xy"": [[702, 160], [726, 144], [758, 142], [778, 160], [766, 182], [738, 196], [710, 184]]}, {""poligono_xy"": [[808, 204], [836, 184], [866, 182], [888, 202], [876, 228], [846, 244], [818, 228]]}, {""poligono_xy"": [[888, 388], [918, 368], [950, 366], [974, 386], [962, 410], [930, 428], [900, 412]]}, {""poligono_xy"": [[290, 304], [306, 288], [324, 284], [338, 296], [330, 312], [310, 322], [294, 314]]}, {""poligono_xy"": [[460, 156], [482, 142], [508, 140], [528, 156], [518, 174], [488, 186], [466, 174]]}]","Imagem de microscopia de campo claro com células de formato predominantemente circular/oval, possivelmente leveduras ou bactérias, com baixo contraste e algumas sobreposições. Presença de pequenos detritos e ruído de fundo."
2022_03_21_11_09_07_48.bmp,C:\Users\sthem\OneDrive\Documentos\GitHub\master-2025\7-gemini\val\2022_03_21_11_09_07_48.bmp,"[{""poligono_xy"": [[170, 155], [190, 145], [210, 150], [215, 170], [195, 180], [175, 170]]}, {""poligono_xy"": [[350, 280], [375, 270], [395, 285], [400, 310], [375, 320], [350, 310]]}, {""poligono_xy"": [[400, 100], [420, 90], [445, 100], [450, 125], [430, 140], [405, 130]]}, {""poligono_xy"": [[500, 540], [520, 530], [540, 540], [545, 560], [525, 570], [505, 560]]}, {""poligono_xy"": [[600, 700], [620, 690], [640, 700], [645, 720], [625, 730], [605, 720]]}, {""poligono_xy"": [[705, 420], [730, 410], [750, 420], [755, 445], [730, 455], [710, 445]]}, {""poligono_xy"": [[810, 600], [830, 590], [850, 600], [855, 625], [835, 635], [815, 625]]}, {""poligono_xy"": [[900, 200], [920, 190], [940, 200], [945, 225], [925, 235], [905, 225]]}]","Imagem de microscopia de campo claro com células esféricas, possivelmente leveduras, em diferentes planos focais. Baixo contraste e presença de artefatos."
2022_03_21_11_09_07_57.bmp,C:\Users\sthem\OneDrive\Documentos\GitHub\master-2025\7-gemini\val\2022_03_21_11_09_07_57.bmp,"[{""poligono_xy"": [[100, 350], [130, 350], [130, 380], [100, 380]]}, {""poligono_xy"": [[170, 100], [200, 100], [200, 130], [170, 130]]}, {""poligono_xy"": [[280, 220], [310, 220], [310, 250], [280, 250]]}, {""poligono_xy"": [[350, 50], [380, 50], [380, 80], [350, 80]]}, {""poligono_xy"": [[450, 280], [480, 280], [480, 310], [450, 310]]}, {""poligono_xy"": [[500, 50], [530, 50], [530, 80], [500, 80]]}, {""poligono_xy"": [[580, 350], [610, 350], [610, 380], [580, 380]]}, {""poligono_xy"": [[650, 250], [680, 250], [680, 280], [650, 280]]}, {""poligono_xy"": [[720, 100], [750, 100], [750, 130], [720, 130]]}, {""poligono_xy"": [[800, 380], [830, 380], [830, 410], [800, 410]]}, {""poligono_xy"": [[880, 220], [910, 220], [910, 250], [880, 250]]}, {""poligono_xy"": [[920, 380], [950, 380], [950, 410], [920, 410]]}, {""poligono_xy"": [[200, 380], [240, 380], [240, 420], [200, 420]]}, {""poligono_xy"": [[50, 200], [80, 200], [80, 230], [50, 230]]}, {""poligono_xy"": [[700, 380], [740, 380], [740, 420], [700, 420]]}, {""poligono_xy"": [[480, 150], [520, 150], [520, 190], [480, 190]]}, {""poligono_xy"": [[650, 50], [690, 50], [690, 90], [650, 90]]}, {""poligono_xy"": [[850, 50], [890, 50], [890, 90], [850, 90]]}, {""poligono_xy"": [[380, 350], [420, 350], [420, 390], [380, 390]]}]","Imagem de microscopia de campo claro com células esféricas de baixo contraste em um fundo com ruído. A imagem sugere a presença de artefatos e debris, dificultando a segmentação precisa."
2022_03_21_11_09_07_65.bmp,C:\Users\sthem\OneDrive\Documentos\GitHub\master-2025\7-gemini\val\2022_03_21_11_09_07_65.bmp,"[{""poligono_xy"": [[41, 44], [53, 32], [62, 37], [67, 50], [60, 61], [48, 58]]}, {""poligono_xy"": [[88, 247], [105, 238], [118, 245], [122, 260], [110, 270], [93, 263]]}, {""poligono_xy"": [[155, 105], [170, 95], [185, 100], [193, 118], [182, 132], [162, 125]]}, {""poligono_xy"": [[212, 355], [230, 342], [248, 348], [255, 368], [240, 382], [218, 375]]}, {""poligono_xy"": [[265, 150], [280, 135], [298, 145], [308, 165], [295, 180], [270, 172]]}, {""poligono_xy"": [[320, 480], [340, 465], [360, 475], [370, 495], [355, 515], [330, 505]]}, {""poligono_xy"": [[395, 220], [415, 205], [430, 215], [440, 235], [425, 250], [400, 240]]}, {""poligono_xy"": [[450, 50], [470, 35], [490, 45], [500, 65], [480, 80], [455, 70]]}, {""poligono_xy"": [[505, 330], [525, 315], [545, 325], [555, 345], [540, 360], [515, 350]]}, {""poligono_xy"": [[570, 180], [590, 165], [610, 175], [620, 195], [600, 210], [575, 200]]}, {""poligono_xy"": [[630, 450], [650, 435], [670, 445], [680, 465], [665, 480], [640, 470]]}, {""poligono_xy"": [[690, 80], [710, 65], [730, 75], [740, 95], [720, 110], [695, 100]]}, {""poligono_xy"": [[750, 280], [770, 265], [790, 275], [800, 295], [780, 310], [755, 300]]}, {""poligono_xy"": [[820, 500], [840, 485], [860, 495], [870, 515], [850, 530], [825, 520]]}, {""poligono_xy"": [[880, 120], [900, 105], [920, 115], [930, 135], [910, 150], [885, 140]]}, {""poligono_xy"": [[920, 380], [935, 365], [955, 380], [960, 400], [940, 410], [920, 395]]}]","Imagem de microscopia de campo claro com células esféricas, possivelmente leveduras, em baixo contraste e com alguma variação de tamanho. Presença de pequenos detritos e artefatos."
2022_03_21_11_09_07_73.bmp,C:\Users\sthem\OneDrive\Documentos\GitHub\master-2025\7-gemini\val\2022_03_21_11_09_07_73.bmp,"[{""poligono_xy"": [[42, 62], [54, 50], [66, 50], [76, 64], [74, 78], [62, 88], [50, 86], [40, 74]]}, {""poligono_xy"": [[270, 208], [284, 198], [298, 198], [310, 210], [308, 224], [294, 234], [280, 232], [268, 220]]}, {""poligono_xy"": [[170, 368], [184, 356], [200, 358], [212, 370], [208, 386], [194, 398], [178, 394], [166, 380]]}, {""poligono_xy"": [[406, 58], [420, 48], [438, 50], [450, 62], [446, 76], [432, 86], [416, 84], [404, 72]]}, {""poligono_xy"": [[498, 210], [508, 200], [522, 202], [532, 214], [530, 226], [518, 234], [506, 232], [496, 220]]}, {""poligono_xy"": [[626, 38], [640, 30], [656, 30], [670, 42], [668, 58], [654, 68], [638, 66], [624, 54]]}, {""poligono_xy"": [[718, 214], [730, 204], [746, 208], [758, 220], [754, 234], [740, 244], [726, 240], [714, 228]]}, {""poligono_xy"": [[878, 56], [892, 46], [908, 48], [922, 60], [918, 74], [904, 82], [888, 80], [874, 68]]}, {""poligono_xy"": [[896, 210], [910, 202], [926, 204], [938, 218], [934, 230], [920, 238], [904, 236], [892, 224]]}, {""poligono_xy"": [[852, 396], [868, 384], [886, 388], [900, 402], [894, 418], [878, 428], [862, 424], [848, 410]]}, {""poligono_xy"": [[702, 476], [716, 464], [734, 468], [748, 480], [744, 496], [728, 508], [712, 504], [698, 490]]}, {""poligono_xy"": [[564, 500], [580, 490], [596, 490], [610, 504], [606, 518], [590, 528], [574, 526], [560, 512]]}, {""poligono_xy"": [[392, 652], [408, 642], [424, 642], [438, 656], [434, 670], [418, 680], [402, 676], [388, 662]]}, {""poligono_xy"": [[230, 708], [244, 696], [260, 700], [274, 712], [270, 728], [254, 738], [238, 734], [226, 720]]}, {""poligono_xy"": [[42, 888], [58, 878], [74, 880], [88, 894], [84, 908], [68, 916], [52, 914], [38, 900]]}]",Imagem de microscopia de campo claro com células de formato aproximadamente circular. Baixo contraste e presença de artefatos. Possível cultura celular com debris.
2022_03_21_11_09_07_90.bmp,C:\Users\sthem\OneDrive\Documentos\GitHub\master-2025\7-gemini\val\2022_03_21_11_09_07_90.bmp,"[{""poligono_xy"": [[110, 70], [130, 60], [145, 75], [135, 90], [115, 90]]}, {""poligono_xy"": [[170, 180], [190, 175], [210, 190], [200, 210], [175, 205]]}, {""poligono_xy"": [[280, 450], [300, 440], [320, 460], [310, 480], [290, 485]]}, {""poligono_xy"": [[380, 580], [400, 570], [420, 590], [410, 610], [385, 605]]}, {""poligono_xy"": [[480, 100], [500, 90], [520, 110], [510, 130], [490, 125]]}, {""poligono_xy"": [[550, 250], [570, 240], [590, 260], [580, 280], [560, 275]]}, {""poligono_xy"": [[650, 400], [670, 390], [690, 410], [680, 430], [660, 425]]}, {""poligono_xy"": [[750, 550], [770, 540], [790, 560], [780, 580], [760, 575]]}, {""poligono_xy"": [[820, 150], [840, 140], [860, 160], [850, 180], [830, 175]]}, {""poligono_xy"": [[900, 300], [920, 290], [940, 310], [930, 330], [910, 325]]}, {""poligono_xy"": [[40, 320], [60, 310], [80, 330], [70, 350], [50, 340]]}, {""poligono_xy"": [[100, 480], [120, 470], [140, 490], [130, 510], [110, 500]]}, {""poligono_xy"": [[220, 620], [240, 610], [260, 630], [250, 650], [230, 640]]}, {""poligono_xy"": [[310, 200], [330, 190], [350, 210], [340, 230], [320, 220]]}, {""poligono_xy"": [[450, 350], [470, 340], [490, 360], [480, 380], [460, 370]]}, {""poligono_xy"": [[580, 500], [600, 490], [620, 510], [610, 530], [590, 520]]}, {""poligono_xy"": [[700, 180], [720, 170], [740, 190], [730, 210], [710, 200]]}, {""poligono_xy"": [[850, 420], [870, 410], [890, 430], [880, 450], [860, 440]]}, {""poligono_xy"": [[920, 600], [940, 590], [960, 610], [950, 630], [930, 620]]}]","Imagem de microscopia de campo claro com células de formato aproximadamente circular, possivelmente hemácias, com baixo contraste e algumas sobreposições. Presença de ruído e pequenos detritos."
2022_03_21_11_09_07_98.bmp,C:\Users\sthem\OneDrive\Documentos\GitHub\master-2025\7-gemini\val\2022_03_21_11_09_07_98.bmp,"[{""poligono_xy"": [[92, 72], [112, 58], [135, 62], [148, 82], [135, 100], [110, 95]]}, {""poligono_xy"": [[285, 280], [308, 265], [330, 275], [340, 295], [325, 312], [300, 305]]}, {""poligono_xy"": [[380, 355], [400, 335], [425, 345], [440, 370], [425, 390], [400, 380]]}, {""poligono_xy"": [[170, 400], [195, 385], [220, 395], [235, 420], [215, 440], [185, 430]]}, {""poligono_xy"": [[355, 570], [380, 550], [405, 565], [420, 590], [400, 610], [370, 600]]}, {""poligono_xy"": [[550, 680], [580, 660], [605, 675], [620, 705], [600, 725], [570, 715]]}, {""poligono_xy"": [[705, 755], [730, 735], [760, 750], [775, 780], [760, 805], [730, 790]]}, {""poligono_xy"": [[880, 850], [905, 830], [930, 840], [945, 870], [925, 895], [895, 885]]}, {""poligono_xy"": [[280, 130], [295, 115], [315, 120], [325, 140], [310, 155], [290, 150]]}, {""poligono_xy"": [[385, 55], [405, 40], [430, 45], [445, 65], [430, 85], [405, 80]]}, {""poligono_xy"": [[750, 100], [775, 80], [800, 90], [815, 115], [795, 135], [765, 125]]}, {""poligono_xy"": [[875, 180], [900, 160], [925, 170], [940, 195], [920, 215], [890, 205]]}, {""poligono_xy"": [[100, 270], [125, 250], [150, 265], [165, 290], [145, 310], [120, 300]]}, {""poligono_xy"": [[350, 35], [370, 20], [395, 30], [410, 50], [390, 70], [365, 60]]}, {""poligono_xy"": [[505, 230], [530, 210], [555, 225], [570, 250], [550, 270], [520, 260]]}, {""poligono_xy"": [[670, 320], [695, 300], [720, 315], [735, 340], [715, 360], [685, 350]]}, {""poligono_xy"": [[820, 420], [845, 400], [870, 415], [885, 440], [865, 460], [835, 450]]}, {""poligono_xy"": [[920, 530], [945, 510], [970, 525], [985, 550], [965, 570], [935, 560]]}, {""poligono_xy"": [[40, 550], [65, 530], [90, 545], [105, 570], [85, 590], [55, 580]]}, {""poligono_xy"": [[200, 650], [225, 630], [250, 645], [265, 670], [245, 690], [215, 680]]}, {""poligono_xy"": [[400, 780], [425, 760], [450, 775], [465, 800], [445, 820], [415, 810]]}, {""poligono_xy"": [[580, 880], [605, 860], [630, 875], [645, 900], [625, 920], [595, 910]]}]",Imagem de microscopia de campo claro com células de formato aproximadamente elíptico. Baixo contraste e presença de artefatos. Possível presença de células sobrepostas.
2022_03_21_11_09_08_07.bmp,C:\Users\sthem\OneDrive\Documentos\GitHub\master-2025\7-gemini\val\2022_03_21_11_09_08_07.bmp,"[{""poligono_xy"": [[110, 155], [125, 145], [135, 145], [145, 155], [145, 170], [135, 180], [125, 180], [110, 170]]}, {""poligono_xy"": [[250, 50], [265, 45], [280, 45], [290, 55], [290, 70], [275, 80], [260, 80], [250, 70]]}, {""poligono_xy"": [[370, 100], [390, 90], [410, 90], [425, 105], [425, 125], [410, 135], [390, 135], [370, 125]]}, {""poligono_xy"": [[500, 20], [515, 15], [530, 15], [540, 25], [540, 40], [525, 50], [510, 50], [500, 40]]}, {""poligono_xy"": [[590, 360], [605, 350], [620, 350], [630, 360], [630, 380], [615, 390], [600, 390], [590, 380]]}, {""poligono_xy"": [[700, 100], [715, 90], [735, 90], [750, 105], [750, 125], [735, 140], [715, 140], [700, 125]]}, {""poligono_xy"": [[805, 200], [820, 190], [840, 190], [855, 205], [855, 225], [840, 240], [820, 240], [805, 225]]}, {""poligono_xy"": [[350, 380], [370, 370], [390, 370], [405, 385], [405, 405], [390, 420], [370, 420], [350, 405]]}, {""poligono_xy"": [[450, 500], [470, 490], [490, 490], [510, 505], [510, 525], [490, 540], [470, 540], [450, 525]]}, {""poligono_xy"": [[180, 480], [200, 470], [220, 470], [240, 485], [240, 505], [220, 520], [200, 520], [180, 505]]}, {""poligono_xy"": [[70, 600], [90, 590], [110, 590], [130, 605], [130, 625], [110, 640], [90, 640], [70, 625]]}, {""poligono_xy"": [[780, 500], [800, 490], [820, 490], [840, 505], [840, 525], [820, 540], [800, 540], [780, 525]]}, {""poligono_xy"": [[340, 240], [355, 230], [370, 230], [380, 240], [380, 255], [365, 265], [350, 265], [340, 255]]}]",Imagem de microscopia de campo claro com células de formato aproximadamente circular e baixo contraste. Possível presença de artefatos e detritos.
2022_03_21_11_09_08_15.bmp,C:\Users\sthem\OneDrive\Documentos\GitHub\master-2025\7-gemini\val\2022_03_21_11_09_08_15.bmp,"[{""poligono_xy"": [[28, 45], [45, 30], [60, 38], [60, 58], [43, 68], [28, 55]]}, {""poligono_xy"": [[130, 178], [150, 165], [170, 170], [183, 190], [175, 210], [150, 215], [130, 200]]}, {""poligono_xy"": [[200, 450], [220, 440], [245, 450], [255, 470], [240, 490], [210, 485]]}, {""poligono_xy"": [[280, 50], [300, 40], [320, 45], [330, 60], [315, 75], [290, 70]]}, {""poligono_xy"": [[385, 270], [400, 260], [420, 265], [430, 280], [415, 295], [390, 290]]}, {""poligono_xy"": [[450, 490], [470, 480], [490, 485], [505, 505], [490, 520], [460, 515]]}, {""poligono_xy"": [[550, 100], [570, 90], [590, 90], [605, 110], [590, 130], [560, 125]]}, {""poligono_xy"": [[600, 440], [615, 430], [630, 430], [640, 445], [630, 460], [610, 455]]}, {""poligono_xy"": [[670, 200], [690, 190], [710, 195], [720, 215], [700, 230], [675, 220]]}, {""poligono_xy"": [[750, 50], [770, 40], [790, 50], [800, 70], [780, 85], [755, 75]]}, {""poligono_xy"": [[820, 320], [840, 310], [860, 315], [870, 335], [850, 350], [825, 340]]}, {""poligono_xy"": [[880, 520], [900, 510], [920, 515], [930, 535], [910, 550], [885, 540]]}]",Imagem de microscopia de campo claro com células de formato aproximadamente circular/elíptico em baixo contraste. Possível presença de artefatos e detritos. A imagem apresenta ruído e as células variam em tamanho e intensidade.
2022_03_21_11_09_08_32.bmp,C:\Users\sthem\OneDrive\Documentos\GitHub\master-2025\7-gemini\val\2022_03_21_11_09_08_32.bmp,"[{""poligono_xy"": [[24, 212], [42, 200], [58, 200], [70, 216], [60, 230], [44, 230]]}, {""poligono_xy"": [[100, 50], [120, 44], [136, 52], [144, 68], [134, 80], [116, 78]]}, {""poligono_xy"": [[180, 208], [194, 196], [214, 198], [230, 214], [220, 230], [198, 226]]}, {""poligono_xy"": [[288, 74], [298, 58], [320, 56], [332, 72], [324, 86], [304, 86]]}, {""poligono_xy"": [[364, 286], [382, 272], [404, 274], [420, 292], [408, 310], [384, 308]]}, {""poligono_xy"": [[458, 100], [468, 86], [488, 84], [500, 98], [492, 112], [472, 112]]}, {""poligono_xy"": [[550, 220], [570, 206], [596, 210], [612, 230], [596, 248], [568, 242]]}, {""poligono_xy"": [[642, 84], [660, 68], [688, 70], [702, 90], [688, 106], [660, 102]]}, {""poligono_xy"": [[732, 296], [752, 278], [780, 282], [796, 304], [780, 322], [750, 316]]}, {""poligono_xy"": [[84, 310], [106, 314], [116, 330], [104, 344], [86, 338]]}, {""poligono_xy"": [[186, 64], [194, 52], [208, 54], [218, 68], [208, 78], [192, 76]]}, {""poligono_xy"": [[486, 252], [502, 242], [520, 244], [532, 260], [518, 274], [496, 270]]}, {""poligono_xy"": [[670, 200], [686, 184], [710, 188], [726, 208], [712, 226], [684, 220]]}, {""poligono_xy"": [[780, 76], [796, 62], [820, 64], [834, 82], [820, 98], [794, 94]]}]","Imagem de microscopia de campo claro com células de formato variado, possivelmente leveduras ou bactérias, com baixo contraste e algumas sobreposições. A imagem apresenta ruído de fundo e alguns detritos."
2022_03_21_11_09_08_40.bmp,C:\Users\sthem\OneDrive\Documentos\GitHub\master-2025\7-gemini\val\2022_03_21_11_09_08_40.bmp,"[{""poligono_xy"": [[92, 72], [112, 60], [128, 68], [134, 88], [118, 100], [98, 90]]}, {""poligono_xy"": [[28, 104], [48, 90], [70, 100], [78, 128], [56, 142], [32, 130]]}, {""poligono_xy"": [[324, 100], [348, 84], [372, 92], [384, 116], [364, 136], [332, 124]]}, {""poligono_xy"": [[188, 284], [208, 268], [236, 280], [248, 308], [224, 328], [196, 312]]}, {""poligono_xy"": [[444, 448], [472, 436], [500, 452], [508, 476], [484, 492], [452, 476]]}, {""poligono_xy"": [[568, 568], [596, 552], [620, 568], [632, 596], [612, 616], [576, 600]]}, {""poligono_xy"": [[700, 248], [724, 236], [752, 256], [760, 284], [732, 300], [704, 280]]}, {""poligono_xy"": [[836, 120], [860, 104], [888, 120], [900, 144], [876, 160], [844, 144]]}, {""poligono_xy"": [[92, 452], [112, 440], [136, 460], [148, 488], [124, 508], [96, 488]]}, {""poligono_xy"": [[44, 588], [72, 572], [96, 592], [108, 624], [80, 644], [52, 624]]}, {""poligono_xy"": [[872, 824], [896, 804], [928, 828], [940, 860], [912, 884], [880, 860]]}, {""poligono_xy"": [[288, 724], [316, 708], [348, 732], [360, 764], [332, 788], [296, 764]]}, {""poligono_xy"": [[584, 288], [608, 272], [636, 292], [652, 320], [624, 344], [592, 320]]}, {""poligono_xy"": [[728, 528], [756, 512], [788, 536], [800, 568], [772, 592], [736, 564]]}]","Imagem de microscopia de campo claro com células de formato variado, possivelmente leveduras ou células sanguíneas, com baixo contraste e alguns detritos no fundo. A imagem apresenta um nível de ruído que dificulta a segmentação precisa."
2022_03_21_11_09_08_49.bmp,C:\Users\sthem\OneDrive\Documentos\GitHub\master-2025\7-gemini\val\2022_03_21_11_09_08_49.bmp,"[{""poligono_xy"": [[92, 110], [112, 98], [130, 100], [140, 115], [135, 132], [115, 138], [98, 128]]}, {""poligono_xy"": [[180, 80], [195, 70], [218, 75], [230, 90], [225, 105], [205, 110], [185, 100]]}, {""poligono_xy"": [[45, 200], [60, 185], [80, 190], [95, 210], [88, 230], [65, 235], [50, 220]]}, {""poligono_xy"": [[280, 255], [300, 240], [325, 245], [345, 265], [340, 285], [315, 295], [290, 280]]}, {""poligono_xy"": [[450, 30], [470, 20], [490, 25], [505, 40], [500, 60], [475, 65], [455, 50]]}, {""poligono_xy"": [[580, 260], [600, 250], [620, 255], [635, 275], [630, 290], [605, 300], [585, 285]]}, {""poligono_xy"": [[700, 100], [720, 90], [740, 95], [755, 115], [750, 130], [725, 135], [705, 120]]}, {""poligono_xy"": [[805, 280], [825, 265], [850, 270], [870, 290], [865, 310], [840, 320], [815, 305]]}, {""poligono_xy"": [[40, 320], [50, 300], [55, 290], [50, 280], [40, 285], [35, 295], [35, 310]]}, {""poligono_xy"": [[450, 380], [470, 370], [495, 375], [515, 395], [510, 415], [480, 420], [455, 405]]}, {""poligono_xy"": [[680, 380], [700, 365], [725, 370], [745, 390], [740, 410], [715, 420], [690, 405]]}, {""poligono_xy"": [[260, 80], [275, 70], [290, 72], [300, 85], [295, 95], [275, 98], [265, 90]]}, {""poligono_xy"": [[550, 100], [570, 95], [590, 100], [600, 115], [590, 130], [565, 130], [550, 115]]}, {""poligono_xy"": [[120, 280], [140, 270], [160, 275], [175, 290], [170, 305], [145, 310], [125, 295]]}, {""poligono_xy"": [[780, 180], [800, 170], [820, 175], [835, 190], [830, 205], [805, 210], [785, 195]]}]","Imagem de microscopia de campo claro com células de formato predominantemente circular/oval, possivelmente leveduras, com baixo contraste e alguns detritos no fundo. A imagem apresenta ruído e algumas células estão ligeiramente fora de foco."
2022_03_21_11_09_08_65.bmp,C:\Users\sthem\OneDrive\Documentos\GitHub\master-2025\7-gemini\val\2022_03_21_11_09_08_65.bmp,"[{""poligono_xy"": [[92, 72], [112, 62], [128, 72], [122, 90], [98, 96], [82, 84]]}, {""poligono_xy"": [[78, 148], [96, 136], [118, 152], [112, 174], [84, 184], [66, 168]]}, {""poligono_xy"": [[480, 484], [500, 476], [520, 492], [516, 512], [492, 520], [472, 504]]}, {""poligono_xy"": [[488, 404], [504, 392], [524, 408], [520, 432], [496, 440], [476, 424]]}, {""poligono_xy"": [[688, 528], [712, 516], [736, 532], [732, 556], [704, 572], [676, 552]]}, {""poligono_xy"": [[700, 764], [724, 752], [752, 772], [752, 796], [728, 812], [696, 792]]}, {""poligono_xy"": [[852, 848], [876, 836], [900, 856], [896, 880], [868, 896], [840, 876]]}, {""poligono_xy"": [[140, 488], [160, 480], [176, 496], [172, 516], [152, 528], [132, 512]]}, {""poligono_xy"": [[284, 520], [308, 508], [332, 528], [328, 552], [300, 564], [272, 544]]}, {""poligono_xy"": [[448, 688], [472, 676], [496, 696], [488, 720], [460, 728], [436, 708]]}, {""poligono_xy"": [[592, 200], [612, 192], [632, 208], [624, 232], [600, 236], [576, 220]]}, {""poligono_xy"": [[132, 280], [156, 264], [184, 288], [176, 316], [148, 328], [116, 304]]}, {""poligono_xy"": [[88, 396], [108, 384], [132, 408], [124, 432], [96, 440], [72, 416]]}, {""poligono_xy"": [[280, 120], [296, 108], [316, 124], [312, 144], [288, 156], [264, 136]]}, {""poligono_xy"": [[724, 284], [748, 268], [776, 292], [768, 320], [740, 332], [712, 308]]}, {""poligono_xy"": [[868, 128], [888, 112], [912, 132], [908, 156], [884, 172], [856, 152]]}]","Imagem de microscopia de campo claro com células esféricas, possivelmente leveduras, em baixo contraste e com presença de artefatos. A imagem apresenta ruído e algumas células estão fora de foco."
2022_03_21_11_09_08_74.bmp,C:\Users\sthem\OneDrive\Documentos\GitHub\master-2025\7-gemini\val\2022_03_21_11_09_08_74.bmp,"[{""poligono_xy"": [[92, 78], [108, 72], [118, 82], [112, 94], [96, 98], [84, 90]]}, {""poligono_xy"": [[144, 100], [162, 96], [174, 108], [172, 126], [156, 134], [136, 124]]}, {""poligono_xy"": [[76, 140], [92, 134], [104, 146], [100, 160], [84, 166], [70, 156]]}, {""poligono_xy"": [[20, 184], [38, 174], [52, 188], [50, 208], [32, 218], [16, 204]]}, {""poligono_xy"": [[116, 224], [138, 218], [156, 234], [154, 254], [134, 262], [112, 248]]}, {""poligono_xy"": [[224, 248], [244, 240], [260, 256], [260, 272], [242, 282], [220, 270]]}, {""poligono_xy"": [[88, 296], [108, 288], [126, 304], [122, 322], [100, 330], [80, 318]]}, {""poligono_xy"": [[200, 356], [222, 348], [240, 364], [238, 382], [216, 392], [194, 378]]}, {""poligono_xy"": [[284, 388], [306, 380], [324, 398], [322, 416], [300, 426], [278, 410]]}, {""poligono_xy"": [[52, 432], [74, 424], [92, 442], [88, 462], [68, 470], [48, 454]]}, {""poligono_xy"": [[180, 468], [200, 458], [218, 476], [216, 496], [196, 504], [174, 488]]}, {""poligono_xy"": [[280, 500], [300, 490], [318, 508], [316, 528], [296, 538], [274, 522]]}, {""poligono_xy"": [[72, 552], [90, 542], [106, 558], [102, 578], [84, 586], [66, 570]]}, {""poligono_xy"": [[364, 572], [384, 564], [400, 580], [398, 598], [378, 608], [358, 592]]}, {""poligono_xy"": [[152, 612], [172, 602], [190, 620], [186, 640], [166, 648], [146, 632]]}]","Imagem de microscopia de campo claro com células esféricas, possivelmente leveduras, em baixa resolução e com baixo contraste. Presença de artefatos e detritos."
2022_03_21_11_09_08_83.bmp,C:\Users\sthem\OneDrive\Documentos\GitHub\master-2025\7-gemini\val\2022_03_21_11_09_08_83.bmp,"[{""poligono_xy"": [[240, 250], [260, 250], [260, 270], [240, 270]]}, {""poligono_xy"": [[40, 20], [60, 20], [60, 40], [40, 40]]}, {""poligono_xy"": [[100, 200], [130, 200], [130, 230], [100, 230]]}, {""poligono_xy"": [[40, 100], [70, 100], [70, 130], [40, 130]]}, {""poligono_xy"": [[200, 50], [220, 50], [220, 70], [200, 70]]}, {""poligono_xy"": [[580, 250], [600, 250], [600, 270], [580, 270]]}, {""poligono_xy"": [[700, 100], [730, 100], [730, 120], [700, 120]]}, {""poligono_xy"": [[450, 200], [480, 200], [480, 230], [450, 230]]}, {""poligono_xy"": [[550, 50], [580, 50], [580, 80], [550, 80]]}, {""poligono_xy"": [[650, 20], [680, 20], [680, 40], [650, 40]]}, {""poligono_xy"": [[300, 150], [330, 150], [330, 180], [300, 180]]}, {""poligono_xy"": [[70, 300], [100, 300], [100, 330], [70, 330]]}, {""poligono_xy"": [[500, 300], [530, 300], [530, 320], [500, 320]]}, {""poligono_xy"": [[110, 10], [140, 10], [140, 30], [110, 30]]}, {""poligono_xy"": [[350, 30], [370, 30], [370, 50], [350, 50]]}, {""poligono_xy"": [[50, 250], [80, 250], [80, 280], [50, 280]]}, {""poligono_xy"": [[550, 150], [580, 150], [580, 180], [550, 180]]}, {""poligono_xy"": [[280, 50], [310, 50], [310, 70], [280, 70]]}, {""poligono_xy"": [[750, 250], [780, 250], [780, 280], [750, 280]]}, {""poligono_xy"": [[680, 150], [700, 150], [700, 170], [680, 170]]}]","Imagem de microscopia de campo claro com células de formato variado, possivelmente leveduras ou bactérias, com baixo contraste e algumas sobreposições. A imagem apresenta ruído de fundo e alguns detritos."
2022_03_21_11_09_09_05.bmp,C:\Users\sthem\OneDrive\Documentos\GitHub\master-2025\7-gemini\val\2022_03_21_11_09_09_05.bmp,"[{""poligono_xy"": [[185, 220], [195, 210], [205, 210], [215, 220], [215, 235], [205, 245], [195, 245], [185, 235]]}, {""poligono_xy"": [[290, 50], [300, 45], [315, 45], [325, 55], [325, 70], [315, 80], [300, 80], [290, 70]]}, {""poligono_xy"": [[370, 270], [385, 260], [400, 260], [415, 275], [410, 290], [395, 300], [380, 300], [370, 285]]}, {""poligono_xy"": [[450, 75], [465, 65], [480, 65], [490, 75], [490, 90], [475, 100], [460, 100], [450, 90]]}, {""poligono_xy"": [[580, 90], [595, 80], [610, 80], [620, 90], [620, 105], [610, 115], [595, 115], [580, 105]]}, {""poligono_xy"": [[700, 20], [715, 15], [730, 15], [740, 25], [740, 40], [730, 50], [715, 50], [700, 40]]}, {""poligono_xy"": [[790, 280], [800, 270], [815, 270], [825, 280], [825, 295], [815, 305], [800, 305], [790, 295]]}, {""poligono_xy"": [[880, 900], [890, 890], [905, 890], [915, 900], [915, 915], [905, 925], [890, 925], [880, 915]]}]","Imagem de microscopia de campo claro com células esféricas, possivelmente leveduras ou células em suspensão, com baixo contraste e algumas sobrepostas. A imagem apresenta ruído de fundo e alguns detritos."
2022_03_21_11_09_09_19.bmp,C:\Users\sthem\OneDrive\Documentos\GitHub\master-2025\7-gemini\val\2022_03_21_11_09_09_19.bmp,"[{""poligono_xy"": [[42, 55], [55, 42], [70, 48], [78, 65], [65, 78], [50, 72]]}, {""poligono_xy"": [[108, 100], [125, 90], [140, 95], [150, 110], [140, 130], [120, 135]]}, {""poligono_xy"": [[130, 250], [150, 235], [170, 245], [180, 265], [165, 280], [140, 275]]}, {""poligono_xy"": [[200, 480], [220, 470], [240, 480], [250, 500], [230, 515], [205, 505]]}, {""poligono_xy"": [[280, 60], [295, 45], [315, 50], [330, 70], [315, 85], [290, 80]]}, {""poligono_xy"": [[350, 550], [370, 535], [390, 540], [405, 560], [390, 580], [365, 575]]}, {""poligono_xy"": [[420, 100], [440, 90], [460, 100], [470, 120], [455, 135], [430, 125]]}, {""poligono_xy"": [[480, 420], [500, 405], [520, 415], [530, 435], [515, 450], [490, 440]]}, {""poligono_xy"": [[550, 70], [570, 60], [590, 70], [600, 90], [580, 105], [555, 95]]}, {""poligono_xy"": [[620, 500], [640, 485], [660, 495], [670, 515], [650, 530], [625, 520]]}, {""poligono_xy"": [[700, 150], [720, 135], [740, 145], [750, 165], [730, 180], [705, 170]]}, {""poligono_xy"": [[780, 480], [800, 465], [815, 475], [825, 495], [810, 510], [785, 500]]}]",Imagem de microscopia de campo claro com células esféricas de baixo contraste em um fundo com ruído. Possível presença de debris.
2022_03_21_11_09_09_25.bmp,C:\Users\sthem\OneDrive\Documentos\GitHub\master-2025\7-gemini\val\2022_03_21_11_09_09_25.bmp,"[{""poligono_xy"": [[92, 72], [112, 62], [128, 72], [122, 90], [98, 96], [82, 84]]}, {""poligono_xy"": [[270, 268], [290, 260], [308, 270], [306, 290], [284, 300], [264, 292]]}, {""poligono_xy"": [[480, 48], [500, 40], [516, 50], [514, 70], [492, 80], [472, 72]]}, {""poligono_xy"": [[584, 270], [604, 262], [620, 272], [618, 292], [596, 300], [576, 290]]}, {""poligono_xy"": [[708, 504], [728, 500], [744, 512], [740, 530], [718, 538], [700, 528]]}, {""poligono_xy"": [[840, 88], [860, 80], [876, 90], [874, 110], [852, 120], [832, 112]]}, {""poligono_xy"": [[924, 516], [936, 504], [950, 510], [952, 530], [938, 540], [920, 530]]}, {""poligono_xy"": [[48, 300], [56, 284], [76, 292], [84, 312], [72, 324], [52, 318]]}, {""poligono_xy"": [[176, 520], [196, 516], [216, 532], [210, 552], [186, 558], [168, 544]]}, {""poligono_xy"": [[344, 44], [360, 36], [372, 48], [370, 68], [352, 76], [336, 64]]}, {""poligono_xy"": [[440, 364], [456, 356], [472, 368], [470, 388], [452, 396], [434, 384]]}, {""poligono_xy"": [[804, 388], [824, 380], [840, 392], [838, 412], [816, 420], [796, 408]]}, {""poligono_xy"": [[904, 212], [920, 204], [932, 216], [930, 236], [912, 244], [896, 232]]}]","Imagem de microscopia de campo claro com células de formato irregular, possivelmente leveduras ou bactérias, com baixo contraste e alguns detritos no fundo. A imagem apresenta um nível de ruído moderado."
2022_03_21_11_09_09_32.bmp,C:\Users\sthem\OneDrive\Documentos\GitHub\master-2025\7-gemini\val\2022_03_21_11_09_09_32.bmp,"[{""poligono_xy"": [[120, 50], [135, 45], [145, 55], [140, 70], [125, 75], [115, 65]]}, {""poligono_xy"": [[125, 120], [140, 115], [150, 125], [145, 140], [130, 145], [120, 135]]}, {""poligono_xy"": [[280, 100], [295, 95], [305, 105], [300, 120], [285, 125], [275, 115]]}, {""poligono_xy"": [[355, 60], [370, 55], [380, 65], [375, 80], [360, 85], [350, 75]]}, {""poligono_xy"": [[480, 20], [495, 15], [505, 25], [500, 40], [485, 45], [475, 35]]}, {""poligono_xy"": [[590, 80], [605, 75], [615, 85], [610, 100], [595, 105], [585, 95]]}, {""poligono_xy"": [[700, 150], [715, 145], [725, 155], [720, 170], [705, 175], [695, 165]]}, {""poligono_xy"": [[820, 200], [835, 195], [845, 205], [840, 220], [825, 225], [815, 215]]}, {""poligono_xy"": [[880, 80], [895, 75], [905, 85], [900, 100], [885, 105], [875, 95]]}, {""poligono_xy"": [[340, 180], [360, 170], [375, 190], [365, 210], [345, 200], [330, 190]]}, {""poligono_xy"": [[450, 220], [470, 210], [485, 230], [475, 250], [455, 240], [440, 230]]}, {""poligono_xy"": [[560, 150], [580, 140], [595, 160], [585, 180], [565, 170], [550, 160]]}]",Imagem de microscopia de campo claro com células esféricas de baixo contraste em diferentes planos focais. Possível presença de detritos e artefatos.
2022_03_21_11_09_09_40.bmp,C:\Users\sthem\OneDrive\Documentos\GitHub\master-2025\7-gemini\val\2022_03_21_11_09_09_40.bmp,"[{""poligono_xy"": [[180, 220], [195, 205], [210, 205], [220, 220], [215, 240], [185, 240]]}, {""poligono_xy"": [[50, 35], [65, 25], [80, 25], [95, 40], [90, 60], [60, 60]]}, {""poligono_xy"": [[50, 360], [70, 345], [90, 350], [100, 370], [85, 390], [55, 385]]}, {""poligono_xy"": [[130, 400], [150, 390], [170, 395], [180, 410], [165, 425], [140, 420]]}, {""poligono_xy"": [[190, 70], [205, 60], [225, 60], [240, 75], [230, 90], [200, 90]]}, {""poligono_xy"": [[280, 120], [295, 105], [315, 110], [325, 130], [310, 145], [285, 140]]}, {""poligono_xy"": [[355, 25], [375, 15], [395, 20], [405, 40], [385, 55], [360, 50]]}, {""poligono_xy"": [[450, 100], [470, 90], [490, 95], [505, 115], [490, 130], [460, 125]]}, {""poligono_xy"": [[550, 240], [570, 230], [590, 235], [600, 255], [580, 270], [555, 260]]}, {""poligono_xy"": [[620, 35], [640, 20], [665, 25], [680, 45], [665, 65], [630, 60]]}, {""poligono_xy"": [[690, 170], [710, 155], [730, 160], [740, 180], [725, 195], [700, 190]]}, {""poligono_xy"": [[750, 300], [770, 285], [790, 290], [805, 315], [785, 330], [760, 325]]}, {""poligono_xy"": [[820, 410], [840, 395], [860, 400], [870, 420], [850, 435], [825, 430]]}, {""poligono_xy"": [[880, 90], [900, 75], [920, 80], [930, 100], [910, 115], [885, 110]]}, {""poligono_xy"": [[50, 150], [60, 140], [75, 145], [85, 160], [70, 175], [55, 170]]}]",Imagem de microscopia de campo claro com células de formato aproximadamente circular. Baixo contraste e presença de artefatos. Possível amostra de células em suspensão.
2022_03_21_11_09_09_48.bmp,C:\Users\sthem\OneDrive\Documentos\GitHub\master-2025\7-gemini\val\2022_03_21_11_09_09_48.bmp,"[{""poligono_xy"": [[42, 52], [58, 42], [72, 47], [78, 62], [67, 75], [50, 70]]}, {""poligono_xy"": [[108, 135], [125, 122], [142, 128], [150, 145], [140, 160], [120, 155]]}, {""poligono_xy"": [[290, 305], [310, 295], [330, 300], [340, 320], [325, 340], [300, 330]]}, {""poligono_xy"": [[315, 450], [335, 435], [360, 445], [370, 470], [350, 485], [325, 475]]}, {""poligono_xy"": [[400, 555], [415, 540], [435, 545], [445, 565], [430, 580], [410, 570]]}, {""poligono_xy"": [[480, 65], [495, 50], [515, 55], [525, 75], [510, 90], [485, 80]]}, {""poligono_xy"": [[570, 220], [580, 200], [600, 205], [610, 225], [595, 245], [575, 235]]}, {""poligono_xy"": [[655, 800], [675, 785], [700, 795], [715, 820], [700, 840], [670, 830]]}, {""poligono_xy"": [[750, 705], [770, 690], [795, 700], [810, 725], [790, 745], [765, 735]]}, {""poligono_xy"": [[820, 880], [840, 860], [865, 870], [880, 895], [860, 915], [835, 905]]}, {""poligono_xy"": [[880, 280], [885, 255], [900, 235], [910, 245], [910, 270], [895, 290]]}, {""poligono_xy"": [[280, 780], [285, 755], [305, 740], [315, 760], [310, 785], [290, 800]]}, {""poligono_xy"": [[180, 620], [185, 600], [200, 585], [210, 600], [210, 630], [195, 645]]}]","Imagem de microscopia de campo claro com células de formato variado, possivelmente leveduras ou bactérias, com baixo contraste e alguma sobreposição. A imagem apresenta ruído de fundo e alguns detritos."
2022_03_21_11_09_09_65.bmp,C:\Users\sthem\OneDrive\Documentos\GitHub\master-2025\7-gemini\val\2022_03_21_11_09_09_65.bmp,"[{""poligono_xy"": [[78, 78], [92, 72], [100, 78], [102, 90], [95, 98], [82, 98], [75, 90]]}, {""poligono_xy"": [[450, 40], [465, 35], [480, 42], [485, 55], [472, 65], [455, 60]]}, {""poligono_xy"": [[45, 465], [60, 455], [72, 465], [78, 480], [65, 490], [50, 485]]}, {""poligono_xy"": [[920, 900], [940, 895], [955, 905], [960, 920], [945, 935], [925, 930]]}, {""poligono_xy"": [[400, 580], [415, 570], [430, 575], [440, 590], [430, 605], [410, 600]]}, {""poligono_xy"": [[600, 200], [610, 190], [620, 195], [625, 205], [615, 215], [605, 210]]}, {""poligono_xy"": [[780, 620], [795, 610], [810, 615], [815, 630], [800, 640], [785, 635]]}, {""poligono_xy"": [[280, 480], [290, 470], [305, 475], [315, 490], [305, 505], [285, 500]]}, {""poligono_xy"": [[405, 405], [420, 400], [430, 410], [430, 425], [415, 435], [400, 425]]}, {""poligono_xy"": [[480, 880], [495, 870], [510, 880], [515, 900], [500, 910], [480, 900]]}, {""poligono_xy"": [[120, 220], [140, 210], [155, 225], [150, 245], [130, 255], [115, 240]]}, {""poligono_xy"": [[850, 280], [865, 265], [880, 275], [885, 295], [870, 310], [855, 300]]}, {""poligono_xy"": [[390, 805], [405, 795], [420, 800], [425, 815], [410, 825], [395, 820]]}]","Imagem de microscopia de campo claro com células de formato variado, possivelmente leveduras ou bactérias, com baixo contraste e alguns detritos no fundo. A imagem apresenta um nível de ruído que dificulta a segmentação precisa."
