nome_da_imagem,caminho_da_imagem,coordenadas_poligonos,descricao_imagem
2022_03_21_11_02_58_05.bmp,C:\Users\sthem\OneDrive\Documentos\GitHub\master-2025\7-gemini\train\2022_03_21_11_02_58_05.bmp,[],"Imagem microscópica em escala de cinza mostrando diversas células, possivelmente leveduras, em diferentes focos. A imagem possui um fundo relativamente uniforme e as células parecem estar dispersas."
2022_03_21_11_02_58_14.bmp,C:\Users\sthem\OneDrive\Documentos\GitHub\master-2025\7-gemini\train\2022_03_21_11_02_58_14.bmp,[],"Imagem microscópica em escala de cinza de células, possivelmente leveduras ou bactérias, com diferentes graus de foco. A imagem apresenta um fundo relativamente limpo com algumas pequenas partículas e detritos."
2022_03_21_11_02_58_22.bmp,C:\Users\sthem\OneDrive\Documentos\GitHub\master-2025\7-gemini\train\2022_03_21_11_02_58_22.bmp,[],"Imagem microscópica em escala de cinza de células, possivelmente leveduras, com diferentes graus de foco. A imagem apresenta um fundo relativamente limpo."
2022_03_21_11_02_58_31.bmp,C:\Users\sthem\OneDrive\Documentos\GitHub\master-2025\7-gemini\train\2022_03_21_11_02_58_31.bmp,[],"Imagem microscópica em escala de cinza de células, possivelmente hemácias, com foco variável. Algumas células aparecem ligeiramente fora de foco."
2022_03_21_11_02_58_39.bmp,C:\Users\sthem\OneDrive\Documentos\GitHub\master-2025\7-gemini\train\2022_03_21_11_02_58_39.bmp,ERRO,Expecting value: line 1 column 1 (char 0)
2022_03_21_11_02_58_47.bmp,C:\Users\sthem\OneDrive\Documentos\GitHub\master-2025\7-gemini\train\2022_03_21_11_02_58_47.bmp,[],"Imagem microscópica em escala de cinza mostrando pequenas células circulares, possivelmente leveduras ou bactérias, em diferentes níveis de foco. A qualidade da imagem é razoável, mas algumas células estão desfocadas."
2022_03_21_11_02_58_56.bmp,C:\Users\sthem\OneDrive\Documentos\GitHub\master-2025\7-gemini\train\2022_03_21_11_02_58_56.bmp,[],"Imagem microscópica em escala de cinza de células, possivelmente leveduras, com diferentes graus de foco. A imagem apresenta um fundo relativamente uniforme e vários objetos circulares de tamanhos variados, sugestivos de células individuais ou aglomerados."
2022_03_21_11_02_58_64.bmp,C:\Users\sthem\OneDrive\Documentos\GitHub\master-2025\7-gemini\train\2022_03_21_11_02_58_64.bmp,[],"Imagem microscópica em escala de cinza de células, possivelmente em suspensão, com diferentes níveis de foco. A imagem apresenta um fundo relativamente uniforme e as células parecem ser circulares ou ovais."
2022_03_21_11_02_58_72.bmp,C:\Users\sthem\OneDrive\Documentos\GitHub\master-2025\7-gemini\train\2022_03_21_11_02_58_72.bmp,[],"Imagem microscópica em escala de cinza de células, possivelmente hemácias, com diferentes níveis de foco. A imagem apresenta um fundo relativamente uniforme e as células parecem ser circulares ou ovais."
2022_03_21_11_02_58_89.bmp,C:\Users\sthem\OneDrive\Documentos\GitHub\master-2025\7-gemini\train\2022_03_21_11_02_58_89.bmp,[],"Imagem microscópica em escala de cinza de células, possivelmente leveduras ou bactérias, em diferentes níveis de foco. A imagem apresenta alguns artefatos e detritos."
2022_03_21_11_02_58_98.bmp,C:\Users\sthem\OneDrive\Documentos\GitHub\master-2025\7-gemini\train\2022_03_21_11_02_58_98.bmp,[],"Imagem microscópica em escala de cinza mostrando células, possivelmente leveduras, em diferentes níveis de foco. A qualidade da imagem é razoável, mas algumas células estão fora de foco."
2022_03_21_11_02_59_14.bmp,C:\Users\sthem\OneDrive\Documentos\GitHub\master-2025\7-gemini\train\2022_03_21_11_02_59_14.bmp,[],"Imagem microscópica em escala de cinza mostrando diversas células, possivelmente leveduras, em diferentes níveis de foco. A qualidade da imagem é razoável, mas algumas células estão desfocadas."
2022_03_21_11_02_59_23.bmp,C:\Users\sthem\OneDrive\Documentos\GitHub\master-2025\7-gemini\train\2022_03_21_11_02_59_23.bmp,[],"Imagem microscópica em escala de cinza mostrando diversas células, possivelmente leveduras, com algumas apresentando formato oval e outras circular. A imagem possui um fundo relativamente uniforme e algumas pequenas partículas, possivelmente detritos ou outras células menores, estão presentes. A qualidade da imagem é razoável, com foco adequado nas células maiores."
2022_03_21_11_02_59_32.bmp,C:\Users\sthem\OneDrive\Documentos\GitHub\master-2025\7-gemini\train\2022_03_21_11_02_59_32.bmp,[],"Imagem microscópica em escala de cinza de células, possivelmente leveduras ou bactérias, com diferentes níveis de foco. A imagem apresenta algumas pequenas partículas e artefatos."
2022_03_21_11_02_59_40.bmp,C:\Users\sthem\OneDrive\Documentos\GitHub\master-2025\7-gemini\train\2022_03_21_11_02_59_40.bmp,[],"Imagem microscópica em escala de cinza de células, possivelmente leveduras ou células sanguíneas, com diferentes graus de foco. A imagem apresenta um fundo relativamente uniforme e as células parecem ser circulares ou ovais."
2022_03_21_11_02_59_48.bmp,C:\Users\sthem\OneDrive\Documentos\GitHub\master-2025\7-gemini\train\2022_03_21_11_02_59_48.bmp,[],"Imagem microscópica em escala de cinza mostrando células de formato oval, possivelmente leveduras ou bactérias, em diferentes níveis de foco. A qualidade da imagem é razoável, mas algumas células estão desfocadas."
2022_03_21_11_02_59_57.bmp,C:\Users\sthem\OneDrive\Documentos\GitHub\master-2025\7-gemini\train\2022_03_21_11_02_59_57.bmp,[],"Imagem microscópica em escala de cinza mostrando diversas células, possivelmente leveduras, em diferentes planos focais. A imagem apresenta um fundo relativamente uniforme e as células exibem variação morfológica, com algumas aparentando formato oval e outras mais circular. A qualidade da imagem é razoável, mas algumas células estão fora de foco."
2022_03_21_11_02_59_65.bmp,C:\Users\sthem\OneDrive\Documentos\GitHub\master-2025\7-gemini\train\2022_03_21_11_02_59_65.bmp,[],"Imagem microscópica em escala de cinza de células, possivelmente leveduras ou bactérias, com diferentes graus de foco. A imagem apresenta um fundo relativamente uniforme e vários pequenos objetos circulares e ovais, sugestivos de células individuais. A qualidade da imagem é razoável, mas algumas células estão fora de foco."
2022_03_21_11_02_59_73.bmp,C:\Users\sthem\OneDrive\Documentos\GitHub\master-2025\7-gemini\train\2022_03_21_11_02_59_73.bmp,[],"Imagem microscópica em tons de cinza mostrando várias células de levedura, possivelmente Saccharomyces cerevisiae, em diferentes níveis de foco. A imagem apresenta um fundo relativamente uniforme e as células parecem estar dispersas aleatoriamente."
2022_03_21_11_02_59_82.bmp,C:\Users\sthem\OneDrive\Documentos\GitHub\master-2025\7-gemini\train\2022_03_21_11_02_59_82.bmp,[],"Imagem microscópica em escala de cinza de células, possivelmente leveduras ou bactérias, com diferentes graus de foco. A imagem apresenta um fundo relativamente limpo."
2022_03_21_11_02_59_90.bmp,C:\Users\sthem\OneDrive\Documentos\GitHub\master-2025\7-gemini\train\2022_03_21_11_02_59_90.bmp,[],"Imagem em escala de cinza de células, possivelmente hemácias, com diferentes níveis de foco. A imagem apresenta um fundo relativamente uniforme."
2022_03_21_11_02_59_98.bmp,C:\Users\sthem\OneDrive\Documentos\GitHub\master-2025\7-gemini\train\2022_03_21_11_02_59_98.bmp,[],"Imagem microscópica em escala de cinza de células, possivelmente leveduras, com diferentes níveis de foco. A imagem apresenta algumas partículas menores que podem ser detritos ou células menores."
2022_03_21_11_03_00_36.bmp,C:\Users\sthem\OneDrive\Documentos\GitHub\master-2025\7-gemini\train\2022_03_21_11_03_00_36.bmp,[],"Imagem microscópica em escala de cinza mostrando diversas células, possivelmente leveduras, com diferentes morfologias e tamanhos. A imagem apresenta um fundo uniforme e as células estão dispersas, algumas apresentando formato ovalado e outras alongado. A qualidade da imagem é razoável, permitindo a visualização das células, porém com alguma perda de nitidez."
2022_03_21_11_03_00_42.bmp,C:\Users\sthem\OneDrive\Documentos\GitHub\master-2025\7-gemini\train\2022_03_21_11_03_00_42.bmp,[],"Imagem microscópica em escala de cinza mostrando diversas células, possivelmente leveduras, com diferentes graus de foco. A imagem apresenta um fundo relativamente uniforme."
2022_03_21_11_03_00_49.bmp,C:\Users\sthem\OneDrive\Documentos\GitHub\master-2025\7-gemini\train\2022_03_21_11_03_00_49.bmp,[],"Imagem microscópica em escala de cinza de células, possivelmente leveduras, com diferentes focos. A imagem apresenta um fundo relativamente uniforme."
2022_03_21_11_03_00_57.bmp,C:\Users\sthem\OneDrive\Documentos\GitHub\master-2025\7-gemini\train\2022_03_21_11_03_00_57.bmp,[],"Imagem em escala de cinza de células, possivelmente leveduras ou bactérias, em diferentes focos. A imagem apresenta um fundo relativamente uniforme com vários objetos circulares e alguns alongados de tamanhos variados."
2022_03_21_11_03_00_65.bmp,C:\Users\sthem\OneDrive\Documentos\GitHub\master-2025\7-gemini\train\2022_03_21_11_03_00_65.bmp,[],"Imagem em escala de cinza de células, possivelmente leveduras ou algum tipo de organismo unicelular, em microscopia óptica. A imagem apresenta baixo contraste e as células têm forma aproximadamente circular/oval. A qualidade da imagem é razoável, mas poderia ser melhorada com um foco mais nítido."
2022_03_21_11_03_00_73.bmp,C:\Users\sthem\OneDrive\Documentos\GitHub\master-2025\7-gemini\train\2022_03_21_11_03_00_73.bmp,[],"Imagem microscópica em escala de cinza com múltiplas células de formato aproximadamente circular, possivelmente leveduras, em diferentes níveis de foco. A qualidade da imagem é razoável, mas algumas células estão desfocadas."
2022_03_21_11_03_00_82.bmp,C:\Users\sthem\OneDrive\Documentos\GitHub\master-2025\7-gemini\train\2022_03_21_11_03_00_82.bmp,[],"Imagem microscópica em escala de cinza mostrando diversas células ovais, possivelmente hemácias, em diferentes níveis de foco. A imagem apresenta um fundo relativamente uniforme e poucas impurezas visíveis."
2022_03_21_11_03_00_90.bmp,C:\Users\sthem\OneDrive\Documentos\GitHub\master-2025\7-gemini\train\2022_03_21_11_03_00_90.bmp,[],"Imagem microscópica em escala de cinza mostrando células, possivelmente leveduras, com diferentes graus de foco. Algumas células parecem estar em divisão."
2022_03_21_11_03_00_98.bmp,C:\Users\sthem\OneDrive\Documentos\GitHub\master-2025\7-gemini\train\2022_03_21_11_03_00_98.bmp,[],"Imagem microscópica em escala de cinza de células, possivelmente hemácias, com diferentes níveis de foco. A imagem apresenta algum ruído de fundo."
2022_03_21_11_03_01_07.bmp,C:\Users\sthem\OneDrive\Documentos\GitHub\master-2025\7-gemini\train\2022_03_21_11_03_01_07.bmp,[],"Imagem microscópica em escala de cinza mostrando diversas células, possivelmente leveduras, em diferentes níveis de foco. A qualidade da imagem é razoável, mas algumas células estão fora de foco."
2022_03_21_11_03_01_15.bmp,C:\Users\sthem\OneDrive\Documentos\GitHub\master-2025\7-gemini\train\2022_03_21_11_03_01_15.bmp,[],"Imagem microscópica em escala de cinza de células, possivelmente hemácias, em diferentes níveis de foco. A qualidade da imagem é razoável, mas algumas células estão desfocadas."
2022_03_21_11_03_01_23.bmp,C:\Users\sthem\OneDrive\Documentos\GitHub\master-2025\7-gemini\train\2022_03_21_11_03_01_23.bmp,[],"Imagem microscópica em escala de cinza de células, possivelmente leveduras ou bactérias, com diferentes morfologias e tamanhos. A qualidade da imagem é razoável, com algum desfoque presente."
2022_03_21_11_03_01_32.bmp,C:\Users\sthem\OneDrive\Documentos\GitHub\master-2025\7-gemini\train\2022_03_21_11_03_01_32.bmp,[],"Imagem em escala de cinza de células, possivelmente leveduras ou algum tipo de organismo unicelular, com diferentes graus de foco. A imagem apresenta um fundo relativamente uniforme."
2022_03_21_11_03_01_40.bmp,C:\Users\sthem\OneDrive\Documentos\GitHub\master-2025\7-gemini\train\2022_03_21_11_03_01_40.bmp,[],"Imagem em escala de cinza de células, possivelmente hemácias, em diferentes níveis de foco. A qualidade da imagem é razoável, permitindo a visualização das estruturas celulares principais."
2022_03_21_11_03_01_57.bmp,C:\Users\sthem\OneDrive\Documentos\GitHub\master-2025\7-gemini\train\2022_03_21_11_03_01_57.bmp,[],"Imagem microscópica em escala de cinza de células, possivelmente leveduras ou bactérias, com diferentes graus de foco. A imagem apresenta um fundo relativamente uniforme."
2022_03_21_11_03_01_70.bmp,C:\Users\sthem\OneDrive\Documentos\GitHub\master-2025\7-gemini\train\2022_03_21_11_03_01_70.bmp,[],"Imagem microscópica em escala de cinza mostrando diversas células, possivelmente leveduras, com algumas exibindo formato ovalado e outras com formato mais alongado, semelhante a bastonetes. A imagem apresenta um fundo relativamente uniforme e baixo contraste, com algumas pequenas partículas e detritos visíveis. A qualidade da imagem é razoável, mas a resolução e o foco poderiam ser melhores para uma análise mais precisa da morfologia celular."
2022_03_21_11_03_01_77.bmp,C:\Users\sthem\OneDrive\Documentos\GitHub\master-2025\7-gemini\train\2022_03_21_11_03_01_77.bmp,[],"Imagem microscópica em escala de cinza de células, possivelmente leveduras, com diferentes níveis de foco. A imagem apresenta um fundo relativamente uniforme e as células parecem ser circulares ou ovais."
2022_03_21_11_03_01_84.bmp,C:\Users\sthem\OneDrive\Documentos\GitHub\master-2025\7-gemini\train\2022_03_21_11_03_01_84.bmp,[],"Imagem em escala de cinza de células, possivelmente em microscopia de campo claro. A imagem apresenta várias células circulares de diferentes tamanhos e intensidades, algumas com uma aparência anelar. A qualidade da imagem é razoável, mas ligeiramente desfocada."
2022_03_21_11_03_01_90.bmp,C:\Users\sthem\OneDrive\Documentos\GitHub\master-2025\7-gemini\train\2022_03_21_11_03_01_90.bmp,"[{""poligono_xy"": [[75, 55], [90, 45], [100, 50], [90, 60], [75, 60]]}, {""poligono_xy"": [[45, 255], [65, 245], [85, 260], [70, 280], [50, 285]]}, {""poligono_xy"": [[140, 85], [155, 75], [170, 90], [155, 100], [140, 90]]}, {""poligono_xy"": [[230, 250], [250, 240], [260, 250], [255, 265], [235, 270]]}, {""poligono_xy"": [[360, 370], [370, 365], [380, 370], [375, 380], [365, 380]]}, {""poligono_xy"": [[430, 440], [440, 430], [455, 440], [450, 460], [435, 460]]}, {""poligono_xy"": [[240, 80], [250, 70], [260, 75], [260, 90], [245, 90]]}, {""poligono_xy"": [[350, 65], [360, 55], [380, 60], [380, 75], [360, 80]]}, {""poligono_xy"": [[475, 70], [485, 60], [500, 70], [490, 80], [480, 80]]}]",Imagem microscópica em escala de cinza com baixa resolução mostrando possíveis leveduras e algumas bactérias em forma de bastonete. A imagem está ligeiramente fora de foco.
2022_03_21_11_03_02_11.bmp,C:\Users\sthem\OneDrive\Documentos\GitHub\master-2025\7-gemini\train\2022_03_21_11_03_02_11.bmp,[],"Imagem microscópica em escala de cinza mostrando diversas células, possivelmente leveduras, com algumas em foco e outras fora de foco. A qualidade da imagem é razoável, mas a falta de foco em algumas áreas dificulta a segmentação precisa."
2022_03_21_11_03_02_17.bmp,C:\Users\sthem\OneDrive\Documentos\GitHub\master-2025\7-gemini\train\2022_03_21_11_03_02_17.bmp,"[{""poligono_xy"": [[220, 180], [240, 170], [260, 180], [260, 200], [240, 210], [220, 200]]}, {""poligono_xy"": [[350, 20], [370, 20], [370, 35], [350, 35]]}, {""poligono_xy"": [[550, 440], [570, 450], [580, 470], [570, 490], [550, 480], [540, 460]]}, {""poligono_xy"": [[880, 550], [920, 540], [940, 560], [930, 590], [900, 600], [870, 580]]}, {""poligono_xy"": [[840, 880], [860, 870], [880, 880], [890, 900], [870, 910], [850, 900]]}, {""poligono_xy"": [[710, 910], [740, 900], [760, 920], [750, 940], [720, 950], [700, 930]]}, {""poligono_xy"": [[900, 910], [920, 910], [920, 930], [900, 930]]}, {""poligono_xy"": [[450, 550], [470, 540], [490, 560], [480, 580], [460, 580], [450, 570]]}, {""poligono_xy"": [[390, 670], [410, 660], [420, 680], [400, 690]]}, {""poligono_xy"": [[230, 780], [260, 780], [270, 800], [250, 810], [220, 800]]}, {""poligono_xy"": [[560, 570], [580, 565], [590, 580], [580, 595], [560, 590]]}, {""poligono_xy"": [[50, 40], [65, 30], [75, 45], [65, 60], [50, 50]]}, {""poligono_xy"": [[40, 220], [50, 210], [60, 230], [50, 240], [30, 230]]}]","Imagem microscópica em escala de cinza mostrando células de levedura, possivelmente Saccharomyces cerevisiae, com algumas em brotamento. A imagem tem um fundo relativamente uniforme e as células apresentam diferentes níveis de foco."
2022_03_21_11_03_02_31.bmp,C:\Users\sthem\OneDrive\Documentos\GitHub\master-2025\7-gemini\train\2022_03_21_11_03_02_31.bmp,[],"Imagem microscópica em escala de cinza de células, possivelmente leveduras ou bactérias, em diferentes focos. A qualidade da imagem é razoável, mas a baixa resolução e o contraste dificultam a delineação precisa das células."
2022_03_21_11_03_02_39.bmp,C:\Users\sthem\OneDrive\Documentos\GitHub\master-2025\7-gemini\train\2022_03_21_11_03_02_39.bmp,[],"Imagem microscópica em escala de cinza mostrando uma variedade de células, possivelmente leveduras e bactérias, com diferentes morfologias e tamanhos. A qualidade da imagem é razoável, mas algumas células estão fora de foco."
2022_03_21_11_03_02_47.bmp,C:\Users\sthem\OneDrive\Documentos\GitHub\master-2025\7-gemini\train\2022_03_21_11_03_02_47.bmp,"[{""poligono_xy"": [[70, 270], [90, 240], [120, 230], [140, 240], [160, 270], [140, 300], [120, 310], [90, 300]]}, {""poligono_xy"": [[100, 410], [120, 390], [150, 385], [170, 395], [180, 415], [170, 435], [150, 440], [120, 430]]}, {""poligono_xy"": [[40, 490], [60, 470], [90, 470], [110, 490], [90, 510], [60, 510]]}, {""poligono_xy"": [[440, 80], [470, 60], [500, 60], [520, 80], [500, 100], [470, 100]]}, {""poligono_xy"": [[200, 120], [230, 100], [260, 100], [280, 120], [260, 140], [230, 140]]}, {""poligono_xy"": [[360, 110], [380, 90], [400, 90], [420, 110], [400, 130], [380, 130]]}, {""poligono_xy"": [[110, 580], [130, 560], [160, 560], [180, 580], [160, 600], [130, 600]]}, {""poligono_xy"": [[590, 150], [620, 130], [650, 130], [670, 150], [650, 170], [620, 170]]}, {""poligono_xy"": [[660, 580], [690, 560], [720, 560], [740, 580], [720, 600], [690, 600]]}, {""poligono_xy"": [[570, 450], [590, 430], [610, 430], [630, 450], [610, 470], [590, 470]]}, {""poligono_xy"": [[350, 420], [370, 400], [400, 400], [420, 420], [400, 440], [370, 440]]}, {""poligono_xy"": [[510, 600], [540, 580], [570, 580], [590, 600], [570, 620], [540, 620]]}, {""poligono_xy"": [[550, 290], [580, 270], [610, 270], [630, 290], [610, 310], [580, 310]]}, {""poligono_xy"": [[700, 330], [730, 310], [750, 310], [770, 330], [750, 350], [730, 350]]}]","Imagem microscópica em tons de cinza de células, possivelmente leveduras, com foco variável."
2022_03_21_11_03_02_56.bmp,C:\Users\sthem\OneDrive\Documentos\GitHub\master-2025\7-gemini\train\2022_03_21_11_03_02_56.bmp,[],"Imagem microscópica em escala de cinza de células, possivelmente leveduras, com diferentes morfologias e tamanhos. A imagem apresenta um fundo relativamente uniforme e as células estão dispersas. A qualidade da imagem é razoável, mas algumas células estão ligeiramente desfocadas."
2022_03_21_11_03_02_72.bmp,C:\Users\sthem\OneDrive\Documentos\GitHub\master-2025\7-gemini\train\2022_03_21_11_03_02_72.bmp,[],"Imagem em escala de cinza de células, possivelmente hemácias, em baixa resolução e com foco variável."
2022_03_21_11_03_02_81.bmp,C:\Users\sthem\OneDrive\Documentos\GitHub\master-2025\7-gemini\train\2022_03_21_11_03_02_81.bmp,[],"Imagem microscópica em escala de cinza de células, possivelmente leveduras ou células sanguíneas, com diferentes graus de foco. A imagem apresenta alguns artefatos e ruído."
2022_03_21_11_03_02_89.bmp,C:\Users\sthem\OneDrive\Documentos\GitHub\master-2025\7-gemini\train\2022_03_21_11_03_02_89.bmp,[],"Imagem microscópica em escala de cinza de células, possivelmente leveduras, com diferentes graus de foco. A imagem apresenta um fundo relativamente uniforme e as células aparentam ser circulares ou ovais."
2022_03_21_11_03_02_97.bmp,C:\Users\sthem\OneDrive\Documentos\GitHub\master-2025\7-gemini\train\2022_03_21_11_03_02_97.bmp,[],"Imagem microscópica em escala de cinza de células, possivelmente leveduras, em diferentes focos. A qualidade da imagem é razoável, mas a falta de nitidez em algumas áreas dificulta a segmentação precisa."
2022_03_21_11_03_03_06.bmp,C:\Users\sthem\OneDrive\Documentos\GitHub\master-2025\7-gemini\train\2022_03_21_11_03_03_06.bmp,[],"Imagem em escala de cinza de células, possivelmente leveduras ou bactérias, em diferentes níveis de foco. A imagem parece ser uma micrografia óptica."
2022_03_21_11_03_03_14.bmp,C:\Users\sthem\OneDrive\Documentos\GitHub\master-2025\7-gemini\train\2022_03_21_11_03_03_14.bmp,[],"Imagem microscópica em escala de cinza de células, possivelmente leveduras ou algum outro tipo de microorganismo unicelular. A imagem apresenta um fundo relativamente uniforme e as células estão dispersas e fora de foco."
2022_03_21_11_03_03_23.bmp,C:\Users\sthem\OneDrive\Documentos\GitHub\master-2025\7-gemini\train\2022_03_21_11_03_03_23.bmp,[],"Imagem microscópica em escala de cinza mostrando células, possivelmente hemácias e outros componentes sanguíneos, com diferentes níveis de foco."
2022_03_21_11_03_03_31.bmp,C:\Users\sthem\OneDrive\Documentos\GitHub\master-2025\7-gemini\train\2022_03_21_11_03_03_31.bmp,[],"Imagem microscópica em escala de cinza de células, possivelmente hemácias, com diferentes níveis de foco. A imagem apresenta alguns artefatos e ruído."
2022_03_21_11_03_03_40.bmp,C:\Users\sthem\OneDrive\Documentos\GitHub\master-2025\7-gemini\train\2022_03_21_11_03_03_40.bmp,[],"Imagem microscópica em escala de cinza de células, possivelmente leveduras ou bactérias, com diferentes níveis de foco. A imagem apresenta um fundo relativamente uniforme e vários pequenos objetos escuros de formato oval ou circular, sugestivos de células individuais. A qualidade da imagem é razoável, mas algumas células estão fora de foco."
2022_03_21_11_03_03_48.bmp,C:\Users\sthem\OneDrive\Documentos\GitHub\master-2025\7-gemini\train\2022_03_21_11_03_03_48.bmp,[],"Imagem microscópica em escala de cinza de células, possivelmente leveduras ou bactérias, com diferentes graus de foco. A imagem apresenta um fundo relativamente uniforme."
2022_03_21_11_03_03_56.bmp,C:\Users\sthem\OneDrive\Documentos\GitHub\master-2025\7-gemini\train\2022_03_21_11_03_03_56.bmp,[],"Imagem microscópica em escala de cinza de células, possivelmente leveduras, com diferentes graus de foco. A imagem apresenta um fundo relativamente uniforme."
2022_03_21_11_03_03_65.bmp,C:\Users\sthem\OneDrive\Documentos\GitHub\master-2025\7-gemini\train\2022_03_21_11_03_03_65.bmp,[],"Imagem microscópica em escala de cinza de células, possivelmente leveduras, com diferentes graus de foco. A imagem apresenta um fundo relativamente uniforme."
2022_03_21_11_03_03_73.bmp,C:\Users\sthem\OneDrive\Documentos\GitHub\master-2025\7-gemini\train\2022_03_21_11_03_03_73.bmp,"[{""poligono_xy"": [[54, 50], [62, 44], [76, 48], [72, 58], [62, 62]]}, {""poligono_xy"": [[250, 52], [256, 46], [266, 44], [274, 50], [272, 62], [262, 64], [254, 60]]}, {""poligono_xy"": [[908, 908], [918, 900], [932, 906], [930, 920], [916, 924]]}, {""poligono_xy"": [[48, 306], [58, 294], [74, 300], [68, 314], [54, 318]]}, {""poligono_xy"": [[186, 450], [200, 434], [222, 446], [218, 470], [196, 478]]}, {""poligono_xy"": [[262, 488], [278, 474], [300, 488], [296, 508], [278, 508]]}, {""poligono_xy"": [[748, 536], [766, 520], [792, 530], [788, 550], [764, 556]]}, {""poligono_xy"": [[878, 786], [888, 778], [902, 782], [900, 796], [888, 800]]}, {""poligono_xy"": [[20, 756], [24, 746], [36, 750], [34, 762], [22, 766]]}, {""poligono_xy"": [[926, 52], [940, 42], [956, 48], [956, 64], [944, 70]]}, {""poligono_xy"": [[820, 820], [840, 812], [862, 830], [852, 852], [826, 848]]}]","Imagem microscópica em escala de cinza de células, possivelmente leveduras ou bactérias, em diferentes formas e tamanhos. A qualidade da imagem é razoável, mas com algum ruído de fundo."
2022_03_21_11_03_03_82.bmp,C:\Users\sthem\OneDrive\Documentos\GitHub\master-2025\7-gemini\train\2022_03_21_11_03_03_82.bmp,[],"Imagem microscópica em escala de cinza mostrando diversas células circulares, possivelmente leveduras ou células sanguíneas, em um fundo relativamente uniforme. A imagem apresenta uma resolução moderada e um contraste razoável, permitindo a visualização das células. Algumas células parecem estar ligeiramente fora de foco."
2022_03_21_11_03_03_90.bmp,C:\Users\sthem\OneDrive\Documentos\GitHub\master-2025\7-gemini\train\2022_03_21_11_03_03_90.bmp,[],"Imagem microscópica em tons de cinza mostrando células, possivelmente leveduras, com diferentes graus de foco. A imagem apresenta um fundo relativamente uniforme."
2022_03_21_11_03_04_05.bmp,C:\Users\sthem\OneDrive\Documentos\GitHub\master-2025\7-gemini\train\2022_03_21_11_03_04_05.bmp,[],"Imagem microscópica em escala de cinza de células, possivelmente leveduras, com diferentes graus de foco. A imagem apresenta um fundo relativamente uniforme."
2022_03_21_11_03_04_13.bmp,C:\Users\sthem\OneDrive\Documentos\GitHub\master-2025\7-gemini\train\2022_03_21_11_03_04_13.bmp,"[{""poligono_xy"": [[145, 110], [170, 100], [190, 110], [195, 135], [175, 150], [140, 140]]}, {""poligono_xy"": [[290, 270], [310, 260], [335, 280], [340, 310], [310, 325], [285, 310]]}, {""poligono_xy"": [[465, 280], [490, 265], [515, 285], [525, 315], [500, 330], [465, 315]]}, {""poligono_xy"": [[605, 90], [630, 80], [660, 100], [670, 125], [645, 140], [615, 125]]}, {""poligono_xy"": [[700, 220], [725, 200], [750, 220], [760, 250], [735, 270], [705, 255]]}, {""poligono_xy"": [[850, 850], [875, 835], [900, 850], [910, 880], [885, 895], [855, 880]]}, {""poligono_xy"": [[45, 255], [60, 235], [85, 260], [90, 290], [65, 310], [45, 290]]}]","Imagem microscópica em escala de cinza de células, possivelmente células sanguíneas, com diferentes níveis de foco. A imagem apresenta um fundo relativamente uniforme."
2022_03_21_11_03_04_19.bmp,C:\Users\sthem\OneDrive\Documentos\GitHub\master-2025\7-gemini\train\2022_03_21_11_03_04_19.bmp,[],"Imagem microscópica em tons de cinza mostrando diversas células, possivelmente leveduras, com diferentes morfologias e tamanhos. A imagem está ligeiramente desfocada, dificultando a segmentação precisa das células."
2022_03_21_11_03_04_26.bmp,C:\Users\sthem\OneDrive\Documentos\GitHub\master-2025\7-gemini\train\2022_03_21_11_03_04_26.bmp,[],"Imagem microscópica em escala de cinza de células, possivelmente leveduras ou bactérias, em diferentes níveis de foco. A imagem apresenta um fundo relativamente uniforme e as células parecem ter uma forma variada, algumas ovais e outras mais alongadas."
2022_03_21_11_03_04_33.bmp,C:\Users\sthem\OneDrive\Documentos\GitHub\master-2025\7-gemini\train\2022_03_21_11_03_04_33.bmp,[],"Imagem microscópica em escala de cinza mostrando diversas células, possivelmente leveduras, em diferentes estágios de brotamento. A imagem apresenta um fundo relativamente uniforme e as células exibem diferentes níveis de contraste."
2022_03_21_11_03_04_46.bmp,C:\Users\sthem\OneDrive\Documentos\GitHub\master-2025\7-gemini\train\2022_03_21_11_03_04_46.bmp,[],"Imagem em escala de cinza de células, possivelmente leveduras, em diferentes níveis de foco. A imagem apresenta um fundo relativamente uniforme com algumas pequenas partículas, além das células mais proeminentes."
2022_03_21_11_03_04_52.bmp,C:\Users\sthem\OneDrive\Documentos\GitHub\master-2025\7-gemini\train\2022_03_21_11_03_04_52.bmp,[],"Imagem microscópica em tons de cinza mostrando células circulares, possivelmente leveduras ou algum tipo de célula sanguínea, dispersas em um meio líquido. A imagem possui resolução moderada e um contraste razoável, permitindo a visualização das células."
2022_03_21_11_03_04_60.bmp,C:\Users\sthem\OneDrive\Documentos\GitHub\master-2025\7-gemini\train\2022_03_21_11_03_04_60.bmp,[],"Imagem microscópica em escala de cinza de células, possivelmente leveduras, com diferentes graus de foco. A imagem apresenta um fundo relativamente uniforme."
2022_03_21_11_03_04_73.bmp,C:\Users\sthem\OneDrive\Documentos\GitHub\master-2025\7-gemini\train\2022_03_21_11_03_04_73.bmp,[],"Imagem em escala de cinza de células, possivelmente leveduras ou bactérias, com diferentes graus de foco. A imagem apresenta um fundo relativamente uniforme."
2022_03_21_11_03_04_79.bmp,C:\Users\sthem\OneDrive\Documentos\GitHub\master-2025\7-gemini\train\2022_03_21_11_03_04_79.bmp,[],"Imagem microscópica em tons de cinza mostrando células em suspensão, possivelmente leveduras ou células similares, com diferentes graus de foco. A imagem apresenta um fundo relativamente uniforme e as células parecem ser predominantemente circulares ou ovais."
2022_03_21_11_03_04_93.bmp,C:\Users\sthem\OneDrive\Documentos\GitHub\master-2025\7-gemini\train\2022_03_21_11_03_04_93.bmp,[],"Imagem microscópica em escala de cinza de células, possivelmente leveduras, com diferentes graus de foco. A imagem apresenta um fundo relativamente uniforme."
2022_03_21_11_03_05_06.bmp,C:\Users\sthem\OneDrive\Documentos\GitHub\master-2025\7-gemini\train\2022_03_21_11_03_05_06.bmp,[],"Imagem microscópica em escala de cinza de células, possivelmente leveduras, com diferentes níveis de foco. A imagem apresenta um fundo relativamente uniforme."
2022_03_21_11_03_05_20.bmp,C:\Users\sthem\OneDrive\Documentos\GitHub\master-2025\7-gemini\train\2022_03_21_11_03_05_20.bmp,[],"Imagem microscópica em escala de cinza de células, possivelmente leveduras ou bactérias, com diferentes morfologias e tamanhos. A imagem está ligeiramente desfocada."
2022_03_21_11_03_05_26.bmp,C:\Users\sthem\OneDrive\Documentos\GitHub\master-2025\7-gemini\train\2022_03_21_11_03_05_26.bmp,[],"Imagem microscópica em escala de cinza de células, possivelmente leveduras ou bactérias, com algumas exibindo uma forma oval ou circular. A imagem está ligeiramente fora de foco."
2022_03_21_11_03_05_34.bmp,C:\Users\sthem\OneDrive\Documentos\GitHub\master-2025\7-gemini\train\2022_03_21_11_03_05_34.bmp,[],"Imagem microscópica em escala de cinza de células, possivelmente leveduras ou bactérias, com diferentes graus de foco. A imagem apresenta um fundo relativamente uniforme."
2022_03_21_11_03_05_41.bmp,C:\Users\sthem\OneDrive\Documentos\GitHub\master-2025\7-gemini\train\2022_03_21_11_03_05_41.bmp,[],"Imagem microscópica em escala de cinza de células, possivelmente leveduras, em diferentes níveis de foco. A imagem apresenta um fundo relativamente uniforme e as células parecem circulares ou ovais."
2022_03_21_11_03_05_50.bmp,C:\Users\sthem\OneDrive\Documentos\GitHub\master-2025\7-gemini\train\2022_03_21_11_03_05_50.bmp,[],"Imagem em escala de cinza de células, possivelmente leveduras, com diferentes graus de foco. A imagem apresenta um fundo relativamente uniforme e as células parecem ser circulares ou ovais."
2022_03_21_11_03_05_58.bmp,C:\Users\sthem\OneDrive\Documentos\GitHub\master-2025\7-gemini\train\2022_03_21_11_03_05_58.bmp,[],"Imagem microscópica em escala de cinza de células, possivelmente hemácias, com diferentes níveis de foco. A imagem apresenta baixo contraste e algumas células aparecem desfocadas."
2022_03_21_11_03_05_66.bmp,C:\Users\sthem\OneDrive\Documentos\GitHub\master-2025\7-gemini\train\2022_03_21_11_03_05_66.bmp,[],"Imagem microscópica em escala de cinza de células, possivelmente hemácias, com diferentes níveis de foco. A imagem apresenta um fundo relativamente uniforme."
2022_03_21_11_03_05_75.bmp,C:\Users\sthem\OneDrive\Documentos\GitHub\master-2025\7-gemini\train\2022_03_21_11_03_05_75.bmp,[],"Imagem microscópica em tons de cinza de células, possivelmente em suspensão, com diferentes graus de foco. A imagem contém vários objetos circulares de tamanhos variados, que podem ser células ou outras estruturas biológicas. A qualidade da imagem é razoável, mas algumas áreas estão fora de foco."
2022_03_21_11_03_05_83.bmp,C:\Users\sthem\OneDrive\Documentos\GitHub\master-2025\7-gemini\train\2022_03_21_11_03_05_83.bmp,[],"Imagem microscópica em escala de cinza mostrando diversas células, possivelmente leveduras, em diferentes níveis de foco. A imagem apresenta um fundo relativamente uniforme e as células exibem uma variedade de tamanhos e formas, algumas aparentando ser ovais ou circulares."
2022_03_21_11_03_05_91.bmp,C:\Users\sthem\OneDrive\Documentos\GitHub\master-2025\7-gemini\train\2022_03_21_11_03_05_91.bmp,[],"Imagem em escala de cinza de células, possivelmente leveduras, em baixa resolução. A imagem apresenta diversos objetos circulares de tamanhos variados, sugestivos de células individuais. A qualidade da imagem é moderada, com algum nível de ruído de fundo."
2022_03_21_11_03_06_00.bmp,C:\Users\sthem\OneDrive\Documentos\GitHub\master-2025\7-gemini\train\2022_03_21_11_03_06_00.bmp,[],"Imagem microscópica em escala de cinza mostrando células esféricas, possivelmente leveduras, em diferentes níveis de foco. A qualidade da imagem é razoável, mas algumas células estão desfocadas."
2022_03_21_11_03_06_08.bmp,C:\Users\sthem\OneDrive\Documentos\GitHub\master-2025\7-gemini\train\2022_03_21_11_03_06_08.bmp,[],"Imagem microscópica em tons de cinza mostrando diversas células, possivelmente leveduras, em diferentes níveis de foco. A imagem apresenta um fundo relativamente uniforme e as células parecem estar dispersas aleatoriamente."
2022_03_21_11_03_06_16.bmp,C:\Users\sthem\OneDrive\Documentos\GitHub\master-2025\7-gemini\train\2022_03_21_11_03_06_16.bmp,[],"Imagem microscópica em tons de cinza mostrando várias células, possivelmente glóbulos vermelhos, em diferentes níveis de foco. A qualidade da imagem é razoável, mas algumas células estão desfocadas."
2022_03_21_11_03_06_25.bmp,C:\Users\sthem\OneDrive\Documentos\GitHub\master-2025\7-gemini\train\2022_03_21_11_03_06_25.bmp,[],"Imagem microscópica em escala de cinza mostrando células de formato oval, possivelmente leveduras, em diferentes níveis de foco. A imagem apresenta um fundo relativamente uniforme e as células parecem estar dispersas."
2022_03_21_11_03_06_33.bmp,C:\Users\sthem\OneDrive\Documentos\GitHub\master-2025\7-gemini\train\2022_03_21_11_03_06_33.bmp,[],"Imagem microscópica em escala de cinza de células, possivelmente leveduras, em diferentes planos focais. A qualidade da imagem é razoável, mas algumas células estão desfocadas."
2022_03_21_11_03_06_42.bmp,C:\Users\sthem\OneDrive\Documentos\GitHub\master-2025\7-gemini\train\2022_03_21_11_03_06_42.bmp,[],"Imagem microscópica em escala de cinza de células, possivelmente leveduras, com diferentes níveis de foco. A qualidade da imagem é razoável, mas algumas células estão fora de foco."
2022_03_21_11_03_06_50.bmp,C:\Users\sthem\OneDrive\Documentos\GitHub\master-2025\7-gemini\train\2022_03_21_11_03_06_50.bmp,[],"Imagem microscópica em escala de cinza mostrando várias células, possivelmente leveduras, em diferentes níveis de foco. A qualidade da imagem é razoável, mas algumas células estão desfocadas."
2022_03_21_11_03_06_59.bmp,C:\Users\sthem\OneDrive\Documentos\GitHub\master-2025\7-gemini\train\2022_03_21_11_03_06_59.bmp,[],"Imagem microscópica em tons de cinza mostrando células de formato aproximadamente circular, possivelmente leveduras, com diferentes graus de foco. A imagem possui um fundo relativamente uniforme."
2022_03_21_11_03_06_67.bmp,C:\Users\sthem\OneDrive\Documentos\GitHub\master-2025\7-gemini\train\2022_03_21_11_03_06_67.bmp,[],"Imagem microscópica em escala de cinza mostrando diversas células de formato oval e bastonete, possivelmente leveduras ou bactérias, com diferentes graus de foco. A imagem apresenta um fundo relativamente uniforme e poucos artefatos."
2022_03_21_11_03_06_75.bmp,C:\Users\sthem\OneDrive\Documentos\GitHub\master-2025\7-gemini\train\2022_03_21_11_03_06_75.bmp,"[{""poligono_xy"": [[70, 60], [90, 50], [100, 70], [80, 80]]}, {""poligono_xy"": [[150, 150], [170, 140], [180, 160], [160, 170]]}, {""poligono_xy"": [[250, 50], [270, 40], [280, 60], [260, 70]]}, {""poligono_xy"": [[350, 200], [370, 190], [380, 210], [360, 220]]}, {""poligono_xy"": [[450, 300], [470, 290], [480, 310], [460, 320]]}, {""poligono_xy"": [[550, 100], [570, 90], [580, 110], [560, 120]]}, {""poligono_xy"": [[650, 250], [670, 240], [680, 260], [660, 270]]}, {""poligono_xy"": [[750, 50], [770, 40], [780, 60], [760, 70]]}, {""poligono_xy"": [[850, 150], [870, 140], [880, 160], [860, 170]]}, {""poligono_xy"": [[470, 470], [495, 460], [510, 490], [490, 500]]}, {""poligono_xy"": [[700, 80], [715, 65], [730, 90], [715, 105]]}, {""poligono_xy"": [[800, 200], [815, 190], [830, 205], [820, 220]]}, {""poligono_xy"": [[870, 60], [890, 50], [910, 70], [890, 80]]}, {""poligono_xy"": [[50, 250], [70, 230], [90, 250], [70, 270]]}, {""poligono_xy"": [[120, 400], [150, 390], [170, 410], [150, 430]]}, {""poligono_xy"": [[80, 550], [100, 540], [120, 560], [100, 580]]}, {""poligono_xy"": [[340, 440], [370, 430], [400, 470], [360, 480]]}, {""poligono_xy"": [[620, 520], [640, 500], [670, 520], [650, 540]]}, {""poligono_xy"": [[780, 400], [800, 380], [820, 400], [800, 420]]}, {""poligono_xy"": [[880, 550], [900, 530], [930, 560], [910, 580]]}]","Imagem microscópica em escala de cinza de células, possivelmente leveduras ou bactérias, em diferentes níveis de foco. A qualidade da imagem é razoável, mas algumas células estão desfocadas."
2022_03_21_11_03_06_84.bmp,C:\Users\sthem\OneDrive\Documentos\GitHub\master-2025\7-gemini\train\2022_03_21_11_03_06_84.bmp,[],"Imagem microscópica em escala de cinza mostrando células, possivelmente hemácias, com diferentes níveis de foco. A qualidade da imagem é razoável, mas algumas células estão desfocadas."
2022_03_21_11_03_06_92.bmp,C:\Users\sthem\OneDrive\Documentos\GitHub\master-2025\7-gemini\train\2022_03_21_11_03_06_92.bmp,[],"Imagem microscópica em escala de cinza de células, possivelmente leveduras, com diferentes graus de foco. A imagem apresenta um fundo relativamente uniforme e as células parecem ser de forma oval ou circular."
2022_03_21_11_03_07_08.bmp,C:\Users\sthem\OneDrive\Documentos\GitHub\master-2025\7-gemini\train\2022_03_21_11_03_07_08.bmp,[],"Imagem microscópica em escala de cinza de células, possivelmente leveduras ou bactérias, com diferentes níveis de foco. A qualidade da imagem é razoável, mas algumas células estão fora de foco."
2022_03_21_11_03_07_22.bmp,C:\Users\sthem\OneDrive\Documentos\GitHub\master-2025\7-gemini\train\2022_03_21_11_03_07_22.bmp,[],"Imagem microscópica em escala de cinza de células, possivelmente leveduras, em diferentes níveis de foco. A imagem apresenta baixo contraste."
2022_03_21_11_03_07_28.bmp,C:\Users\sthem\OneDrive\Documentos\GitHub\master-2025\7-gemini\train\2022_03_21_11_03_07_28.bmp,[],"Imagem em escala de cinza de células, possivelmente leveduras, em diferentes níveis de foco. A qualidade da imagem é razoável, mas algumas células estão desfocadas."
2022_03_21_11_03_07_35.bmp,C:\Users\sthem\OneDrive\Documentos\GitHub\master-2025\7-gemini\train\2022_03_21_11_03_07_35.bmp,[],"Imagem em escala de cinza de células, possivelmente leveduras, em diferentes planos focais. A imagem apresenta algum ruído de fundo."
2022_03_21_11_03_07_42.bmp,C:\Users\sthem\OneDrive\Documentos\GitHub\master-2025\7-gemini\train\2022_03_21_11_03_07_42.bmp,"[{""poligono_xy"": [[28, 34], [38, 30], [45, 39], [40, 48], [30, 44]]}, {""poligono_xy"": [[79, 332], [90, 325], [100, 336], [95, 348], [83, 345]]}, {""poligono_xy"": [[929, 558], [942, 548], [955, 560], [950, 575], [935, 570]]}, {""poligono_xy"": [[52, 230], [65, 220], [76, 235], [72, 250], [58, 242]]}, {""poligono_xy"": [[95, 90], [108, 82], [120, 98], [112, 110], [98, 100]]}, {""poligono_xy"": [[225, 230], [240, 220], [258, 240], [250, 260], [230, 250]]}, {""poligono_xy"": [[295, 390], [310, 380], [325, 400], [316, 418], [300, 405]]}, {""poligono_xy"": [[370, 440], [385, 428], [400, 442], [392, 460], [375, 452]]}, {""poligono_xy"": [[420, 350], [438, 338], [455, 355], [445, 372], [426, 365]]}, {""poligono_xy"": [[462, 45], [480, 35], [495, 50], [485, 68], [468, 60]]}, {""poligono_xy"": [[570, 370], [585, 360], [600, 380], [590, 396], [573, 385]]}, {""poligono_xy"": [[620, 220], [640, 205], [660, 225], [650, 245], [628, 238]]}, {""poligono_xy"": [[745, 90], [765, 75], [782, 95], [770, 115], [750, 105]]}, {""poligono_xy"": [[880, 80], [900, 65], [915, 85], [905, 105], [885, 95]]}, {""poligono_xy"": [[935, 50], [955, 35], [970, 55], [960, 75], [940, 65]]}]","Imagem microscópica em tons de cinza mostrando diversas células, possivelmente leveduras, em diferentes estágios de desenvolvimento. A qualidade da imagem é razoável, com bom contraste, mas ligeiramente desfocada."
2022_03_21_11_03_07_51.bmp,C:\Users\sthem\OneDrive\Documentos\GitHub\master-2025\7-gemini\train\2022_03_21_11_03_07_51.bmp,[],"Imagem em escala de cinza de células, possivelmente leveduras, em diferentes níveis de foco. A imagem apresenta um fundo relativamente uniforme."
2022_03_21_11_03_07_59.bmp,C:\Users\sthem\OneDrive\Documentos\GitHub\master-2025\7-gemini\train\2022_03_21_11_03_07_59.bmp,[],"Imagem microscópica em tons de cinza mostrando células, possivelmente leveduras, em diferentes níveis de foco. A qualidade da imagem é razoável, mas algumas células estão desfocadas."
2022_03_21_11_03_07_67.bmp,C:\Users\sthem\OneDrive\Documentos\GitHub\master-2025\7-gemini\train\2022_03_21_11_03_07_67.bmp,[],"Imagem microscópica em escala de cinza de células, possivelmente leveduras, em diferentes focos. A qualidade da imagem é razoável, mas algumas células estão desfocadas."
2022_03_21_11_03_07_76.bmp,C:\Users\sthem\OneDrive\Documentos\GitHub\master-2025\7-gemini\train\2022_03_21_11_03_07_76.bmp,"[{""poligono_xy"": [[22, 15], [35, 10], [45, 18], [40, 30], [28, 33]]}, {""poligono_xy"": [[15, 100], [30, 85], [50, 100], [45, 120], [25, 130]]}, {""poligono_xy"": [[90, 170], [110, 160], [125, 175], [115, 195], [90, 190]]}, {""poligono_xy"": [[140, 25], [150, 15], [165, 25], [160, 40], [145, 35]]}, {""poligono_xy"": [[170, 100], [180, 90], [190, 100], [190, 115], [175, 120]]}, {""poligono_xy"": [[210, 280], [230, 270], [245, 285], [240, 305], [215, 295]]}, {""poligono_xy"": [[285, 405], [305, 395], [320, 410], [310, 430], [285, 420]]}, {""poligono_xy"": [[360, 50], [375, 40], [390, 55], [380, 70], [365, 65]]}, {""poligono_xy"": [[420, 180], [440, 165], [460, 185], [450, 205], [425, 195]]}, {""poligono_xy"": [[480, 490], [500, 475], [520, 495], [510, 515], [485, 505]]}, {""poligono_xy"": [[550, 80], [565, 70], [580, 90], [575, 105], [555, 95]]}]","Imagem em escala de cinza de células, possivelmente leveduras, em baixa resolução. Algumas células estão ligeiramente fora de foco."
2022_03_21_11_03_07_85.bmp,C:\Users\sthem\OneDrive\Documentos\GitHub\master-2025\7-gemini\train\2022_03_21_11_03_07_85.bmp,"[{""poligono_xy"": [[52, 35], [65, 30], [75, 33], [78, 45], [70, 53], [57, 50]]}, {""poligono_xy"": [[120, 75], [140, 70], [155, 75], [160, 95], [145, 105], [125, 100]]}, {""poligono_xy"": [[270, 200], [290, 190], [315, 198], [330, 215], [310, 230], [280, 225]]}, {""poligono_xy"": [[405, 480], [420, 470], [440, 475], [455, 495], [440, 510], [415, 505]]}, {""poligono_xy"": [[490, 740], [505, 725], [535, 735], [550, 760], [530, 780], [495, 770]]}, {""poligono_xy"": [[620, 400], [640, 390], [660, 400], [670, 420], [655, 435], [630, 425]]}, {""poligono_xy"": [[700, 680], [715, 665], [745, 670], [765, 695], [750, 715], [715, 710]]}, {""poligono_xy"": [[785, 860], [805, 840], [830, 848], [845, 870], [830, 890], [795, 880]]}, {""poligono_xy"": [[200, 560], [220, 550], [240, 560], [245, 580], [225, 590], [205, 580]]}, {""poligono_xy"": [[285, 295], [295, 285], [310, 293], [317, 308], [305, 320], [290, 310]]}, {""poligono_xy"": [[355, 60], [365, 50], [380, 55], [390, 75], [375, 90], [360, 80]]}, {""poligono_xy"": [[200, 280], [220, 250], [265, 265], [290, 305], [250, 340], [205, 310]]}]","Imagem microscópica em escala de cinza de células, possivelmente leveduras, com diferentes graus de foco. A imagem apresenta um fundo relativamente uniforme."
2022_03_21_11_03_08_10.bmp,C:\Users\sthem\OneDrive\Documentos\GitHub\master-2025\7-gemini\train\2022_03_21_11_03_08_10.bmp,[],"Imagem microscópica em escala de cinza de células, possivelmente leveduras ou bactérias, com diferentes graus de foco. A imagem apresenta um fundo relativamente uniforme."
2022_03_21_11_03_08_22.bmp,C:\Users\sthem\OneDrive\Documentos\GitHub\master-2025\7-gemini\train\2022_03_21_11_03_08_22.bmp,[],"Imagem microscópica em escala de cinza mostrando diversas células, possivelmente leveduras, em diferentes focos. A qualidade da imagem é razoável, mas algumas células estão desfocadas."
2022_03_21_11_03_08_29.bmp,C:\Users\sthem\OneDrive\Documentos\GitHub\master-2025\7-gemini\train\2022_03_21_11_03_08_29.bmp,[],"Imagem microscópica em tons de cinza mostrando diversas células em suspensão, possivelmente leveduras ou células sanguíneas, com diferentes níveis de foco. A qualidade da imagem é razoável, mas algumas células estão fora de foco."
2022_03_21_11_03_08_36.bmp,C:\Users\sthem\OneDrive\Documentos\GitHub\master-2025\7-gemini\train\2022_03_21_11_03_08_36.bmp,[],"Imagem microscópica em escala de cinza de células, possivelmente hemácias, com diferentes níveis de foco. A imagem apresenta um fundo relativamente uniforme."
2022_03_21_11_03_08_43.bmp,C:\Users\sthem\OneDrive\Documentos\GitHub\master-2025\7-gemini\train\2022_03_21_11_03_08_43.bmp,[],"Imagem microscópica em escala de cinza de células, possivelmente leveduras ou bactérias, com diferentes graus de foco. A imagem apresenta um fundo relativamente uniforme."
2022_03_21_11_03_08_50.bmp,C:\Users\sthem\OneDrive\Documentos\GitHub\master-2025\7-gemini\train\2022_03_21_11_03_08_50.bmp,"[{""poligono_xy"": [[90, 55], [115, 50], [130, 60], [135, 80], [120, 95], [95, 90], [85, 75]]}, {""poligono_xy"": [[25, 85], [40, 70], [65, 75], [80, 90], [75, 110], [60, 120], [40, 115], [25, 100]]}, {""poligono_xy"": [[455, 435], [480, 430], [490, 450], [495, 470], [480, 485], [460, 480], [450, 460]]}, {""poligono_xy"": [[350, 400], [380, 385], [405, 400], [415, 430], [400, 455], [370, 465], [355, 445]]}, {""poligono_xy"": [[55, 280], [80, 260], [100, 270], [110, 300], [95, 320], [70, 315], [60, 295]]}, {""poligono_xy"": [[320, 295], [345, 285], [370, 300], [380, 325], [365, 345], [340, 340], [320, 325]]}, {""poligono_xy"": [[460, 205], [485, 195], [505, 210], [510, 235], [495, 255], [470, 250], [460, 230]]}, {""poligono_xy"": [[850, 20], [870, 15], [885, 25], [890, 45], [875, 60], [855, 50], [845, 35]]}, {""poligono_xy"": [[780, 80], [795, 65], [815, 70], [825, 90], [815, 100], [795, 100], [780, 85]]}, {""poligono_xy"": [[700, 350], [720, 335], [740, 350], [750, 375], [735, 395], [715, 385], [700, 370]]}, {""poligono_xy"": [[865, 360], [890, 355], [905, 370], [910, 390], [895, 410], [870, 400], [860, 380]]}, {""poligono_xy"": [[250, 460], [275, 450], [290, 465], [295, 490], [280, 505], [260, 500], [250, 480]]}]","Imagem microscópica em escala de cinza mostrando diversas células ovais, possivelmente leveduras, em diferentes níveis de foco. A imagem apresenta um fundo granuloso e alguns pequenos detritos."
2022_03_21_11_03_08_67.bmp,C:\Users\sthem\OneDrive\Documentos\GitHub\master-2025\7-gemini\train\2022_03_21_11_03_08_67.bmp,[],"Imagem microscópica em escala de cinza de células, possivelmente leveduras, com diferentes graus de foco. A imagem apresenta algumas pequenas partículas e artefatos."
2022_03_21_11_03_08_92.bmp,C:\Users\sthem\OneDrive\Documentos\GitHub\master-2025\7-gemini\train\2022_03_21_11_03_08_92.bmp,[],"Imagem em escala de cinza de células, possivelmente hemácias, em diferentes níveis de foco. A imagem apresenta baixo contraste."
2022_03_21_11_03_09_01.bmp,C:\Users\sthem\OneDrive\Documentos\GitHub\master-2025\7-gemini\train\2022_03_21_11_03_09_01.bmp,"[{""poligono_xy"": [[150, 175], [175, 160], [190, 175], [175, 190]]}, {""poligono_xy"": [[45, 265], [65, 240], [90, 265], [70, 290]]}, {""poligono_xy"": [[155, 45], [185, 35], [210, 50], [190, 70]]}, {""poligono_xy"": [[140, 360], [160, 345], [180, 360], [160, 375]]}, {""poligono_xy"": [[270, 490], [290, 475], [315, 495], [300, 515]]}, {""poligono_xy"": [[250, 250], [270, 230], [300, 250], [280, 275]]}, {""poligono_xy"": [[370, 120], [390, 105], [415, 125], [400, 145]]}, {""poligono_xy"": [[425, 250], [445, 235], [470, 255], [455, 275]]}, {""poligono_xy"": [[575, 50], [600, 35], [625, 55], [605, 75]]}, {""poligono_xy"": [[550, 490], [575, 475], [600, 495], [580, 515]]}, {""poligono_xy"": [[660, 235], [685, 215], [705, 235], [685, 255]]}, {""poligono_xy"": [[715, 400], [735, 380], [755, 400], [740, 420]]}, {""poligono_xy"": [[85, 510], [105, 490], [130, 515], [115, 540]]}, {""poligono_xy"": [[180, 100], [195, 90], [215, 105], [200, 120]]}, {""poligono_xy"": [[220, 405], [245, 385], [270, 410], [250, 435]]}, {""poligono_xy"": [[380, 320], [395, 310], [410, 325], [395, 340]]}, {""poligono_xy"": [[485, 65], [505, 45], [530, 70], [510, 90]]}, {""poligono_xy"": [[630, 330], [650, 305], [680, 330], [660, 360]]}]","Imagem em escala de cinza de células, possivelmente hemácias, com foco variável. Alguns artefatos pequenos e escuros estão presentes."
2022_03_21_11_03_09_09.bmp,C:\Users\sthem\OneDrive\Documentos\GitHub\master-2025\7-gemini\train\2022_03_21_11_03_09_09.bmp,[],"Imagem microscópica em escala de cinza mostrando diversas células, possivelmente leveduras, em diferentes níveis de foco. A qualidade da imagem é razoável, mas algumas células estão desfocadas."
2022_03_21_11_03_09_17.bmp,C:\Users\sthem\OneDrive\Documentos\GitHub\master-2025\7-gemini\train\2022_03_21_11_03_09_17.bmp,[],"Imagem microscópica em escala de cinza mostrando diversas células, possivelmente leveduras, em diferentes estágios de brotamento. A qualidade da imagem é razoável, com algum nível de ruído de fundo."
2022_03_21_11_03_09_35.bmp,C:\Users\sthem\OneDrive\Documentos\GitHub\master-2025\7-gemini\train\2022_03_21_11_03_09_35.bmp,[],"Imagem microscópica em escala de cinza de células, possivelmente leveduras ou bactérias, com diferentes níveis de foco. A imagem apresenta um fundo relativamente uniforme."
2022_03_21_11_03_09_43.bmp,C:\Users\sthem\OneDrive\Documentos\GitHub\master-2025\7-gemini\train\2022_03_21_11_03_09_43.bmp,[],"Imagem microscópica em escala de cinza de células, possivelmente leveduras, com diferentes morfologias e tamanhos. A imagem apresenta um fundo relativamente uniforme e as células parecem estar em suspensão. A qualidade da imagem é razoável, permitindo a visualização das células, mas com alguma perda de nitidez."
2022_03_21_11_03_09_51.bmp,C:\Users\sthem\OneDrive\Documentos\GitHub\master-2025\7-gemini\train\2022_03_21_11_03_09_51.bmp,[],"Imagem microscópica em tons de cinza de células, possivelmente leveduras, em diferentes estágios de brotamento. A qualidade da imagem é razoável, com alguma perda de foco."
2022_03_21_11_03_09_60.bmp,C:\Users\sthem\OneDrive\Documentos\GitHub\master-2025\7-gemini\train\2022_03_21_11_03_09_60.bmp,[],"Imagem microscópica em escala de cinza mostrando diversas células, possivelmente leveduras, em diferentes níveis de foco. A imagem apresenta um fundo relativamente uniforme e as células exibem uma variedade de tamanhos e formas, algumas aparentando ser ovais ou circulares."
2022_03_21_11_03_09_68.bmp,C:\Users\sthem\OneDrive\Documentos\GitHub\master-2025\7-gemini\train\2022_03_21_11_03_09_68.bmp,[],"Imagem microscópica em escala de cinza de células, possivelmente bactérias, com diferentes morfologias (cocos e bacilos). A imagem está ligeiramente desfocada."
2022_03_21_11_03_09_85.bmp,C:\Users\sthem\OneDrive\Documentos\GitHub\master-2025\7-gemini\train\2022_03_21_11_03_09_85.bmp,[],"Imagem microscópica em escala de cinza de células, possivelmente em suspensão, com diferentes graus de foco. A imagem apresenta um fundo relativamente uniforme e as células parecem ter formato arredondado."
2022_03_21_11_03_09_93.bmp,C:\Users\sthem\OneDrive\Documentos\GitHub\master-2025\7-gemini\train\2022_03_21_11_03_09_93.bmp,[],"Imagem em escala de cinza de células, possivelmente células sanguíneas, com diferentes graus de foco. A imagem apresenta um fundo relativamente uniforme e as células parecem ser de formato principalmente circular ou oval."
2022_03_21_11_03_10_01.bmp,C:\Users\sthem\OneDrive\Documentos\GitHub\master-2025\7-gemini\train\2022_03_21_11_03_10_01.bmp,"[{""poligono_xy"": [[92, 86], [112, 72], [131, 74], [144, 92], [137, 110], [115, 117], [97, 103]]}, {""poligono_xy"": [[562, 366], [582, 354], [601, 353], [617, 368], [611, 389], [589, 399], [568, 387]]}, {""poligono_xy"": [[445, 454], [475, 434], [502, 435], [527, 460], [515, 492], [479, 505], [448, 485]]}, {""poligono_xy"": [[348, 358], [378, 332], [408, 342], [422, 375], [401, 406], [363, 400], [340, 382]]}, {""poligono_xy"": [[57, 544], [78, 522], [103, 522], [118, 543], [108, 567], [79, 573], [60, 559]]}, {""poligono_xy"": [[290, 578], [317, 556], [349, 562], [366, 592], [348, 618], [311, 617], [289, 599]]}, {""poligono_xy"": [[652, 595], [686, 575], [717, 580], [733, 614], [717, 644], [678, 648], [652, 624]]}, {""poligono_xy"": [[719, 364], [757, 336], [794, 348], [815, 385], [796, 414], [752, 407], [723, 387]]}, {""poligono_xy"": [[425, 115], [445, 96], [464, 100], [473, 123], [458, 143], [430, 139]]}, {""poligono_xy"": [[56, 104], [82, 90], [101, 112], [86, 136], [62, 134]]}, {""poligono_xy"": [[89, 390], [43, 421], [25, 423], [26, 408], [32, 391], [55, 365], [80, 365]]}, {""poligono_xy"": [[396, 816], [421, 793], [448, 804], [460, 838], [439, 864], [403, 853]]}]","Imagem microscópica em escala de cinza de células, possivelmente leveduras, com diferentes focos e tamanhos. A imagem possui alguns artefatos e detritos."
2022_03_21_11_03_10_10.bmp,C:\Users\sthem\OneDrive\Documentos\GitHub\master-2025\7-gemini\train\2022_03_21_11_03_10_10.bmp,[],"Imagem microscópica em tons de cinza mostrando diversas células, possivelmente leveduras, com algumas exibindo formato ovalado e outras alongado. A imagem apresenta um fundo relativamente uniforme e boa resolução, permitindo a visualização das células com clareza. A presença de alguns pontos menores pode indicar debris ou partículas menores na amostra."
2022_03_21_11_03_10_18.bmp,C:\Users\sthem\OneDrive\Documentos\GitHub\master-2025\7-gemini\train\2022_03_21_11_03_10_18.bmp,[],"Imagem microscópica em escala de cinza de células, possivelmente hemácias, com diferentes níveis de foco. A imagem apresenta um fundo relativamente uniforme."
2022_03_21_11_03_10_26.bmp,C:\Users\sthem\OneDrive\Documentos\GitHub\master-2025\7-gemini\train\2022_03_21_11_03_10_26.bmp,[],"Imagem microscópica em escala de cinza mostrando diversas células, possivelmente leveduras, com diferentes morfologias e tamanhos. A qualidade da imagem é razoável, com algum ruído de fundo."
2022_03_21_11_03_10_35.bmp,C:\Users\sthem\OneDrive\Documentos\GitHub\master-2025\7-gemini\train\2022_03_21_11_03_10_35.bmp,"[{""poligono_xy"": [[120, 80], [140, 80], [140, 100], [120, 100]]}, {""poligono_xy"": [[350, 110], [370, 110], [370, 130], [350, 130]]}, {""poligono_xy"": [[370, 330], [400, 330], [400, 360], [370, 360]]}, {""poligono_xy"": [[440, 70], [470, 70], [470, 100], [440, 100]]}, {""poligono_xy"": [[570, 350], [610, 350], [610, 390], [570, 390]]}, {""poligono_xy"": [[670, 60], [700, 60], [700, 90], [670, 90]]}, {""poligono_xy"": [[700, 380], [730, 380], [730, 410], [700, 410]]}, {""poligono_xy"": [[750, 210], [770, 210], [770, 230], [750, 230]]}, {""poligono_xy"": [[850, 160], [890, 160], [890, 200], [850, 200]]}, {""poligono_xy"": [[890, 330], [910, 330], [910, 360], [890, 360]]}, {""poligono_xy"": [[50, 300], [80, 300], [80, 340], [50, 340]]}, {""poligono_xy"": [[170, 380], [190, 380], [190, 400], [170, 400]]}, {""poligono_xy"": [[480, 450], [520, 450], [520, 490], [480, 490]]}, {""poligono_xy"": [[600, 170], [630, 170], [630, 200], [600, 200]]}, {""poligono_xy"": [[780, 80], [800, 80], [800, 110], [780, 110]]}]","Imagem microscópica em tons de cinza mostrando células de formato circular e oval, possivelmente leveduras, em diferentes níveis de foco. A imagem apresenta um fundo relativamente uniforme e alguns pequenos detritos."
2022_03_21_11_03_10_43.bmp,C:\Users\sthem\OneDrive\Documentos\GitHub\master-2025\7-gemini\train\2022_03_21_11_03_10_43.bmp,[],"Imagem microscópica em escala de cinza mostrando diversas células, possivelmente leveduras, em diferentes focos. A imagem apresenta um fundo relativamente uniforme e as células variam em tamanho e forma, algumas aparentando estar em processo de brotamento."
2022_03_21_11_03_10_58.bmp,C:\Users\sthem\OneDrive\Documentos\GitHub\master-2025\7-gemini\train\2022_03_21_11_03_10_58.bmp,[],"Imagem microscópica em tons de cinza mostrando diversas células, possivelmente leveduras ou algum tipo de célula eucariótica unicelular, em diferentes níveis de foco. A qualidade da imagem é razoável, mas algumas células estão desfocadas."
2022_03_21_11_03_10_65.bmp,C:\Users\sthem\OneDrive\Documentos\GitHub\master-2025\7-gemini\train\2022_03_21_11_03_10_65.bmp,[],"Imagem microscópica em tons de cinza mostrando células, possivelmente hemácias, com diferentes graus de foco. A imagem apresenta um fundo relativamente limpo com alguns pequenos detritos."
2022_03_21_11_03_10_71.bmp,C:\Users\sthem\OneDrive\Documentos\GitHub\master-2025\7-gemini\train\2022_03_21_11_03_10_71.bmp,[],"Imagem microscópica em escala de cinza de células, possivelmente leveduras ou bactérias, com diferentes focos e tamanhos. A qualidade da imagem é razoável, mas algumas células estão fora de foco."
2022_03_21_11_03_10_78.bmp,C:\Users\sthem\OneDrive\Documentos\GitHub\master-2025\7-gemini\train\2022_03_21_11_03_10_78.bmp,[],"Imagem microscópica em escala de cinza de células, possivelmente leveduras, em diferentes planos focais. A imagem apresenta um fundo relativamente uniforme com algumas pequenas partículas e artefatos."
2022_03_21_11_03_10_85.bmp,C:\Users\sthem\OneDrive\Documentos\GitHub\master-2025\7-gemini\train\2022_03_21_11_03_10_85.bmp,[],"Imagem microscópica em escala de cinza mostrando diversas células, possivelmente leveduras, em diferentes níveis de foco. A imagem apresenta um fundo relativamente uniforme e as células parecem ter uma forma oval ou elíptica."
2022_03_21_11_03_11_01.bmp,C:\Users\sthem\OneDrive\Documentos\GitHub\master-2025\7-gemini\train\2022_03_21_11_03_11_01.bmp,[],"Imagem em escala de cinza de células, possivelmente leveduras ou bactérias, em diferentes focos e tamanhos. A imagem apresenta um fundo relativamente uniforme."
2022_03_21_11_03_11_09.bmp,C:\Users\sthem\OneDrive\Documentos\GitHub\master-2025\7-gemini\train\2022_03_21_11_03_11_09.bmp,[],"Imagem microscópica em escala de cinza de células, possivelmente leveduras, com diferentes níveis de foco. A imagem apresenta alguns artefatos e debris."
2022_03_21_11_03_11_18.bmp,C:\Users\sthem\OneDrive\Documentos\GitHub\master-2025\7-gemini\train\2022_03_21_11_03_11_18.bmp,[],"Imagem microscópica em tons de cinza mostrando diversas células circulares, possivelmente leveduras ou algum tipo de organismo unicelular. A imagem possui um fundo uniforme e as células apresentam diferentes níveis de foco."
2022_03_21_11_03_11_35.bmp,C:\Users\sthem\OneDrive\Documentos\GitHub\master-2025\7-gemini\train\2022_03_21_11_03_11_35.bmp,[],"Imagem microscópica em escala de cinza de células, possivelmente leveduras, com diferentes graus de foco. A imagem apresenta um fundo relativamente uniforme e as células parecem ser de forma oval ou circular."
2022_03_21_11_03_11_51.bmp,C:\Users\sthem\OneDrive\Documentos\GitHub\master-2025\7-gemini\train\2022_03_21_11_03_11_51.bmp,"[{""poligono_xy"": [[78, 78], [92, 71], [100, 78], [100, 92], [92, 99], [78, 92]]}, {""poligono_xy"": [[280, 420], [292, 412], [311, 420], [315, 441], [295, 452], [276, 442]]}, {""poligono_xy"": [[380, 305], [390, 295], [405, 303], [408, 317], [400, 329], [386, 321]]}, {""poligono_xy"": [[446, 561], [460, 552], [476, 560], [482, 577], [470, 590], [450, 582]]}, {""poligono_xy"": [[550, 403], [566, 395], [586, 408], [589, 426], [575, 436], [555, 420]]}, {""poligono_xy"": [[580, 85], [600, 75], [620, 90], [625, 110], [605, 120], [583, 105]]}, {""poligono_xy"": [[688, 888], [705, 880], [720, 890], [725, 910], [710, 915], [690, 905]]}, {""poligono_xy"": [[790, 252], [805, 240], [820, 250], [828, 266], [817, 275], [798, 265]]}, {""poligono_xy"": [[860, 655], [875, 645], [892, 658], [896, 678], [885, 690], [865, 675]]}, {""poligono_xy"": [[938, 380], [948, 365], [965, 375], [970, 396], [960, 407], [940, 396]]}]","Imagem em escala de cinza de células, possivelmente células sanguíneas, com diferentes graus de foco. A imagem apresenta um fundo relativamente uniforme."
2022_03_21_11_03_11_60.bmp,C:\Users\sthem\OneDrive\Documentos\GitHub\master-2025\7-gemini\train\2022_03_21_11_03_11_60.bmp,[],"Imagem em escala de cinza de células, possivelmente leveduras ou bactérias, em diferentes níveis de foco. A imagem parece ser uma micrografia com algumas pequenas partículas e detritos visíveis."
2022_03_21_11_03_11_68.bmp,C:\Users\sthem\OneDrive\Documentos\GitHub\master-2025\7-gemini\train\2022_03_21_11_03_11_68.bmp,[],"Imagem microscópica em tons de cinza mostrando células de formato circular e oval, possivelmente leveduras ou células sanguíneas em baixa resolução. Algumas células parecem estar ligeiramente fora de foco."
2022_03_21_11_03_11_77.bmp,C:\Users\sthem\OneDrive\Documentos\GitHub\master-2025\7-gemini\train\2022_03_21_11_03_11_77.bmp,[],"Imagem microscópica em escala de cinza de células, possivelmente leveduras e bactérias, com foco variável. Algumas células aparentam ser circulares, enquanto outras têm formato de bastonete."
2022_03_21_11_03_11_85.bmp,C:\Users\sthem\OneDrive\Documentos\GitHub\master-2025\7-gemini\train\2022_03_21_11_03_11_85.bmp,[],"Imagem microscópica em escala de cinza de células, possivelmente leveduras ou bactérias, com diferentes níveis de foco. A imagem apresenta um fundo relativamente uniforme."
2022_03_21_11_03_11_93.bmp,C:\Users\sthem\OneDrive\Documentos\GitHub\master-2025\7-gemini\train\2022_03_21_11_03_11_93.bmp,[],"Imagem microscópica em escala de cinza mostrando diversas células, possivelmente leveduras, com diferentes morfologias e tamanhos. A imagem apresenta um fundo uniforme e as células estão dispersas, algumas em foco e outras fora de foco."
2022_03_21_11_03_12_02.bmp,C:\Users\sthem\OneDrive\Documentos\GitHub\master-2025\7-gemini\train\2022_03_21_11_03_12_02.bmp,"[{""poligono_xy"": [[290, 145], [320, 135], [340, 145], [340, 170], [320, 180], [290, 170]]}, {""poligono_xy"": [[355, 370], [380, 365], [395, 375], [395, 400], [380, 410], [355, 400]]}, {""poligono_xy"": [[480, 50], [510, 45], [535, 60], [535, 90], [510, 95], [485, 80]]}, {""poligono_xy"": [[80, 360], [105, 350], [120, 360], [120, 390], [100, 400], [80, 390]]}, {""poligono_xy"": [[155, 50], [165, 45], [175, 55], [170, 70], [160, 70], [150, 65]]}, {""poligono_xy"": [[470, 900], [500, 890], [520, 905], [520, 935], [500, 940], [470, 925]]}, {""poligono_xy"": [[860, 900], [880, 890], [895, 900], [900, 920], [885, 930], [865, 920]]}, {""poligono_xy"": [[600, 480], [620, 480], [630, 495], [630, 510], [615, 520], [595, 510]]}, {""poligono_xy"": [[70, 700], [90, 700], [105, 715], [100, 735], [85, 740], [70, 720]]}, {""poligono_xy"": [[240, 825], [255, 820], [270, 835], [270, 860], [255, 865], [235, 855]]}, {""poligono_xy"": [[480, 270], [500, 270], [515, 285], [510, 300], [495, 300], [475, 285]]}, {""poligono_xy"": [[800, 600], [820, 590], [840, 610], [840, 630], [825, 645], [800, 630]]}, {""poligono_xy"": [[890, 280], [900, 270], [915, 285], [915, 310], [905, 320], [885, 305]]}, {""poligono_xy"": [[705, 70], [720, 60], [740, 75], [740, 100], [720, 105], [705, 90]]}]",Imagem microscópica em escala de cinza mostrando células de levedura e possivelmente algumas bactérias. A imagem está ligeiramente fora de foco.
2022_03_21_11_03_12_11.bmp,C:\Users\sthem\OneDrive\Documentos\GitHub\master-2025\7-gemini\train\2022_03_21_11_03_12_11.bmp,[],"Imagem microscópica em escala de cinza de células, possivelmente leveduras, com diferentes graus de foco. A imagem apresenta um fundo relativamente uniforme."
2022_03_21_11_03_12_19.bmp,C:\Users\sthem\OneDrive\Documentos\GitHub\master-2025\7-gemini\train\2022_03_21_11_03_12_19.bmp,[],"Imagem microscópica em escala de cinza de células, possivelmente hemácias, com diferentes níveis de foco. A imagem apresenta um fundo relativamente uniforme."
2022_03_21_11_03_12_27.bmp,C:\Users\sthem\OneDrive\Documentos\GitHub\master-2025\7-gemini\train\2022_03_21_11_03_12_27.bmp,[],"Imagem microscópica em escala de cinza de células, possivelmente leveduras, com diferentes focos e tamanhos. A qualidade da imagem é moderada, com algum ruído de fundo."
2022_03_21_11_03_12_36.bmp,C:\Users\sthem\OneDrive\Documentos\GitHub\master-2025\7-gemini\train\2022_03_21_11_03_12_36.bmp,[],"Imagem microscópica em escala de cinza de células, possivelmente leveduras ou bactérias, com diferentes graus de foco. A imagem apresenta um fundo relativamente uniforme e as células parecem ter formatos e tamanhos variados."
2022_03_21_11_03_12_44.bmp,C:\Users\sthem\OneDrive\Documentos\GitHub\master-2025\7-gemini\train\2022_03_21_11_03_12_44.bmp,[],"Imagem microscópica em escala de cinza de células, possivelmente leveduras, com diferentes graus de foco. Alguns pequenos detritos também são visíveis."
2022_03_21_11_03_12_52.bmp,C:\Users\sthem\OneDrive\Documentos\GitHub\master-2025\7-gemini\train\2022_03_21_11_03_12_52.bmp,"[{""poligono_xy"": [[85, 85], [105, 85], [105, 105], [85, 105]]}, {""poligono_xy"": [[25, 110], [45, 110], [45, 135], [25, 135]]}, {""poligono_xy"": [[140, 130], [165, 130], [165, 160], [140, 160]]}, {""poligono_xy"": [[245, 150], [265, 150], [265, 170], [245, 170]]}, {""poligono_xy"": [[80, 170], [95, 170], [95, 185], [80, 185]]}, {""poligono_xy"": [[205, 205], [235, 205], [235, 235], [205, 235]]}, {""poligono_xy"": [[280, 250], [310, 250], [310, 280], [280, 280]]}, {""poligono_xy"": [[370, 275], [395, 275], [395, 305], [370, 305]]}, {""poligono_xy"": [[425, 85], [445, 85], [445, 105], [425, 105]]}, {""poligono_xy"": [[460, 135], [480, 135], [480, 160], [460, 160]]}, {""poligono_xy"": [[475, 220], [500, 220], [500, 245], [475, 245]]}, {""poligono_xy"": [[500, 460], [520, 460], [520, 480], [500, 480]]}]","Imagem microscópica em escala de cinza de células, possivelmente leveduras, com algumas fora de foco. A imagem apresenta um fundo relativamente uniforme."
2022_03_21_11_03_12_74.bmp,C:\Users\sthem\OneDrive\Documentos\GitHub\master-2025\7-gemini\train\2022_03_21_11_03_12_74.bmp,"[{""poligono_xy"": [[92, 235], [138, 223], [155, 247], [140, 278], [100, 285], [80, 255]]}, {""poligono_xy"": [[224, 318], [258, 300], [280, 320], [275, 350], [240, 365], [215, 345]]}, {""poligono_xy"": [[365, 225], [395, 205], [415, 220], [418, 250], [395, 265], [365, 255]]}, {""poligono_xy"": [[338, 372], [363, 355], [380, 375], [375, 400], [350, 420], [325, 400]]}, {""poligono_xy"": [[453, 550], [495, 525], [530, 560], [523, 600], [485, 620], [445, 590]]}, {""poligono_xy"": [[555, 85], [585, 65], [610, 80], [615, 120], [595, 130], [558, 110]]}, {""poligono_xy"": [[230, 115], [260, 100], [290, 120], [285, 150], [250, 165], [220, 145]]}, {""poligono_xy"": [[300, 120], [330, 105], [350, 120], [345, 145], [320, 150], [295, 135]]}, {""poligono_xy"": [[380, 550], [400, 530], [420, 555], [420, 585], [400, 600], [375, 575]]}, {""poligono_xy"": [[120, 550], [155, 535], [185, 565], [180, 600], [145, 615], [105, 585]]}, {""poligono_xy"": [[580, 380], [615, 360], [640, 380], [640, 410], [610, 430], [575, 410]]}, {""poligono_xy"": [[820, 555], [855, 535], [885, 560], [880, 595], [850, 615], [815, 585]]}, {""poligono_xy"": [[895, 105], [930, 85], [960, 105], [955, 135], [920, 155], [890, 130]]}]","Imagem microscópica em escala de cinza de células, possivelmente hemácias, com foco razoável. Algumas pequenas partículas e detritos também são visíveis."
2022_03_21_11_03_12_80.bmp,C:\Users\sthem\OneDrive\Documentos\GitHub\master-2025\7-gemini\train\2022_03_21_11_03_12_80.bmp,[],"Imagem microscópica em escala de cinza de células, possivelmente leveduras, com diferentes graus de foco. A imagem apresenta um fundo relativamente uniforme."
2022_03_21_11_03_12_88.bmp,C:\Users\sthem\OneDrive\Documentos\GitHub\master-2025\7-gemini\train\2022_03_21_11_03_12_88.bmp,[],"Imagem microscópica em escala de cinza de células, possivelmente leveduras ou similares, em diferentes níveis de foco. A qualidade da imagem é razoável, mas algumas células estão desfocadas."
2022_03_21_11_03_12_97.bmp,C:\Users\sthem\OneDrive\Documentos\GitHub\master-2025\7-gemini\train\2022_03_21_11_03_12_97.bmp,[],"Imagem microscópica em escala de cinza de células, possivelmente leveduras ou bactérias, com diferentes graus de foco. A imagem apresenta um fundo relativamente uniforme."
2022_03_21_11_03_13_05.bmp,C:\Users\sthem\OneDrive\Documentos\GitHub\master-2025\7-gemini\train\2022_03_21_11_03_13_05.bmp,"[{""poligono_xy"": [[47, 41], [60, 30], [72, 36], [80, 51], [72, 67], [59, 68], [47, 56]]}, {""poligono_xy"": [[96, 57], [110, 53], [120, 61], [122, 72], [114, 81], [100, 81], [90, 73]]}, {""poligono_xy"": [[45, 114], [57, 100], [73, 105], [82, 117], [75, 131], [61, 134], [48, 125]]}, {""poligono_xy"": [[134, 110], [155, 98], [178, 105], [195, 125], [185, 146], [162, 151], [140, 138]]}, {""poligono_xy"": [[358, 483], [377, 468], [399, 473], [414, 494], [404, 517], [380, 524], [359, 508]]}, {""poligono_xy"": [[483, 198], [498, 182], [520, 182], [534, 199], [525, 219], [501, 221], [486, 209]]}, {""poligono_xy"": [[460, 420], [482, 399], [511, 414], [534, 446], [522, 477], [496, 484], [468, 464]]}, {""poligono_xy"": [[30, 252], [46, 236], [63, 243], [74, 263], [63, 280], [44, 282], [28, 267]]}, {""poligono_xy"": [[745, 504], [771, 482], [797, 498], [810, 528], [790, 556], [761, 556], [739, 533]]}, {""poligono_xy"": [[878, 67], [894, 50], [917, 54], [935, 73], [925, 96], [903, 98], [882, 81]]}, {""poligono_xy"": [[110, 364], [132, 346], [156, 358], [172, 384], [158, 409], [131, 409], [112, 391]]}, {""poligono_xy"": [[70, 490], [90, 472], [110, 482], [120, 508], [105, 530], [82, 528], [68, 508]]}]","Imagem microscópica em escala de cinza de células, possivelmente leveduras ou células similares, com diferentes graus de foco. A imagem contém vários artefatos pequenos e pontos que não são células."
2022_03_21_11_03_13_13.bmp,C:\Users\sthem\OneDrive\Documentos\GitHub\master-2025\7-gemini\train\2022_03_21_11_03_13_13.bmp,[],"Imagem microscópica em escala de cinza de células, possivelmente leveduras, com diferentes graus de foco. A imagem apresenta um fundo relativamente uniforme e as células parecem ser de forma circular ou oval."
2022_03_21_11_03_13_22.bmp,C:\Users\sthem\OneDrive\Documentos\GitHub\master-2025\7-gemini\train\2022_03_21_11_03_13_22.bmp,[],"Imagem em escala de cinza de células, possivelmente leveduras, em diferentes níveis de foco. A imagem apresenta um fundo relativamente uniforme."
2022_03_21_11_03_13_30.bmp,C:\Users\sthem\OneDrive\Documentos\GitHub\master-2025\7-gemini\train\2022_03_21_11_03_13_30.bmp,[],"Imagem microscópica em escala de cinza de células, possivelmente leveduras, com diferentes graus de foco. A imagem apresenta um fundo relativamente uniforme."
2022_03_21_11_03_13_47.bmp,C:\Users\sthem\OneDrive\Documentos\GitHub\master-2025\7-gemini\train\2022_03_21_11_03_13_47.bmp,[],"Imagem microscópica em escala de cinza mostrando células, possivelmente hemácias, com diferentes níveis de foco. A imagem apresenta um fundo relativamente uniforme."
2022_03_21_11_03_13_55.bmp,C:\Users\sthem\OneDrive\Documentos\GitHub\master-2025\7-gemini\train\2022_03_21_11_03_13_55.bmp,[],"Imagem microscópica em tons de cinza mostrando células esféricas, possivelmente leveduras ou algum tipo de célula sanguínea, em diferentes planos focais. A imagem apresenta um fundo relativamente uniforme e as células exibem diferentes níveis de contraste."
2022_03_21_11_03_13_63.bmp,C:\Users\sthem\OneDrive\Documentos\GitHub\master-2025\7-gemini\train\2022_03_21_11_03_13_63.bmp,"[{""poligono_xy"": [[75, 75], [95, 65], [110, 75], [100, 95], [80, 100]]}, {""poligono_xy"": [[35, 220], [60, 215], [70, 235], [50, 250], [30, 240]]}, {""poligono_xy"": [[280, 365], [300, 350], [320, 370], [310, 400], [285, 390]]}, {""poligono_xy"": [[170, 15], [190, 5], [205, 20], [195, 35], [170, 25]]}, {""poligono_xy"": [[50, 40], [70, 35], [85, 55], [70, 70], [50, 55]]}, {""poligono_xy"": [[250, 45], [270, 40], [290, 60], [280, 80], [260, 70]]}, {""poligono_xy"": [[140, 220], [165, 215], [180, 240], [160, 255], [140, 245]]}, {""poligono_xy"": [[255, 255], [270, 250], [280, 265], [265, 280], [250, 270]]}, {""poligono_xy"": [[460, 335], [480, 315], [500, 335], [495, 360], [470, 360]]}, {""poligono_xy"": [[620, 100], [650, 80], [675, 100], [660, 130], [630, 115]]}, {""poligono_xy"": [[730, 210], [750, 190], [770, 210], [760, 230], [735, 220]]}, {""poligono_xy"": [[880, 370], [900, 360], [915, 380], [900, 400], [880, 390]]}, {""poligono_xy"": [[365, 470], [390, 460], [410, 480], [395, 500], [370, 490]]}, {""poligono_xy"": [[600, 480], [620, 465], [640, 480], [630, 500], [605, 495]]}, {""poligono_xy"": [[170, 420], [195, 405], [220, 430], [205, 455], [175, 445]]}]","Imagem em escala de cinza de células, possivelmente leucócitos, com diferentes níveis de foco. A imagem apresenta um fundo relativamente uniforme e as células parecem ser circulares ou ovais."
2022_03_21_11_03_13_70.bmp,C:\Users\sthem\OneDrive\Documentos\GitHub\master-2025\7-gemini\train\2022_03_21_11_03_13_70.bmp,[],"Imagem microscópica em escala de cinza de células, possivelmente leveduras, com diferentes morfologias e tamanhos. A qualidade da imagem é razoável, com algum nível de ruído de fundo."
2022_03_21_11_03_13_79.bmp,C:\Users\sthem\OneDrive\Documentos\GitHub\master-2025\7-gemini\train\2022_03_21_11_03_13_79.bmp,[],"Imagem microscópica em escala de cinza de células, possivelmente leveduras, em diferentes focos. A imagem apresenta baixo contraste e algumas células estão desfocadas."
2022_03_21_11_03_15_30.bmp,C:\Users\sthem\OneDrive\Documentos\GitHub\master-2025\7-gemini\train\2022_03_21_11_03_15_30.bmp,[],"Imagem em escala de cinza de células, possivelmente células sanguíneas, em microscopia. A imagem apresenta um fundo relativamente uniforme com várias células circulares de diferentes tamanhos e nitidez, sugerindo diferentes profundidades de foco."
2022_03_21_11_03_21_99.bmp,C:\Users\sthem\OneDrive\Documentos\GitHub\master-2025\7-gemini\train\2022_03_21_11_03_21_99.bmp,"[{""poligono_xy"": [[42, 46], [58, 46], [58, 62], [42, 62]]}, {""poligono_xy"": [[104, 80], [122, 80], [122, 98], [104, 98]]}, {""poligono_xy"": [[150, 210], [170, 210], [170, 230], [150, 230]]}, {""poligono_xy"": [[182, 434], [202, 434], [202, 454], [182, 454]]}, {""poligono_xy"": [[222, 162], [242, 162], [242, 182], [222, 182]]}, {""poligono_xy"": [[268, 308], [284, 308], [284, 324], [268, 324]]}, {""poligono_xy"": [[315, 505], [345, 505], [345, 535], [315, 535]]}, {""poligono_xy"": [[350, 85], [375, 85], [375, 110], [350, 110]]}, {""poligono_xy"": [[402, 585], [428, 585], [428, 610], [402, 610]]}, {""poligono_xy"": [[451, 40], [470, 40], [470, 60], [451, 60]]}, {""poligono_xy"": [[480, 215], [500, 215], [500, 235], [480, 235]]}, {""poligono_xy"": [[541, 745], [566, 745], [566, 770], [541, 770]]}, {""poligono_xy"": [[578, 85], [600, 85], [600, 105], [578, 105]]}, {""poligono_xy"": [[655, 705], [675, 705], [675, 725], [655, 725]]}, {""poligono_xy"": [[725, 40], [745, 40], [745, 60], [725, 60]]}]","Imagem microscópica em escala de cinza de células, possivelmente leveduras, com diferentes graus de foco. Algumas células parecem estar em processo de brotamento."
2022_03_21_11_03_23_67.bmp,C:\Users\sthem\OneDrive\Documentos\GitHub\master-2025\7-gemini\train\2022_03_21_11_03_23_67.bmp,[],"Imagem microscópica em escala de cinza mostrando células, possivelmente leveduras, em diferentes níveis de foco. A qualidade da imagem é razoável, mas algumas células estão desfocadas."
2022_03_21_11_03_25_34.bmp,C:\Users\sthem\OneDrive\Documentos\GitHub\master-2025\7-gemini\train\2022_03_21_11_03_25_34.bmp,"[{""poligono_xy"": [[170, 70], [190, 60], [210, 70], [200, 90], [180, 90]]}, {""poligono_xy"": [[50, 420], [70, 400], [90, 410], [80, 440], [60, 450]]}, {""poligono_xy"": [[250, 440], [280, 430], [310, 450], [300, 480], [260, 480]]}, {""poligono_xy"": [[880, 910], [910, 890], [940, 910], [920, 940], [890, 940]]}, {""poligono_xy"": [[150, 170], [180, 150], [220, 170], [210, 200], [170, 210]]}, {""poligono_xy"": [[360, 400], [390, 380], [410, 400], [400, 430], [370, 430]]}, {""poligono_xy"": [[380, 250], [400, 230], [430, 250], [420, 270], [390, 280]]}, {""poligono_xy"": [[440, 350], [470, 320], [500, 350], [480, 380], [450, 370]]}, {""poligono_xy"": [[100, 870], [130, 850], [150, 870], [130, 890], [110, 890]]}, {""poligono_xy"": [[750, 80], [780, 60], [810, 80], [790, 100], [760, 100]]}, {""poligono_xy"": [[860, 160], [890, 140], [920, 170], [900, 190], [870, 190]]}, {""poligono_xy"": [[150, 730], [180, 720], [200, 740], [190, 760], [160, 760]]}, {""poligono_xy"": [[440, 660], [460, 640], [490, 660], [480, 690], [450, 690]]}, {""poligono_xy"": [[720, 730], [750, 710], [780, 730], [770, 760], [730, 760]]}]","Imagem microscópica em escala de cinza de células, possivelmente leveduras, com diferentes níveis de foco. A imagem apresenta um fundo relativamente uniforme."
2022_03_21_11_03_27_01.bmp,C:\Users\sthem\OneDrive\Documentos\GitHub\master-2025\7-gemini\train\2022_03_21_11_03_27_01.bmp,[],"Imagem microscópica em escala de cinza de células, possivelmente leveduras, com diferentes graus de foco. A imagem apresenta um fundo relativamente uniforme."
2022_03_21_11_03_28_69.bmp,C:\Users\sthem\OneDrive\Documentos\GitHub\master-2025\7-gemini\train\2022_03_21_11_03_28_69.bmp,[],"Imagem em escala de cinza de células, possivelmente células sanguíneas, com diferentes níveis de foco. Alguns pequenos detritos também são visíveis."
2022_03_21_11_03_30_36.bmp,C:\Users\sthem\OneDrive\Documentos\GitHub\master-2025\7-gemini\train\2022_03_21_11_03_30_36.bmp,[],"Imagem microscópica em tons de cinza mostrando células, possivelmente leveduras, em diferentes planos focais. A imagem apresenta um fundo relativamente uniforme e as células aparecem como objetos circulares ou ovais mais escuros."
2022_03_21_11_03_32_03.bmp,C:\Users\sthem\OneDrive\Documentos\GitHub\master-2025\7-gemini\train\2022_03_21_11_03_32_03.bmp,[],"Imagem microscópica em tons de cinza mostrando diversas células, possivelmente leveduras, em diferentes níveis de foco. A qualidade da imagem é razoável, mas a falta de nitidez em algumas áreas dificulta a delimitação precisa de todas as células."
2022_03_21_11_03_33_71.bmp,C:\Users\sthem\OneDrive\Documentos\GitHub\master-2025\7-gemini\train\2022_03_21_11_03_33_71.bmp,[],"Imagem microscópica em tons de cinza mostrando células de formato oval, possivelmente leveduras ou algum tipo de célula sanguínea, em diferentes níveis de foco. A qualidade da imagem é razoável, mas algumas células estão fora de foco."
2022_03_21_11_03_35_38.bmp,C:\Users\sthem\OneDrive\Documentos\GitHub\master-2025\7-gemini\train\2022_03_21_11_03_35_38.bmp,"[{""poligono_xy"": [[172, 42], [184, 34], [194, 32], [204, 38], [208, 48], [204, 60], [194, 66], [182, 62], [174, 54]]}, {""poligono_xy"": [[140, 154], [154, 148], [164, 152], [172, 162], [170, 176], [158, 184], [144, 180], [134, 170]]}, {""poligono_xy"": [[26, 30], [40, 20], [56, 22], [66, 36], [64, 50], [52, 60], [36, 56], [26, 44]]}, {""poligono_xy"": [[882, 884], [896, 878], [906, 882], [912, 894], [908, 906], [896, 914], [886, 908], [878, 898]]}, {""poligono_xy"": [[338, 700], [350, 692], [364, 696], [372, 708], [366, 720], [354, 726], [344, 720], [336, 710]]}, {""poligono_xy"": [[786, 392], [804, 380], [822, 386], [834, 402], [828, 416], [814, 428], [796, 420], [782, 406]]}, {""poligono_xy"": [[866, 684], [886, 668], [904, 678], [914, 696], [904, 718], [882, 726], [866, 716], [856, 702]]}, {""poligono_xy"": [[728, 840], [750, 828], [768, 836], [782, 850], [776, 866], [760, 878], [740, 872], [726, 856]]}, {""poligono_xy"": [[588, 154], [604, 142], [620, 144], [632, 158], [628, 170], [614, 180], [596, 176], [582, 164]]}]","Imagem microscópica em escala de cinza de células, possivelmente leveduras, em diferentes estágios de brotamento. A imagem possui um fundo relativamente uniforme e as células apresentam um contraste moderado."
2022_03_21_11_03_37_06.bmp,C:\Users\sthem\OneDrive\Documentos\GitHub\master-2025\7-gemini\train\2022_03_21_11_03_37_06.bmp,[],"Imagem microscópica em escala de cinza de células, possivelmente leveduras, com diferentes graus de foco. A imagem apresenta um fundo relativamente uniforme e as células parecem ser circulares ou ovais."
2022_03_21_11_03_38_73.bmp,C:\Users\sthem\OneDrive\Documentos\GitHub\master-2025\7-gemini\train\2022_03_21_11_03_38_73.bmp,[],"Imagem microscópica em escala de cinza de células, possivelmente leveduras, com diferentes focos e tamanhos. A imagem apresenta um fundo relativamente uniforme."
2022_03_21_11_03_40_40.bmp,C:\Users\sthem\OneDrive\Documentos\GitHub\master-2025\7-gemini\train\2022_03_21_11_03_40_40.bmp,[],"Imagem microscópica em tons de cinza mostrando células esféricas, possivelmente leveduras, em diferentes níveis de foco. A qualidade da imagem é razoável, com algum ruído de fundo."
2022_03_21_11_03_42_08.bmp,C:\Users\sthem\OneDrive\Documentos\GitHub\master-2025\7-gemini\train\2022_03_21_11_03_42_08.bmp,[],"Imagem microscópica em tons de cinza mostrando células esféricas, possivelmente leveduras, em diferentes níveis de foco. A qualidade da imagem é razoável, mas algumas células estão desfocadas."
2022_03_21_11_03_43_75.bmp,C:\Users\sthem\OneDrive\Documentos\GitHub\master-2025\7-gemini\train\2022_03_21_11_03_43_75.bmp,[],"Imagem microscópica em escala de cinza de células, possivelmente leveduras ou células sanguíneas, com diferentes níveis de foco. A imagem apresenta um fundo relativamente uniforme e as células parecem estar dispersas."
2022_03_21_11_03_45_42.bmp,C:\Users\sthem\OneDrive\Documentos\GitHub\master-2025\7-gemini\train\2022_03_21_11_03_45_42.bmp,[],"Imagem microscópica em escala de cinza de células, possivelmente leucócitos, com foco variável. A imagem apresenta um fundo relativamente uniforme."
2022_03_21_11_03_48_77.bmp,C:\Users\sthem\OneDrive\Documentos\GitHub\master-2025\7-gemini\train\2022_03_21_11_03_48_77.bmp,[],"Imagem microscópica em escala de cinza de células, possivelmente leveduras, com diferentes graus de foco. A imagem apresenta um fundo relativamente uniforme."
2022_03_21_11_03_50_44.bmp,C:\Users\sthem\OneDrive\Documentos\GitHub\master-2025\7-gemini\train\2022_03_21_11_03_50_44.bmp,[],"Imagem microscópica em escala de cinza de células, possivelmente leveduras, com diferentes graus de foco. A imagem apresenta um fundo relativamente uniforme."
2022_03_21_11_03_52_12.bmp,C:\Users\sthem\OneDrive\Documentos\GitHub\master-2025\7-gemini\train\2022_03_21_11_03_52_12.bmp,[],"Imagem microscópica em escala de cinza mostrando células de formato oval e bastonete, possivelmente leveduras ou bactérias, em diferentes níveis de foco. A imagem apresenta um fundo uniforme e relativamente limpo."
2022_03_21_11_03_53_80.bmp,C:\Users\sthem\OneDrive\Documentos\GitHub\master-2025\7-gemini\train\2022_03_21_11_03_53_80.bmp,[],"Imagem microscópica em escala de cinza de células, possivelmente leveduras ou bactérias, com diferentes morfologias, algumas apresentando formato oval e outras alongado. A imagem possui um fundo relativamente uniforme e as células estão dispersas, com diferentes níveis de foco."
2022_03_21_11_03_57_14.bmp,C:\Users\sthem\OneDrive\Documentos\GitHub\master-2025\7-gemini\train\2022_03_21_11_03_57_14.bmp,[],"Imagem microscópica em escala de cinza mostrando diversas células, possivelmente leveduras, em diferentes focos. A qualidade da imagem é razoável, mas algumas células estão desfocadas."
2022_03_21_11_03_58_82.bmp,C:\Users\sthem\OneDrive\Documentos\GitHub\master-2025\7-gemini\train\2022_03_21_11_03_58_82.bmp,"[{""poligono_xy"": [[200, 210], [220, 200], [230, 210], [220, 230]]}, {""poligono_xy"": [[250, 40], [270, 30], [290, 50], [280, 70]]}, {""poligono_xy"": [[350, 100], [370, 80], [380, 100], [360, 120]]}, {""poligono_xy"": [[400, 400], [420, 390], [440, 410], [420, 420]]}, {""poligono_xy"": [[500, 250], [510, 230], [530, 250], [520, 270]]}, {""poligono_xy"": [[600, 120], [620, 100], [640, 110], [630, 130]]}, {""poligono_xy"": [[70, 550], [90, 530], [110, 560], [90, 580]]}, {""poligono_xy"": [[120, 430], [140, 420], [160, 430], [140, 450]]}, {""poligono_xy"": [[160, 100], [170, 90], [180, 100], [170, 110]]}, {""poligono_xy"": [[350, 550], [370, 560], [390, 540], [380, 510]]}, {""poligono_xy"": [[650, 30], [680, 10], [700, 30], [680, 60]]}, {""poligono_xy"": [[700, 480], [710, 470], [720, 480], [710, 490]]}]","Imagem microscópica em tons de cinza mostrando células, possivelmente hemácias, com diferentes níveis de foco. A imagem apresenta um fundo relativamente uniforme."
2022_03_21_11_04_00_49.bmp,C:\Users\sthem\OneDrive\Documentos\GitHub\master-2025\7-gemini\train\2022_03_21_11_04_00_49.bmp,[],"Imagem microscópica em escala de cinza mostrando células circulares, possivelmente células em suspensão. A imagem está ligeiramente desfocada, o que dificulta a delineação precisa das bordas das células."
2022_03_21_11_04_02_16.bmp,C:\Users\sthem\OneDrive\Documentos\GitHub\master-2025\7-gemini\train\2022_03_21_11_04_02_16.bmp,[],"Imagem microscópica em escala de cinza de células, possivelmente leveduras ou bactérias, com diferentes níveis de foco. A imagem apresenta um fundo relativamente uniforme."
2022_03_21_11_04_03_83.bmp,C:\Users\sthem\OneDrive\Documentos\GitHub\master-2025\7-gemini\train\2022_03_21_11_04_03_83.bmp,[],"Imagem microscópica em escala de cinza de células, possivelmente leveduras ou bactérias, com diferentes morfologias e tamanhos. A imagem está ligeiramente desfocada."
2022_03_21_11_04_07_18.bmp,C:\Users\sthem\OneDrive\Documentos\GitHub\master-2025\7-gemini\train\2022_03_21_11_04_07_18.bmp,"[{""poligono_xy"": [[170, 60], [190, 55], [200, 70], [190, 85], [170, 80]]}, {""poligono_xy"": [[230, 20], [250, 20], [255, 35], [245, 40], [230, 40]]}, {""poligono_xy"": [[220, 300], [240, 295], [255, 310], [250, 320], [230, 320]]}, {""poligono_xy"": [[300, 365], [320, 360], [330, 375], [320, 390], [300, 385]]}, {""poligono_xy"": [[770, 760], [795, 750], [810, 770], [800, 790], [775, 785]]}, {""poligono_xy"": [[875, 585], [900, 580], [910, 600], [900, 615], [875, 610]]}, {""poligono_xy"": [[915, 855], [935, 845], [950, 860], [940, 875], [920, 870]]}, {""poligono_xy"": [[610, 610], [620, 600], [630, 605], [635, 615], [625, 625], [615, 620]]}, {""poligono_xy"": [[705, 230], [715, 225], [725, 230], [720, 240], [710, 240]]}, {""poligono_xy"": [[605, 370], [615, 360], [625, 365], [630, 375], [620, 385], [610, 380]]}]","Imagem microscópica em escala de cinza mostrando células, possivelmente leveduras ou bactérias, com diferentes morfologias, incluindo formas esféricas e alongadas. A imagem apresenta um fundo relativamente limpo com algumas pequenas partículas. A qualidade da imagem é razoável, com foco adequado na maioria das células."
2022_03_21_11_04_08_86.bmp,C:\Users\sthem\OneDrive\Documentos\GitHub\master-2025\7-gemini\train\2022_03_21_11_04_08_86.bmp,[],"Imagem microscópica em escala de cinza de células, possivelmente leveduras ou similares, em diferentes níveis de foco. A qualidade da imagem é razoável, mas algumas células estão fora de foco."
2022_03_21_11_04_12_21.bmp,C:\Users\sthem\OneDrive\Documentos\GitHub\master-2025\7-gemini\train\2022_03_21_11_04_12_21.bmp,[],"Imagem microscópica em escala de cinza de células, possivelmente hemácias, com diferentes níveis de foco."
2022_03_21_11_04_13_88.bmp,C:\Users\sthem\OneDrive\Documentos\GitHub\master-2025\7-gemini\train\2022_03_21_11_04_13_88.bmp,"[{""poligono_xy"": [[75, 70], [95, 60], [110, 75], [100, 95], [80, 90]]}, {""poligono_xy"": [[485, 55], [500, 45], [510, 55], [505, 70], [490, 70]]}, {""poligono_xy"": [[45, 500], [65, 490], [80, 510], [70, 530], [50, 530]]}, {""poligono_xy"": [[470, 550], [490, 540], [510, 555], [500, 580], [475, 575]]}, {""poligono_xy"": [[70, 300], [80, 285], [90, 300], [80, 315]]}, {""poligono_xy"": [[280, 345], [300, 335], [320, 345], [310, 365], [290, 360]]}, {""poligono_xy"": [[485, 305], [500, 295], [515, 310], [510, 330], [490, 330]]}, {""poligono_xy"": [[150, 830], [170, 830], [175, 850], [155, 855]]}, {""poligono_xy"": [[450, 855], [470, 850], [480, 865], [465, 880], [445, 870]]}, {""poligono_xy"": [[600, 885], [620, 880], [630, 900], [615, 910], [595, 900]]}, {""poligono_xy"": [[880, 870], [900, 860], [915, 880], [905, 900], [885, 890]]}, {""poligono_xy"": [[20, 5], [35, 0], [45, 10], [30, 25]]}, {""poligono_xy"": [[830, 25], [845, 10], [860, 25], [850, 40]]}, {""poligono_xy"": [[885, 605], [895, 590], [905, 600], [900, 615]]}, {""poligono_xy"": [[720, 720], [745, 710], [760, 735], [750, 760], [725, 750]]}, {""poligono_xy"": [[250, 650], [270, 640], [290, 660], [275, 685], [255, 675]]}]","Imagem em escala de cinza de células, possivelmente leveduras, em diferentes níveis de foco. A qualidade da imagem é moderada, com alguns artefatos e ruído de fundo."
2022_03_21_11_04_15_55.bmp,C:\Users\sthem\OneDrive\Documentos\GitHub\master-2025\7-gemini\train\2022_03_21_11_04_15_55.bmp,[],"Imagem microscópica em escala de cinza de células, possivelmente leveduras ou bactérias, com diferentes morfologias e tamanhos. A imagem está ligeiramente desfocada, o que dificulta a delineação precisa das células."
2022_03_21_11_04_17_23.bmp,C:\Users\sthem\OneDrive\Documentos\GitHub\master-2025\7-gemini\train\2022_03_21_11_04_17_23.bmp,[],"Imagem microscópica em escala de cinza de células, possivelmente leveduras, com diferentes graus de foco. A imagem apresenta um fundo relativamente uniforme."
2022_03_21_11_04_18_90.bmp,C:\Users\sthem\OneDrive\Documentos\GitHub\master-2025\7-gemini\train\2022_03_21_11_04_18_90.bmp,[],"Imagem microscópica em escala de cinza de células, possivelmente leveduras, com foco variável. Algumas pequenas partículas e detritos também estão presentes."
2022_03_21_11_04_20_57.bmp,C:\Users\sthem\OneDrive\Documentos\GitHub\master-2025\7-gemini\train\2022_03_21_11_04_20_57.bmp,"[{""poligono_xy"": [[72, 45], [88, 45], [88, 61], [72, 61]]}, {""poligono_xy"": [[29, 128], [45, 128], [45, 144], [29, 144]]}, {""poligono_xy"": [[120, 57], [144, 57], [144, 81], [120, 81]]}, {""poligono_xy"": [[198, 273], [222, 273], [222, 297], [198, 297]]}, {""poligono_xy"": [[246, 117], [270, 117], [270, 141], [246, 141]]}, {""poligono_xy"": [[291, 29], [315, 29], [315, 53], [291, 53]]}, {""poligono_xy"": [[348, 261], [372, 261], [372, 285], [348, 285]]}, {""poligono_xy"": [[357, 81], [381, 81], [381, 105], [357, 105]]}, {""poligono_xy"": [[450, 432], [474, 432], [474, 456], [450, 456]]}, {""poligono_xy"": [[486, 87], [510, 87], [510, 111], [486, 111]]}, {""poligono_xy"": [[528, 285], [552, 285], [552, 309], [528, 309]]}, {""poligono_xy"": [[561, 45], [585, 45], [585, 69], [561, 69]]}, {""poligono_xy"": [[648, 9], [672, 9], [672, 33], [648, 33]]}, {""poligono_xy"": [[729, 459], [753, 459], [753, 483], [729, 483]]}, {""poligono_xy"": [[846, 27], [870, 27], [870, 51], [846, 51]]}, {""poligono_xy"": [[900, 432], [924, 432], [924, 456], [900, 456]]}]","Imagem microscópica em escala de cinza mostrando diversas células esféricas, possivelmente leveduras, em diferentes níveis de foco. A qualidade da imagem é razoável, com alguns pontos de artefato."
2022_03_21_11_04_22_25.bmp,C:\Users\sthem\OneDrive\Documentos\GitHub\master-2025\7-gemini\train\2022_03_21_11_04_22_25.bmp,[],"Imagem microscópica em tons de cinza de células, possivelmente leveduras, com diferentes graus de foco. A imagem apresenta um fundo relativamente uniforme."
2022_03_21_11_04_23_92.bmp,C:\Users\sthem\OneDrive\Documentos\GitHub\master-2025\7-gemini\train\2022_03_21_11_04_23_92.bmp,[],"Imagem em escala de cinza de células, possivelmente leveduras ou bactérias, com diferentes graus de foco. A imagem apresenta um fundo relativamente uniforme."
2022_03_21_11_04_27_27.bmp,C:\Users\sthem\OneDrive\Documentos\GitHub\master-2025\7-gemini\train\2022_03_21_11_04_27_27.bmp,[],"Imagem microscópica em tons de cinza mostrando células de formato aproximadamente circular, possivelmente leveduras, com diferentes graus de foco. A imagem apresenta um fundo relativamente uniforme e pouco contraste."
2022_03_21_11_04_28_94.bmp,C:\Users\sthem\OneDrive\Documentos\GitHub\master-2025\7-gemini\train\2022_03_21_11_04_28_94.bmp,[],"Imagem microscópica em escala de cinza de células, possivelmente glóbulos vermelhos, com diferentes níveis de foco. A imagem apresenta algum ruído de fundo."
2022_03_21_11_04_30_62.bmp,C:\Users\sthem\OneDrive\Documentos\GitHub\master-2025\7-gemini\train\2022_03_21_11_04_30_62.bmp,[],"Imagem microscópica em escala de cinza de células, possivelmente hemácias, com diferentes níveis de foco. A imagem apresenta baixo contraste."
2022_03_21_11_04_33_96.bmp,C:\Users\sthem\OneDrive\Documentos\GitHub\master-2025\7-gemini\train\2022_03_21_11_04_33_96.bmp,[],"Imagem microscópica em escala de cinza de células, possivelmente leveduras, com diferentes graus de foco. A imagem apresenta um fundo relativamente uniforme."
2022_03_21_11_04_35_64.bmp,C:\Users\sthem\OneDrive\Documentos\GitHub\master-2025\7-gemini\train\2022_03_21_11_04_35_64.bmp,[],"Imagem microscópica em escala de cinza de células, possivelmente hemácias, com diferentes níveis de foco. A qualidade da imagem é razoável, mas algumas células estão desfocadas."
2022_03_21_11_04_37_31.bmp,C:\Users\sthem\OneDrive\Documentos\GitHub\master-2025\7-gemini\train\2022_03_21_11_04_37_31.bmp,[],"Imagem microscópica em escala de cinza de células, possivelmente leveduras ou bactérias, com diferentes níveis de foco. A imagem apresenta um fundo relativamente uniforme."
2022_03_21_11_04_38_98.bmp,C:\Users\sthem\OneDrive\Documentos\GitHub\master-2025\7-gemini\train\2022_03_21_11_04_38_98.bmp,[],"Imagem microscópica em escala de cinza mostrando diversas células, possivelmente leveduras, com diferentes graus de foco. A imagem apresenta um fundo relativamente uniforme e as células parecem ter uma forma predominantemente elíptica ou circular."
2022_03_21_11_04_40_66.bmp,C:\Users\sthem\OneDrive\Documentos\GitHub\master-2025\7-gemini\train\2022_03_21_11_04_40_66.bmp,[],"Imagem microscópica em escala de cinza de células, possivelmente leveduras ou células sanguíneas, com diferentes graus de foco. A imagem apresenta um fundo relativamente uniforme."
2022_03_21_11_04_42_34.bmp,C:\Users\sthem\OneDrive\Documentos\GitHub\master-2025\7-gemini\train\2022_03_21_11_04_42_34.bmp,"[{""poligono_xy"": [[47, 36], [65, 23], [80, 31], [78, 51], [60, 63], [43, 54]]}, {""poligono_xy"": [[124, 67], [147, 56], [173, 71], [173, 98], [150, 111], [118, 96]]}, {""poligono_xy"": [[204, 220], [223, 204], [251, 216], [257, 243], [230, 263], [205, 249]]}, {""poligono_xy"": [[280, 415], [303, 398], [331, 415], [334, 445], [305, 464], [278, 446]]}, {""poligono_xy"": [[370, 543], [393, 528], [424, 545], [430, 573], [401, 591], [369, 574]]}, {""poligono_xy"": [[465, 100], [479, 87], [500, 95], [503, 118], [483, 127], [464, 117]]}, {""poligono_xy"": [[509, 426], [531, 414], [552, 426], [555, 450], [532, 462], [513, 447]]}, {""poligono_xy"": [[601, 249], [615, 230], [642, 239], [648, 260], [627, 274], [609, 265]]}, {""poligono_xy"": [[660, 737], [689, 714], [732, 743], [734, 790], [698, 815], [654, 783]]}, {""poligono_xy"": [[768, 65], [794, 41], [840, 52], [855, 89], [814, 116], [764, 100]]}, {""poligono_xy"": [[897, 745], [920, 722], [956, 742], [963, 778], [926, 802], [891, 776]]}]","Imagem microscópica em escala de cinza de células, possivelmente leveduras, com diferentes graus de foco. A imagem apresenta um fundo relativamente limpo."
2022_03_21_11_04_44_01.bmp,C:\Users\sthem\OneDrive\Documentos\GitHub\master-2025\7-gemini\train\2022_03_21_11_04_44_01.bmp,"[{""poligono_xy"": [[60, 75], [85, 60], [100, 75], [90, 95], [65, 100]]}, {""poligono_xy"": [[380, 230], [400, 220], [415, 235], [405, 250], [380, 240]]}, {""poligono_xy"": [[150, 320], [170, 310], [190, 330], [175, 350], [155, 340]]}, {""poligono_xy"": [[425, 390], [445, 375], [460, 390], [450, 410], [430, 405]]}, {""poligono_xy"": [[590, 450], [610, 440], [630, 460], [615, 480], [590, 470]]}, {""poligono_xy"": [[670, 740], [695, 730], [710, 750], [700, 765], [680, 760]]}, {""poligono_xy"": [[840, 620], [865, 605], [880, 625], [865, 640], [840, 635]]}, {""poligono_xy"": [[150, 690], [175, 680], [190, 695], [180, 715], [155, 710]]}, {""poligono_xy"": [[290, 175], [310, 160], [330, 175], [315, 195], [295, 185]]}, {""poligono_xy"": [[490, 580], [510, 565], [520, 580], [510, 595], [490, 590]]}, {""poligono_xy"": [[130, 500], [155, 480], [170, 500], [160, 520], [135, 515]]}, {""poligono_xy"": [[250, 460], [265, 450], [280, 460], [270, 480], [255, 470]]}, {""poligono_xy"": [[550, 120], [580, 100], [600, 120], [585, 140], [560, 130]]}, {""poligono_xy"": [[750, 285], [770, 270], [790, 290], [775, 310], [755, 300]]}]","Imagem em escala de cinza de células circulares, possivelmente células em suspensão, com diferentes graus de foco. A imagem apresenta um fundo relativamente uniforme e algumas pequenas partículas além das células principais."
2022_03_21_11_04_45_68.bmp,C:\Users\sthem\OneDrive\Documentos\GitHub\master-2025\7-gemini\train\2022_03_21_11_04_45_68.bmp,[],"Imagem microscópica em escala de cinza de células, possivelmente hemácias, com diferentes níveis de foco. A imagem apresenta um fundo relativamente uniforme."
2022_03_21_11_04_47_35.bmp,C:\Users\sthem\OneDrive\Documentos\GitHub\master-2025\7-gemini\train\2022_03_21_11_04_47_35.bmp,"[{""poligono_xy"": [[100, 550], [130, 540], [140, 570], [110, 580]]}, {""poligono_xy"": [[200, 140], [230, 130], [250, 160], [220, 170]]}, {""poligono_xy"": [[290, 50], [320, 40], [340, 70], [310, 80]]}, {""poligono_xy"": [[360, 290], [390, 280], [400, 310], [370, 320]]}, {""poligono_xy"": [[430, 480], [460, 470], [480, 500], [450, 510]]}, {""poligono_xy"": [[500, 280], [530, 270], [550, 300], [520, 310]]}, {""poligono_xy"": [[550, 450], [580, 440], [600, 470], [570, 480]]}, {""poligono_xy"": [[640, 860], [670, 850], [690, 880], [660, 890]]}, {""poligono_xy"": [[710, 290], [740, 280], [760, 310], [730, 320]]}, {""poligono_xy"": [[780, 50], [810, 40], [830, 70], [800, 80]]}, {""poligono_xy"": [[850, 880], [880, 870], [900, 900], [870, 910]]}, {""poligono_xy"": [[920, 600], [950, 590], [970, 620], [940, 630]]}, {""poligono_xy"": [[70, 800], [90, 790], [110, 820], [90, 830]]}, {""poligono_xy"": [[20, 30], [40, 20], [60, 50], [40, 60]]}, {""poligono_xy"": [[20, 890], [40, 880], [60, 910], [40, 920]]}]","Imagem microscópica em escala de cinza mostrando células, possivelmente leveduras, com diferentes graus de foco. A imagem apresenta um fundo relativamente uniforme."
2022_03_21_11_04_49_03.bmp,C:\Users\sthem\OneDrive\Documentos\GitHub\master-2025\7-gemini\train\2022_03_21_11_04_49_03.bmp,[],"Imagem microscópica em escala de cinza mostrando células, possivelmente leveduras, com diferentes níveis de foco. A imagem apresenta um fundo relativamente uniforme."
2022_03_21_11_04_50_70.bmp,C:\Users\sthem\OneDrive\Documentos\GitHub\master-2025\7-gemini\train\2022_03_21_11_04_50_70.bmp,[],"Imagem microscópica em escala de cinza mostrando uma variedade de células, possivelmente leveduras e bactérias, com diferentes morfologias e tamanhos. A imagem está ligeiramente desfocada."
2022_03_21_11_04_54_05.bmp,C:\Users\sthem\OneDrive\Documentos\GitHub\master-2025\7-gemini\train\2022_03_21_11_04_54_05.bmp,[],"Imagem microscópica em escala de cinza de células, possivelmente leveduras ou similares, em diferentes níveis de foco. A qualidade da imagem é razoável, mas algumas células estão fora de foco."
2022_03_21_11_04_55_72.bmp,C:\Users\sthem\OneDrive\Documentos\GitHub\master-2025\7-gemini\train\2022_03_21_11_04_55_72.bmp,[],"Imagem microscópica em tons de cinza mostrando células, possivelmente leveduras, com algumas fora de foco. A qualidade da imagem é razoável, mas a baixa resolução e o foco inconsistente dificultam a identificação precisa de todas as células."
2022_03_21_11_04_57_40.bmp,C:\Users\sthem\OneDrive\Documentos\GitHub\master-2025\7-gemini\train\2022_03_21_11_04_57_40.bmp,[],"Imagem microscópica em escala de cinza de leveduras, possivelmente Saccharomyces cerevisiae, em diferentes estágios de brotamento. A imagem apresenta um fundo relativamente uniforme e as células estão dispersas, com algumas apresentando formato oval e outras mais arredondadas. A qualidade da imagem é razoável, permitindo a visualização das células, porém com alguma perda de nitidez."
2022_03_21_11_04_59_07.bmp,C:\Users\sthem\OneDrive\Documentos\GitHub\master-2025\7-gemini\train\2022_03_21_11_04_59_07.bmp,"[{""poligono_xy"": [[42, 18], [58, 12], [68, 18], [64, 28], [48, 32], [36, 26]]}, {""poligono_xy"": [[104, 112], [120, 102], [134, 112], [130, 126], [112, 134], [96, 124]]}, {""poligono_xy"": [[240, 238], [256, 230], [272, 238], [266, 254], [248, 260], [232, 250]]}, {""poligono_xy"": [[386, 382], [398, 374], [412, 382], [406, 396], [392, 402], [378, 394]]}, {""poligono_xy"": [[470, 86], [490, 78], [512, 90], [508, 108], [486, 116], [462, 102]]}, {""poligono_xy"": [[586, 28], [608, 18], [630, 30], [622, 48], [594, 54], [570, 44]]}, {""poligono_xy"": [[712, 924], [732, 914], [754, 930], [748, 950], [724, 962], [700, 946]]}, {""poligono_xy"": [[808, 488], [828, 476], [850, 490], [842, 508], [818, 516], [796, 504]]}, {""poligono_xy"": [[886, 878], [908, 870], [926, 884], [922, 900], [898, 912], [874, 896]]}, {""poligono_xy"": [[224, 386], [252, 374], [284, 400], [274, 428], [238, 438], [206, 414]]}, {""poligono_xy"": [[80, 256], [110, 236], [146, 272], [130, 304], [92, 314], [60, 282]]}, {""poligono_xy"": [[284, 22], [316, 16], [344, 36], [334, 60], [298, 66], [266, 46]]}]","Imagem microscópica em escala de cinza de células, possivelmente leveduras, com diferentes níveis de foco. A imagem apresenta um fundo relativamente uniforme com algumas pequenas partículas e artefatos."
2022_03_21_11_05_00_75.bmp,C:\Users\sthem\OneDrive\Documentos\GitHub\master-2025\7-gemini\train\2022_03_21_11_05_00_75.bmp,[],Imagem microscópica em escala de cinza mostrando células de levedura (circulares/ovais) e possivelmente algumas bactérias (formato de bastonete). A imagem está um pouco fora de foco.
2022_03_21_11_05_02_42.bmp,C:\Users\sthem\OneDrive\Documentos\GitHub\master-2025\7-gemini\train\2022_03_21_11_05_02_42.bmp,[],"Imagem microscópica em escala de cinza de células, possivelmente leveduras, com diferentes morfologias e tamanhos. A imagem apresenta um fundo relativamente uniforme e as células parecem estar em suspensão. A qualidade da imagem é razoável, mas algumas células estão ligeiramente desfocadas."
2022_03_21_11_05_05_77.bmp,C:\Users\sthem\OneDrive\Documentos\GitHub\master-2025\7-gemini\train\2022_03_21_11_05_05_77.bmp,"[{""poligono_xy"": [[92, 138], [112, 120], [133, 127], [142, 150], [126, 170], [100, 160]]}, {""poligono_xy"": [[46, 299], [61, 277], [88, 283], [99, 308], [83, 330], [57, 322]]}, {""poligono_xy"": [[472, 404], [495, 383], [525, 392], [537, 417], [516, 440], [486, 428]]}, {""poligono_xy"": [[136, 460], [160, 435], [190, 447], [207, 475], [185, 500], [155, 488]]}, {""poligono_xy"": [[686, 589], [716, 563], [752, 578], [768, 609], [740, 636], [700, 618]]}, {""poligono_xy"": [[329, 661], [361, 633], [398, 651], [415, 682], [384, 710], [348, 691]]}, {""poligono_xy"": [[153, 142], [181, 117], [204, 130], [200, 154], [167, 180], [136, 160]]}, {""poligono_xy"": [[278, 566], [294, 545], [322, 557], [335, 585], [316, 600], [290, 583]]}, {""poligono_xy"": [[766, 260], [787, 239], [810, 253], [814, 275], [795, 291], [771, 277]]}, {""poligono_xy"": [[471, 540], [491, 517], [518, 530], [526, 554], [508, 574], [476, 562]]}]","Imagem microscópica em escala de cinza de células, possivelmente leveduras, com diferentes níveis de foco. A imagem apresenta alguns artefatos e ruído."
2022_03_21_11_05_09_12.bmp,C:\Users\sthem\OneDrive\Documentos\GitHub\master-2025\7-gemini\val\2022_03_21_11_05_09_12.bmp,[],"Imagem microscópica em escala de cinza de células, possivelmente leveduras ou bactérias, em diferentes níveis de foco. A imagem apresenta um fundo relativamente uniforme e as células parecem ser principalmente circulares ou ovais."
2022_03_21_11_05_10_79.bmp,C:\Users\sthem\OneDrive\Documentos\GitHub\master-2025\7-gemini\val\2022_03_21_11_05_10_79.bmp,[],"Imagem microscópica em escala de cinza de células, possivelmente leveduras, com diferentes graus de foco. A imagem apresenta um fundo relativamente uniforme."
2022_03_21_11_05_14_14.bmp,C:\Users\sthem\OneDrive\Documentos\GitHub\master-2025\7-gemini\val\2022_03_21_11_05_14_14.bmp,"[{""poligono_xy"": [[75, 55], [90, 45], [105, 55], [100, 70], [80, 75], [65, 65]]}, {""poligono_xy"": [[240, 205], [260, 195], [270, 210], [265, 230], [240, 235], [225, 220]]}, {""poligono_xy"": [[180, 330], [200, 320], [215, 335], [210, 355], [190, 360], [170, 350]]}, {""poligono_xy"": [[325, 45], [345, 40], [360, 55], [355, 70], [335, 70], [315, 60]]}, {""poligono_xy"": [[460, 70], [480, 60], [495, 75], [490, 95], [470, 100], [455, 85]]}, {""poligono_xy"": [[535, 85], [550, 75], [570, 90], [565, 105], [545, 115], [530, 100]]}, {""poligono_xy"": [[720, 80], [740, 70], [760, 80], [755, 100], [735, 105], [715, 95]]}, {""poligono_xy"": [[785, 45], [800, 35], [815, 45], [810, 60], [790, 65], [775, 55]]}, {""poligono_xy"": [[850, 470], [870, 460], [885, 475], [880, 495], [860, 500], [845, 485]]}]","Imagem microscópica em escala de cinza de células, possivelmente leveduras, em diferentes níveis de foco. A imagem apresenta um fundo relativamente uniforme com algumas pequenas partículas e artefatos."
2022_03_21_11_05_15_81.bmp,C:\Users\sthem\OneDrive\Documentos\GitHub\master-2025\7-gemini\val\2022_03_21_11_05_15_81.bmp,"[{""poligono_xy"": [[70, 70], [85, 70], [85, 85], [70, 85]]}, {""poligono_xy"": [[240, 50], [260, 50], [260, 70], [240, 70]]}, {""poligono_xy"": [[190, 195], [210, 195], [210, 215], [190, 215]]}, {""poligono_xy"": [[255, 190], [275, 190], [275, 210], [255, 210]]}, {""poligono_xy"": [[550, 50], [575, 50], [575, 80], [550, 80]]}, {""poligono_xy"": [[170, 290], [190, 290], [190, 315], [170, 315]]}, {""poligono_xy"": [[280, 265], [310, 265], [310, 290], [280, 290]]}, {""poligono_xy"": [[400, 285], [415, 285], [415, 300], [400, 300]]}, {""poligono_xy"": [[490, 400], [510, 400], [510, 420], [490, 420]]}, {""poligono_xy"": [[540, 405], [560, 405], [560, 425], [540, 425]]}, {""poligono_xy"": [[600, 80], [640, 80], [640, 120], [600, 120]]}, {""poligono_xy"": [[760, 195], [790, 195], [790, 225], [760, 225]]}, {""poligono_xy"": [[855, 395], [880, 395], [880, 420], [855, 420]]}, {""poligono_xy"": [[890, 440], [915, 440], [915, 465], [890, 465]]}, {""poligono_xy"": [[200, 450], [230, 450], [230, 480], [200, 480]]}, {""poligono_xy"": [[40, 400], [70, 400], [70, 420], [40, 420]]}, {""poligono_xy"": [[85, 470], [110, 470], [110, 500], [85, 500]]}, {""poligono_xy"": [[340, 130], [370, 130], [370, 160], [340, 160]]}, {""poligono_xy"": [[450, 180], [480, 180], [480, 210], [450, 210]]}, {""poligono_xy"": [[180, 100], [210, 100], [210, 130], [180, 130]]}, {""poligono_xy"": [[660, 240], [700, 240], [700, 275], [660, 275]]}, {""poligono_xy"": [[760, 320], [800, 320], [800, 360], [760, 360]]}]","Imagem microscópica em tons de cinza de células, possivelmente leveduras, em diferentes níveis de foco. A imagem apresenta um fundo relativamente uniforme com algumas pequenas partículas e artefatos."
2022_03_21_11_05_17_48.bmp,C:\Users\sthem\OneDrive\Documentos\GitHub\master-2025\7-gemini\val\2022_03_21_11_05_17_48.bmp,"[{""poligono_xy"": [[25, 38], [40, 30], [50, 40], [40, 50], [25, 45]]}, {""poligono_xy"": [[80, 80], [95, 75], [110, 90], [100, 105], [85, 95]]}, {""poligono_xy"": [[200, 20], [215, 10], [225, 20], [215, 35], [205, 30]]}, {""poligono_xy"": [[100, 160], [115, 150], [125, 165], [115, 175], [100, 170]]}, {""poligono_xy"": [[250, 80], [270, 70], [290, 90], [280, 110], [260, 100]]}, {""poligono_xy"": [[350, 20], [360, 15], [370, 25], [360, 35], [350, 30]]}, {""poligono_xy"": [[400, 150], [420, 140], [440, 160], [430, 180], [410, 170]]}, {""poligono_xy"": [[480, 30], [490, 20], [500, 30], [490, 40], [480, 35]]}, {""poligono_xy"": [[30, 180], [40, 170], [50, 180], [40, 190], [30, 185]]}, {""poligono_xy"": [[100, 280], [110, 270], [120, 280], [110, 290], [100, 285]]}, {""poligono_xy"": [[450, 250], [470, 235], [485, 245], [475, 260], [460, 255]]}]","Imagem microscópica em escala de cinza mostrando células de levedura, possivelmente Saccharomyces cerevisiae, com diferentes morfologias e tamanhos. A imagem apresenta um fundo relativamente limpo com algumas pequenas partículas, possivelmente detritos ou artefatos. A qualidade da imagem é razoável, mas com um leve desfoque, dificultando a delineação precisa das bordas das células."
2022_03_21_11_05_19_16.bmp,C:\Users\sthem\OneDrive\Documentos\GitHub\master-2025\7-gemini\val\2022_03_21_11_05_19_16.bmp,[],"Imagem microscópica em escala de cinza mostrando diversas células de formato oval e algumas de formato alongado, possivelmente leveduras ou bactérias. A imagem apresenta um fundo granuloso e algumas células estão ligeiramente fora de foco."
2022_03_21_11_05_20_83.bmp,C:\Users\sthem\OneDrive\Documentos\GitHub\master-2025\7-gemini\val\2022_03_21_11_05_20_83.bmp,[],"Imagem microscópica em escala de cinza mostrando diversas células elípticas, possivelmente hemácias, em diferentes níveis de foco. A imagem apresenta um fundo granuloso e alguns pequenos artefatos."
2022_03_21_11_05_22_50.bmp,C:\Users\sthem\OneDrive\Documentos\GitHub\master-2025\7-gemini\val\2022_03_21_11_05_22_50.bmp,[],"Imagem microscópica em tons de cinza mostrando diversas células, possivelmente leveduras, com diferentes graus de foco. A qualidade da imagem é razoável, mas algumas células estão desfocadas."
2022_03_21_11_05_24_18.bmp,C:\Users\sthem\OneDrive\Documentos\GitHub\master-2025\7-gemini\val\2022_03_21_11_05_24_18.bmp,[],"Imagem microscópica em escala de cinza de células, possivelmente leveduras ou bactérias, com diferentes morfologias e tamanhos. A imagem está ligeiramente desfocada."
2022_03_21_11_05_25_85.bmp,C:\Users\sthem\OneDrive\Documentos\GitHub\master-2025\7-gemini\val\2022_03_21_11_05_25_85.bmp,"[{""poligono_xy"": [[75, 85], [95, 70], [110, 75], [110, 95], [90, 105], [75, 95]]}, {""poligono_xy"": [[70, 280], [85, 265], [100, 270], [105, 290], [90, 300], [70, 295]]}, {""poligono_xy"": [[145, 385], [160, 375], [180, 380], [190, 400], [175, 415], [150, 410]]}, {""poligono_xy"": [[200, 170], [220, 160], [240, 170], [245, 190], [225, 205], [200, 195]]}, {""poligono_xy"": [[265, 405], [285, 390], [305, 400], [305, 420], [280, 430], [260, 420]]}, {""poligono_xy"": [[315, 75], [330, 65], [350, 70], [355, 90], [340, 100], [320, 90]]}, {""poligono_xy"": [[390, 80], [410, 65], [430, 75], [435, 95], [415, 110], [395, 100]]}, {""poligono_xy"": [[450, 265], [470, 245], [490, 260], [495, 285], [475, 300], [455, 285]]}, {""poligono_xy"": [[580, 80], [605, 70], [625, 85], [625, 105], [600, 120], [580, 105]]}, {""poligono_xy"": [[685, 570], [710, 555], [735, 570], [740, 595], [715, 610], [690, 595]]}, {""poligono_xy"": [[785, 280], [805, 265], [825, 280], [830, 300], [810, 315], [785, 300]]}, {""poligono_xy"": [[855, 580], [875, 565], [900, 580], [900, 605], [870, 620], [850, 605]]}]","Imagem microscópica em escala de cinza de células, possivelmente leveduras, com diferentes focos e tamanhos. A qualidade da imagem é razoável, mas algumas células estão fora de foco."
2022_03_21_11_05_29_20.bmp,C:\Users\sthem\OneDrive\Documentos\GitHub\master-2025\7-gemini\val\2022_03_21_11_05_29_20.bmp,[],"Imagem microscópica em tons de cinza mostrando diversas células, possivelmente hemácias, com diferentes níveis de foco. A qualidade da imagem é razoável, mas algumas células estão desfocadas."
2022_03_21_11_05_30_88.bmp,C:\Users\sthem\OneDrive\Documentos\GitHub\master-2025\7-gemini\val\2022_03_21_11_05_30_88.bmp,[],"Imagem em escala de cinza de células, possivelmente leveduras ou bactérias, em diferentes níveis de foco. A qualidade da imagem é razoável, mas algumas células estão fora de foco."
2022_03_21_11_05_32_54.bmp,C:\Users\sthem\OneDrive\Documentos\GitHub\master-2025\7-gemini\val\2022_03_21_11_05_32_54.bmp,"[{""poligono_xy"": [[230, 40], [250, 30], [265, 40], [260, 55], [235, 60]]}, {""poligono_xy"": [[340, 450], [360, 440], [375, 450], [370, 470], [345, 475]]}, {""poligono_xy"": [[45, 10], [65, 5], [80, 15], [70, 30], [50, 30]]}, {""poligono_xy"": [[100, 850], [125, 840], [145, 860], [130, 880], [105, 880]]}, {""poligono_xy"": [[430, 80], [450, 70], [470, 90], [460, 105], [435, 100]]}, {""poligono_xy"": [[580, 20], [600, 15], [615, 25], [605, 40], [585, 35]]}, {""poligono_xy"": [[650, 100], [670, 90], [690, 105], [680, 120], [660, 115]]}, {""poligono_xy"": [[700, 450], [720, 435], [740, 455], [735, 475], [710, 470]]}, {""poligono_xy"": [[800, 850], [820, 840], [840, 855], [830, 875], [810, 870]]}, {""poligono_xy"": [[870, 880], [875, 920], [885, 920], [890, 880]]}, {""poligono_xy"": [[300, 280], [320, 270], [335, 285], [325, 300], [305, 295]]}, {""poligono_xy"": [[200, 600], [215, 590], [230, 600], [220, 620], [200, 615]]}, {""poligono_xy"": [[50, 450], [70, 440], [85, 455], [75, 475], [55, 470]]}, {""poligono_xy"": [[780, 620], [790, 660], [800, 660], [810, 620]]}, {""poligono_xy"": [[150, 200], [160, 190], [175, 205], [170, 215], [155, 210]]}]","Imagem microscópica em escala de cinza mostrando diversas células, possivelmente leveduras, em diferentes focos. A qualidade da imagem é razoável, mas alguns detalhes podem estar perdidos devido à profundidade de campo limitada."
2022_03_21_11_05_34_22.bmp,C:\Users\sthem\OneDrive\Documentos\GitHub\master-2025\7-gemini\val\2022_03_21_11_05_34_22.bmp,[],"Imagem microscópica em escala de cinza mostrando células esféricas, possivelmente leveduras, em diferentes planos focais. A imagem apresenta um fundo relativamente uniforme e as células exibem variabilidade de tamanho."
2022_03_21_11_05_39_25.bmp,C:\Users\sthem\OneDrive\Documentos\GitHub\master-2025\7-gemini\val\2022_03_21_11_05_39_25.bmp,[],"Imagem em escala de cinza de células, possivelmente hemácias, com diferentes níveis de foco. A imagem apresenta um fundo relativamente uniforme."
2022_03_21_11_05_40_91.bmp,C:\Users\sthem\OneDrive\Documentos\GitHub\master-2025\7-gemini\val\2022_03_21_11_05_40_91.bmp,[],"Imagem microscópica em tons de cinza mostrando células, possivelmente leveduras, em diferentes níveis de foco. A qualidade da imagem é razoável, mas algumas células estão fora de foco."
2022_03_21_11_05_42_59.bmp,C:\Users\sthem\OneDrive\Documentos\GitHub\master-2025\7-gemini\val\2022_03_21_11_05_42_59.bmp,[],"Imagem microscópica em escala de cinza mostrando uma variedade de células, possivelmente leveduras e bactérias, com diferentes morfologias e tamanhos. A imagem está ligeiramente desfocada."
2022_03_21_11_05_44_27.bmp,C:\Users\sthem\OneDrive\Documentos\GitHub\master-2025\7-gemini\val\2022_03_21_11_05_44_27.bmp,[],"Imagem em escala de cinza de células, possivelmente células sanguíneas, com diferentes níveis de foco. A imagem apresenta vários artefatos e detritos."
2022_03_21_11_05_45_94.bmp,C:\Users\sthem\OneDrive\Documentos\GitHub\master-2025\7-gemini\val\2022_03_21_11_05_45_94.bmp,[],"Imagem microscópica em escala de cinza mostrando diversas células, possivelmente leveduras, em diferentes níveis de foco. A qualidade da imagem é razoável, mas algumas células estão desfocadas."
2022_03_21_11_05_47_61.bmp,C:\Users\sthem\OneDrive\Documentos\GitHub\master-2025\7-gemini\val\2022_03_21_11_05_47_61.bmp,[],"Imagem microscópica em escala de cinza mostrando células de levedura, possivelmente Saccharomyces cerevisiae, em diferentes níveis de foco. A imagem apresenta um fundo relativamente uniforme e as células exibem uma morfologia variada, com algumas aparentando ser elípticas ou circulares, enquanto outras parecem ser alongadas. A qualidade da imagem é razoável, mas a falta de foco perfeito dificulta a delineação precisa de todas as células."
2022_03_21_11_05_49_29.bmp,C:\Users\sthem\OneDrive\Documentos\GitHub\master-2025\7-gemini\val\2022_03_21_11_05_49_29.bmp,"[{""poligono_xy"": [[42, 302], [54, 290], [70, 284], [82, 288], [88, 302], [78, 318], [62, 324], [48, 316]]}, {""poligono_xy"": [[92, 72], [108, 62], [128, 58], [142, 68], [146, 84], [132, 98], [110, 100], [98, 88]]}, {""poligono_xy"": [[196, 14], [208, 4], [224, 0], [240, 6], [244, 22], [230, 34], [208, 36], [194, 24]]}, {""poligono_xy"": [[224, 84], [240, 76], [258, 78], [270, 90], [270, 108], [254, 122], [234, 120], [222, 104]]}, {""poligono_xy"": [[368, 216], [378, 208], [394, 208], [404, 218], [402, 230], [388, 238], [374, 234], [366, 224]]}, {""poligono_xy"": [[88, 156], [108, 150], [128, 150], [144, 160], [142, 178], [122, 190], [100, 188], [86, 174]]}, {""poligono_xy"": [[54, 52], [70, 42], [90, 42], [104, 54], [100, 72], [82, 84], [64, 80], [52, 66]]}, {""poligono_xy"": [[472, 332], [492, 324], [512, 328], [528, 342], [522, 360], [502, 372], [480, 366], [466, 350]]}, {""poligono_xy"": [[758, 72], [774, 64], [792, 68], [804, 80], [796, 94], [778, 100], [762, 94], [752, 82]]}, {""poligono_xy"": [[874, 356], [890, 346], [912, 350], [924, 364], [918, 382], [898, 392], [882, 384], [870, 368]]}, {""poligono_xy"": [[40, 8], [56, 0], [78, 4], [88, 18], [80, 34], [60, 40], [42, 30], [32, 18]]}, {""poligono_xy"": [[714, 454], [734, 446], [756, 452], [770, 468], [764, 486], [742, 496], [722, 488], [708, 472]]}]","Imagem microscópica em tons de cinza mostrando diversas células circulares, possivelmente leveduras, em diferentes níveis de foco. Há também uma estrutura amorfa mais escura, possivelmente um artefato ou debris."
2022_03_21_11_05_50_96.bmp,C:\Users\sthem\OneDrive\Documentos\GitHub\master-2025\7-gemini\val\2022_03_21_11_05_50_96.bmp,[],"Imagem microscópica em escala de cinza de células, possivelmente glóbulos vermelhos, com diferentes níveis de foco. A imagem apresenta um fundo relativamente uniforme."
2022_03_21_11_05_52_63.bmp,C:\Users\sthem\OneDrive\Documentos\GitHub\master-2025\7-gemini\val\2022_03_21_11_05_52_63.bmp,[],"Imagem microscópica em escala de cinza de células, possivelmente leveduras e bactérias, com diferentes morfologias e tamanhos. A qualidade da imagem é razoável, mas algumas células estão fora de foco."
2022_03_21_11_05_54_30.bmp,C:\Users\sthem\OneDrive\Documentos\GitHub\master-2025\7-gemini\val\2022_03_21_11_05_54_30.bmp,[],"Imagem microscópica em escala de cinza mostrando diversas células circulares, possivelmente leveduras ou algum tipo de célula eucariótica em suspensão. A imagem apresenta um fundo relativamente uniforme e as células estão dispersas, com algumas apresentando um anel mais claro ao redor. A qualidade da imagem é razoável, porém com algumas áreas ligeiramente desfocadas."
2022_03_21_11_05_55_98.bmp,C:\Users\sthem\OneDrive\Documentos\GitHub\master-2025\7-gemini\val\2022_03_21_11_05_55_98.bmp,[],"Imagem microscópica em escala de cinza de células, possivelmente hemácias, com diferentes níveis de foco. A imagem apresenta um fundo relativamente uniforme."
2022_03_21_11_05_57_65.bmp,C:\Users\sthem\OneDrive\Documentos\GitHub\master-2025\7-gemini\val\2022_03_21_11_05_57_65.bmp,[],"Imagem microscópica em escala de cinza mostrando células, possivelmente leveduras, em diferentes níveis de foco. A qualidade da imagem é razoável, mas algumas células estão desfocadas."
2022_03_21_11_05_59_33.bmp,C:\Users\sthem\OneDrive\Documentos\GitHub\master-2025\7-gemini\val\2022_03_21_11_05_59_33.bmp,[],"Imagem microscópica em escala de cinza de células, possivelmente células sanguíneas, com diferentes níveis de foco. A imagem apresenta um fundo relativamente uniforme."
2022_03_21_11_06_07_70.bmp,C:\Users\sthem\OneDrive\Documentos\GitHub\master-2025\7-gemini\val\2022_03_21_11_06_07_70.bmp,[],"Imagem microscópica em escala de cinza mostrando diversas células circulares, possivelmente leveduras ou algum tipo de organismo unicelular. A imagem apresenta um fundo uniforme e as células estão dispersas, com diferentes níveis de foco."
2022_03_21_11_06_09_37.bmp,C:\Users\sthem\OneDrive\Documentos\GitHub\master-2025\7-gemini\val\2022_03_21_11_06_09_37.bmp,[],"Imagem microscópica em escala de cinza mostrando células circulares, possivelmente em suspensão. A imagem apresenta um fundo relativamente uniforme e as células variam ligeiramente em tamanho e contraste. A qualidade da imagem é razoável, com alguma granulação visível."
2022_03_21_11_06_11_04.bmp,C:\Users\sthem\OneDrive\Documentos\GitHub\master-2025\7-gemini\val\2022_03_21_11_06_11_04.bmp,[],"Imagem em escala de cinza de células, possivelmente leveduras, em diferentes estágios de brotamento. A qualidade da imagem é razoável, mas ligeiramente fora de foco."
2022_03_21_11_06_12_72.bmp,C:\Users\sthem\OneDrive\Documentos\GitHub\master-2025\7-gemini\val\2022_03_21_11_06_12_72.bmp,[],"Imagem microscópica em escala de cinza mostrando células circulares, possivelmente leveduras ou células sanguíneas, com diferentes graus de foco. A qualidade da imagem é razoável, mas algumas células estão fora de foco."
2022_03_21_11_06_16_07.bmp,C:\Users\sthem\OneDrive\Documentos\GitHub\master-2025\7-gemini\val\2022_03_21_11_06_16_07.bmp,[],"Imagem em escala de cinza de células, possivelmente leveduras, com diferentes focos. A imagem apresenta alguns artefatos e ruído."
2022_03_21_11_06_17_74.bmp,C:\Users\sthem\OneDrive\Documentos\GitHub\master-2025\7-gemini\val\2022_03_21_11_06_17_74.bmp,"[{""poligono_xy"": [[77, 70], [92, 58], [111, 62], [115, 81], [101, 95], [82, 92]]}, {""poligono_xy"": [[168, 371], [181, 363], [194, 372], [195, 388], [180, 397], [167, 389]]}, {""poligono_xy"": [[249, 119], [265, 109], [284, 115], [290, 131], [275, 143], [256, 138]]}, {""poligono_xy"": [[326, 351], [339, 339], [355, 343], [362, 359], [350, 372], [335, 366]]}, {""poligono_xy"": [[383, 221], [396, 211], [414, 219], [420, 235], [405, 248], [388, 240]]}, {""poligono_xy"": [[449, 537], [464, 528], [482, 538], [487, 555], [473, 568], [453, 558]]}, {""poligono_xy"": [[507, 87], [521, 77], [541, 84], [547, 101], [530, 113], [511, 106]]}, {""poligono_xy"": [[577, 307], [589, 299], [606, 307], [612, 322], [600, 332], [582, 324]]}, {""poligono_xy"": [[637, 713], [647, 705], [661, 710], [667, 723], [658, 732], [644, 728]]}, {""poligono_xy"": [[710, 574], [725, 561], [745, 572], [752, 591], [738, 605], [719, 594]]}, {""poligono_xy"": [[770, 150], [785, 140], [804, 148], [811, 167], [796, 179], [777, 170]]}, {""poligono_xy"": [[853, 654], [867, 640], [888, 652], [895, 671], [880, 686], [860, 675]]}]","Imagem microscópica em escala de cinza mostrando células circulares, possivelmente leveduras ou algum tipo de célula eucariótica, em um meio líquido. A imagem possui um fundo relativamente uniforme e as células apresentam diferentes graus de foco."
2022_03_21_11_06_19_41.bmp,C:\Users\sthem\OneDrive\Documentos\GitHub\master-2025\7-gemini\val\2022_03_21_11_06_19_41.bmp,[],"Imagem microscópica em tons de cinza mostrando diversas células, possivelmente leveduras, em diferentes níveis de foco. A imagem apresenta um fundo relativamente uniforme e as células parecem ser circulares ou ovais."
2022_03_21_11_06_21_09.bmp,C:\Users\sthem\OneDrive\Documentos\GitHub\master-2025\7-gemini\val\2022_03_21_11_06_21_09.bmp,[],"Imagem microscópica em escala de cinza de células, possivelmente leveduras ou bactérias, em diferentes níveis de foco. A imagem apresenta um fundo relativamente uniforme e as células parecem ter formatos principalmente circulares ou ovais."
2022_03_21_11_06_22_76.bmp,C:\Users\sthem\OneDrive\Documentos\GitHub\master-2025\7-gemini\val\2022_03_21_11_06_22_76.bmp,[],"Imagem microscópica em escala de cinza de células, possivelmente leveduras ou algum outro tipo de microorganismo unicelular. A imagem está ligeiramente desfocada e a qualidade não é ideal para análises detalhadas, mas várias células individuais são visíveis."
2022_03_21_11_06_24_43.bmp,C:\Users\sthem\OneDrive\Documentos\GitHub\master-2025\7-gemini\val\2022_03_21_11_06_24_43.bmp,[],"Imagem em escala de cinza de células, possivelmente através de microscopia. A imagem apresenta várias células circulares de tamanhos variados, algumas com possíveis inclusões internas. A qualidade da imagem é razoável, com algum nível de ruído de fundo."
2022_03_21_11_06_26_11.bmp,C:\Users\sthem\OneDrive\Documentos\GitHub\master-2025\7-gemini\val\2022_03_21_11_06_26_11.bmp,[],"Imagem microscópica em escala de cinza mostrando diversas células, possivelmente leveduras, em diferentes níveis de foco. A qualidade da imagem é razoável, com algum ruído de fundo presente."
2022_03_21_11_06_27_78.bmp,C:\Users\sthem\OneDrive\Documentos\GitHub\master-2025\7-gemini\val\2022_03_21_11_06_27_78.bmp,"[{""poligono_xy"": [[92, 82], [112, 72], [130, 80], [125, 100], [105, 105], [85, 95]]}, {""poligono_xy"": [[70, 130], [85, 115], [95, 125], [90, 140], [75, 150], [60, 140]]}, {""poligono_xy"": [[355, 125], [375, 115], [390, 125], [385, 140], [365, 145], [350, 135]]}, {""poligono_xy"": [[165, 180], [180, 170], [195, 180], [190, 200], [175, 205], [160, 195]]}, {""poligono_xy"": [[285, 235], [305, 230], [320, 240], [315, 255], [295, 260], [280, 250]]}, {""poligono_xy"": [[500, 285], [520, 275], [540, 285], [535, 305], [515, 310], [500, 300]]}, {""poligono_xy"": [[800, 280], [820, 270], [835, 280], [830, 300], [810, 305], [795, 295]]}, {""poligono_xy"": [[850, 325], [870, 315], [885, 325], [880, 345], [860, 350], [845, 340]]}, {""poligono_xy"": [[65, 360], [80, 350], [95, 360], [90, 380], [75, 385], [60, 375]]}, {""poligono_xy"": [[705, 380], [725, 370], [740, 380], [735, 400], [715, 405], [700, 395]]}, {""poligono_xy"": [[885, 530], [905, 520], [920, 530], [915, 550], [895, 555], [880, 545]]}, {""poligono_xy"": [[85, 585], [100, 575], [115, 585], [110, 605], [95, 610], [80, 600]]}]","Imagem microscópica em escala de cinza de células, possivelmente leveduras ou células em suspensão, com diferentes graus de foco. A imagem apresenta um fundo relativamente uniforme."
2022_03_21_11_06_31_13.bmp,C:\Users\sthem\OneDrive\Documentos\GitHub\master-2025\7-gemini\val\2022_03_21_11_06_31_13.bmp,[],"Imagem microscópica em escala de cinza de células, possivelmente hemácias, com diferentes níveis de foco. A imagem apresenta um fundo relativamente uniforme e as células parecem estar dispersas."
2022_03_21_11_06_32_81.bmp,C:\Users\sthem\OneDrive\Documentos\GitHub\master-2025\7-gemini\val\2022_03_21_11_06_32_81.bmp,[],"Imagem microscópica em escala de cinza de células, possivelmente leveduras, com diferentes níveis de foco. A qualidade da imagem é razoável, mas algumas células estão desfocadas."
2022_03_21_11_06_34_47.bmp,C:\Users\sthem\OneDrive\Documentos\GitHub\master-2025\7-gemini\val\2022_03_21_11_06_34_47.bmp,[],"Imagem microscópica em escala de cinza mostrando diversas células, possivelmente leveduras, com diferentes graus de foco. A imagem apresenta um fundo relativamente uniforme e as células parecem estar suspensas em um meio líquido."
2022_03_21_11_06_36_15.bmp,C:\Users\sthem\OneDrive\Documentos\GitHub\master-2025\7-gemini\val\2022_03_21_11_06_36_15.bmp,[],"Imagem microscópica em escala de cinza de células, possivelmente leveduras ou células sanguíneas, com diferentes níveis de foco. A imagem apresenta um fundo relativamente uniforme."
2022_03_21_11_06_37_82.bmp,C:\Users\sthem\OneDrive\Documentos\GitHub\master-2025\7-gemini\val\2022_03_21_11_06_37_82.bmp,[],"Imagem microscópica em escala de cinza de células, possivelmente leveduras, em diferentes níveis de foco. A imagem apresenta um fundo relativamente uniforme e as células parecem ser circulares ou ovais."
2022_03_21_11_06_39_50.bmp,C:\Users\sthem\OneDrive\Documentos\GitHub\master-2025\7-gemini\val\2022_03_21_11_06_39_50.bmp,[],"Imagem microscópica em escala de cinza de células, possivelmente leveduras ou bactérias, com diferentes níveis de foco. A qualidade da imagem é razoável, mas algumas células estão fora de foco."
2022_03_21_11_06_41_17.bmp,C:\Users\sthem\OneDrive\Documentos\GitHub\master-2025\7-gemini\val\2022_03_21_11_06_41_17.bmp,[],"Imagem microscópica em escala de cinza mostrando células, possivelmente leveduras, com diferentes graus de foco. A imagem apresenta um fundo relativamente uniforme."
2022_03_21_11_06_44_52.bmp,C:\Users\sthem\OneDrive\Documentos\GitHub\master-2025\7-gemini\val\2022_03_21_11_06_44_52.bmp,"[{""poligono_xy"": [[42, 78], [58, 66], [76, 68], [86, 84], [72, 98], [50, 94]]}, {""poligono_xy"": [[118, 114], [140, 104], [160, 112], [166, 134], [150, 146], [122, 140]]}, {""poligono_xy"": [[38, 296], [60, 272], [88, 286], [94, 314], [72, 332], [46, 320]]}, {""poligono_xy"": [[36, 518], [50, 508], [62, 516], [66, 530], [56, 538], [42, 532]]}, {""poligono_xy"": [[280, 36], [304, 30], [322, 40], [326, 58], [310, 70], [288, 62]]}, {""poligono_xy"": [[372, 80], [394, 64], [418, 72], [426, 94], [404, 108], [380, 98]]}, {""poligono_xy"": [[392, 370], [406, 356], [422, 362], [426, 378], [418, 388], [400, 382]]}, {""poligono_xy"": [[768, 70], [782, 52], [802, 60], [808, 80], [790, 94], [770, 88]]}, {""poligono_xy"": [[872, 88], [890, 72], [914, 86], [920, 108], [900, 122], [878, 108]]}, {""poligono_xy"": [[804, 878], [818, 868], [836, 880], [844, 896], [832, 908], [812, 898]]}, {""poligono_xy"": [[894, 910], [908, 900], [924, 908], [930, 926], [920, 942], [896, 932]]}]","Imagem microscópica em tons de cinza mostrando células em suspensão, possivelmente leveduras ou células similares, com diferentes graus de foco. A qualidade da imagem é razoável, mas algumas células estão fora de foco."
2022_03_21_11_06_46_20.bmp,C:\Users\sthem\OneDrive\Documentos\GitHub\master-2025\7-gemini\val\2022_03_21_11_06_46_20.bmp,[],"Imagem microscópica em escala de cinza de células, possivelmente leveduras ou bactérias, com diferentes morfologias e tamanhos. A imagem apresenta um fundo relativamente uniforme e as células estão dispersas. A qualidade da imagem é razoável, permitindo a visualização das células, embora algumas estejam fora de foco."
2022_03_21_11_06_47_86.bmp,C:\Users\sthem\OneDrive\Documentos\GitHub\master-2025\7-gemini\val\2022_03_21_11_06_47_86.bmp,[],"Imagem microscópica em escala de cinza mostrando diversas células de formato aproximadamente oval, possivelmente leveduras, em diferentes níveis de foco. A imagem apresenta alguns artefatos e ruído."
2022_03_21_11_06_49_54.bmp,C:\Users\sthem\OneDrive\Documentos\GitHub\master-2025\7-gemini\val\2022_03_21_11_06_49_54.bmp,[],"Imagem microscópica em escala de cinza de células, possivelmente leveduras, com diferentes focos e tamanhos. A qualidade da imagem é razoável, mas algumas células estão fora de foco."
2022_03_21_11_06_51_22.bmp,C:\Users\sthem\OneDrive\Documentos\GitHub\master-2025\7-gemini\val\2022_03_21_11_06_51_22.bmp,[],"Imagem microscópica em escala de cinza mostrando células esféricas, possivelmente leveduras, em diferentes planos focais. A imagem apresenta um fundo relativamente uniforme e as células exibem um contraste moderado."
2022_03_21_11_06_52_88.bmp,C:\Users\sthem\OneDrive\Documentos\GitHub\master-2025\7-gemini\val\2022_03_21_11_06_52_88.bmp,[],"Imagem microscópica em escala de cinza mostrando células, possivelmente leveduras, em diferentes níveis de foco. A qualidade da imagem é razoável, permitindo a visualização das células, mas com algumas áreas fora de foco."
2022_03_21_11_06_54_56.bmp,C:\Users\sthem\OneDrive\Documentos\GitHub\master-2025\7-gemini\val\2022_03_21_11_06_54_56.bmp,[],"Imagem microscópica em escala de cinza mostrando células, possivelmente hemácias, com diferentes graus de foco. A imagem apresenta um fundo relativamente uniforme."
2022_03_21_11_06_57_91.bmp,C:\Users\sthem\OneDrive\Documentos\GitHub\master-2025\7-gemini\val\2022_03_21_11_06_57_91.bmp,[],"Imagem microscópica em escala de cinza mostrando células de formato principalmente circular, possivelmente leveduras ou algum tipo de organismo unicelular. A qualidade da imagem é razoável, com algum ruído de fundo presente."
2022_03_21_11_06_59_58.bmp,C:\Users\sthem\OneDrive\Documentos\GitHub\master-2025\7-gemini\val\2022_03_21_11_06_59_58.bmp,[],"Imagem microscópica em escala de cinza mostrando células, possivelmente leveduras ou bactérias, em diferentes níveis de foco. A qualidade da imagem é razoável, com algum ruído de fundo."
2022_03_21_11_07_01_25.bmp,C:\Users\sthem\OneDrive\Documentos\GitHub\master-2025\7-gemini\val\2022_03_21_11_07_01_25.bmp,[],"Imagem microscópica em tons de cinza mostrando várias células, possivelmente leveduras ou organismos unicelulares similares, em diferentes níveis de foco. A qualidade da imagem é razoável, mas algumas células estão fora de foco."
2022_03_21_11_07_02_93.bmp,C:\Users\sthem\OneDrive\Documentos\GitHub\master-2025\7-gemini\val\2022_03_21_11_07_02_93.bmp,"[{""poligono_xy"": [[92, 94], [122, 82], [140, 98], [136, 128], [104, 140], [80, 124]]}, {""poligono_xy"": [[84, 282], [112, 272], [138, 296], [132, 324], [96, 342], [64, 310]]}, {""poligono_xy"": [[292, 308], [314, 298], [342, 318], [338, 346], [310, 358], [284, 336]]}, {""poligono_xy"": [[106, 458], [128, 432], [160, 462], [162, 500], [126, 522], [86, 486]]}, {""poligono_xy"": [[472, 112], [490, 98], [520, 124], [514, 150], [478, 156], [452, 134]]}, {""poligono_xy"": [[298, 114], [332, 106], [360, 124], [354, 160], [308, 168], [278, 144]]}, {""poligono_xy"": [[570, 284], [602, 266], [636, 294], [632, 330], [594, 346], [552, 316]]}, {""poligono_xy"": [[442, 682], [484, 676], [514, 700], [504, 736], [456, 740], [418, 714]]}, {""poligono_xy"": [[702, 358], [732, 352], [756, 376], [754, 402], [722, 406], [690, 380]]}, {""poligono_xy"": [[824, 74], [844, 54], [880, 82], [870, 116], [836, 120], [806, 90]]}, {""poligono_xy"": [[684, 722], [722, 704], [756, 736], [756, 774], [714, 796], [672, 760]]}, {""poligono_xy"": [[916, 914], [948, 892], [988, 922], [984, 962], [938, 980], [902, 948]]}]","Imagem microscópica em escala de cinza de células, possivelmente leveduras, com algumas pequenas partículas e detritos. A imagem está ligeiramente fora de foco."
2022_03_21_11_07_04_60.bmp,C:\Users\sthem\OneDrive\Documentos\GitHub\master-2025\7-gemini\val\2022_03_21_11_07_04_60.bmp,[],"Imagem microscópica em escala de cinza de células, possivelmente hemácias, com diferentes níveis de foco. A imagem apresenta um fundo relativamente uniforme."
2022_03_21_11_07_06_27.bmp,C:\Users\sthem\OneDrive\Documentos\GitHub\master-2025\7-gemini\val\2022_03_21_11_07_06_27.bmp,[],"Imagem microscópica em tons de cinza mostrando diversas células, possivelmente leveduras, em diferentes planos focais. A qualidade da imagem é razoável, mas algumas células estão fora de foco."
2022_03_21_11_07_09_62.bmp,C:\Users\sthem\OneDrive\Documentos\GitHub\master-2025\7-gemini\val\2022_03_21_11_07_09_62.bmp,[],"Imagem microscópica em escala de cinza de células, possivelmente leveduras, com diferentes graus de foco. A imagem apresenta um fundo relativamente uniforme."
2022_03_21_11_07_11_30.bmp,C:\Users\sthem\OneDrive\Documentos\GitHub\master-2025\7-gemini\val\2022_03_21_11_07_11_30.bmp,[],"Imagem microscópica em escala de cinza mostrando diversas células, possivelmente leveduras, em diferentes níveis de foco. A qualidade da imagem é razoável, com alguns artefatos e ruído de fundo."
2022_03_21_11_07_12_97.bmp,C:\Users\sthem\OneDrive\Documentos\GitHub\master-2025\7-gemini\val\2022_03_21_11_07_12_97.bmp,[],"Imagem microscópica em tons de cinza mostrando células, possivelmente leveduras, em diferentes níveis de foco. A qualidade da imagem é razoável, mas algumas células estão fora de foco."
2022_03_21_11_07_18_00.bmp,C:\Users\sthem\OneDrive\Documentos\GitHub\master-2025\7-gemini\val\2022_03_21_11_07_18_00.bmp,[],"Imagem microscópica em escala de cinza mostrando células circulares, possivelmente leveduras ou células em suspensão. A imagem apresenta um fundo uniforme e as células variam ligeiramente em tamanho e foco."
2022_03_21_11_07_19_67.bmp,C:\Users\sthem\OneDrive\Documentos\GitHub\master-2025\7-gemini\val\2022_03_21_11_07_19_67.bmp,[],"Imagem microscópica em escala de cinza mostrando células, possivelmente leveduras, com diferentes graus de foco. A imagem apresenta um fundo relativamente uniforme."
2022_03_21_11_07_21_34.bmp,C:\Users\sthem\OneDrive\Documentos\GitHub\master-2025\7-gemini\val\2022_03_21_11_07_21_34.bmp,[],"Imagem microscópica em escala de cinza de células, possivelmente leveduras, com diferentes focos e tamanhos. A imagem apresenta um fundo relativamente uniforme e baixo contraste."
2022_03_21_11_07_23_02.bmp,C:\Users\sthem\OneDrive\Documentos\GitHub\master-2025\7-gemini\val\2022_03_21_11_07_23_02.bmp,[],"Imagem microscópica em escala de cinza de células, possivelmente leveduras, em diferentes níveis de foco. A imagem apresenta um fundo relativamente uniforme e as células parecem ser de forma oval ou circular."
2022_03_21_11_07_24_69.bmp,C:\Users\sthem\OneDrive\Documentos\GitHub\master-2025\7-gemini\val\2022_03_21_11_07_24_69.bmp,"[{""poligono_xy"": [[72, 26], [88, 18], [102, 24], [108, 38], [100, 52], [84, 58], [68, 50], [60, 36]]}, {""poligono_xy"": [[152, 166], [168, 156], [186, 164], [196, 180], [186, 196], [164, 202], [146, 190]]}, {""poligono_xy"": [[190, 620], [208, 614], [224, 624], [234, 640], [222, 658], [200, 664], [180, 650]]}, {""poligono_xy"": [[228, 380], [250, 374], [270, 384], [282, 400], [270, 418], [248, 426], [226, 412]]}, {""poligono_xy"": [[346, 538], [366, 530], [388, 540], [398, 560], [386, 580], [362, 586], [342, 572]]}, {""poligono_xy"": [[486, 64], [504, 54], [520, 62], [528, 78], [518, 94], [496, 100], [476, 88]]}, {""poligono_xy"": [[596, 706], [614, 700], [634, 708], [646, 726], [636, 744], [616, 750], [594, 736]]}, {""poligono_xy"": [[640, 496], [660, 490], [680, 500], [690, 518], [678, 534], [654, 538], [634, 524]]}, {""poligono_xy"": [[732, 708], [750, 700], [770, 712], [782, 730], [768, 748], [748, 754], [728, 738]]}, {""poligono_xy"": [[796, 506], [810, 492], [828, 498], [838, 516], [830, 534], [810, 538], [790, 524]]}, {""poligono_xy"": [[880, 28], [896, 20], [908, 28], [914, 40], [906, 54], [888, 58], [872, 48]]}, {""poligono_xy"": [[922, 828], [940, 818], [958, 826], [968, 844], [956, 860], [938, 868], [918, 852]]}]","Imagem microscópica em escala de cinza mostrando células, possivelmente leveduras, com algumas fora de foco. A imagem tem um fundo relativamente limpo."
2022_03_21_11_07_26_36.bmp,C:\Users\sthem\OneDrive\Documentos\GitHub\master-2025\7-gemini\val\2022_03_21_11_07_26_36.bmp,[],"Imagem microscópica em escala de cinza mostrando diversas células, possivelmente leveduras, com diferentes morfologias e tamanhos. A imagem apresenta um fundo relativamente uniforme e as células estão dispersas, com algumas apresentando formato ovalado e outras mais arredondadas. A qualidade da imagem é razoável, permitindo a visualização das células, porém com alguma falta de nitidez."
2022_03_21_11_07_28_04.bmp,C:\Users\sthem\OneDrive\Documentos\GitHub\master-2025\7-gemini\val\2022_03_21_11_07_28_04.bmp,[],"Imagem microscópica em escala de cinza mostrando diversas células, possivelmente leveduras, com diferentes graus de foco. A imagem apresenta um fundo relativamente uniforme e as células parecem ter uma forma aproximadamente circular ou oval."
2022_03_21_11_07_29_71.bmp,C:\Users\sthem\OneDrive\Documentos\GitHub\master-2025\7-gemini\val\2022_03_21_11_07_29_71.bmp,[],"Imagem microscópica em escala de cinza mostrando diversas células, possivelmente leveduras, em diferentes níveis de foco. A qualidade da imagem é razoável, mas algumas células estão desfocadas."
2022_03_21_11_07_31_38.bmp,C:\Users\sthem\OneDrive\Documentos\GitHub\master-2025\7-gemini\val\2022_03_21_11_07_31_38.bmp,[],"Imagem microscópica em escala de cinza de células, possivelmente leveduras, em diferentes focos. A qualidade da imagem é razoável, mas a falta de foco nítido dificulta a delineação precisa."
2022_03_21_11_07_33_06.bmp,C:\Users\sthem\OneDrive\Documentos\GitHub\master-2025\7-gemini\val\2022_03_21_11_07_33_06.bmp,[],"Imagem microscópica em escala de cinza mostrando células circulares, possivelmente leveduras ou algum tipo de organismo unicelular. A imagem apresenta algumas variações de foco e contraste. Algumas células parecem estar em diferentes planos focais."
2022_03_21_11_07_34_73.bmp,C:\Users\sthem\OneDrive\Documentos\GitHub\master-2025\7-gemini\val\2022_03_21_11_07_34_73.bmp,[],"Imagem microscópica em escala de cinza mostrando diversas células, possivelmente leveduras, com diferentes morfologias e tamanhos. A imagem possui um fundo relativamente uniforme e as células apresentam um contraste moderado. A qualidade da imagem é razoável, permitindo a visualização das estruturas celulares."
2022_03_21_11_07_36_40.bmp,C:\Users\sthem\OneDrive\Documentos\GitHub\master-2025\7-gemini\val\2022_03_21_11_07_36_40.bmp,[],"Imagem microscópica em tons de cinza mostrando diversas células de formato aproximadamente circular, possivelmente leveduras, com diferentes níveis de foco. A imagem apresenta um fundo relativamente uniforme e algumas pequenas partículas ou detritos."
2022_03_21_11_07_38_08.bmp,C:\Users\sthem\OneDrive\Documentos\GitHub\master-2025\7-gemini\val\2022_03_21_11_07_38_08.bmp,[],"Imagem microscópica em escala de cinza mostrando diversas células, possivelmente leveduras ou bactérias, em diferentes níveis de foco. A imagem apresenta um fundo relativamente uniforme e as células exibem variação morfológica, com algumas aparentando formato circular e outras mais alongadas."
2022_03_21_11_07_39_75.bmp,C:\Users\sthem\OneDrive\Documentos\GitHub\master-2025\7-gemini\val\2022_03_21_11_07_39_75.bmp,[],"Imagem microscópica em tons de cinza mostrando diversas células, possivelmente leveduras, em diferentes níveis de foco. A qualidade da imagem é razoável, com alguns pontos de artefato."
2022_03_21_11_07_41_43.bmp,C:\Users\sthem\OneDrive\Documentos\GitHub\master-2025\7-gemini\val\2022_03_21_11_07_41_43.bmp,[],"Imagem microscópica em escala de cinza de células, possivelmente leveduras, com diferentes graus de foco. A imagem apresenta um fundo relativamente uniforme."
2022_03_21_11_07_43_10.bmp,C:\Users\sthem\OneDrive\Documentos\GitHub\master-2025\7-gemini\val\2022_03_21_11_07_43_10.bmp,[],"Imagem microscópica em escala de cinza mostrando diversas células, possivelmente leveduras, em diferentes níveis de foco. A qualidade da imagem é razoável, mas algumas células estão desfocadas."
2022_03_21_11_07_46_45.bmp,C:\Users\sthem\OneDrive\Documentos\GitHub\master-2025\7-gemini\val\2022_03_21_11_07_46_45.bmp,[],"Imagem microscópica em escala de cinza de células, possivelmente leveduras ou bactérias, com diferentes morfologias e tamanhos. A imagem apresenta um fundo relativamente uniforme e as células estão dispersas, algumas apresentando formato ovalado e outras alongado. A qualidade da imagem é razoável, mas algumas células estão ligeiramente fora de foco."
2022_03_21_11_07_48_12.bmp,C:\Users\sthem\OneDrive\Documentos\GitHub\master-2025\7-gemini\val\2022_03_21_11_07_48_12.bmp,[],"Imagem microscópica em tons de cinza mostrando diversas células, possivelmente leveduras, em diferentes níveis de foco. A qualidade da imagem é razoável, mas algumas células estão fora de foco."
2022_03_21_11_07_49_79.bmp,C:\Users\sthem\OneDrive\Documentos\GitHub\master-2025\7-gemini\val\2022_03_21_11_07_49_79.bmp,[],"Imagem microscópica em escala de cinza de células, possivelmente leveduras, com diferentes focos e tamanhos. A qualidade da imagem é razoável, mas algumas células estão fora de foco."
2022_03_21_11_07_54_81.bmp,C:\Users\sthem\OneDrive\Documentos\GitHub\master-2025\7-gemini\val\2022_03_21_11_07_54_81.bmp,[],"Imagem em escala de cinza de células, possivelmente leveduras ou bactérias, em microscopia óptica. A imagem apresenta um fundo relativamente uniforme e as células parecem estar em diferentes planos focais."
2022_03_21_11_07_56_49.bmp,C:\Users\sthem\OneDrive\Documentos\GitHub\master-2025\7-gemini\val\2022_03_21_11_07_56_49.bmp,[],"Imagem microscópica em escala de cinza de células, possivelmente leveduras e bactérias, com diferentes níveis de foco. A qualidade da imagem é razoável, mas algumas células estão fora de foco."
2022_03_21_11_07_58_16.bmp,C:\Users\sthem\OneDrive\Documentos\GitHub\master-2025\7-gemini\val\2022_03_21_11_07_58_16.bmp,[],"Imagem microscópica em escala de cinza de células, possivelmente leveduras ou bactérias, com baixo contraste e algumas pequenas partículas de debris. A imagem aparenta estar ligeiramente desfocada."
2022_03_21_11_07_59_84.bmp,C:\Users\sthem\OneDrive\Documentos\GitHub\master-2025\7-gemini\val\2022_03_21_11_07_59_84.bmp,[],"Imagem microscópica em escala de cinza de células, possivelmente leveduras, com diferentes graus de foco. A imagem apresenta alguns artefatos e debris."
2022_03_21_11_08_01_52.bmp,C:\Users\sthem\OneDrive\Documentos\GitHub\master-2025\7-gemini\val\2022_03_21_11_08_01_52.bmp,[],"Imagem microscópica em escala de cinza de células, possivelmente leveduras ou bactérias, com diferentes níveis de foco. A imagem apresenta um fundo relativamente uniforme."
2022_03_21_11_08_03_18.bmp,C:\Users\sthem\OneDrive\Documentos\GitHub\master-2025\7-gemini\val\2022_03_21_11_08_03_18.bmp,[],"Imagem microscópica em tons de cinza mostrando diversas células circulares, possivelmente leveduras, em diferentes planos focais. A qualidade da imagem é razoável, mas algumas células estão fora de foco."
2022_03_21_11_08_04_86.bmp,C:\Users\sthem\OneDrive\Documentos\GitHub\master-2025\7-gemini\val\2022_03_21_11_08_04_86.bmp,[],"Imagem microscópica em escala de cinza de células, possivelmente leveduras ou bactérias, com diferentes focos e tamanhos. A imagem apresenta um fundo relativamente uniforme e baixo contraste."
2022_03_21_11_08_06_54.bmp,C:\Users\sthem\OneDrive\Documentos\GitHub\master-2025\7-gemini\val\2022_03_21_11_08_06_54.bmp,[],"Imagem microscópica em escala de cinza mostrando células, possivelmente leveduras, em diferentes níveis de foco. A qualidade da imagem é razoável, mas algumas células estão desfocadas."
2022_03_21_11_08_08_20.bmp,C:\Users\sthem\OneDrive\Documentos\GitHub\master-2025\7-gemini\val\2022_03_21_11_08_08_20.bmp,[],"Imagem microscópica em escala de cinza mostrando células de formato circular e algumas de formato alongado, possivelmente leveduras e bactérias, com diferentes níveis de foco. A imagem apresenta um fundo relativamente uniforme."
2022_03_21_11_08_11_56.bmp,C:\Users\sthem\OneDrive\Documentos\GitHub\master-2025\7-gemini\val\2022_03_21_11_08_11_56.bmp,"[{""poligono_xy"": [[120, 145], [140, 140], [150, 155], [140, 170], [120, 165]]}, {""poligono_xy"": [[40, 60], [60, 50], [80, 70], [70, 95], [50, 100], [30, 85]]}, {""poligono_xy"": [[120, 25], [150, 25], [160, 50], [140, 65], [110, 60]]}, {""poligono_xy"": [[250, 255], [270, 245], [290, 260], [285, 285], [265, 295], [245, 275]]}, {""poligono_xy"": [[290, 40], [310, 40], [320, 55], [310, 70], [285, 65]]}, {""poligono_xy"": [[455, 85], [475, 75], [490, 85], [485, 105], [460, 110]]}, {""poligono_xy"": [[570, 120], [595, 115], [610, 135], [600, 155], [575, 150]]}, {""poligono_xy"": [[670, 25], [690, 20], [710, 40], [700, 60], [680, 60]]}, {""poligono_xy"": [[700, 860], [730, 850], [745, 870], [740, 895], [715, 900]]}, {""poligono_xy"": [[865, 885], [890, 880], [905, 900], [900, 920], [875, 920]]}, {""poligono_xy"": [[455, 470], [480, 465], [495, 480], [490, 500], [470, 505]]}, {""poligono_xy"": [[570, 595], [600, 590], [620, 615], [605, 640], [575, 630]]}, {""poligono_xy"": [[690, 700], [720, 695], [740, 715], [730, 740], [700, 735]]}, {""poligono_xy"": [[230, 730], [260, 720], [280, 745], [270, 770], [240, 760]]}, {""poligono_xy"": [[345, 405], [365, 400], [380, 415], [370, 440], [345, 430]]}]","Imagem microscópica em escala de cinza de células, possivelmente leveduras, com diferentes graus de foco. A imagem apresenta alguns artefatos e detritos."
2022_03_21_11_08_13_23.bmp,C:\Users\sthem\OneDrive\Documentos\GitHub\master-2025\7-gemini\val\2022_03_21_11_08_13_23.bmp,[],"Imagem microscópica em escala de cinza de células, possivelmente leveduras ou bactérias, com diferentes graus de foco. A imagem apresenta um fundo relativamente uniforme."
2022_03_21_11_08_14_90.bmp,C:\Users\sthem\OneDrive\Documentos\GitHub\master-2025\7-gemini\val\2022_03_21_11_08_14_90.bmp,[],"Imagem microscópica em tons de cinza mostrando diversas células, possivelmente leveduras, com diferentes morfologias e tamanhos. A qualidade da imagem é razoável, com algum nível de desfoque."
2022_03_21_11_08_16_58.bmp,C:\Users\sthem\OneDrive\Documentos\GitHub\master-2025\7-gemini\val\2022_03_21_11_08_16_58.bmp,[],"Imagem microscópica em escala de cinza mostrando várias células, possivelmente leveduras e algumas bactérias, com diferentes graus de foco. A qualidade da imagem é razoável, mas algumas células estão fora de foco."
2022_03_21_11_08_18_25.bmp,C:\Users\sthem\OneDrive\Documentos\GitHub\master-2025\7-gemini\val\2022_03_21_11_08_18_25.bmp,[],"Imagem em escala de cinza de células, possivelmente leveduras, em diferentes estágios de brotamento, com algumas fora de foco. A qualidade da imagem é razoável, mas o contraste poderia ser melhor."
2022_03_21_11_08_19_92.bmp,C:\Users\sthem\OneDrive\Documentos\GitHub\master-2025\7-gemini\val\2022_03_21_11_08_19_92.bmp,[],"Imagem microscópica em escala de cinza de células, possivelmente leveduras, com diferentes morfologias e tamanhos. A imagem apresenta um fundo relativamente limpo e as células estão dispersas. A qualidade da imagem é razoável, permitindo a visualização das estruturas celulares, embora algumas estejam fora de foco."
2022_03_21_11_08_21_59.bmp,C:\Users\sthem\OneDrive\Documentos\GitHub\master-2025\7-gemini\val\2022_03_21_11_08_21_59.bmp,[],"Imagem microscópica em tons de cinza mostrando células circulares, possivelmente em suspensão. A imagem apresenta um fundo relativamente uniforme e as células variam ligeiramente em tamanho e contraste."
2022_03_21_11_08_23_27.bmp,C:\Users\sthem\OneDrive\Documentos\GitHub\master-2025\7-gemini\val\2022_03_21_11_08_23_27.bmp,[],"Imagem microscópica em escala de cinza de células, possivelmente leveduras, com diferentes graus de foco. A imagem apresenta um fundo relativamente uniforme com várias células pequenas e ovais dispersas."
2022_03_21_11_08_26_62.bmp,C:\Users\sthem\OneDrive\Documentos\GitHub\master-2025\7-gemini\val\2022_03_21_11_08_26_62.bmp,[],"Imagem em escala de cinza de células circulares, possivelmente leveduras ou células sanguíneas em baixa resolução. Há artefatos e detritos presentes."
2022_03_21_11_08_28_29.bmp,C:\Users\sthem\OneDrive\Documentos\GitHub\master-2025\7-gemini\val\2022_03_21_11_08_28_29.bmp,[],"Imagem em escala de cinza de células, possivelmente leveduras, em diferentes níveis de foco. A qualidade da imagem é razoável, mas algumas células estão desfocadas."
2022_03_21_11_08_29_97.bmp,C:\Users\sthem\OneDrive\Documentos\GitHub\master-2025\7-gemini\val\2022_03_21_11_08_29_97.bmp,[],"Imagem microscópica em escala de cinza mostrando células de formato circular, possivelmente leveduras ou outras estruturas semelhantes. A imagem apresenta um fundo relativamente uniforme e as células variam em tamanho e foco."
2022_03_21_11_08_31_64.bmp,C:\Users\sthem\OneDrive\Documentos\GitHub\master-2025\7-gemini\val\2022_03_21_11_08_31_64.bmp,[],"Imagem microscópica em escala de cinza mostrando várias células circulares, possivelmente leveduras ou células sanguíneas, com diferentes graus de foco. A imagem apresenta um fundo relativamente uniforme e poucas impurezas visíveis."
2022_03_21_11_08_33_31.bmp,C:\Users\sthem\OneDrive\Documentos\GitHub\master-2025\7-gemini\val\2022_03_21_11_08_33_31.bmp,[],"Imagem microscópica em escala de cinza de células, possivelmente leveduras ou células sanguíneas, com diferentes níveis de foco. A imagem apresenta um fundo relativamente uniforme."
2022_03_21_11_08_34_99.bmp,C:\Users\sthem\OneDrive\Documentos\GitHub\master-2025\7-gemini\val\2022_03_21_11_08_34_99.bmp,[],"Imagem microscópica em escala de cinza de células, possivelmente leveduras ou bactérias, com diferentes níveis de foco. A imagem apresenta um fundo relativamente uniforme e as células parecem ter formato oval ou circular."
2022_03_21_11_08_36_66.bmp,C:\Users\sthem\OneDrive\Documentos\GitHub\master-2025\7-gemini\val\2022_03_21_11_08_36_66.bmp,[],"Imagem microscópica em escala de cinza de células, possivelmente glóbulos vermelhos, com diferentes níveis de foco. A imagem apresenta um fundo relativamente uniforme e as células aparecem como objetos circulares de vários tamanhos."
2022_03_21_11_08_38_33.bmp,C:\Users\sthem\OneDrive\Documentos\GitHub\master-2025\7-gemini\val\2022_03_21_11_08_38_33.bmp,"[{""poligono_xy"": [[101, 45], [125, 35], [144, 44], [148, 67], [132, 82], [105, 78], [92, 63]]}, {""poligono_xy"": [[70, 73], [93, 62], [112, 78], [107, 101], [83, 111], [59, 95]]}, {""poligono_xy"": [[349, 249], [366, 233], [385, 238], [401, 257], [393, 277], [371, 285], [350, 270]]}, {""poligono_xy"": [[208, 191], [231, 177], [255, 185], [267, 207], [251, 228], [222, 229], [206, 211]]}, {""poligono_xy"": [[471, 505], [496, 494], [518, 507], [527, 529], [507, 548], [477, 539], [464, 520]]}, {""poligono_xy"": [[671, 726], [691, 714], [710, 722], [719, 743], [703, 762], [679, 751], [663, 736]]}, {""poligono_xy"": [[839, 555], [861, 545], [882, 552], [894, 568], [882, 586], [859, 594], [838, 582]]}, {""poligono_xy"": [[766, 923], [786, 911], [804, 922], [810, 943], [792, 958], [768, 949], [752, 930]]}, {""poligono_xy"": [[569, 878], [590, 869], [611, 882], [618, 902], [601, 915], [576, 907], [557, 888]]}, {""poligono_xy"": [[285, 334], [302, 325], [318, 333], [326, 350], [309, 366], [286, 358], [271, 343]]}, {""poligono_xy"": [[341, 588], [354, 573], [372, 577], [386, 598], [374, 621], [352, 618], [338, 602]]}, {""poligono_xy"": [[143, 710], [162, 701], [181, 712], [190, 733], [172, 751], [147, 741], [133, 723]]}, {""poligono_xy"": [[57, 522], [72, 512], [88, 519], [96, 539], [82, 556], [61, 549], [49, 532]]}, {""poligono_xy"": [[929, 922], [947, 906], [968, 910], [986, 924], [980, 953], [952, 964], [928, 948]]}]","Imagem microscópica em escala de cinza de células, possivelmente leveduras, com algumas fora de foco. A imagem apresenta baixo contraste."
2022_03_21_11_08_41_69.bmp,C:\Users\sthem\OneDrive\Documentos\GitHub\master-2025\7-gemini\val\2022_03_21_11_08_41_69.bmp,[],"Imagem microscópica em tons de cinza mostrando diversas células circulares, possivelmente leveduras ou algum tipo de célula eucariótica em suspensão. A imagem possui um fundo uniforme e as células apresentam diferentes níveis de foco."
2022_03_21_11_08_43_35.bmp,C:\Users\sthem\OneDrive\Documentos\GitHub\master-2025\7-gemini\val\2022_03_21_11_08_43_35.bmp,[],"Imagem microscópica em escala de cinza de células, possivelmente leveduras ou bactérias, com diferentes morfologias e tamanhos. A imagem está ligeiramente desfocada."
2022_03_21_11_08_45_03.bmp,C:\Users\sthem\OneDrive\Documentos\GitHub\master-2025\7-gemini\val\2022_03_21_11_08_45_03.bmp,[],"Imagem microscópica em escala de cinza de células, possivelmente leveduras, com diferentes graus de foco. A imagem apresenta um fundo relativamente uniforme."
2022_03_21_11_08_46_70.bmp,C:\Users\sthem\OneDrive\Documentos\GitHub\master-2025\7-gemini\val\2022_03_21_11_08_46_70.bmp,[],"Imagem em escala de cinza de células, possivelmente obtida por microscopia. A imagem apresenta várias células de formato aproximadamente circular com diferentes níveis de foco e contraste."
2022_03_21_11_08_48_38.bmp,C:\Users\sthem\OneDrive\Documentos\GitHub\master-2025\7-gemini\val\2022_03_21_11_08_48_38.bmp,[],"Imagem microscópica em escala de cinza de células, possivelmente leveduras ou células sanguíneas, com diferentes níveis de foco. A imagem apresenta um fundo relativamente uniforme."
2022_03_21_11_08_51_72.bmp,C:\Users\sthem\OneDrive\Documentos\GitHub\master-2025\7-gemini\val\2022_03_21_11_08_51_72.bmp,[],"Imagem microscópica em escala de cinza de células, possivelmente leucócitos, com diferentes níveis de foco. A imagem apresenta alguns artefatos e debris."
2022_03_21_11_08_53_40.bmp,C:\Users\sthem\OneDrive\Documentos\GitHub\master-2025\7-gemini\val\2022_03_21_11_08_53_40.bmp,[],"Imagem microscópica em escala de cinza mostrando diversas células circulares, possivelmente leveduras ou algum tipo de célula sanguínea, em diferentes níveis de foco. A qualidade da imagem é razoável, mas algumas células estão desfocadas."
2022_03_21_11_08_55_08.bmp,C:\Users\sthem\OneDrive\Documentos\GitHub\master-2025\7-gemini\val\2022_03_21_11_08_55_08.bmp,[],"Imagem microscópica em escala de cinza de células, possivelmente leveduras ou células sanguíneas, com diferentes graus de foco. A imagem apresenta um fundo relativamente uniforme com algumas pequenas partículas e artefatos."
2022_03_21_11_08_56_74.bmp,C:\Users\sthem\OneDrive\Documentos\GitHub\master-2025\7-gemini\val\2022_03_21_11_08_56_74.bmp,[],"Imagem microscópica em tons de cinza de células, possivelmente leveduras, com diferentes graus de foco. A imagem apresenta um fundo relativamente uniforme e várias células ovais ou circulares de tamanhos variados."
2022_03_21_11_08_58_42.bmp,C:\Users\sthem\OneDrive\Documentos\GitHub\master-2025\7-gemini\val\2022_03_21_11_08_58_42.bmp,[],"Imagem microscópica em escala de cinza mostrando células, possivelmente hemácias, com diferentes níveis de foco. A qualidade da imagem é moderada, com algumas áreas fora de foco."
2022_03_21_11_08_59_84.bmp,C:\Users\sthem\OneDrive\Documentos\GitHub\master-2025\7-gemini\val\2022_03_21_11_08_59_84.bmp,[],"Imagem microscópica em escala de cinza mostrando diversas células elípticas, possivelmente leveduras, em diferentes planos focais. A qualidade da imagem é razoável, mas algumas células estão fora de foco."
2022_03_21_11_08_59_90.bmp,C:\Users\sthem\OneDrive\Documentos\GitHub\master-2025\7-gemini\val\2022_03_21_11_08_59_90.bmp,[],"Imagem microscópica em escala de cinza mostrando diversas células, possivelmente leveduras, em diferentes planos focais. A qualidade da imagem é razoável, mas algumas células estão fora de foco."
2022_03_21_11_08_59_97.bmp,C:\Users\sthem\OneDrive\Documentos\GitHub\master-2025\7-gemini\val\2022_03_21_11_08_59_97.bmp,[],"Imagem microscópica em escala de cinza de células, possivelmente leveduras, com diferentes focos e tamanhos. A qualidade da imagem é razoável, permitindo a visualização das estruturas celulares."
2022_03_21_11_09_00_04.bmp,C:\Users\sthem\OneDrive\Documentos\GitHub\master-2025\7-gemini\val\2022_03_21_11_09_00_04.bmp,[],"Imagem microscópica em escala de cinza de células, possivelmente hemácias, com diferentes níveis de foco. A imagem apresenta um fundo relativamente uniforme."
2022_03_21_11_09_00_12.bmp,C:\Users\sthem\OneDrive\Documentos\GitHub\master-2025\7-gemini\val\2022_03_21_11_09_00_12.bmp,[],"Imagem microscópica em escala de cinza de células, possivelmente leveduras ou similares, com diferentes níveis de foco. A imagem apresenta um fundo relativamente uniforme e as células parecem estar dispersas aleatoriamente."
2022_03_21_11_09_00_20.bmp,C:\Users\sthem\OneDrive\Documentos\GitHub\master-2025\7-gemini\val\2022_03_21_11_09_00_20.bmp,[],"Imagem microscópica em escala de cinza de células, possivelmente em suspensão, com diferentes graus de foco. A imagem apresenta alguns artefatos e ruído."
2022_03_21_11_09_00_29.bmp,C:\Users\sthem\OneDrive\Documentos\GitHub\master-2025\7-gemini\val\2022_03_21_11_09_00_29.bmp,[],"Imagem microscópica em escala de cinza mostrando diversas células, possivelmente leucócitos, com diferentes morfologias e tamanhos. A qualidade da imagem é razoável, com alguns artefatos e debris presentes."
2022_03_21_11_09_00_37.bmp,C:\Users\sthem\OneDrive\Documentos\GitHub\master-2025\7-gemini\val\2022_03_21_11_09_00_37.bmp,[],"Imagem microscópica em escala de cinza mostrando células, possivelmente leveduras, com diferentes graus de foco. A imagem apresenta um fundo relativamente uniforme."
2022_03_21_11_09_00_46.bmp,C:\Users\sthem\OneDrive\Documentos\GitHub\master-2025\7-gemini\val\2022_03_21_11_09_00_46.bmp,[],"Imagem microscópica em tons de cinza mostrando diversas células de formato aproximadamente circular ou oval, possivelmente leveduras, em diferentes planos focais. A qualidade da imagem é razoável, mas algumas células estão fora de foco."
2022_03_21_11_09_00_54.bmp,C:\Users\sthem\OneDrive\Documentos\GitHub\master-2025\7-gemini\val\2022_03_21_11_09_00_54.bmp,[],"Imagem microscópica em escala de cinza mostrando diversas células, possivelmente leveduras, em diferentes níveis de foco. A imagem apresenta um fundo relativamente uniforme e as células parecem ser circulares ou ovais."
2022_03_21_11_09_00_62.bmp,C:\Users\sthem\OneDrive\Documentos\GitHub\master-2025\7-gemini\val\2022_03_21_11_09_00_62.bmp,[],"Imagem microscópica em escala de cinza de células, possivelmente leveduras, em diferentes estágios de brotamento. A imagem apresenta um fundo relativamente uniforme e as células exibem um contraste moderado. A qualidade da imagem é razoável, mas ligeiramente desfocada."
2022_03_21_11_09_00_71.bmp,C:\Users\sthem\OneDrive\Documentos\GitHub\master-2025\7-gemini\val\2022_03_21_11_09_00_71.bmp,[],"Imagem microscópica em escala de cinza de células, possivelmente leveduras ou bactérias, com diferentes morfologias, incluindo cocos (esféricos) e bacilos (em forma de bastonete). A imagem apresenta um fundo relativamente uniforme e as células estão dispersas, com algumas pequenas partículas também visíveis. A qualidade da imagem é razoável, mas a resolução poderia ser melhor para uma análise mais detalhada das estruturas celulares."
2022_03_21_11_09_00_79.bmp,C:\Users\sthem\OneDrive\Documentos\GitHub\master-2025\7-gemini\val\2022_03_21_11_09_00_79.bmp,[],"Imagem microscópica em escala de cinza mostrando diversas células, possivelmente leveduras, com diferentes morfologias e tamanhos. A qualidade da imagem é razoável, com algum nível de desfoque."
2022_03_21_11_09_00_87.bmp,C:\Users\sthem\OneDrive\Documentos\GitHub\master-2025\7-gemini\val\2022_03_21_11_09_00_87.bmp,[],"Imagem microscópica em escala de cinza mostrando diversas células, possivelmente leveduras, em diferentes níveis de foco. A imagem apresenta um fundo relativamente uniforme e as células exibem uma morfologia variada, algumas aparentando ser ovais ou circulares."
2022_03_21_11_09_01_04.bmp,C:\Users\sthem\OneDrive\Documentos\GitHub\master-2025\7-gemini\val\2022_03_21_11_09_01_04.bmp,[],"Imagem microscópica em escala de cinza mostrando diversas células, possivelmente leveduras, em diferentes focos. A qualidade da imagem é razoável, mas algumas células estão desfocadas."
2022_03_21_11_09_01_13.bmp,C:\Users\sthem\OneDrive\Documentos\GitHub\master-2025\7-gemini\val\2022_03_21_11_09_01_13.bmp,[],"Imagem microscópica em escala de cinza de células, possivelmente leveduras ou bactérias, em diferentes focos. A qualidade da imagem é razoável, mas a falta de foco dificulta a identificação precisa das células."
2022_03_21_11_09_01_21.bmp,C:\Users\sthem\OneDrive\Documentos\GitHub\master-2025\7-gemini\val\2022_03_21_11_09_01_21.bmp,[],"Imagem microscópica em escala de cinza de células, possivelmente leveduras, com diferentes graus de foco. A imagem apresenta um fundo relativamente uniforme."
2022_03_21_11_09_01_30.bmp,C:\Users\sthem\OneDrive\Documentos\GitHub\master-2025\7-gemini\val\2022_03_21_11_09_01_30.bmp,[],"Imagem microscópica em escala de cinza de células, possivelmente leveduras, com diferentes graus de foco. A imagem apresenta algum ruído de fundo."
2022_03_21_11_09_01_38.bmp,C:\Users\sthem\OneDrive\Documentos\GitHub\master-2025\7-gemini\val\2022_03_21_11_09_01_38.bmp,[],"Imagem microscópica em escala de cinza de células, possivelmente leveduras, com diferentes graus de foco. A imagem apresenta um fundo relativamente uniforme."
2022_03_21_11_09_01_46.bmp,C:\Users\sthem\OneDrive\Documentos\GitHub\master-2025\7-gemini\val\2022_03_21_11_09_01_46.bmp,[],"Imagem em escala de cinza de células, possivelmente leveduras, em diferentes níveis de foco. A qualidade da imagem é razoável, mas algumas células estão fora de foco."
2022_03_21_11_09_01_55.bmp,C:\Users\sthem\OneDrive\Documentos\GitHub\master-2025\7-gemini\val\2022_03_21_11_09_01_55.bmp,[],"Imagem microscópica em escala de cinza de células, possivelmente leveduras ou bactérias, com diferentes morfologias e tamanhos. A imagem apresenta um fundo relativamente uniforme e as células estão dispersas. A qualidade da imagem é razoável, mas algumas células estão ligeiramente fora de foco."
2022_03_21_11_09_01_63.bmp,C:\Users\sthem\OneDrive\Documentos\GitHub\master-2025\7-gemini\val\2022_03_21_11_09_01_63.bmp,[],"Imagem microscópica em escala de cinza mostrando diversas células, possivelmente leveduras, com diferentes morfologias, algumas apresentando formato oval e outras alongado. A imagem apresenta um fundo relativamente uniforme e boa qualidade de contraste."
2022_03_21_11_09_01_80.bmp,C:\Users\sthem\OneDrive\Documentos\GitHub\master-2025\7-gemini\val\2022_03_21_11_09_01_80.bmp,[],"Imagem microscópica em escala de cinza de células, possivelmente leveduras, com diferentes graus de foco. A imagem apresenta um fundo relativamente uniforme."
2022_03_21_11_09_01_88.bmp,C:\Users\sthem\OneDrive\Documentos\GitHub\master-2025\7-gemini\val\2022_03_21_11_09_01_88.bmp,[],"Imagem microscópica em escala de cinza mostrando células, possivelmente leveduras, em diferentes níveis de foco. A imagem apresenta um fundo relativamente uniforme e as células parecem ser de forma circular ou oval."
2022_03_21_11_09_01_96.bmp,C:\Users\sthem\OneDrive\Documentos\GitHub\master-2025\7-gemini\val\2022_03_21_11_09_01_96.bmp,[],"Imagem microscópica em escala de cinza de células, possivelmente leveduras ou células sanguíneas, com diferentes níveis de foco. A imagem contém vários objetos circulares de tamanhos variados, alguns dos quais parecem estar ligeiramente fora de foco. A qualidade geral da imagem é razoável, mas a falta de nitidez dificulta a identificação precisa de todas as células."
2022_03_21_11_09_02_05.bmp,C:\Users\sthem\OneDrive\Documentos\GitHub\master-2025\7-gemini\val\2022_03_21_11_09_02_05.bmp,[],"Imagem microscópica em tons de cinza mostrando diversas células, possivelmente leveduras, em diferentes estágios de brotamento. A imagem apresenta um fundo relativamente uniforme e as células possuem diferentes tamanhos e formas."
2022_03_21_11_09_02_13.bmp,C:\Users\sthem\OneDrive\Documentos\GitHub\master-2025\7-gemini\val\2022_03_21_11_09_02_13.bmp,[],"Imagem microscópica em tons de cinza mostrando diversas células, possivelmente leveduras, com diferentes morfologias e tamanhos. A imagem apresenta um fundo relativamente uniforme e as células estão dispersas. A qualidade da imagem é razoável, mas algumas células estão ligeiramente desfocadas."
2022_03_21_11_09_02_22.bmp,C:\Users\sthem\OneDrive\Documentos\GitHub\master-2025\7-gemini\val\2022_03_21_11_09_02_22.bmp,[],"Imagem microscópica em escala de cinza mostrando diversas células de formato oval e bastonete, possivelmente leveduras ou bactérias, em diferentes níveis de foco. A qualidade da imagem é razoável, mas algumas células estão fora de foco."
2022_03_21_11_09_02_30.bmp,C:\Users\sthem\OneDrive\Documentos\GitHub\master-2025\7-gemini\val\2022_03_21_11_09_02_30.bmp,[],"Imagem microscópica em escala de cinza de células, possivelmente leveduras, com diferentes graus de foco. A imagem apresenta um fundo relativamente uniforme."
2022_03_21_11_09_02_38.bmp,C:\Users\sthem\OneDrive\Documentos\GitHub\master-2025\7-gemini\val\2022_03_21_11_09_02_38.bmp,[],"Imagem microscópica em tons de cinza de células, possivelmente em baixa resolução ou fora de foco. As células parecem ser de forma variada, algumas arredondadas e outras alongadas."
2022_03_21_11_09_02_55.bmp,C:\Users\sthem\OneDrive\Documentos\GitHub\master-2025\7-gemini\val\2022_03_21_11_09_02_55.bmp,[],"Imagem microscópica em escala de cinza de células, possivelmente leveduras, com diferentes morfologias e tamanhos. A imagem está ligeiramente fora de foco."
2022_03_21_11_09_02_63.bmp,C:\Users\sthem\OneDrive\Documentos\GitHub\master-2025\7-gemini\val\2022_03_21_11_09_02_63.bmp,[],"Imagem microscópica em escala de cinza mostrando diversas células, possivelmente leveduras, em diferentes níveis de foco. A qualidade da imagem é razoável, mas algumas células estão desfocadas."
2022_03_21_11_09_02_72.bmp,C:\Users\sthem\OneDrive\Documentos\GitHub\master-2025\7-gemini\val\2022_03_21_11_09_02_72.bmp,"[{""poligono_xy"": [[70, 110], [90, 95], [110, 100], [100, 120], [80, 130]]}, {""poligono_xy"": [[50, 290], [75, 275], [100, 285], [90, 310], [60, 320]]}, {""poligono_xy"": [[150, 300], [170, 280], [200, 295], [190, 320], [165, 335]]}, {""poligono_xy"": [[20, 400], [50, 390], [70, 400], [60, 420], [30, 425]]}, {""poligono_xy"": [[70, 555], [90, 540], [110, 550], [105, 575], [80, 580]]}, {""poligono_xy"": [[175, 410], [200, 400], [220, 405], [210, 430], [190, 440]]}, {""poligono_xy"": [[450, 100], [475, 85], [500, 90], [490, 110], [460, 115]]}, {""poligono_xy"": [[550, 250], [570, 235], [595, 245], [580, 265], [560, 270]]}, {""poligono_xy"": [[650, 260], [670, 250], [695, 255], [685, 270], [665, 280]]}, {""poligono_xy"": [[430, 460], [450, 440], [475, 455], [470, 480], [445, 490]]}, {""poligono_xy"": [[530, 530], [560, 520], [580, 530], [570, 550], [545, 560]]}, {""poligono_xy"": [[700, 560], [730, 550], [755, 565], [740, 585], [710, 590]]}, {""poligono_xy"": [[850, 90], [880, 80], [905, 90], [895, 110], [865, 115]]}, {""poligono_xy"": [[840, 230], [860, 210], [880, 220], [870, 240], [855, 245]]}, {""poligono_xy"": [[920, 560], [940, 545], [960, 550], [955, 575], [935, 585]]}, {""poligono_xy"": [[80, 210], [95, 195], [120, 210], [105, 230], [85, 230]]}, {""poligono_xy"": [[870, 450], [900, 445], [920, 450], [910, 470], [885, 480]]}, {""poligono_xy"": [[740, 85], [755, 70], [770, 75], [760, 90], [745, 95]]}]","Imagem em escala de cinza de células, possivelmente leveduras ou bactérias, em diferentes focos. A qualidade da imagem é razoável, mas alguns detalhes celulares podem ser difíceis de discernir devido ao foco variável."
2022_03_21_11_09_02_89.bmp,C:\Users\sthem\OneDrive\Documentos\GitHub\master-2025\7-gemini\val\2022_03_21_11_09_02_89.bmp,[],"Imagem microscópica em tons de cinza mostrando uma variedade de células, possivelmente bactérias, com diferentes morfologias, incluindo cocos (esféricos) e bacilos (em forma de bastonete). A imagem possui um fundo relativamente uniforme e as células estão dispersas."
2022_03_21_11_09_02_97.bmp,C:\Users\sthem\OneDrive\Documentos\GitHub\master-2025\7-gemini\val\2022_03_21_11_09_02_97.bmp,[],"Imagem microscópica em escala de cinza de células, possivelmente leveduras ou bactérias, com diferentes formas e tamanhos. A imagem está ligeiramente desfocada, dificultando a delineação precisa das células."
2022_03_21_11_09_03_06.bmp,C:\Users\sthem\OneDrive\Documentos\GitHub\master-2025\7-gemini\val\2022_03_21_11_09_03_06.bmp,[],"Imagem microscópica em escala de cinza mostrando diversas células, possivelmente leveduras, em diferentes níveis de foco. A imagem apresenta um fundo relativamente uniforme e algumas pequenas partículas, além das células mais proeminentes."
2022_03_21_11_09_03_14.bmp,C:\Users\sthem\OneDrive\Documentos\GitHub\master-2025\7-gemini\val\2022_03_21_11_09_03_14.bmp,[],"Imagem microscópica em escala de cinza de células, possivelmente leveduras, com diferentes graus de foco. A imagem apresenta um fundo relativamente uniforme."
2022_03_21_11_09_03_31.bmp,C:\Users\sthem\OneDrive\Documentos\GitHub\master-2025\7-gemini\val\2022_03_21_11_09_03_31.bmp,[],"Imagem microscópica em escala de cinza mostrando diversas células, possivelmente leveduras, com algumas exibindo gemulação. A qualidade da imagem é razoável, com algum ruído de fundo presente."
2022_03_21_11_09_03_39.bmp,C:\Users\sthem\OneDrive\Documentos\GitHub\master-2025\7-gemini\val\2022_03_21_11_09_03_39.bmp,[],"Imagem microscópica em escala de cinza de células, possivelmente hemácias, com algumas fora de foco. A imagem apresenta baixo contraste."
2022_03_21_11_09_03_47.bmp,C:\Users\sthem\OneDrive\Documentos\GitHub\master-2025\7-gemini\val\2022_03_21_11_09_03_47.bmp,[],"Imagem microscópica em escala de cinza mostrando diversas células circulares, possivelmente leveduras, em diferentes níveis de foco. A imagem apresenta um fundo relativamente uniforme e poucos artefatos."
2022_03_21_11_09_03_56.bmp,C:\Users\sthem\OneDrive\Documentos\GitHub\master-2025\7-gemini\val\2022_03_21_11_09_03_56.bmp,[],"Imagem microscópica em escala de cinza de células, possivelmente leveduras ou algum tipo de célula esférica, em diferentes níveis de foco. A imagem apresenta um fundo relativamente uniforme e as células variam em tamanho."
2022_03_21_11_09_03_64.bmp,C:\Users\sthem\OneDrive\Documentos\GitHub\master-2025\7-gemini\val\2022_03_21_11_09_03_64.bmp,[],"Imagem microscópica em tons de cinza mostrando diversas células circulares, possivelmente leveduras, em diferentes níveis de foco. A qualidade da imagem é razoável, com algum ruído de fundo."
2022_03_21_11_09_03_72.bmp,C:\Users\sthem\OneDrive\Documentos\GitHub\master-2025\7-gemini\val\2022_03_21_11_09_03_72.bmp,"[{""poligono_xy"": [[90, 34], [102, 22], [118, 25], [126, 40], [115, 53], [98, 50]]}, {""poligono_xy"": [[275, 553], [288, 541], [305, 545], [317, 560], [305, 575], [285, 570]]}, {""poligono_xy"": [[349, 463], [360, 450], [378, 455], [390, 470], [378, 488], [358, 483]]}, {""poligono_xy"": [[442, 489], [455, 475], [475, 480], [490, 500], [480, 515], [455, 510]]}, {""poligono_xy"": [[586, 905], [600, 890], [620, 895], [635, 915], [620, 930], [595, 925]]}, {""poligono_xy"": [[758, 210], [775, 195], [795, 200], [810, 220], [795, 240], [770, 230]]}, {""poligono_xy"": [[45, 710], [60, 695], [80, 705], [90, 725], [75, 740], [55, 730]]}, {""poligono_xy"": [[275, 240], [290, 230], [305, 230], [320, 245], [310, 260], [285, 255]]}, {""poligono_xy"": [[460, 270], [475, 255], [490, 260], [505, 280], [490, 295], [470, 290]]}, {""poligono_xy"": [[140, 785], [150, 775], [160, 780], [165, 790], [160, 800], [145, 795]]}]","Imagem microscópica em escala de cinza de células, possivelmente leveduras ou bactérias, em diferentes níveis de foco. A qualidade da imagem é razoável, mas algumas células estão fora de foco."
2022_03_21_11_09_03_81.bmp,C:\Users\sthem\OneDrive\Documentos\GitHub\master-2025\7-gemini\val\2022_03_21_11_09_03_81.bmp,[],"Imagem microscópica em escala de cinza de células, possivelmente leveduras ou bactérias, em diferentes estágios de brotamento. A imagem apresenta um fundo relativamente uniforme e as células parecem estar dispersas aleatoriamente. A qualidade da imagem é razoável, com foco suficiente para discernir formas celulares individuais."
2022_03_21_11_09_03_89.bmp,C:\Users\sthem\OneDrive\Documentos\GitHub\master-2025\7-gemini\val\2022_03_21_11_09_03_89.bmp,[],"Imagem microscópica em escala de cinza de células, possivelmente leveduras, em diferentes níveis de foco. A imagem apresenta um fundo relativamente uniforme e as células parecem ser predominantemente ovais ou circulares."
2022_03_21_11_09_03_97.bmp,C:\Users\sthem\OneDrive\Documentos\GitHub\master-2025\7-gemini\val\2022_03_21_11_09_03_97.bmp,[],"Imagem em escala de cinza de células, possivelmente leveduras, em diferentes níveis de foco. A imagem apresenta um fundo relativamente uniforme e as células parecem ser ovais ou elípticas."
2022_03_21_11_09_04_06.bmp,C:\Users\sthem\OneDrive\Documentos\GitHub\master-2025\7-gemini\val\2022_03_21_11_09_04_06.bmp,[],"Imagem microscópica em escala de cinza mostrando diversas células, possivelmente leveduras ou bactérias, em diferentes graus de foco. A imagem apresenta um fundo relativamente uniforme e as células parecem ter formato predominantemente oval ou circular."
2022_03_21_11_09_04_21.bmp,C:\Users\sthem\OneDrive\Documentos\GitHub\master-2025\7-gemini\val\2022_03_21_11_09_04_21.bmp,[],"Imagem microscópica em escala de cinza mostrando células circulares, possivelmente leveduras ou algum tipo de esporo, em diferentes níveis de foco. A qualidade da imagem é razoável, mas algumas células estão desfocadas."
2022_03_21_11_09_04_27.bmp,C:\Users\sthem\OneDrive\Documentos\GitHub\master-2025\7-gemini\val\2022_03_21_11_09_04_27.bmp,[],"Imagem microscópica em tons de cinza mostrando diversas células, possivelmente leveduras, com diferentes morfologias e tamanhos. A imagem apresenta um fundo relativamente uniforme e algumas pequenas partículas, possivelmente detritos. A qualidade da imagem é razoável, mas com foco não totalmente nítido em todas as células."
2022_03_21_11_09_04_35.bmp,C:\Users\sthem\OneDrive\Documentos\GitHub\master-2025\7-gemini\val\2022_03_21_11_09_04_35.bmp,"[{""poligono_xy"": [[130, 145], [150, 135], [170, 145], [170, 170], [150, 180], [130, 170]]}, {""poligono_xy"": [[160, 280], [180, 270], [200, 285], [200, 310], [180, 320], [160, 310]]}, {""poligono_xy"": [[350, 350], [370, 340], [390, 350], [390, 380], [370, 390], [350, 375]]}, {""poligono_xy"": [[750, 80], [780, 70], [810, 80], [810, 110], [780, 120], [750, 110]]}, {""poligono_xy"": [[870, 250], [890, 240], [920, 260], [920, 290], [890, 300], [870, 285]]}, {""poligono_xy"": [[730, 380], [760, 370], [790, 380], [790, 415], [760, 425], [730, 410]]}, {""poligono_xy"": [[880, 400], [900, 385], [930, 400], [930, 430], [900, 445], [875, 430]]}, {""poligono_xy"": [[110, 450], [130, 435], [150, 450], [150, 475], [130, 490], [105, 475]]}, {""poligono_xy"": [[560, 500], [580, 490], [600, 505], [600, 530], [580, 540], [560, 525]]}, {""poligono_xy"": [[880, 570], [900, 560], [925, 570], [925, 600], [900, 615], [880, 600]]}]","Imagem microscópica em tons de cinza mostrando diversas células, possivelmente leveduras, em diferentes estágios de brotamento. A qualidade da imagem é razoável, com algum ruído de fundo."
2022_03_21_11_09_04_41.bmp,C:\Users\sthem\OneDrive\Documentos\GitHub\master-2025\7-gemini\val\2022_03_21_11_09_04_41.bmp,[],"Imagem microscópica em escala de cinza de células, possivelmente leveduras, com diferentes graus de foco. A imagem apresenta um fundo relativamente uniforme."
2022_03_21_11_09_04_48.bmp,C:\Users\sthem\OneDrive\Documentos\GitHub\master-2025\7-gemini\val\2022_03_21_11_09_04_48.bmp,"[{""poligono_xy"": [[112, 120], [138, 106], [156, 114], [153, 138], [130, 152], [108, 135]]}, {""poligono_xy"": [[547, 640], [570, 620], [594, 630], [597, 665], [566, 678], [535, 662]]}, {""poligono_xy"": [[250, 250], [268, 230], [295, 240], [305, 270], [280, 295], [255, 275]]}, {""poligono_xy"": [[710, 80], [748, 50], [790, 72], [795, 120], [748, 145], [700, 112]]}, {""poligono_xy"": [[905, 635], [930, 600], [960, 620], [970, 660], [935, 690], [895, 665]]}, {""poligono_xy"": [[390, 450], [440, 415], [475, 450], [480, 500], [425, 545], [370, 498]]}, {""poligono_xy"": [[790, 470], [810, 450], [830, 455], [845, 490], [825, 515], [790, 500]]}, {""poligono_xy"": [[272, 665], [295, 650], [310, 660], [315, 700], [285, 705], [260, 680]]}, {""poligono_xy"": [[70, 810], [100, 790], [130, 820], [135, 860], [95, 880], [60, 850]]}, {""poligono_xy"": [[350, 895], [390, 865], [420, 890], [425, 930], [375, 960], [335, 925]]}]","Imagem em escala de cinza de células, possivelmente leveduras ou bactérias, em diferentes níveis de foco. A imagem parece ser uma micrografia com algumas pequenas partículas/detritos visíveis."
2022_03_21_11_09_04_56.bmp,C:\Users\sthem\OneDrive\Documentos\GitHub\master-2025\7-gemini\val\2022_03_21_11_09_04_56.bmp,"[{""poligono_xy"": [[90, 320], [110, 300], [130, 300], [150, 320], [150, 340], [130, 360], [110, 360], [90, 340]]}, {""poligono_xy"": [[40, 70], [60, 50], [80, 50], [100, 70], [100, 90], [80, 110], [60, 110], [40, 90]]}, {""poligono_xy"": [[150, 150], [170, 130], [190, 130], [210, 150], [210, 170], [190, 190], [170, 190], [150, 170]]}, {""poligono_xy"": [[180, 40], [200, 20], [220, 20], [240, 40], [240, 60], [220, 80], [200, 80], [180, 60]]}, {""poligono_xy"": [[220, 220], [240, 200], [260, 200], [280, 220], [280, 240], [260, 260], [240, 260], [220, 240]]}, {""poligono_xy"": [[290, 480], [310, 460], [330, 460], [350, 480], [350, 500], [330, 520], [310, 520], [290, 500]]}, {""poligono_xy"": [[400, 80], [420, 60], [440, 60], [460, 80], [460, 100], [440, 120], [420, 120], [400, 100]]}, {""poligono_xy"": [[460, 460], [480, 440], [500, 440], [520, 460], [520, 480], [500, 500], [480, 500], [460, 480]]}, {""poligono_xy"": [[560, 180], [580, 160], [600, 160], [620, 180], [620, 200], [600, 220], [580, 220], [560, 200]]}, {""poligono_xy"": [[650, 500], [670, 480], [690, 480], [710, 500], [710, 520], [690, 540], [670, 540], [650, 520]]}]","Imagem em escala de cinza de células, possivelmente leucócitos, com diferentes níveis de foco. Algumas células apresentam uma estrutura interna visível."
2022_03_21_11_09_04_64.bmp,C:\Users\sthem\OneDrive\Documentos\GitHub\master-2025\7-gemini\val\2022_03_21_11_09_04_64.bmp,[],"Imagem microscópica em escala de cinza de células, possivelmente leveduras, em diferentes focos. A qualidade da imagem é razoável, mas alguns detalhes podem estar perdidos devido à falta de nitidez em algumas áreas."
2022_03_21_11_09_04_72.bmp,C:\Users\sthem\OneDrive\Documentos\GitHub\master-2025\7-gemini\val\2022_03_21_11_09_04_72.bmp,[],"Imagem microscópica em escala de cinza de células, possivelmente leveduras e bactérias, com diferentes níveis de foco. A imagem apresenta um fundo relativamente uniforme."
2022_03_21_11_09_04_81.bmp,C:\Users\sthem\OneDrive\Documentos\GitHub\master-2025\7-gemini\val\2022_03_21_11_09_04_81.bmp,[],"Imagem microscópica em escala de cinza de células, possivelmente leveduras, com diferentes graus de foco. Algumas células parecem ter um anel mais claro ao redor de um centro mais escuro."
2022_03_21_11_09_04_89.bmp,C:\Users\sthem\OneDrive\Documentos\GitHub\master-2025\7-gemini\val\2022_03_21_11_09_04_89.bmp,[],"Imagem microscópica em escala de cinza mostrando células, possivelmente leveduras, em diferentes níveis de foco. A qualidade da imagem é razoável, mas algumas células estão fora de foco."
2022_03_21_11_09_04_98.bmp,C:\Users\sthem\OneDrive\Documentos\GitHub\master-2025\7-gemini\val\2022_03_21_11_09_04_98.bmp,[],"Imagem microscópica em escala de cinza mostrando células esféricas, possivelmente leveduras, em diferentes níveis de foco. A qualidade da imagem é razoável, com algum ruído de fundo."
2022_03_21_11_09_05_06.bmp,C:\Users\sthem\OneDrive\Documentos\GitHub\master-2025\7-gemini\val\2022_03_21_11_09_05_06.bmp,[],"Imagem em escala de cinza de células, possivelmente leveduras ou algum outro tipo de microrganismo unicelular, em baixa resolução. A imagem apresenta artefatos e algumas células estão fora de foco."
2022_03_21_11_09_05_14.bmp,C:\Users\sthem\OneDrive\Documentos\GitHub\master-2025\7-gemini\val\2022_03_21_11_09_05_14.bmp,"[{""poligono_xy"": [[77, 57], [102, 52], [112, 66], [97, 78], [75, 75]]}, {""poligono_xy"": [[226, 237], [247, 242], [255, 263], [237, 275], [218, 263]]}, {""poligono_xy"": [[135, 373], [162, 368], [175, 395], [155, 405], [132, 390]]}, {""poligono_xy"": [[370, 373], [385, 358], [400, 368], [405, 390], [388, 403], [372, 395]]}, {""poligono_xy"": [[663, 55], [690, 50], [708, 70], [685, 82], [660, 72]]}, {""poligono_xy"": [[887, 247], [905, 232], [922, 245], [915, 265], [892, 273]]}, {""poligono_xy"": [[845, 410], [862, 395], [882, 405], [885, 430], [862, 438], [845, 428]]}, {""poligono_xy"": [[935, 508], [957, 498], [975, 512], [970, 537], [947, 542]]}, {""poligono_xy"": [[227, 52], [240, 40], [260, 47], [263, 67], [243, 77], [225, 67]]}, {""poligono_xy"": [[358, 110], [372, 102], [385, 117], [375, 130], [357, 123]]}, {""poligono_xy"": [[890, 87], [915, 95], [917, 117], [888, 115]]}, {""poligono_xy"": [[552, 835], [570, 830], [585, 852], [567, 862], [545, 850]]}]","Imagem microscópica em escala de cinza mostrando células de levedura, possivelmente Saccharomyces cerevisiae, em diferentes níveis de foco. A qualidade da imagem é razoável, mas algumas células estão fora de foco."
2022_03_21_11_09_05_23.bmp,C:\Users\sthem\OneDrive\Documentos\GitHub\master-2025\7-gemini\val\2022_03_21_11_09_05_23.bmp,[],"Imagem microscópica em escala de cinza mostrando diversas células, possivelmente leveduras, com diferentes morfologias e tamanhos. A imagem apresenta um fundo uniforme e as células estão dispersas. A qualidade da imagem é razoável, com um leve desfoque."
2022_03_21_11_09_05_39.bmp,C:\Users\sthem\OneDrive\Documentos\GitHub\master-2025\7-gemini\val\2022_03_21_11_09_05_39.bmp,"[{""poligono_xy"": [[108, 373], [135, 361], [153, 358], [168, 363], [176, 376], [172, 390], [159, 401], [139, 400], [119, 390]]}, {""poligono_xy"": [[222, 266], [235, 250], [252, 242], [270, 246], [285, 261], [282, 280], [266, 295], [243, 298], [227, 284]]}, {""poligono_xy"": [[299, 451], [325, 447], [348, 457], [355, 475], [343, 492], [317, 496], [298, 483]]}, {""poligono_xy"": [[394, 181], [407, 172], [423, 168], [439, 174], [446, 188], [441, 200], [425, 210], [407, 208], [396, 197]]}, {""poligono_xy"": [[457, 619], [481, 628], [501, 644], [509, 666], [496, 686], [471, 691], [449, 677], [445, 656]]}, {""poligono_xy"": [[580, 768], [610, 773], [636, 788], [647, 806], [635, 823], [606, 827], [582, 814], [574, 795]]}, {""poligono_xy"": [[680, 650], [693, 638], [715, 632], [732, 641], [738, 660], [728, 673], [706, 678], [688, 667]]}, {""poligono_xy"": [[712, 304], [725, 291], [742, 283], [760, 285], [776, 297], [777, 314], [763, 329], [743, 334], [725, 324]]}, {""poligono_xy"": [[735, 113], [750, 101], [772, 96], [792, 104], [802, 120], [790, 138], [766, 146], [745, 135]]}, {""poligono_xy"": [[896, 857], [914, 845], [939, 849], [958, 866], [955, 887], [933, 901], [908, 893], [893, 875]]}]","Imagem em escala de cinza de células, possivelmente leveduras ou algum outro tipo de microorganismo unicelular. A imagem apresenta algumas pequenas partículas e artefatos além das células. O foco não é uniforme em toda a imagem."
2022_03_21_11_09_05_48.bmp,C:\Users\sthem\OneDrive\Documentos\GitHub\master-2025\7-gemini\val\2022_03_21_11_09_05_48.bmp,[],"Imagem microscópica em escala de cinza mostrando várias células ovais, possivelmente leveduras, em diferentes níveis de foco. A qualidade da imagem é razoável, com algum ruído de fundo."
2022_03_21_11_09_05_57.bmp,C:\Users\sthem\OneDrive\Documentos\GitHub\master-2025\7-gemini\val\2022_03_21_11_09_05_57.bmp,[],"Imagem microscópica em escala de cinza de células, possivelmente leveduras, em diferentes níveis de foco. A qualidade da imagem é razoável, mas algumas células estão desfocadas."
2022_03_21_11_09_05_65.bmp,C:\Users\sthem\OneDrive\Documentos\GitHub\master-2025\7-gemini\val\2022_03_21_11_09_05_65.bmp,[],"Imagem microscópica em escala de cinza de células, possivelmente leveduras ou bactérias, com diferentes morfologias e tamanhos. A imagem está ligeiramente desfocada."
2022_03_21_11_09_05_73.bmp,C:\Users\sthem\OneDrive\Documentos\GitHub\master-2025\7-gemini\val\2022_03_21_11_09_05_73.bmp,"[{""poligono_xy"": [[145, 155], [175, 145], [190, 160], [180, 185], [150, 195], [130, 180]]}, {""poligono_xy"": [[140, 380], [160, 370], [175, 385], [170, 405], [150, 415], [130, 400]]}, {""poligono_xy"": [[40, 420], [60, 410], [80, 430], [75, 450], [55, 460], [35, 440]]}, {""poligono_xy"": [[50, 70], [80, 60], [100, 85], [90, 110], [60, 120], [40, 95]]}, {""poligono_xy"": [[470, 70], [490, 60], [510, 75], [500, 95], [480, 105], [460, 85]]}, {""poligono_xy"": [[700, 60], [720, 40], [745, 60], [740, 80], [720, 90], [705, 70]]}, {""poligono_xy"": [[450, 400], [475, 380], [505, 405], [500, 430], [470, 445], [440, 420]]}, {""poligono_xy"": [[720, 400], [750, 390], [770, 415], [760, 440], [730, 445], [710, 425]]}, {""poligono_xy"": [[855, 430], [875, 410], [895, 430], [890, 455], [870, 470], [850, 450]]}, {""poligono_xy"": [[650, 740], [670, 730], [695, 745], [690, 765], [665, 775], [645, 760]]}, {""poligono_xy"": [[880, 720], [900, 705], [920, 730], [915, 755], [890, 770], [870, 750]]}]","Imagem microscópica em escala de cinza de células, possivelmente leveduras, em diferentes níveis de foco. A qualidade da imagem é razoável, permitindo a visualização das estruturas celulares."
2022_03_21_11_09_05_82.bmp,C:\Users\sthem\OneDrive\Documentos\GitHub\master-2025\7-gemini\val\2022_03_21_11_09_05_82.bmp,[],"Imagem microscópica em escala de cinza de células, possivelmente leveduras, com diferentes graus de foco. A imagem apresenta um fundo relativamente uniforme e as células parecem ser de formato oval ou elíptico."
2022_03_21_11_09_05_90.bmp,C:\Users\sthem\OneDrive\Documentos\GitHub\master-2025\7-gemini\val\2022_03_21_11_09_05_90.bmp,[],"Imagem microscópica em escala de cinza de células, possivelmente leveduras, com diferentes graus de foco. Algumas células parecem estar brotando."
2022_03_21_11_09_05_98.bmp,C:\Users\sthem\OneDrive\Documentos\GitHub\master-2025\7-gemini\val\2022_03_21_11_09_05_98.bmp,[],"Imagem microscópica em escala de cinza de células, possivelmente leveduras, com diferentes graus de foco. A imagem apresenta um fundo relativamente uniforme."
2022_03_21_11_09_06_07.bmp,C:\Users\sthem\OneDrive\Documentos\GitHub\master-2025\7-gemini\val\2022_03_21_11_09_06_07.bmp,[],"Imagem microscópica em escala de cinza mostrando diversas células, possivelmente leveduras, em diferentes planos focais. A qualidade da imagem é razoável, mas algumas células estão desfocadas."
2022_03_21_11_09_06_15.bmp,C:\Users\sthem\OneDrive\Documentos\GitHub\master-2025\7-gemini\val\2022_03_21_11_09_06_15.bmp,[],"Imagem microscópica em tons de cinza mostrando células esféricas, possivelmente leveduras, em diferentes níveis de foco. A qualidade da imagem é razoável, mas algumas células estão desfocadas."
2022_03_21_11_09_06_24.bmp,C:\Users\sthem\OneDrive\Documentos\GitHub\master-2025\7-gemini\val\2022_03_21_11_09_06_24.bmp,"[{""poligono_xy"": [[75, 55], [95, 50], [100, 70], [80, 75]]}, {""poligono_xy"": [[190, 205], [210, 200], [220, 225], [200, 230]]}, {""poligono_xy"": [[290, 115], [305, 110], [310, 130], [295, 135]]}, {""poligono_xy"": [[150, 320], [170, 315], [175, 335], [155, 340]]}, {""poligono_xy"": [[380, 65], [400, 60], [405, 80], [385, 85]]}, {""poligono_xy"": [[580, 290], [600, 285], [605, 305], [585, 310]]}, {""poligono_xy"": [[715, 80], [735, 75], [740, 95], [720, 100]]}, {""poligono_xy"": [[850, 215], [870, 210], [875, 230], [855, 235]]}, {""poligono_xy"": [[910, 590], [930, 585], [935, 605], [915, 610]]}, {""poligono_xy"": [[770, 430], [790, 425], [795, 445], [775, 450]]}, {""poligono_xy"": [[590, 540], [610, 535], [615, 555], [595, 560]]}, {""poligono_xy"": [[430, 770], [450, 765], [455, 785], [435, 790]]}, {""poligono_xy"": [[220, 680], [240, 675], [245, 695], [225, 700]]}, {""poligono_xy"": [[50, 820], [70, 815], [75, 835], [55, 840]]}, {""poligono_xy"": [[350, 380], [360, 370], [375, 390], [365, 400]]}, {""poligono_xy"": [[570, 60], [585, 60], [590, 75], [575, 75]]}]","Imagem microscópica em tons de cinza mostrando diversas células, possivelmente leveduras, em diferentes níveis de foco. A qualidade da imagem é razoável, mas algumas células estão desfocadas."
2022_03_21_11_09_06_32.bmp,C:\Users\sthem\OneDrive\Documentos\GitHub\master-2025\7-gemini\val\2022_03_21_11_09_06_32.bmp,"[{""poligono_xy"": [[118, 333], [135, 350], [140, 355], [138, 362], [126, 354], [110, 334]]}, {""poligono_xy"": [[281, 522], [298, 520], [305, 510], [302, 498], [288, 495], [275, 505]]}, {""poligono_xy"": [[395, 92], [415, 98], [418, 105], [412, 115], [393, 113], [382, 103]]}, {""poligono_xy"": [[488, 351], [496, 340], [508, 338], [520, 345], [520, 360], [508, 370], [495, 362]]}, {""poligono_xy"": [[585, 825], [600, 815], [610, 818], [618, 830], [612, 845], [590, 845]]}, {""poligono_xy"": [[703, 560], [708, 540], [728, 532], [740, 535], [743, 555], [726, 563]]}, {""poligono_xy"": [[770, 840], [780, 830], [795, 833], [805, 845], [798, 858], [778, 855]]}, {""poligono_xy"": [[854, 100], [875, 108], [885, 120], [880, 135], [860, 135], [845, 115]]}, {""poligono_xy"": [[915, 690], [910, 675], [900, 665], [885, 662], [870, 672], [875, 690]]}]","Imagem microscópica em escala de cinza mostrando diversas células, possivelmente leveduras e algumas bactérias, com diferentes tamanhos e morfologias. A imagem está ligeiramente desfocada."
2022_03_21_11_09_06_40.bmp,C:\Users\sthem\OneDrive\Documentos\GitHub\master-2025\7-gemini\val\2022_03_21_11_09_06_40.bmp,[],"Imagem microscópica em tons de cinza mostrando uma variedade de células, possivelmente bactérias, com diferentes morfologias, incluindo cocos (esféricos) e bacilos (em forma de bastonete). A imagem apresenta um fundo relativamente uniforme e as células estão dispersas por todo o campo de visão. A qualidade da imagem é razoável, permitindo a visualização das diferentes formas celulares."
2022_03_21_11_09_06_49.bmp,C:\Users\sthem\OneDrive\Documentos\GitHub\master-2025\7-gemini\val\2022_03_21_11_09_06_49.bmp,[],"Imagem microscópica em escala de cinza de células, possivelmente leveduras, com diferentes focos e tamanhos. A qualidade da imagem é moderada, com algumas células aparecendo desfocadas."
2022_03_21_11_09_06_70.bmp,C:\Users\sthem\OneDrive\Documentos\GitHub\master-2025\7-gemini\val\2022_03_21_11_09_06_70.bmp,[],"Imagem microscópica em escala de cinza de células, possivelmente leveduras ou bactérias, com diferentes morfologias e tamanhos. A imagem está ligeiramente desfocada."
2022_03_21_11_09_06_76.bmp,C:\Users\sthem\OneDrive\Documentos\GitHub\master-2025\7-gemini\val\2022_03_21_11_09_06_76.bmp,"[{""poligono_xy"": [[72, 34], [92, 30], [104, 42], [94, 53], [73, 50]]}, {""poligono_xy"": [[286, 36], [301, 24], [320, 31], [315, 47], [295, 49]]}, {""poligono_xy"": [[57, 150], [70, 136], [85, 144], [81, 160], [64, 165]]}, {""poligono_xy"": [[284, 117], [306, 113], [325, 132], [311, 147], [286, 140]]}, {""poligono_xy"": [[12, 230], [26, 221], [38, 238], [29, 252], [14, 246]]}, {""poligono_xy"": [[119, 275], [137, 262], [157, 279], [146, 295], [122, 290]]}, {""poligono_xy"": [[273, 270], [283, 257], [298, 266], [293, 281], [278, 286]]}, {""poligono_xy"": [[415, 295], [432, 278], [457, 296], [453, 319], [426, 322]]}, {""poligono_xy"": [[539, 35], [554, 21], [579, 33], [570, 52], [546, 49]]}, {""poligono_xy"": [[654, 112], [676, 95], [703, 117], [694, 143], [666, 137]]}, {""poligono_xy"": [[875, 176], [888, 155], [910, 169], [905, 195], [885, 193]]}, {""poligono_xy"": [[933, 252], [950, 236], [969, 255], [960, 274], [937, 273]]}, {""poligono_xy"": [[392, 396], [410, 386], [434, 410], [422, 431], [398, 414]]}, {""poligono_xy"": [[578, 433], [591, 423], [607, 443], [601, 464], [579, 455]]}, {""poligono_xy"": [[843, 501], [864, 490], [889, 519], [879, 542], [850, 528]]}]","Imagem microscópica em escala de cinza mostrando diversas células ovais, possivelmente leveduras, em diferentes níveis de foco. A imagem apresenta um fundo relativamente uniforme e baixo contraste."
2022_03_21_11_09_06_83.bmp,C:\Users\sthem\OneDrive\Documentos\GitHub\master-2025\7-gemini\val\2022_03_21_11_09_06_83.bmp,[],"Imagem microscópica em escala de cinza de células, possivelmente leveduras, com diferentes níveis de foco. A imagem apresenta um fundo relativamente uniforme."
2022_03_21_11_09_06_90.bmp,C:\Users\sthem\OneDrive\Documentos\GitHub\master-2025\7-gemini\val\2022_03_21_11_09_06_90.bmp,[],"Imagem microscópica em escala de cinza mostrando diversas células, possivelmente leveduras ou bactérias, com diferentes morfologias e tamanhos. A imagem apresenta um fundo relativamente uniforme e as células estão dispersas, algumas isoladas e outras em pequenos agrupamentos. A qualidade da imagem é razoável, permitindo a visualização das estruturas celulares, embora algumas estejam ligeiramente desfocadas."
2022_03_21_11_09_06_98.bmp,C:\Users\sthem\OneDrive\Documentos\GitHub\master-2025\7-gemini\val\2022_03_21_11_09_06_98.bmp,[],"Imagem microscópica em escala de cinza mostrando várias células de formato predominantemente oval, possivelmente leveduras ou outros microorganismos unicelulares. A imagem possui um fundo relativamente uniforme e as células apresentam diferentes níveis de foco."
2022_03_21_11_09_07_15.bmp,C:\Users\sthem\OneDrive\Documentos\GitHub\master-2025\7-gemini\val\2022_03_21_11_09_07_15.bmp,[],"Imagem microscópica em escala de cinza de células, possivelmente glóbulos vermelhos, com foco variável. A imagem apresenta um fundo relativamente uniforme."
2022_03_21_11_09_07_23.bmp,C:\Users\sthem\OneDrive\Documentos\GitHub\master-2025\7-gemini\val\2022_03_21_11_09_07_23.bmp,[],"Imagem microscópica em escala de cinza de células, possivelmente células sanguíneas, com diferentes níveis de foco. A imagem apresenta um fundo relativamente uniforme."
2022_03_21_11_09_07_32.bmp,C:\Users\sthem\OneDrive\Documentos\GitHub\master-2025\7-gemini\val\2022_03_21_11_09_07_32.bmp,[],"Imagem microscópica em escala de cinza de células, possivelmente leveduras ou células sanguíneas, com diferentes níveis de foco. A imagem apresenta um fundo relativamente uniforme."
2022_03_21_11_09_07_40.bmp,C:\Users\sthem\OneDrive\Documentos\GitHub\master-2025\7-gemini\val\2022_03_21_11_09_07_40.bmp,[],"Imagem microscópica em escala de cinza de células, possivelmente leveduras ou bactérias, com diferentes graus de foco. A imagem apresenta um fundo relativamente uniforme."
2022_03_21_11_09_07_48.bmp,C:\Users\sthem\OneDrive\Documentos\GitHub\master-2025\7-gemini\val\2022_03_21_11_09_07_48.bmp,[],"Imagem microscópica em tons de cinza mostrando diversas células circulares, possivelmente leveduras, em diferentes níveis de foco. A imagem apresenta um fundo relativamente uniforme e algumas pequenas partículas, possivelmente detritos. A qualidade da imagem é razoável, mas a falta de foco perfeito dificulta a delineação precisa de todas as células."
2022_03_21_11_09_07_57.bmp,C:\Users\sthem\OneDrive\Documentos\GitHub\master-2025\7-gemini\val\2022_03_21_11_09_07_57.bmp,"[{""poligono_xy"": [[100, 170], [120, 150], [140, 160], [130, 180], [110, 190]]}, {""poligono_xy"": [[370, 150], [390, 130], [410, 140], [400, 160], [380, 170]]}, {""poligono_xy"": [[330, 360], [360, 340], [390, 350], [380, 380], [350, 400]]}, {""poligono_xy"": [[450, 560], [470, 540], [490, 550], [480, 570], [460, 580]]}, {""poligono_xy"": [[590, 470], [620, 450], [640, 470], [630, 500], [600, 510]]}, {""poligono_xy"": [[700, 660], [730, 640], [760, 660], [750, 690], [720, 710]]}, {""poligono_xy"": [[200, 400], [230, 380], [260, 390], [250, 420], [220, 440]]}, {""poligono_xy"": [[150, 570], [170, 540], [200, 560], [190, 590], [160, 610]]}, {""poligono_xy"": [[70, 50], [95, 30], [115, 45], [100, 70], [80, 75]]}, {""poligono_xy"": [[500, 100], [525, 85], [545, 100], [540, 125], [515, 135]]}]","Imagem microscópica em escala de cinza de células, possivelmente leucócitos, com alguns detritos celulares visíveis. A imagem está ligeiramente desfocada."
2022_03_21_11_09_07_65.bmp,C:\Users\sthem\OneDrive\Documentos\GitHub\master-2025\7-gemini\val\2022_03_21_11_09_07_65.bmp,[],"Imagem em escala de cinza de células, possivelmente através de microscopia. A imagem apresenta várias células em diferentes níveis de foco."
2022_03_21_11_09_07_73.bmp,C:\Users\sthem\OneDrive\Documentos\GitHub\master-2025\7-gemini\val\2022_03_21_11_09_07_73.bmp,[],"Imagem microscópica em tons de cinza mostrando células, possivelmente leveduras, em diferentes níveis de foco. A imagem apresenta um fundo relativamente limpo com algumas pequenas partículas e artefatos."
2022_03_21_11_09_07_90.bmp,C:\Users\sthem\OneDrive\Documentos\GitHub\master-2025\7-gemini\val\2022_03_21_11_09_07_90.bmp,[],"Imagem microscópica em escala de cinza de células, possivelmente hemácias, com diferentes níveis de foco. A imagem apresenta um fundo relativamente uniforme."
2022_03_21_11_09_07_98.bmp,C:\Users\sthem\OneDrive\Documentos\GitHub\master-2025\7-gemini\val\2022_03_21_11_09_07_98.bmp,[],"Imagem microscópica em escala de cinza de células, possivelmente leveduras ou bactérias, com foco variável. A imagem apresenta vários objetos circulares e ovais de diferentes tamanhos, sugestivos de organismos unicelulares."
2022_03_21_11_09_08_07.bmp,C:\Users\sthem\OneDrive\Documentos\GitHub\master-2025\7-gemini\val\2022_03_21_11_09_08_07.bmp,[],"Imagem microscópica em escala de cinza de células, possivelmente leveduras, com diferentes níveis de foco. A imagem apresenta um fundo relativamente uniforme."
2022_03_21_11_09_08_15.bmp,C:\Users\sthem\OneDrive\Documentos\GitHub\master-2025\7-gemini\val\2022_03_21_11_09_08_15.bmp,[],"Imagem microscópica em escala de cinza mostrando células de formato aproximadamente circular, possivelmente leveduras, em diferentes níveis de foco. A qualidade da imagem é razoável, mas a baixa resolução e o contraste dificultam a segmentação precisa."
2022_03_21_11_09_08_32.bmp,C:\Users\sthem\OneDrive\Documentos\GitHub\master-2025\7-gemini\val\2022_03_21_11_09_08_32.bmp,[],"Imagem microscópica em escala de cinza de células, possivelmente leveduras ou bactérias, com diferentes morfologias e tamanhos. A imagem está ligeiramente desfocada, o que dificulta a delineação precisa das células."
2022_03_21_11_09_08_40.bmp,C:\Users\sthem\OneDrive\Documentos\GitHub\master-2025\7-gemini\val\2022_03_21_11_09_08_40.bmp,[],"Imagem microscópica em escala de cinza de células, possivelmente hemácias, com diferentes graus de foco. A imagem apresenta um fundo relativamente uniforme."
2022_03_21_11_09_08_49.bmp,C:\Users\sthem\OneDrive\Documentos\GitHub\master-2025\7-gemini\val\2022_03_21_11_09_08_49.bmp,[],"Imagem microscópica em escala de cinza mostrando diversas células, possivelmente leveduras, com diferentes morfologias e tamanhos. A qualidade da imagem é razoável, com algum nível de ruído de fundo."
2022_03_21_11_09_08_65.bmp,C:\Users\sthem\OneDrive\Documentos\GitHub\master-2025\7-gemini\val\2022_03_21_11_09_08_65.bmp,[],"Imagem microscópica em tons de cinza de células, possivelmente leveduras, com diferentes graus de foco. A imagem apresenta um fundo relativamente uniforme e as células parecem ser circulares ou ovais."
2022_03_21_11_09_08_74.bmp,C:\Users\sthem\OneDrive\Documentos\GitHub\master-2025\7-gemini\val\2022_03_21_11_09_08_74.bmp,"[{""poligono_xy"": [[92, 72], [112, 62], [130, 72], [128, 92], [100, 102], [84, 90]]}, {""poligono_xy"": [[276, 86], [298, 76], [320, 78], [330, 94], [314, 112], [284, 110]]}, {""poligono_xy"": [[144, 182], [174, 172], [198, 180], [208, 206], [182, 228], [148, 220]]}, {""poligono_xy"": [[288, 272], [326, 256], [352, 268], [356, 300], [328, 316], [290, 304]]}, {""poligono_xy"": [[356, 446], [394, 440], [412, 466], [398, 490], [364, 494], [346, 462]]}, {""poligono_xy"": [[458, 566], [486, 554], [508, 564], [512, 594], [488, 610], [456, 598]]}, {""poligono_xy"": [[584, 88], [606, 72], [622, 76], [628, 102], [610, 116], [580, 106]]}, {""poligono_xy"": [[702, 278], [726, 264], [754, 280], [752, 308], [724, 326], [694, 314]]}, {""poligono_xy"": [[870, 84], [896, 78], [916, 90], [908, 112], [886, 118], [862, 102]]}, {""poligono_xy"": [[858, 568], [884, 558], [906, 562], [916, 592], [892, 610], [858, 606]]}, {""poligono_xy"": [[75, 360], [99, 348], [115, 354], [119, 376], [101, 392], [77, 380]]}, {""poligono_xy"": [[50, 526], [68, 502], [98, 508], [108, 538], [90, 566], [58, 556]]}, {""poligono_xy"": [[42, 114], [70, 90], [94, 116], [84, 146], [56, 152], [38, 128]]}, {""poligono_xy"": [[140, 484], [166, 478], [184, 488], [182, 512], [154, 526], [136, 506]]}, {""poligono_xy"": [[882, 356], [908, 338], [934, 344], [942, 378], [908, 398], [884, 386]]}, {""poligono_xy"": [[712, 460], [730, 440], [766, 448], [784, 488], [764, 516], [714, 504]]}]","Imagem em escala de cinza de células, possivelmente leveduras ou células em suspensão, com foco variável. Alguma granulação presente no fundo."
2022_03_21_11_09_08_83.bmp,C:\Users\sthem\OneDrive\Documentos\GitHub\master-2025\7-gemini\val\2022_03_21_11_09_08_83.bmp,[],"Imagem microscópica em escala de cinza de células, possivelmente leveduras ou bactérias, com diferentes níveis de foco. A imagem apresenta um fundo relativamente uniforme e as células parecem ter formato predominantemente circular ou oval."
2022_03_21_11_09_09_05.bmp,C:\Users\sthem\OneDrive\Documentos\GitHub\master-2025\7-gemini\val\2022_03_21_11_09_09_05.bmp,[],"Imagem microscópica em escala de cinza de células, possivelmente leveduras ou bactérias, em diferentes níveis de foco. A imagem apresenta baixo contraste."
2022_03_21_11_09_09_19.bmp,C:\Users\sthem\OneDrive\Documentos\GitHub\master-2025\7-gemini\val\2022_03_21_11_09_09_19.bmp,[],"Imagem microscópica em escala de cinza de células, possivelmente leveduras, em diferentes níveis de foco. A imagem apresenta alguns artefatos e detritos."
2022_03_21_11_09_09_25.bmp,C:\Users\sthem\OneDrive\Documentos\GitHub\master-2025\7-gemini\val\2022_03_21_11_09_09_25.bmp,[],"Imagem microscópica em escala de cinza mostrando diversas células de formato oval e algumas de formato alongado, possivelmente leveduras ou bactérias. A imagem apresenta um fundo relativamente uniforme e as células estão dispersas, com diferentes níveis de foco."
2022_03_21_11_09_09_32.bmp,C:\Users\sthem\OneDrive\Documentos\GitHub\master-2025\7-gemini\val\2022_03_21_11_09_09_32.bmp,[],"Imagem microscópica em tons de cinza mostrando células circulares, possivelmente leveduras, em diferentes planos focais. A imagem apresenta algum ruído e as células têm tamanhos variados."
2022_03_21_11_09_09_40.bmp,C:\Users\sthem\OneDrive\Documentos\GitHub\master-2025\7-gemini\val\2022_03_21_11_09_09_40.bmp,[],"Imagem em escala de cinza de células, possivelmente através de microscopia. A imagem está um pouco desfocada, dificultando a segmentação precisa."
2022_03_21_11_09_09_48.bmp,C:\Users\sthem\OneDrive\Documentos\GitHub\master-2025\7-gemini\val\2022_03_21_11_09_09_48.bmp,"[{""poligono_xy"": [[45, 75], [60, 60], [75, 75], [70, 90], [50, 100], [30, 90]]}, {""poligono_xy"": [[100, 160], [125, 140], [145, 155], [140, 180], [115, 195], [85, 180]]}, {""poligono_xy"": [[290, 340], [310, 325], [330, 340], [325, 360], [300, 370], [280, 355]]}, {""poligono_xy"": [[310, 505], [330, 485], [355, 505], [350, 530], [320, 545], [295, 525]]}, {""poligono_xy"": [[400, 595], [420, 580], [445, 600], [440, 625], [415, 640], [385, 620]]}, {""poligono_xy"": [[780, 70], [800, 55], [825, 70], [820, 90], [795, 100], [770, 85]]}, {""poligono_xy"": [[845, 200], [870, 180], [890, 200], [885, 225], [860, 240], [830, 220]]}, {""poligono_xy"": [[895, 300], [915, 285], [940, 305], [930, 330], [905, 345], [880, 325]]}, {""poligono_xy"": [[705, 750], [725, 735], [750, 755], [740, 780], [715, 795], [690, 775]]}, {""poligono_xy"": [[880, 875], [900, 860], [925, 880], [915, 905], [890, 920], [865, 900]]}, {""poligono_xy"": [[260, 450], [270, 440], [280, 450], [275, 460], [265, 465], [255, 455]]}, {""poligono_xy"": [[380, 405], [390, 395], [400, 405], [395, 415], [385, 420], [375, 410]]}, {""poligono_xy"": [[580, 540], [595, 535], [620, 560], [610, 580], [590, 585], [570, 560]]}, {""poligono_xy"": [[175, 640], [180, 625], [185, 610], [195, 615], [200, 630], [195, 645]]}]","Imagem microscópica em escala de cinza de células, possivelmente leveduras ou bactérias, com diferentes graus de foco. A imagem apresenta um fundo relativamente uniforme."
2022_03_21_11_09_09_65.bmp,C:\Users\sthem\OneDrive\Documentos\GitHub\master-2025\7-gemini\val\2022_03_21_11_09_09_65.bmp,[],"Imagem microscópica em escala de cinza mostrando diversas células, possivelmente leveduras, com algumas exibindo formato ovalado e outras com formato de bastonete. A qualidade da imagem é razoável, com um fundo relativamente uniforme."
